survey_question,response_counts
,Counter({'': 133})
age_textbox_response,"Counter({'58': 19, '60': 14, '62': 10, '59': 10, '63': 9, '65': 8, '61': 7, '57': 7, '64': 6, '67': 6, '69': 4, '66': 3, '68': 3, '73': 3, '71': 3, '45': 2, '72': 2, '55': 2, '32': 2, '51': 2, '': 1, '53': 1, '48': 1, '46': 1, '77': 1, '75': 1, '74': 1, '70': 1, '50': 1, '35': 1, '54': 1})"
education_response,"Counter({""Bachelor's degree"": 43, 'Some college, no degree': 33, ""Master's degree"": 22, ""Associate's degree"": 19, 'High school diploma or equivalent': 7, 'Doctoral or professional degree': 5, 'Post-secondary non-degree award': 2, '': 1, 'Less than high school': 1})"
educationother_response,Counter({'': 133})
ethnicity_response,"Counter({'Not Hispanic or Latino': 126, 'Hispanic or Latino (a person of Cuban, Mexican, Puerto Rican,  Cuban, South or Central American, or other Spanish culture or origin, regardless of race)': 4, '': 3})"
gender_response,"Counter({'Female': 85, 'Male': 47, '': 1})"
genderother_response,Counter({'': 133})
handedness_response,"Counter({'Right': 115, 'Left': 15, 'Ambidextrous': 2, '': 1})"
native_english_response,"Counter({'Yes': 122, 'No': 8, '': 3})"
online_sr_q1option1_response,"Counter({'': 100, 'A fall in which you hit your head': 33})"
online_sr_q1option2_response,"Counter({'': 121, 'An altercation or fight that involved a blow to the head': 12})"
online_sr_q1option3_response,"Counter({'': 79, 'A vehicle accident or crash?': 54})"
online_sr_q1option4_response,"Counter({'': 131, 'A blast or explosion?': 2})"
online_sr_q1option5_response,"Counter({'': 132, 'A bullet wound, shrapnel, or other projectiles above the shoulders?': 1})"
online_sr_q1option6_response,"Counter({'': 80, 'None of the above': 53})"
online_sr_q1option7_response,"Counter({'': 123, 'Other blow to head': 10})"
online_sr_q2option1_response,"Counter({'': 106, 'Concussion': 27})"
online_sr_q2option2_response,"Counter({'': 130, 'Traumatic Brain Injury': 3})"
online_sr_q2option3_response,"Counter({'None': 101, '': 32})"
online_sr_q3_response,"Counter({'0': 113, '1': 17, '': 3})"
online_sr_q4option1_response,"Counter({'': 84, 'High blood pressure': 49})"
online_sr_q4option2_response,"Counter({'': 116, 'Diabetes': 17})"
online_sr_q4option3_response,"Counter({'': 120, 'Thyroid Disease': 13})"
online_sr_q4option4_response,"Counter({'': 123, 'Cancer': 10})"
online_sr_q4option5_response,"Counter({'': 132, 'Epilepsy': 1})"
online_sr_q4option6_response,"Counter({'': 72, 'None': 61})"
online_sr_q4option7_response,"Counter({'': 122, 'Other condition (Please Specify)': 11})"
online_sr_q4other_response,"Counter({'': 122, 'high cholostrol': 1, 'Fibromyalgia': 1, 'glaucoma, pulmonr': 1, 'strokes': 1, 'arthritis': 1, 'asthma': 1, 'stroke': 1, 'Asthma': 1, 'sleep apnea': 1, 'kidney disease': 1, 'PAD & Neuropathy': 1})"
online_sr_q5_response,"Counter({'0': 103, '1': 27, '': 3})"
raceoriginoption1_response,"Counter({'': 129, 'American Indian or Alaska Native (a person having origins in any of the original peoples    of North and South America (including Central America) who maintains cultural    identification through tribal affiliation or community attachment)': 4})"
raceoriginoption2_response,"Counter({'': 129, ' Asian (a person having origins in any of the original peoples of the Far East, Southeast    Asia, or the Indian Subcontinent, including, for example, Cambodia, China, India, Japan,    Korea, Malaysia, Pakistan, the Philippine Islands, Thailand, and Vietnam)': 4})"
raceoriginoption3_response,"Counter({'': 124, ' Black or African American (a person having origins in any of the black racial groups of Africa)': 9})"
raceoriginoption4_response,Counter({'': 133})
raceoriginoption5_response,"Counter({' White (a person having origins in any of the original peoples of Europe, the Middle East,    or North Africa)': 117, '': 16})"
raceoriginoption6_response,Counter({'': 133})
region_response,"Counter({'Southeast - AL, AR, FL, GA, KY, LA, MS, NC, SC, TN, VA, WV': 39, 'West - AK, CA, CO, HI, ID, MT, NV, OR, UT, WA, WY': 26, 'Midwest - IA, IL, IN, KS, MI, MN, MO, ND, NE, OH, SD, WI': 25, 'Northeast - CT, DC, DE, MA, MD, ME, NH, NJ, NY, PA, RI, VT': 21, 'Southwest - AZ, NM, OK, TX': 13, 'I live outside the United States (please specify)': 6, '': 3})"
regionother_response,"Counter({'': 127, 'India': 3, 'Canada': 1, 'INDIA': 1, 'Croatia': 1})"
subject,"Counter({'172': 2, '79': 2, '211': 1, '133': 1, '131': 1, '226': 1, '139': 1, '138': 1, '24': 1, '20': 1, '22': 1, '28': 1, '29': 1, '94': 1, '347': 1, '4': 1, '8': 1, '283': 1, '163': 1, '285': 1, '286': 1, '7': 1, '262': 1, '260': 1, '266': 1, '127': 1, '268': 1, '58': 1, '55': 1, '57': 1, '53': 1, '298': 1, '371': 1, '370': 1, '294': 1, '292': 1, '374': 1, '318': 1, '198': 1, '196': 1, '191': 1, '316': 1, '314': 1, '114': 1, '273': 1, '275': 1, '113': 1, '277': 1, '279': 1, '119': 1, '84': 1, '140': 1, '368': 1, '366': 1, '367': 1, '364': 1, '362': 1, '361': 1, '300': 1, '307': 1, '244': 1, '246': 1, '242': 1, '103': 1, '101': 1, '248': 1, '104': 1, '32': 1, '30': 1, '37': 1, '34': 1, '339': 1, '335': 1, '336': 1, '331': 1, '333': 1, '61': 1, '178': 1, '68': 1, '176': 1, '250': 1, '173': 1, '257': 1, '255': 1, '107': 1, '183': 1, '180': 1, '188': 1, '310': 1, '99': 1, '228': 1, '165': 1, '224': 1, '222': 1, '162': 1, '220': 1, '15': 1, '17': 1, '19': 1, '110': 1, '152': 1, '155': 1, '154': 1, '157': 1, '239': 1, '83': 1, '235': 1, '230': 1, '49': 1, '45': 1, '41': 1, '1': 1, '323': 1, '320': 1, '354': 1, '5': 1, '327': 1, '325': 1, '329': 1, '146': 1, '200': 1, '203': 1, '205': 1, '143': 1, '207': 1, '209': 1, '148': 1, '76': 1, '73': 1, '356': 1, '123': 1})"
task_location_response,"Counter({'Home': 128, '': 3, 'Work': 2})"
task_locationother_response,Counter({'': 133})
veteran_response,"Counter({'0': 112, '1': 18, '': 3})"
