,0.0,drum
bell,1.0,bell
bell],0.889,bell
bellgarden,0.75,garden
bells,0.889,bell
bird,0.444,river
boar,0.444,color
church,0.462,curtain
coffee,1.0,coffee
color,1.0,color
colr,0.889,color
cookie,0.545,color
cup,0.4,curtain
curain,0.923,curtain
curatin,0.857,curtain
curtain,1.0,curtain
curtains,0.933,curtain
curtin,0.923,curtain
cutain,0.923,curtain
desk,0.4,garden
door,0.667,color
drive,0.8,river
drum,1.0,drum
drum\,0.889,drum
drumn,0.889,drum
drums,0.889,drum
durtain,0.857,curtain
farm,0.8,farmer
farmer,1.0,farmer
farmerriver,0.706,farmer
farmers,0.923,farmer
farner,0.833,farmer
fish,0.4,school
frum,0.75,drum
fsrmer,0.833,farmer
garden,1.0,garden
girl,0.444,river
glasses,0.462,garden
gun,0.444,garden
hand,0.571,hat
har,0.667,hat
hart,0.857,hat
hat,1.0,hat
hat nose,0.667,nose
houes,0.8,house
house,1.0,house
houses,0.909,house
lamb,0.4,farmer
mon,0.857,moon
moom,0.75,moon
moon,1.0,moon
nose,1.0,nose
nose house,0.667,house
office,0.667,coffee
parent,1.0,parent
parents,0.923,parent
pencil,0.5,parent
person,0.5,parent
porch,0.4,color
psrnt,0.727,parent
rive,0.889,river
river,1.0,river
rose,0.75,nose
schoo,0.909,school
school,1.0,school
shoe,0.667,house
shool,0.909,school
star,0.4,parent
stove,0.444,nose
student,0.462,parent
teacher,0.462,farmer
towel,0.444,bell
trukey,0.833,turkey
turkey,1.0,turkey
turkey',0.923,turkey
turkeycolorn,0.667,turkey
turky,0.909,turkey
tutkey,0.833,turkey
,0.0,desk
bird,1.0,bird
boar,1.0,boar
churc h,0.923,church
church,1.0,church
cloud,1.0,cloud
desk,1.0,desk
duck,0.5,desk
fanger,0.833,ranger
fish,1.0,fish
glasses,1.0,glasses
gun,1.0,gun
lamb,1.0,lamb
mountain,1.0,mountain
pencil,1.0,pencil
ranger,1.0,ranger
river,0.545,ranger
shoe,1.0,shoe
stole,0.8,stove
stove,1.0,stove
towel,1.0,towel
,0.0,pipe
alaram,0.909,alarm
alarm,1.0,alarm
alarm',0.909,alarm
alarrm,0.909,alarm
all,0.857,wall
award,0.6,alarm
bag,1.0,bag
bagstrema,0.667,stream
ball,0.75,wall
bar,0.667,bag
bean,0.571,bag
bench,0.333,student
book,0.5,door
boor,0.75,door
bottlle,0.462,mother
cage,0.571,bag
chapel,0.462,chicken
checken,0.857,chicken
chicken,1.0,chicken
crab,0.4,stream
dog,0.571,door
door,1.0,door
dream,0.727,stream
flower,0.5,mother
goat,0.444,sugar
home,0.444,wheat
house,0.4,wheat
mother,1.0,mother
mount,0.8,mouth
mouth,1.0,mouth
officer,0.462,mother
oor,0.857,door
paint,0.769,painting
paintaing,0.941,painting
painter,0.667,painting
painting,1.0,painting
paper,0.667,pipe
parent,0.571,painting
picture,0.545,pipe
pip,0.857,pipe
pipe,1.0,pipe
pipe',0.889,pipe
piple,0.889,pipe
pipoe,0.889,pipe
school,0.4,door
scream,0.833,stream
sense,0.5,student
sheep,0.4,wheat
ship,0.5,pipe
sky,0.286,star
sound,1.0,sound
star,1.0,star
start,0.889,star
steam,0.909,stream
store,0.727,stream
stream,1.0,stream
streaming,0.8,stream
strream,0.923,stream
studen,0.923,student
studen',0.857,student
student,1.0,student
student mot,0.778,student
suagr,0.8,sugar
sugaar,0.909,sugar
sugar,1.0,sugar
sugat,0.8,sugar
tar,0.857,star
wa,0.667,wall
walk,0.75,wall
wall,1.0,wall
water,0.6,wheat
weather,0.667,wheat
well,0.75,wall
wheat,1.0,wheat
wheel,0.6,wheat
window,0.4,door
woman,0.444,wall
,0.0,bench
apple,0.6,paper
bech,0.889,bench
bench,1.0,bench
birdcage,0.667,cage
boat,0.75,goat
bottle,1.0,bottle
bullet,1.0,bullet
cage,1.0,cage
cat,0.571,cage
chapel,1.0,chapel
chappel,0.923,chapel
cliff,1.0,cliff
crab,1.0,crab
fridge,1.0,fridge
goat,1.0,goat
kitchen,0.462,chapel
man,0.286,cage
officcer,0.933,officer
officer,1.0,officer
page,0.75,cage
paper,1.0,paper
sage,0.75,cage
shiftr,0.6,ship
ship,1.0,ship
sky,1.0,sky
soap,1.0,soap
sock,1.0,sock
,0.0,violin
action,0.6,town
adio,0.889,radio
area,0.5,tree
asprin,0.5,cousin
babana,0.667,banana
banan,0.909,banana
banana,1.0,banana
bananafield,0.706,banana
banna,0.909,banana
basket,0.667,bucket
bird,0.444,field
bnk,0.444,banana
book,0.4,bucket
bottle,0.4,tree
bucket,1.0,bucket
bulb,0.4,bucket
bus,0.444,cousin
cake,0.6,bucket
cake action,0.471,bucket
can car,0.5,scarf
car,0.75,scarf
cat,0.5,scarf
chair,0.6,scarf
chin,0.6,cousin
clock,0.364,cousin
coffee,0.4,tree
coin,0.8,cousin
corn,0.6,cousin
cousin,1.0,cousin
cousin suitc,0.667,cousin
cousin',0.923,cousin
cousit,0.833,cousin
cup,0.444,cousin
desk,0.286,dog
dog,1.0,dog
donkey,0.444,dog
door,0.571,dog
doorway,0.4,dog
earh,0.889,earth
eart,0.889,earth
earth,1.0,earth
fiedl,0.8,field
fiel,0.889,field
field,1.0,field
flower,0.4,town
frog,0.571,dog
glass,0.364,stairs
gun,0.444,cousin
ham,1.0,ham
hat,0.667,ham
hill,0.444,field
hinter,0.833,hunter
hotel,0.545,hunter
hount,0.727,hunter
hunger,0.833,hunter
hunter,1.0,hunter
ice,0.545,suitcase
kit,0.444,bucket
lamp,0.571,ham
letter,0.5,hunter
light,0.364,violin
lion,0.6,violin
list,0.4,violin
make,0.4,bucket
man,0.444,banana
matt,0.444,earth
meter,0.545,hunter
mice,0.5,suitcase
money,0.444,town
monkey,0.4,town
motel,0.444,tree
mountain,0.571,cousin
mouse,0.545,cousin
next,0.444,earth
orange,0.444,dog
outdoor,0.462,hunter
pad,0.5,radio
padlock,0.5,radio
park,0.444,scarf
rabbit,0.545,radio
race,0.5,tree
radio,1.0,radio
radiostairs,0.706,stairs
rain,0.667,radio
ran,0.5,radio
rat,0.5,earth
recliner,0.5,tree
record,0.4,tree
rug,0.333,dog
sacrf,0.8,scarf
sailing boat t,0.4,violin
sam,0.667,ham
sand,0.444,scarf
sandwich,0.462,radio
saw,0.5,scarf
scard,0.8,scarf
scarf,1.0,scarf
scarg,0.8,scarf
scraf,0.8,scarf
screen,0.6,tree
sink,0.6,cousin
sky,0.25,scarf
snail,0.545,stairs
soldier,0.462,violin
son,0.571,town
speaker,0.5,scarf
spider,0.5,stairs
stair,0.909,stairs
staircase,0.8,stairs
stairs,1.0,stairs
stamp,0.545,stairs
staris,0.833,stairs
stream,0.6,tree
suicase,0.933,suitcase
suitcase,1.0,suitcase
suitcasr,0.875,suitcase
table,0.462,suitcase
tape,0.5,tree
taris,0.727,stairs
tash,0.6,stairs
toad,0.5,town
towm,0.75,town
town,1.0,town
townradio,0.714,radio
townrun,0.727,town
towns,0.889,town
tree,1.0,tree
treer,0.889,tree
truck,0.545,bucket
tv,0.333,tree
twice,0.462,suitcase
violen,0.833,violin
violin,1.0,violin
violin house,0.667,violin
violintree,0.75,violin
window,0.444,dog
woman,0.444,town
word,0.286,dog
world,0.4,field
yesterday,0.4,stairs
,0.0,orange
bleach,1.0,bleach
book,1.0,book
building,0.4,soldier
bus,1.0,bus
car,0.571,corn
cat,0.286,toad
chin,1.0,chin
corn,1.0,corn
cow,0.571,corn
dog,0.444,orange
donkey,1.0,donkey
doorway,0.462,orange
frog,0.4,orange
goat,0.5,toad
ground,0.4,toad
ham,0.286,toad
horse,0.6,hotel
hote,0.889,hotel
hotel,1.0,hotel
leave,0.545,bleach
matt,0.25,toad
money,1.0,money
monkey,0.909,money
motel,0.8,hotel
orange,1.0,orange
padlock,1.0,padlock
ran,0.667,orange
rat,0.444,orange
sky,0.444,donkey
soap,1.0,soap
solder,0.923,soldier
soldier,1.0,soldier
solider,0.857,soldier
spider,1.0,spider
table,1.0,table
tablecorn,0.714,table
toad,1.0,toad
toag,0.75,toad
toast,0.667,toad
todd,0.75,toad
tree,0.444,table
window,0.4,chin
yard,0.5,toad
,0.0,doll
ace,0.857,face
bed,1.0,bed
bed\,0.857,bed
bedletter,0.8,letter
bell,0.571,bed
car,0.5,heart
dancing,0.571,machine
deser,0.909,desert
desert,1.0,desert
dish,0.4,desert
doll,1.0,doll
doll bed nail,0.471,doll
doll mirror machine,0.538,machine
doll music,0.667,music
door,0.5,doll
face,1.0,face
farmer,0.6,face
foot,0.25,doll
forest,0.545,horse
girl,0.5,nail
hair,0.667,heart
head,0.667,heart
heart,1.0,heart
heat,0.889,heart
helmet,1.0,helmet
helmut,0.833,helmet
hill,0.5,doll
horse,1.0,horse
house,0.8,horse
insect,0.5,desert
jester,0.667,desert
ladder,0.5,desert
letter,1.0,letter
machine,1.0,machine
milk,1.0,milk
mirroe,0.833,mirror
mirror,1.0,mirror
mirrot,0.833,mirror
music,1.0,music
nai,0.857,nail
nail,1.0,nail
nails,0.889,nail
oad,0.857,road
pie,0.4,machine
plate,0.545,letter
river,0.4,horse
ro,0.667,road
road,1.0,road
road helmet,0.706,helmet
sailo,0.909,sailor
sailor,1.0,sailor
sailore,0.923,sailor
school,0.4,doll
white,0.5,machine
,0.0,dish
ball,1.0,ball
car,1.0,car
coat,1.0,coat
dish,1.0,dish
dishj,0.889,dish
foot,1.0,foot
forest,1.0,forest
forrest,0.923,forest
girl,1.0,girl
hill,1.0,hill
insect,1.0,insect
jester,1.0,jester
ladder,1.0,ladder
perfume,1.0,perfume
perjume,0.857,perfume
pie,1.0,pie
plate,0.545,ladder
shiedl,0.833,shield
shield,1.0,shield
tool,1.0,tool
