,0.0,drum
bell,1.0,bell
bell],0.889,bell
bellgarden,0.571,bell
bells,0.889,bell
bird,0.25,drum
boar,0.25,drum
church,0.462,curtain
coffee,1.0,coffee
color,0.545,school
colr,0.6,school
cookie,0.5,coffee
cup,0.4,curtain
curain,0.923,curtain
curatin,0.857,curtain
curtain,1.0,curtain
curtains,0.933,curtain
curtin,0.923,curtain
cutain,0.923,curtain
desk,0.25,drum
door,0.5,drum
drive,0.444,drum
drum,1.0,drum
drum\,0.889,drum
drumn,0.889,drum
drums,0.889,drum
durtain,0.857,curtain
farm,0.5,drum
farmer,0.4,drum
farmerriver,0.353,coffee
farmers,0.364,drum
farner,0.333,coffee
fish,0.4,school
frum,0.75,drum
fsrmer,0.4,drum
garden,0.308,curtain
girl,0.25,drum
glasses,0.182,bell
gun,0.4,curtain
hand,0.364,curtain
har,0.286,drum
hart,0.364,curtain
hat,0.222,school
hat nose,0.286,coffee
houes,0.364,coffee
house,0.364,coffee
houses,0.333,coffee
lamb,0.25,drum
mon,0.286,drum
moom,0.4,school
moon,0.4,school
nose,0.4,coffee
nose house,0.375,coffee
office,0.667,coffee
parent,0.308,curtain
parents,0.286,curtain
pencil,0.4,bell
person,0.333,school
porch,0.364,school
psrnt,0.333,curtain
rive,0.364,curtain
river,0.333,curtain
rose,0.4,coffee
schoo,0.909,school
school,1.0,school
shoe,0.6,school
shool,0.909,school
star,0.364,curtain
stove,0.364,coffee
student,0.286,curtain
teacher,0.308,coffee
towel,0.444,bell
trukey,0.4,drum
turkey,0.308,curtain
turkey',0.286,curtain
turkeycolorn,0.333,school
turky,0.333,curtain
tutkey,0.2,drum
,0.0,desk
bird,1.0,bird
boar,0.5,bird
churc h,0.182,bird
church,0.2,bird
cloud,0.222,desk
desk,1.0,desk
duck,0.5,desk
fanger,0.833,ranger
fish,0.5,shoe
glasses,0.364,desk
gun,0.222,ranger
lamb,0.25,bird
mountain,0.167,bird
pencil,0.2,desk
ranger,1.0,ranger
river,0.545,ranger
shoe,1.0,shoe
stole,0.8,stove
stove,1.0,stove
towel,0.6,stove
,0.0,pipe
alaram,0.909,alarm
alarm,1.0,alarm
alarm',0.909,alarm
alarrm,0.909,alarm
all,0.857,wall
award,0.6,alarm
bag,0.286,wall
bagstrema,0.429,alarm
ball,0.75,wall
bar,0.5,alarm
bean,0.364,student
bench,0.333,student
book,0.0,pipe
boor,0.222,alarm
bottlle,0.364,wall
cage,0.25,pipe
chapel,0.4,pipe
checken,0.286,student
chicken,0.364,pipe
crab,0.25,wall
dog,0.25,sugar
door,0.222,alarm
dream,0.4,alarm
flower,0.364,alarm
goat,0.444,sugar
home,0.25,pipe
house,0.333,student
mother,0.308,student
mount,0.5,student
mouth,0.333,student
officer,0.364,pipe
oor,0.25,alarm
paint,0.444,pipe
paintaing,0.308,pipe
painter,0.545,pipe
painting,0.333,pipe
paper,0.667,pipe
parent,0.462,student
picture,0.545,pipe
pip,0.857,pipe
pipe,1.0,pipe
pipe',0.889,pipe
piple,0.889,pipe
pipoe,0.889,pipe
school,0.2,wall
scream,0.364,alarm
sense,0.5,student
sheep,0.333,student
ship,0.5,pipe
sky,0.25,sugar
sound,0.5,student
star,0.667,sugar
start,0.6,sugar
steam,0.5,student
store,0.5,student
stream,0.462,student
streaming,0.5,student
strream,0.429,student
studen,0.923,student
studen',0.857,student
student,1.0,student
student mot,0.778,student
suagr,0.8,sugar
sugaar,0.909,sugar
sugar,1.0,sugar
sugat,0.8,sugar
tar,0.5,alarm
wa,0.667,wall
walk,0.75,wall
wall,1.0,wall
water,0.444,wall
weather,0.364,wall
well,0.75,wall
wheat,0.444,wall
wheel,0.444,wall
window,0.2,pipe
woman,0.444,wall
,0.0,bench
apple,0.444,cage
bech,0.889,bench
bench,1.0,bench
birdcage,0.667,cage
boat,0.25,cage
bottle,0.364,bench
bullet,0.364,bench
cage,1.0,cage
cat,0.571,cage
chapel,0.6,cage
chappel,0.545,cage
cliff,0.333,officer
crab,0.5,cage
fridge,1.0,fridge
goat,0.25,cage
kitchen,0.429,officer
man,0.286,cage
officcer,0.933,officer
officer,1.0,officer
page,0.75,cage
paper,0.444,cage
sage,0.75,cage
shiftr,0.308,officer
ship,0.25,sock
sky,0.571,sock
soap,0.5,sock
sock,1.0,sock
,0.0,violin
action,0.5,violin
adio,0.4,violin
area,0.5,tree
asprin,0.364,scarf
babana,0.222,ham
banan,0.25,ham
banana,0.222,ham
bananafield,0.25,scarf
banna,0.25,ham
basket,0.429,suitcase
bird,0.25,tree
bnk,0.222,violin
book,0.2,violin
bottle,0.4,tree
bucket,0.429,suitcase
bulb,0.2,violin
bus,0.364,suitcase
cake,0.5,suitcase
cake action,0.353,violin
can car,0.5,scarf
car,0.75,scarf
cat,0.5,scarf
chair,0.6,scarf
chin,0.4,violin
clock,0.2,scarf
coffee,0.4,tree
coin,0.6,violin
corn,0.444,scarf
cousin,0.5,violin
cousin suitc,0.5,suitcase
cousin',0.462,violin
cousit,0.429,suitcase
cup,0.25,scarf
desk,0.25,tree
dog,0.222,violin
donkey,0.333,violin
door,0.25,tree
doorway,0.2,ham
earh,0.444,scarf
eart,0.444,scarf
earth,0.4,scarf
fiedl,0.364,violin
fiel,0.4,violin
field,0.364,violin
flower,0.2,tree
frog,0.25,tree
glass,0.308,suitcase
gun,0.222,violin
ham,1.0,ham
hat,0.667,ham
hill,0.4,violin
hinter,0.429,suitcase
hotel,0.444,tree
hount,0.364,violin
hunger,0.286,suitcase
hunter,0.429,suitcase
ice,0.545,suitcase
kit,0.364,suitcase
lamp,0.571,ham
letter,0.4,tree
light,0.364,violin
lion,0.6,violin
list,0.4,violin
make,0.333,suitcase
man,0.333,ham
matt,0.286,ham
meter,0.444,tree
mice,0.5,suitcase
money,0.364,violin
monkey,0.333,violin
motel,0.444,tree
mountain,0.429,violin
mouse,0.462,suitcase
next,0.25,tree
orange,0.4,tree
outdoor,0.364,tree
pad,0.333,ham
padlock,0.2,ham
park,0.444,scarf
rabbit,0.286,suitcase
race,0.5,tree
radio,0.364,violin
radiostairs,0.353,violin
rain,0.4,violin
ran,0.333,ham
rat,0.333,ham
recliner,0.5,tree
record,0.4,tree
rug,0.286,tree
sacrf,0.8,scarf
sailing boat t,0.4,violin
sam,0.667,ham
sand,0.444,scarf
sandwich,0.308,scarf
saw,0.5,scarf
scard,0.8,scarf
scarf,1.0,scarf
scarg,0.8,scarf
scraf,0.8,scarf
screen,0.6,tree
sink,0.4,violin
sky,0.25,scarf
snail,0.4,scarf
soldier,0.462,violin
son,0.444,violin
speaker,0.5,scarf
spider,0.429,suitcase
stair,0.6,scarf
staircase,0.706,suitcase
stairs,0.571,suitcase
stamp,0.5,ham
staris,0.571,suitcase
stream,0.6,tree
suicase,0.933,suitcase
suitcase,1.0,suitcase
suitcasr,0.875,suitcase
table,0.462,suitcase
tape,0.5,tree
taris,0.462,suitcase
tash,0.5,suitcase
toad,0.333,suitcase
towm,0.286,ham
town,0.4,violin
townradio,0.308,tree
townrun,0.364,tree
towns,0.364,violin
tree,1.0,tree
treer,0.889,tree
truck,0.444,tree
tv,0.333,tree
twice,0.462,suitcase
violen,0.833,violin
violin,1.0,violin
violin house,0.667,violin
violintree,0.75,violin
window,0.333,violin
woman,0.364,violin
word,0.25,tree
world,0.364,violin
yesterday,0.308,tree
,0.0,orange
bleach,0.545,table
book,0.286,bus
building,0.364,bus
bus,1.0,bus
car,0.571,corn
cat,0.286,toad
chin,0.5,corn
corn,1.0,corn
cow,0.571,corn
dog,0.444,orange
donkey,0.5,orange
doorway,0.462,orange
frog,0.4,orange
goat,0.5,toad
ground,0.4,toad
ham,0.286,toad
horse,0.545,orange
hote,0.444,table
hotel,0.4,table
leave,0.4,table
matt,0.25,toad
money,0.545,orange
monkey,0.5,orange
motel,0.4,table
orange,1.0,orange
padlock,0.364,toad
ran,0.667,orange
rat,0.444,orange
sky,0.333,bus
soap,0.5,toad
solder,0.4,toad
soldier,0.364,toad
solider,0.364,toad
spider,0.222,bus
table,1.0,table
tablecorn,0.714,table
toad,1.0,toad
toag,0.75,toad
toast,0.667,toad
todd,0.75,toad
tree,0.444,table
window,0.2,toad
yard,0.5,toad
,0.0,doll
ace,0.286,nail
bed,0.286,doll
bed\,0.25,doll
bedletter,0.308,doll
bell,0.5,doll
car,0.5,heart
dancing,0.364,nail
deser,0.4,heart
desert,0.545,heart
dish,0.25,doll
doll,1.0,doll
doll bed nail,0.471,doll
doll mirror machine,0.48,mirror
doll music,0.571,doll
door,0.5,doll
face,0.25,nail
farmer,0.364,heart
foot,0.25,doll
forest,0.364,heart
girl,0.5,nail
hair,0.667,heart
head,0.667,heart
heart,1.0,heart
heat,0.889,heart
helmet,0.545,heart
helmut,0.545,heart
hill,0.5,doll
horse,0.4,heart
house,0.4,heart
insect,0.364,heart
jester,0.364,heart
ladder,0.364,heart
letter,0.364,heart
machine,0.364,nail
milk,0.5,nail
mirroe,0.833,mirror
mirror,1.0,mirror
mirrot,0.833,mirror
music,0.364,mirror
nai,0.857,nail
nail,1.0,nail
nails,0.889,nail
oad,0.286,doll
pie,0.286,nail
plate,0.4,heart
river,0.364,mirror
ro,0.5,mirror
road,0.4,mirror
road helmet,0.375,heart
sailo,0.909,sailor
sailor,1.0,sailor
sailore,0.923,sailor
school,0.4,doll
white,0.4,heart
,0.0,dish
ball,0.5,hill
car,0.571,coat
coat,1.0,coat
dish,1.0,dish
dishj,0.889,dish
foot,0.5,coat
forest,0.5,jester
forrest,0.462,jester
girl,0.5,hill
hill,1.0,hill
insect,0.4,dish
jester,1.0,jester
ladder,0.333,jester
perfume,0.308,jester
perjume,0.308,jester
pie,0.286,dish
plate,0.444,coat
shiedl,0.6,hill
shield,0.6,hill
tool,1.0,tool
