,0.0,nose
bell,0.25,nose
bell],0.222,nose
bellgarden,0.267,color
bells,0.222,nose
bird,0.444,river
boar,0.444,color
church,0.364,color
coffee,0.4,nose
color,1.0,color
colr,0.889,color
cookie,0.545,color
cup,0.25,color
curain,0.364,color
curatin,0.333,color
curtain,0.333,color
curtains,0.333,nose
curtin,0.364,color
cutain,0.2,nose
desk,0.25,nose
door,0.667,color
drive,0.8,river
drum,0.222,color
drum\,0.2,color
drumn,0.222,nose
drums,0.4,house
durtain,0.333,river
farm,0.222,color
farmer,0.545,river
farmerriver,0.625,river
farmers,0.5,river
farner,0.545,river
fish,0.25,nose
frum,0.222,color
fsrmer,0.545,river
garden,0.364,river
girl,0.444,river
glasses,0.364,nose
gun,0.286,nose
hand,0.25,nose
har,0.25,color
hart,0.222,color
hat,0.25,house
hat nose,0.667,nose
houes,0.8,house
house,1.0,house
houses,0.909,house
lamb,0.222,color
mon,0.286,nose
moom,0.444,color
moon,0.444,color
nose,1.0,nose
nose house,0.667,house
office,0.4,nose
parent,0.364,river
parents,0.333,river
pencil,0.364,color
person,0.364,river
porch,0.4,color
psrnt,0.222,nose
rive,0.889,river
river,1.0,river
rose,0.75,nose
schoo,0.6,color
school,0.545,color
shoe,0.667,house
shool,0.4,color
star,0.4,turkey
stove,0.444,nose
student,0.462,turkey
teacher,0.333,color
towel,0.444,nose
trukey,0.833,turkey
turkey,1.0,turkey
turkey',0.923,turkey
turkeycolorn,0.667,turkey
turky,0.909,turkey
tutkey,0.833,turkey
,0.0,lamb
bird,0.25,lamb
boar,0.25,lamb
churc h,0.923,church
church,1.0,church
cloud,0.364,pencil
desk,0.25,fish
duck,0.4,church
fanger,0.222,gun
fish,1.0,fish
glasses,0.364,lamb
gun,1.0,gun
lamb,1.0,lamb
mountain,0.364,gun
pencil,1.0,pencil
ranger,0.222,gun
river,0.222,fish
shoe,0.5,fish
stole,0.222,lamb
stove,0.222,fish
towel,0.364,pencil
,0.0,mouth
alaram,0.5,stream
alarm,0.364,stream
alarm',0.333,stream
alarrm,0.333,stream
all,0.222,stream
award,0.222,door
bag,0.222,stream
bagstrema,0.667,stream
ball,0.2,stream
bar,0.286,door
bean,0.4,stream
bench,0.333,chicken
book,0.5,door
boor,0.75,door
bottlle,0.333,mouth
cage,0.364,chicken
chapel,0.462,chicken
checken,0.857,chicken
chicken,1.0,chicken
crab,0.4,stream
dog,0.571,door
door,1.0,door
dream,0.727,stream
flower,0.4,door
goat,0.444,mouth
home,0.364,chicken
house,0.4,mouth
mother,0.727,mouth
mount,0.8,mouth
mouth,1.0,mouth
officer,0.429,chicken
oor,0.857,door
paint,0.333,chicken
paintaing,0.25,chicken
painter,0.286,chicken
painting,0.267,chicken
paper,0.222,door
parent,0.333,stream
picture,0.462,stream
pip,0.2,chicken
pipe,0.364,chicken
pipe',0.333,chicken
piple,0.333,chicken
pipoe,0.333,chicken
school,0.4,door
scream,0.833,stream
sense,0.4,sound
sheep,0.364,stream
ship,0.364,chicken
sky,0.25,sound
sound,1.0,sound
star,0.6,stream
start,0.545,stream
steam,0.909,stream
store,0.727,stream
stream,1.0,stream
streaming,0.8,stream
strream,0.923,stream
studen,0.545,sound
studen',0.5,sound
student,0.5,sound
student mot,0.471,stream
suagr,0.4,sound
sugaar,0.364,sound
sugar,0.4,sound
sugat,0.4,mouth
tar,0.444,stream
wa,0.25,stream
walk,0.2,stream
wall,0.2,stream
water,0.222,door
weather,0.333,mouth
well,0.2,stream
wheat,0.364,stream
wheel,0.333,chicken
window,0.4,door
woman,0.4,sound
,0.0,goat
apple,0.6,paper
bech,0.4,bullet
bench,0.364,bullet
birdcage,0.429,chapel
boat,0.75,goat
bottle,0.5,bullet
bullet,1.0,bullet
cage,0.6,chapel
cat,0.571,goat
chapel,1.0,chapel
chappel,0.923,chapel
cliff,0.364,chapel
crab,1.0,crab
fridge,0.2,goat
goat,1.0,goat
kitchen,0.462,chapel
man,0.286,goat
officcer,0.333,crab
officer,0.364,crab
page,0.667,paper
paper,1.0,paper
sage,0.444,paper
shiftr,0.2,goat
ship,0.4,chapel
sky,0.0,goat
soap,0.5,goat
sock,0.25,goat
,0.0,town
action,0.6,town
adio,0.889,radio
area,0.222,radio
asprin,0.364,radio
babana,0.2,town
banan,0.222,town
banana,0.2,town
bananafield,0.625,field
banna,0.222,town
basket,0.667,bucket
bird,0.444,field
bnk,0.444,bucket
book,0.4,bucket
bottle,0.333,hunter
bucket,1.0,bucket
bulb,0.4,bucket
bus,0.444,bucket
cake,0.6,bucket
cake action,0.471,bucket
can car,0.308,hunter
car,0.25,radio
cat,0.444,bucket
chair,0.4,radio
chin,0.4,hunter
clock,0.364,bucket
coffee,0.364,field
coin,0.5,town
corn,0.5,town
cousin,0.4,town
cousin suitc,0.333,hunter
cousin',0.364,town
cousit,0.333,hunter
cup,0.222,hunter
desk,0.222,radio
dog,0.5,radio
donkey,0.4,town
door,0.444,radio
doorway,0.364,town
earh,0.4,hunter
eart,0.4,hunter
earth,0.364,hunter
fiedl,0.8,field
fiel,0.889,field
field,1.0,field
flower,0.4,town
frog,0.444,radio
glass,0.2,radio
gun,0.444,hunter
ham,0.25,radio
hat,0.444,hunter
hill,0.444,field
hinter,0.833,hunter
hotel,0.545,hunter
hount,0.727,hunter
hunger,0.833,hunter
hunter,1.0,hunter
ice,0.5,field
kit,0.444,bucket
lamp,0.222,radio
letter,0.5,hunter
light,0.364,hunter
lion,0.5,town
list,0.25,town
make,0.4,bucket
man,0.286,town
matt,0.25,town
meter,0.545,hunter
mice,0.444,field
money,0.444,town
monkey,0.4,town
motel,0.4,field
mountain,0.429,hunter
mouse,0.364,hunter
next,0.4,hunter
orange,0.4,town
outdoor,0.462,hunter
pad,0.5,radio
padlock,0.5,radio
park,0.222,radio
rabbit,0.545,radio
race,0.444,radio
radio,1.0,radio
radiostairs,0.625,radio
rain,0.667,radio
ran,0.5,radio
rat,0.5,radio
recliner,0.429,hunter
record,0.364,radio
rug,0.25,radio
sacrf,0.2,radio
sailing boat t,0.316,radio
sam,0.25,radio
sand,0.444,radio
sandwich,0.462,radio
saw,0.286,town
scard,0.4,radio
scarf,0.2,radio
scarg,0.2,radio
scraf,0.4,radio
screen,0.333,bucket
sink,0.25,town
sky,0.222,bucket
snail,0.4,radio
soldier,0.333,radio
son,0.571,town
speaker,0.308,hunter
spider,0.364,field
stair,0.4,radio
staircase,0.286,radio
stairs,0.364,radio
stamp,0.222,town
staris,0.364,radio
stream,0.364,radio
suicase,0.462,bucket
suitcase,0.429,hunter
suitcasr,0.429,hunter
table,0.364,hunter
tape,0.4,hunter
taris,0.4,radio
tash,0.25,town
toad,0.5,town
towm,0.75,town
town,1.0,town
townradio,0.714,radio
townrun,0.727,town
towns,0.889,town
tree,0.4,hunter
treer,0.545,hunter
truck,0.545,bucket
tv,0.333,town
twice,0.444,town
violen,0.4,town
violin,0.4,town
violin house,0.25,town
violintree,0.375,hunter
window,0.4,town
woman,0.444,town
word,0.25,town
world,0.4,field
yesterday,0.4,hunter
,0.0,spider
bleach,0.308,soldier
book,1.0,book
building,0.4,soldier
bus,0.286,book
car,0.222,spider
cat,0.2,padlock
chin,0.222,money
corn,0.444,money
cow,0.286,book
dog,0.4,padlock
donkey,0.727,money
doorway,0.364,book
frog,0.25,book
goat,0.25,book
ground,0.364,money
ham,0.25,money
horse,0.4,money
hote,0.444,money
hotel,0.4,money
leave,0.333,soldier
matt,0.222,money
money,1.0,money
monkey,0.909,money
motel,0.6,money
orange,0.545,money
padlock,1.0,padlock
ran,0.25,money
rat,0.222,spider
sky,0.286,book
soap,0.4,spider
solder,0.923,soldier
soldier,1.0,soldier
solider,0.857,soldier
spider,1.0,spider
table,0.333,soldier
tablecorn,0.375,soldier
toad,0.364,soldier
toag,0.25,book
toast,0.222,book
todd,0.364,soldier
tree,0.222,money
window,0.333,spider
yard,0.364,padlock
,0.0,milk
ace,0.286,road
bed,0.286,road
bed\,0.25,road
bedletter,0.533,helmet
bell,0.4,helmet
car,0.286,road
dancing,0.182,milk
deser,0.4,horse
desert,0.5,helmet
dish,0.25,milk
doll,0.25,milk
doll bed nail,0.235,milk
doll mirror machine,0.261,road
doll music,0.667,music
door,0.444,horse
face,0.25,road
farmer,0.364,horse
foot,0.25,road
forest,0.545,horse
girl,0.5,milk
hair,0.444,horse
head,0.5,road
heart,0.545,helmet
heat,0.6,helmet
helmet,1.0,helmet
helmut,0.833,helmet
hill,0.5,milk
horse,1.0,horse
house,0.8,horse
insect,0.364,music
jester,0.333,helmet
ladder,0.4,road
letter,0.5,helmet
machine,0.364,milk
milk,1.0,milk
mirroe,0.4,milk
mirror,0.4,milk
mirrot,0.4,milk
music,1.0,music
nai,0.286,milk
nail,0.5,milk
nails,0.444,milk
oad,0.857,road
pie,0.286,milk
plate,0.364,helmet
river,0.4,horse
ro,0.667,road
road,1.0,road
road helmet,0.706,helmet
sailo,0.444,milk
sailor,0.4,milk
sailore,0.5,horse
school,0.364,music
white,0.4,horse
,0.0,shield
ball,1.0,ball
car,1.0,car
coat,0.571,car
dish,0.4,shield
dishj,0.364,shield
foot,0.2,insect
forest,0.333,insect
forrest,0.308,insect
girl,0.4,shield
hill,0.6,shield
insect,1.0,insect
jester,0.333,insect
ladder,0.444,car
perfume,0.4,pie
perjume,0.4,pie
pie,1.0,pie
plate,0.5,pie
shiedl,0.833,shield
shield,1.0,shield
tool,0.25,ball
