subject,date,location_congruence_val,flanker_congruence_val,cue_target_interval,cue_condition,latency,values.correct
462,63017,1,1,0,trial.validspatial,1700,0
462,63017,1,2,0,trial.invalid,1700,0
462,63017,1,2,800,trial.validspatial,1354,1
462,63017,1,2,400,trial.validspatial,1252,1
462,63017,1,2,400,trial.doublecue,1218,0
462,63017,2,2,400,trial.validspatial,1638,1
462,63017,2,1,400,trial.doublecue,1272,1
462,63017,2,1,0,trial.validspatial,779,1
462,63017,2,1,400,trial.validspatial,792,1
462,63017,1,2,800,trial.validspatial,570,1
462,63017,1,1,800,trial.invalid,760,1
462,63017,2,1,400,trial.validspatial,742,1
462,63017,2,1,800,trial.validspatial,625,1
462,63017,2,2,0,trial.validspatial,1356,1
462,63017,1,2,0,trial.validspatial,1355,1
462,63017,1,1,400,trial.validspatial,1093,1
462,63017,1,1,NaN,trial.nocue,774,1
462,63017,1,2,0,trial.validspatial,963,1
462,63017,1,1,NaN,trial.nocue,874,1
462,63017,2,2,0,trial.validspatial,1066,1
462,63017,2,1,800,trial.invalid,710,1
462,63017,2,2,NaN,trial.nocue,1020,1
462,63017,1,2,400,trial.invalid,1114,1
462,63017,2,2,0,trial.doublecue,1010,0
462,63017,1,2,NaN,trial.nocue,932,1
462,63017,1,1,400,trial.validspatial,885,1
462,63017,1,1,800,trial.validspatial,872,1
462,63017,2,1,NaN,trial.nocue,1088,1
462,63017,1,1,800,trial.doublecue,767,1
462,63017,2,2,0,trial.doublecue,1159,1
462,63017,1,1,0,trial.invalid,764,1
462,63017,1,1,0,trial.invalid,634,1
462,63017,2,1,0,trial.validspatial,804,1
462,63017,2,1,0,trial.validspatial,798,1
462,63017,1,1,400,trial.doublecue,1033,1
462,63017,2,2,800,trial.validspatial,862,1
462,63017,2,2,800,trial.validspatial,938,1
462,63017,2,2,0,trial.validspatial,948,1
462,63017,1,2,400,trial.validspatial,625,1
462,63017,2,2,800,trial.invalid,985,1
462,63017,1,2,0,trial.invalid,1010,1
462,63017,2,1,400,trial.validspatial,1038,1
462,63017,2,1,400,trial.validspatial,632,1
462,63017,2,1,NaN,trial.nocue,891,1
462,63017,2,2,NaN,trial.nocue,1119,1
462,63017,2,1,NaN,trial.nocue,833,1
462,63017,1,1,800,trial.validspatial,469,1
462,63017,1,1,NaN,trial.nocue,938,1
462,63017,2,1,800,trial.doublecue,703,1
462,63017,2,2,NaN,trial.nocue,599,1
462,63017,1,2,400,trial.validspatial,638,1
462,63017,1,1,400,trial.doublecue,753,1
462,63017,2,2,400,trial.invalid,590,0
462,63017,1,1,NaN,trial.nocue,1015,1
462,63017,2,1,800,trial.validspatial,540,1
462,63017,2,2,0,trial.validspatial,781,1
462,63017,2,1,800,trial.doublecue,780,1
462,63017,2,1,400,trial.validspatial,554,1
462,63017,2,2,400,trial.validspatial,628,1
462,63017,2,1,0,trial.doublecue,844,1
462,63017,2,2,400,trial.validspatial,967,1
462,63017,2,2,400,trial.invalid,1207,1
462,63017,2,2,800,trial.doublecue,1081,1
462,63017,1,2,400,trial.doublecue,783,1
462,63017,1,2,0,trial.validspatial,1439,1
462,63017,1,2,NaN,trial.nocue,1002,1
462,63017,1,1,800,trial.invalid,694,1
462,63017,2,2,800,trial.validspatial,573,1
462,63017,2,1,800,trial.validspatial,534,1
462,63017,2,1,0,trial.validspatial,843,1
462,63017,2,2,NaN,trial.nocue,1232,1
462,63017,2,2,800,trial.validspatial,547,1
462,63017,1,1,400,trial.validspatial,1473,1
462,63017,1,2,800,trial.invalid,1088,1
462,63017,2,2,0,trial.validspatial,740,1
462,63017,2,2,800,trial.validspatial,525,1
462,63017,1,1,800,trial.validspatial,518,1
462,63017,2,1,NaN,trial.nocue,778,1
462,63017,1,2,NaN,trial.nocue,891,1
462,63017,1,2,800,trial.validspatial,545,1
462,63017,1,2,0,trial.validspatial,817,1
462,63017,2,2,0,trial.invalid,906,1
462,63017,1,1,NaN,trial.nocue,754,1
462,63017,2,2,800,trial.validspatial,813,1
462,63017,2,1,800,trial.validspatial,647,1
462,63017,2,1,0,trial.validspatial,479,1
462,63017,1,1,800,trial.doublecue,702,1
462,63017,2,2,800,trial.invalid,1054,1
462,63017,1,2,400,trial.validspatial,1011,1
462,63017,2,1,800,trial.validspatial,883,1
462,63017,1,2,400,trial.invalid,1146,1
462,63017,1,1,800,trial.validspatial,627,1
462,63017,2,2,400,trial.doublecue,710,1
462,63017,1,1,0,trial.validspatial,686,1
462,63017,2,1,NaN,trial.nocue,511,1
462,63017,2,1,400,trial.invalid,838,1
462,63017,1,2,800,trial.invalid,937,1
462,63017,1,2,0,trial.doublecue,918,1
462,63017,1,1,400,trial.validspatial,541,1
462,63017,1,2,400,trial.validspatial,622,1
462,63017,1,1,0,trial.doublecue,622,1
462,63017,1,1,0,trial.doublecue,560,1
462,63017,1,2,NaN,trial.nocue,769,1
462,63017,2,1,400,trial.doublecue,746,1
462,63017,2,2,400,trial.validspatial,742,1
462,63017,2,2,800,trial.doublecue,865,1
462,63017,2,2,NaN,trial.nocue,735,1
462,63017,1,2,NaN,trial.nocue,962,1
462,63017,1,2,0,trial.doublecue,791,1
462,63017,2,1,800,trial.invalid,630,1
462,63017,1,2,0,trial.validspatial,661,1
462,63017,1,1,0,trial.validspatial,613,1
462,63017,2,1,0,trial.validspatial,578,1
462,63017,1,1,400,trial.invalid,694,1
462,63017,1,2,800,trial.doublecue,602,1
462,63017,2,2,0,trial.validspatial,824,1
462,63017,2,2,0,trial.invalid,882,1
462,63017,1,1,0,trial.validspatial,776,1
462,63017,1,1,400,trial.invalid,691,1
462,63017,2,1,800,trial.validspatial,510,1
462,63017,2,2,400,trial.doublecue,820,1
462,63017,2,1,0,trial.doublecue,657,1
462,63017,2,2,400,trial.validspatial,655,1
462,63017,1,1,NaN,trial.nocue,650,1
462,63017,2,1,0,trial.invalid,648,1
462,63017,1,2,800,trial.validspatial,668,1
462,63017,1,2,800,trial.doublecue,774,1
462,63017,2,1,400,trial.validspatial,536,1
462,63017,1,1,800,trial.validspatial,463,1
462,63017,1,2,800,trial.validspatial,532,1
462,63017,1,1,0,trial.validspatial,648,1
462,63017,1,2,400,trial.validspatial,597,1
462,63017,2,1,400,trial.invalid,552,1
462,63017,2,1,0,trial.invalid,719,1
462,63017,2,2,NaN,trial.nocue,1020,1
462,63017,1,1,800,trial.validspatial,584,1
462,63017,2,2,400,trial.validspatial,853,1
462,63017,2,1,NaN,trial.nocue,735,1
462,63017,1,1,400,trial.validspatial,625,1
462,63017,1,2,NaN,trial.nocue,799,1
462,63017,1,2,0,trial.validspatial,855,1
462,63017,1,2,800,trial.validspatial,554,1
462,63017,1,1,0,trial.validspatial,754,1
462,63017,1,1,400,trial.validspatial,636,1
462,63017,1,1,0,trial.validspatial,496,1
462,63017,1,2,0,trial.invalid,546,0
462,63017,1,2,800,trial.validspatial,595,1
462,63017,1,2,400,trial.validspatial,805,1
462,63017,1,2,400,trial.doublecue,1148,1
462,63017,2,2,400,trial.validspatial,904,1
462,63017,2,1,400,trial.doublecue,555,1
462,63017,2,1,0,trial.validspatial,526,1
462,63017,2,1,400,trial.validspatial,544,1
462,63017,1,2,800,trial.validspatial,562,1
462,63017,1,1,800,trial.invalid,681,1
462,63017,2,1,400,trial.validspatial,654,1
462,63017,2,1,800,trial.validspatial,457,1
462,63017,2,2,0,trial.validspatial,797,1
462,63017,1,2,0,trial.validspatial,813,1
462,63017,1,1,400,trial.validspatial,503,1
462,63017,1,1,NaN,trial.nocue,487,1
462,63017,1,2,0,trial.validspatial,724,1
462,63017,1,1,NaN,trial.nocue,642,1
462,63017,2,2,0,trial.validspatial,740,1
462,63017,2,1,800,trial.invalid,784,1
462,63017,2,2,NaN,trial.nocue,917,1
462,63017,1,2,400,trial.invalid,947,1
462,63017,2,2,0,trial.doublecue,747,1
462,63017,1,2,NaN,trial.nocue,595,1
462,63017,1,1,400,trial.validspatial,533,1
462,63017,1,1,800,trial.validspatial,408,1
462,63017,2,1,NaN,trial.nocue,592,1
462,63017,1,1,800,trial.doublecue,511,1
462,63017,2,2,0,trial.doublecue,583,0
462,63017,1,1,0,trial.invalid,749,1
462,63017,1,1,0,trial.invalid,593,1
462,63017,2,1,0,trial.validspatial,570,1
462,63017,2,1,0,trial.validspatial,475,1
462,63017,1,1,400,trial.doublecue,691,1
462,63017,2,2,800,trial.validspatial,650,1
462,63017,2,2,800,trial.validspatial,573,1
462,63017,2,2,0,trial.validspatial,902,1
462,63017,1,2,400,trial.validspatial,619,1
462,63017,2,2,800,trial.invalid,843,1
462,63017,1,2,0,trial.invalid,668,0
462,63017,2,1,400,trial.validspatial,531,1
462,63017,2,1,400,trial.validspatial,606,1
462,63017,2,1,NaN,trial.nocue,530,1
462,63017,2,2,NaN,trial.nocue,780,1
462,63017,2,1,NaN,trial.nocue,630,1
462,63017,1,1,800,trial.validspatial,505,1
462,63017,1,1,NaN,trial.nocue,569,1
462,63017,2,1,800,trial.doublecue,694,1
462,63017,2,2,NaN,trial.nocue,590,0
462,63017,1,2,400,trial.validspatial,709,1
462,63017,1,1,400,trial.doublecue,577,1
462,63017,2,2,400,trial.invalid,623,0
462,63017,1,1,NaN,trial.nocue,631,1
462,63017,2,1,800,trial.validspatial,654,1
462,63017,2,2,0,trial.validspatial,822,1
462,63017,2,1,800,trial.doublecue,684,1
462,63017,2,1,400,trial.validspatial,531,1
462,63017,2,2,400,trial.validspatial,645,1
462,63017,2,1,0,trial.doublecue,572,1
462,63017,2,2,400,trial.validspatial,527,1
462,63017,2,2,400,trial.invalid,1447,1
462,63017,2,2,800,trial.doublecue,786,1
462,63017,1,2,400,trial.doublecue,647,1
462,63017,1,2,0,trial.validspatial,711,1
462,63017,1,2,NaN,trial.nocue,816,1
462,63017,1,1,800,trial.invalid,740,1
462,63017,2,2,800,trial.validspatial,587,1
462,63017,2,1,800,trial.validspatial,525,1
462,63017,2,1,0,trial.validspatial,786,1
462,63017,2,2,NaN,trial.nocue,1071,1
462,63017,2,2,800,trial.validspatial,570,1
462,63017,1,1,400,trial.validspatial,1700,0
462,63017,1,2,800,trial.invalid,699,1
462,63017,2,2,0,trial.validspatial,901,1
462,63017,2,2,800,trial.validspatial,582,1
462,63017,1,1,800,trial.validspatial,655,1
462,63017,2,1,NaN,trial.nocue,734,1
462,63017,1,2,NaN,trial.nocue,658,1
462,63017,1,2,800,trial.validspatial,812,1
462,63017,1,2,0,trial.validspatial,560,1
462,63017,2,2,0,trial.invalid,563,1
462,63017,1,1,NaN,trial.nocue,549,1
462,63017,2,2,800,trial.validspatial,940,1
462,63017,2,1,800,trial.validspatial,513,1
462,63017,2,1,0,trial.validspatial,540,1
462,63017,1,1,800,trial.doublecue,679,1
462,63017,2,2,800,trial.invalid,643,1
462,63017,1,2,400,trial.validspatial,568,1
462,63017,2,1,800,trial.validspatial,647,1
462,63017,1,2,400,trial.invalid,685,1
462,63017,1,1,800,trial.validspatial,649,1
462,63017,2,2,400,trial.doublecue,427,0
462,63017,1,1,0,trial.validspatial,581,1
462,63017,2,1,NaN,trial.nocue,819,1
462,63017,2,1,400,trial.invalid,801,1
462,63017,1,2,800,trial.invalid,833,1
462,63017,1,2,0,trial.doublecue,793,1
462,63017,1,1,400,trial.validspatial,691,1
462,63017,1,2,400,trial.validspatial,583,1
462,63017,1,1,0,trial.doublecue,773,1
462,63017,1,1,0,trial.doublecue,451,1
462,63017,1,2,NaN,trial.nocue,958,1
462,63017,2,1,400,trial.doublecue,484,1
462,63017,2,2,400,trial.validspatial,734,1
462,63017,2,2,800,trial.doublecue,722,1
462,63017,2,2,NaN,trial.nocue,580,1
462,63017,1,2,NaN,trial.nocue,671,1
462,63017,1,2,0,trial.doublecue,461,0
462,63017,2,1,800,trial.invalid,1114,1
462,63017,1,2,0,trial.validspatial,876,1
462,63017,1,1,0,trial.validspatial,809,1
462,63017,2,1,0,trial.validspatial,785,1
462,63017,1,1,400,trial.invalid,1018,1
462,63017,1,2,800,trial.doublecue,550,1
462,63017,2,2,0,trial.validspatial,535,1
462,63017,2,2,0,trial.invalid,635,1
462,63017,1,1,0,trial.validspatial,682,1
462,63017,1,1,400,trial.invalid,588,1
462,63017,2,1,800,trial.validspatial,505,1
462,63017,2,2,400,trial.doublecue,477,1
462,63017,2,1,0,trial.doublecue,483,1
462,63017,2,2,400,trial.validspatial,563,0
462,63017,1,1,NaN,trial.nocue,770,1
462,63017,2,1,0,trial.invalid,582,1
462,63017,1,2,800,trial.validspatial,811,1
462,63017,1,2,800,trial.doublecue,779,1
462,63017,2,1,400,trial.validspatial,698,1
462,63017,1,1,800,trial.validspatial,1017,1
462,63017,1,2,800,trial.validspatial,503,1
462,63017,1,1,0,trial.validspatial,534,1
462,63017,1,2,400,trial.validspatial,823,1
462,63017,2,1,400,trial.invalid,747,1
462,63017,2,1,0,trial.invalid,896,1
462,63017,2,2,NaN,trial.nocue,1088,1
462,63017,1,1,800,trial.validspatial,810,1
462,63017,2,2,400,trial.validspatial,759,1
462,63017,2,1,NaN,trial.nocue,920,1
462,63017,1,1,400,trial.validspatial,939,1
462,63017,1,2,NaN,trial.nocue,727,1
462,63017,1,2,0,trial.validspatial,645,1
462,63017,1,2,800,trial.validspatial,487,1
462,63017,1,1,0,trial.validspatial,860,1
462,63017,1,1,400,trial.validspatial,873,1
