subject,date,location_congruence_val,flanker_congruence_val,cue_target_interval,cue_condition,latency,values.correct
291,80717,1,1,0,trial.validspatial,1700,0
291,80717,1,2,0,trial.invalid,1351,1
291,80717,1,2,800,trial.validspatial,761,1
291,80717,1,2,400,trial.validspatial,698,1
291,80717,1,2,400,trial.doublecue,743,1
291,80717,2,2,400,trial.validspatial,583,1
291,80717,2,1,400,trial.doublecue,553,1
291,80717,2,1,0,trial.validspatial,631,1
291,80717,2,1,400,trial.validspatial,414,1
291,80717,1,2,800,trial.validspatial,653,1
291,80717,1,1,800,trial.invalid,783,1
291,80717,2,1,400,trial.validspatial,452,1
291,80717,2,1,800,trial.validspatial,641,1
291,80717,2,2,0,trial.validspatial,548,1
291,80717,1,2,0,trial.validspatial,579,1
291,80717,1,1,400,trial.validspatial,368,1
291,80717,1,1,NaN,trial.nocue,530,1
291,80717,1,2,0,trial.validspatial,710,1
291,80717,1,1,NaN,trial.nocue,477,1
291,80717,2,2,0,trial.validspatial,586,1
291,80717,2,1,800,trial.invalid,585,1
291,80717,2,2,NaN,trial.nocue,735,1
291,80717,1,2,400,trial.invalid,829,1
291,80717,2,2,0,trial.doublecue,513,0
291,80717,1,2,NaN,trial.nocue,702,1
291,80717,1,1,400,trial.validspatial,465,1
291,80717,1,1,800,trial.validspatial,453,1
291,80717,2,1,NaN,trial.nocue,698,1
291,80717,1,1,800,trial.doublecue,495,1
291,80717,2,2,0,trial.doublecue,649,1
291,80717,1,1,0,trial.invalid,487,1
291,80717,1,1,0,trial.invalid,518,1
291,80717,2,1,0,trial.validspatial,500,1
291,80717,2,1,0,trial.validspatial,497,1
291,80717,1,1,400,trial.doublecue,551,1
291,80717,2,2,800,trial.validspatial,489,1
291,80717,2,2,800,trial.validspatial,502,1
291,80717,2,2,0,trial.validspatial,669,1
291,80717,1,2,400,trial.validspatial,653,1
291,80717,2,2,800,trial.invalid,938,1
291,80717,1,2,0,trial.invalid,723,1
291,80717,2,1,400,trial.validspatial,520,1
291,80717,2,1,400,trial.validspatial,435,1
291,80717,2,1,NaN,trial.nocue,625,1
291,80717,2,2,NaN,trial.nocue,743,1
291,80717,2,1,NaN,trial.nocue,418,1
291,80717,1,1,800,trial.validspatial,396,1
291,80717,1,1,NaN,trial.nocue,418,1
291,80717,2,1,800,trial.doublecue,535,1
291,80717,2,2,NaN,trial.nocue,391,0
291,80717,1,2,400,trial.validspatial,833,1
291,80717,1,1,400,trial.doublecue,466,1
291,80717,2,2,400,trial.invalid,802,1
291,80717,1,1,NaN,trial.nocue,568,1
291,80717,2,1,800,trial.validspatial,428,1
291,80717,2,2,0,trial.validspatial,688,1
291,80717,2,1,800,trial.doublecue,737,1
291,80717,2,1,400,trial.validspatial,505,1
291,80717,2,2,400,trial.validspatial,521,1
291,80717,2,1,0,trial.doublecue,620,1
291,80717,2,2,400,trial.validspatial,577,1
291,80717,2,2,400,trial.invalid,969,1
291,80717,2,2,800,trial.doublecue,542,1
291,80717,1,2,400,trial.doublecue,562,1
291,80717,1,2,0,trial.validspatial,709,1
291,80717,1,2,NaN,trial.nocue,580,1
291,80717,1,1,800,trial.invalid,498,1
291,80717,2,2,800,trial.validspatial,980,1
291,80717,2,1,800,trial.validspatial,428,1
291,80717,2,1,0,trial.validspatial,449,1
291,80717,2,2,NaN,trial.nocue,693,1
291,80717,2,2,800,trial.validspatial,627,1
291,80717,1,1,400,trial.validspatial,483,1
291,80717,1,2,800,trial.invalid,741,1
291,80717,2,2,0,trial.validspatial,595,1
291,80717,2,2,800,trial.validspatial,529,1
291,80717,1,1,800,trial.validspatial,419,1
291,80717,2,1,NaN,trial.nocue,605,1
291,80717,1,2,NaN,trial.nocue,817,1
291,80717,1,2,800,trial.validspatial,485,1
291,80717,1,2,0,trial.validspatial,751,1
291,80717,2,2,0,trial.invalid,896,1
291,80717,1,1,NaN,trial.nocue,494,1
291,80717,2,2,800,trial.validspatial,513,1
291,80717,2,1,800,trial.validspatial,466,1
291,80717,2,1,0,trial.validspatial,542,1
291,80717,1,1,800,trial.doublecue,646,1
291,80717,2,2,800,trial.invalid,737,1
291,80717,1,2,400,trial.validspatial,548,1
291,80717,2,1,800,trial.validspatial,446,1
291,80717,1,2,400,trial.invalid,834,1
291,80717,1,1,800,trial.validspatial,441,1
291,80717,2,2,400,trial.doublecue,436,0
291,80717,1,1,0,trial.validspatial,579,1
291,80717,2,1,NaN,trial.nocue,553,1
291,80717,2,1,400,trial.invalid,586,1
291,80717,1,2,800,trial.invalid,817,1
291,80717,1,2,0,trial.doublecue,714,1
291,80717,1,1,400,trial.validspatial,399,1
291,80717,1,2,400,trial.validspatial,572,1
291,80717,1,1,0,trial.doublecue,437,1
291,80717,1,1,0,trial.doublecue,399,1
291,80717,1,2,NaN,trial.nocue,745,1
291,80717,2,1,400,trial.doublecue,528,1
291,80717,2,2,400,trial.validspatial,550,1
291,80717,2,2,800,trial.doublecue,632,1
291,80717,2,2,NaN,trial.nocue,567,1
291,80717,1,2,NaN,trial.nocue,513,1
291,80717,1,2,0,trial.doublecue,706,1
291,80717,2,1,800,trial.invalid,608,1
291,80717,1,2,0,trial.validspatial,579,1
291,80717,1,1,0,trial.validspatial,505,1
291,80717,2,1,0,trial.validspatial,494,1
291,80717,1,1,400,trial.invalid,485,1
291,80717,1,2,800,trial.doublecue,572,1
291,80717,2,2,0,trial.validspatial,504,0
291,80717,2,2,0,trial.invalid,550,1
291,80717,1,1,0,trial.validspatial,657,1
291,80717,1,1,400,trial.invalid,555,1
291,80717,2,1,800,trial.validspatial,367,1
291,80717,2,2,400,trial.doublecue,581,1
291,80717,2,1,0,trial.doublecue,456,1
291,80717,2,2,400,trial.validspatial,579,1
291,80717,1,1,NaN,trial.nocue,501,1
291,80717,2,1,0,trial.invalid,531,1
291,80717,1,2,800,trial.validspatial,549,1
291,80717,1,2,800,trial.doublecue,482,1
291,80717,2,1,400,trial.validspatial,451,1
291,80717,1,1,800,trial.validspatial,481,1
291,80717,1,2,800,trial.validspatial,645,1
291,80717,1,1,0,trial.validspatial,376,1
291,80717,1,2,400,trial.validspatial,469,1
291,80717,2,1,400,trial.invalid,701,1
291,80717,2,1,0,trial.invalid,443,1
291,80717,2,2,NaN,trial.nocue,537,0
291,80717,1,1,800,trial.validspatial,394,1
291,80717,2,2,400,trial.validspatial,471,1
291,80717,2,1,NaN,trial.nocue,468,1
291,80717,1,1,400,trial.validspatial,460,1
291,80717,1,2,NaN,trial.nocue,600,1
291,80717,1,2,0,trial.validspatial,569,1
291,80717,1,2,800,trial.validspatial,508,1
291,80717,1,1,0,trial.validspatial,418,1
291,80717,1,1,400,trial.validspatial,382,1
291,80717,1,1,0,trial.validspatial,411,1
291,80717,1,2,0,trial.invalid,1700,0
291,80717,1,2,800,trial.validspatial,790,1
291,80717,1,2,400,trial.validspatial,475,1
291,80717,1,2,400,trial.doublecue,656,1
291,80717,2,2,400,trial.validspatial,460,1
291,80717,2,1,400,trial.doublecue,406,1
291,80717,2,1,0,trial.validspatial,484,1
291,80717,2,1,400,trial.validspatial,446,1
291,80717,1,2,800,trial.validspatial,469,1
291,80717,1,1,800,trial.invalid,466,1
291,80717,2,1,400,trial.validspatial,391,1
291,80717,2,1,800,trial.validspatial,378,1
291,80717,2,2,0,trial.validspatial,416,1
291,80717,1,2,0,trial.validspatial,502,1
291,80717,1,1,400,trial.validspatial,385,1
291,80717,1,1,NaN,trial.nocue,374,1
291,80717,1,2,0,trial.validspatial,373,0
291,80717,1,1,NaN,trial.nocue,442,1
291,80717,2,2,0,trial.validspatial,564,1
291,80717,2,1,800,trial.invalid,419,1
291,80717,2,2,NaN,trial.nocue,598,1
291,80717,1,2,400,trial.invalid,643,1
291,80717,2,2,0,trial.doublecue,413,0
291,80717,1,2,NaN,trial.nocue,632,1
291,80717,1,1,400,trial.validspatial,396,1
291,80717,1,1,800,trial.validspatial,384,1
291,80717,2,1,NaN,trial.nocue,406,0
291,80717,1,1,800,trial.doublecue,422,1
291,80717,2,2,0,trial.doublecue,444,0
291,80717,1,1,0,trial.invalid,431,1
291,80717,1,1,0,trial.invalid,388,1
291,80717,2,1,0,trial.validspatial,448,1
291,80717,2,1,0,trial.validspatial,494,1
291,80717,1,1,400,trial.doublecue,533,1
291,80717,2,2,800,trial.validspatial,592,1
291,80717,2,2,800,trial.validspatial,472,1
291,80717,2,2,0,trial.validspatial,507,0
291,80717,1,2,400,trial.validspatial,523,1
291,80717,2,2,800,trial.invalid,588,0
291,80717,1,2,0,trial.invalid,632,0
291,80717,2,1,400,trial.validspatial,641,1
291,80717,2,1,400,trial.validspatial,356,1
291,80717,2,1,NaN,trial.nocue,389,1
291,80717,2,2,NaN,trial.nocue,540,1
291,80717,2,1,NaN,trial.nocue,476,1
291,80717,1,1,800,trial.validspatial,373,1
291,80717,1,1,NaN,trial.nocue,545,1
291,80717,2,1,800,trial.doublecue,517,1
291,80717,2,2,NaN,trial.nocue,574,1
291,80717,1,2,400,trial.validspatial,478,1
291,80717,1,1,400,trial.doublecue,385,1
291,80717,2,2,400,trial.invalid,424,0
291,80717,1,1,NaN,trial.nocue,447,1
291,80717,2,1,800,trial.validspatial,489,1
291,80717,2,2,0,trial.validspatial,640,1
291,80717,2,1,800,trial.doublecue,493,1
291,80717,2,1,400,trial.validspatial,715,0
291,80717,2,2,400,trial.validspatial,543,1
291,80717,2,1,0,trial.doublecue,444,0
291,80717,2,2,400,trial.validspatial,618,1
291,80717,2,2,400,trial.invalid,700,1
291,80717,2,2,800,trial.doublecue,519,0
291,80717,1,2,400,trial.doublecue,511,1
291,80717,1,2,0,trial.validspatial,590,1
291,80717,1,2,NaN,trial.nocue,598,1
291,80717,1,1,800,trial.invalid,503,1
291,80717,2,2,800,trial.validspatial,553,1
291,80717,2,1,800,trial.validspatial,401,1
291,80717,2,1,0,trial.validspatial,479,1
291,80717,2,2,NaN,trial.nocue,410,0
291,80717,2,2,800,trial.validspatial,617,1
291,80717,1,1,400,trial.validspatial,1700,0
291,80717,1,2,800,trial.invalid,481,1
291,80717,2,2,0,trial.validspatial,552,0
291,80717,2,2,800,trial.validspatial,493,1
291,80717,1,1,800,trial.validspatial,413,1
291,80717,2,1,NaN,trial.nocue,777,1
291,80717,1,2,NaN,trial.nocue,535,1
291,80717,1,2,800,trial.validspatial,389,1
291,80717,1,2,0,trial.validspatial,384,1
291,80717,2,2,0,trial.invalid,424,1
291,80717,1,1,NaN,trial.nocue,454,1
291,80717,2,2,800,trial.validspatial,498,1
291,80717,2,1,800,trial.validspatial,424,0
291,80717,2,1,0,trial.validspatial,469,1
291,80717,1,1,800,trial.doublecue,539,1
291,80717,2,2,800,trial.invalid,444,0
291,80717,1,2,400,trial.validspatial,402,1
291,80717,2,1,800,trial.validspatial,505,1
291,80717,1,2,400,trial.invalid,629,1
291,80717,1,1,800,trial.validspatial,375,1
291,80717,2,2,400,trial.doublecue,523,1
291,80717,1,1,0,trial.validspatial,475,1
291,80717,2,1,NaN,trial.nocue,442,0
291,80717,2,1,400,trial.invalid,616,1
291,80717,1,2,800,trial.invalid,457,0
291,80717,1,2,0,trial.doublecue,723,1
291,80717,1,1,400,trial.validspatial,402,1
291,80717,1,2,400,trial.validspatial,396,1
291,80717,1,1,0,trial.doublecue,509,1
291,80717,1,1,0,trial.doublecue,532,1
291,80717,1,2,NaN,trial.nocue,462,0
291,80717,2,1,400,trial.doublecue,520,1
291,80717,2,2,400,trial.validspatial,440,1
291,80717,2,2,800,trial.doublecue,519,1
291,80717,2,2,NaN,trial.nocue,463,1
291,80717,1,2,NaN,trial.nocue,406,1
291,80717,1,2,0,trial.doublecue,691,1
291,80717,2,1,800,trial.invalid,486,1
291,80717,1,2,0,trial.validspatial,598,1
291,80717,1,1,0,trial.validspatial,379,0
291,80717,2,1,0,trial.validspatial,446,0
291,80717,1,1,400,trial.invalid,728,1
291,80717,1,2,800,trial.doublecue,604,1
291,80717,2,2,0,trial.validspatial,437,1
291,80717,2,2,0,trial.invalid,531,1
291,80717,1,1,0,trial.validspatial,422,0
291,80717,1,1,400,trial.invalid,494,1
291,80717,2,1,800,trial.validspatial,378,1
291,80717,2,2,400,trial.doublecue,436,1
291,80717,2,1,0,trial.doublecue,519,1
291,80717,2,2,400,trial.validspatial,565,0
291,80717,1,1,NaN,trial.nocue,439,1
291,80717,2,1,0,trial.invalid,389,1
291,80717,1,2,800,trial.validspatial,495,0
291,80717,1,2,800,trial.doublecue,426,1
291,80717,2,1,400,trial.validspatial,442,1
291,80717,1,1,800,trial.validspatial,517,1
291,80717,1,2,800,trial.validspatial,509,1
291,80717,1,1,0,trial.validspatial,417,1
291,80717,1,2,400,trial.validspatial,458,1
291,80717,2,1,400,trial.invalid,470,1
291,80717,2,1,0,trial.invalid,462,1
291,80717,2,2,NaN,trial.nocue,675,1
291,80717,1,1,800,trial.validspatial,518,1
291,80717,2,2,400,trial.validspatial,525,1
291,80717,2,1,NaN,trial.nocue,639,1
291,80717,1,1,400,trial.validspatial,601,1
291,80717,1,2,NaN,trial.nocue,428,1
291,80717,1,2,0,trial.validspatial,465,1
291,80717,1,2,800,trial.validspatial,414,1
291,80717,1,1,0,trial.validspatial,507,1
291,80717,1,1,400,trial.validspatial,487,0
