subject,date,location_congruence_val,flanker_congruence_val,cue_target_interval,cue_condition,latency,values.correct
257,62917,1,1,0,trial.validspatial,1700,0
257,62917,1,2,0,trial.invalid,803,0
257,62917,1,2,800,trial.validspatial,912,1
257,62917,1,2,400,trial.validspatial,925,1
257,62917,1,2,400,trial.doublecue,1313,1
257,62917,2,2,400,trial.validspatial,966,1
257,62917,2,1,400,trial.doublecue,1024,1
257,62917,2,1,0,trial.validspatial,679,1
257,62917,2,1,400,trial.validspatial,650,1
257,62917,1,2,800,trial.validspatial,799,1
257,62917,1,1,800,trial.invalid,483,1
257,62917,2,1,400,trial.validspatial,547,1
257,62917,2,1,800,trial.validspatial,504,1
257,62917,2,2,0,trial.validspatial,1036,1
257,62917,1,2,0,trial.validspatial,771,1
257,62917,1,1,400,trial.validspatial,468,1
257,62917,1,1,NaN,trial.nocue,674,1
257,62917,1,2,0,trial.validspatial,566,1
257,62917,1,1,NaN,trial.nocue,779,1
257,62917,2,2,0,trial.validspatial,1342,1
257,62917,2,1,800,trial.invalid,1395,1
257,62917,2,2,NaN,trial.nocue,1211,1
257,62917,1,2,400,trial.invalid,984,1
257,62917,2,2,0,trial.doublecue,1302,1
257,62917,1,2,NaN,trial.nocue,830,1
257,62917,1,1,400,trial.validspatial,725,1
257,62917,1,1,800,trial.validspatial,495,1
257,62917,2,1,NaN,trial.nocue,911,1
257,62917,1,1,800,trial.doublecue,640,1
257,62917,2,2,0,trial.doublecue,1166,1
257,62917,1,1,0,trial.invalid,648,1
257,62917,1,1,0,trial.invalid,538,1
257,62917,2,1,0,trial.validspatial,601,1
257,62917,2,1,0,trial.validspatial,540,1
257,62917,1,1,400,trial.doublecue,578,1
257,62917,2,2,800,trial.validspatial,961,1
257,62917,2,2,800,trial.validspatial,702,1
257,62917,2,2,0,trial.validspatial,738,1
257,62917,1,2,400,trial.validspatial,703,1
257,62917,2,2,800,trial.invalid,715,1
257,62917,1,2,0,trial.invalid,1043,1
257,62917,2,1,400,trial.validspatial,555,1
257,62917,2,1,400,trial.validspatial,583,1
257,62917,2,1,NaN,trial.nocue,691,1
257,62917,2,2,NaN,trial.nocue,776,0
257,62917,2,1,NaN,trial.nocue,614,1
257,62917,1,1,800,trial.validspatial,491,1
257,62917,1,1,NaN,trial.nocue,503,1
257,62917,2,1,800,trial.doublecue,786,1
257,62917,2,2,NaN,trial.nocue,1042,1
257,62917,1,2,400,trial.validspatial,618,0
257,62917,1,1,400,trial.doublecue,604,1
257,62917,2,2,400,trial.invalid,1090,1
257,62917,1,1,NaN,trial.nocue,709,0
257,62917,2,1,800,trial.validspatial,632,1
257,62917,2,2,0,trial.validspatial,1005,1
257,62917,2,1,800,trial.doublecue,1174,1
257,62917,2,1,400,trial.validspatial,554,1
257,62917,2,2,400,trial.validspatial,979,1
257,62917,2,1,0,trial.doublecue,738,1
257,62917,2,2,400,trial.validspatial,1201,1
257,62917,2,2,400,trial.invalid,839,1
257,62917,2,2,800,trial.doublecue,730,1
257,62917,1,2,400,trial.doublecue,684,0
257,62917,1,2,0,trial.validspatial,1094,1
257,62917,1,2,NaN,trial.nocue,1092,1
257,62917,1,1,800,trial.invalid,703,1
257,62917,2,2,800,trial.validspatial,886,1
257,62917,2,1,800,trial.validspatial,661,1
257,62917,2,1,0,trial.validspatial,733,1
257,62917,2,2,NaN,trial.nocue,1355,1
257,62917,2,2,800,trial.validspatial,956,1
257,62917,1,1,400,trial.validspatial,1185,1
257,62917,1,2,800,trial.invalid,1189,1
257,62917,2,2,0,trial.validspatial,1016,1
257,62917,2,2,800,trial.validspatial,1005,1
257,62917,1,1,800,trial.validspatial,608,1
257,62917,2,1,NaN,trial.nocue,765,1
257,62917,1,2,NaN,trial.nocue,793,1
257,62917,1,2,800,trial.validspatial,1237,1
257,62917,1,2,0,trial.validspatial,1293,1
257,62917,2,2,0,trial.invalid,1191,1
257,62917,1,1,NaN,trial.nocue,854,1
257,62917,2,2,800,trial.validspatial,689,1
257,62917,2,1,800,trial.validspatial,589,1
257,62917,2,1,0,trial.validspatial,627,1
257,62917,1,1,800,trial.doublecue,836,1
257,62917,2,2,800,trial.invalid,1140,1
257,62917,1,2,400,trial.validspatial,662,1
257,62917,2,1,800,trial.validspatial,654,1
257,62917,1,2,400,trial.invalid,1094,1
257,62917,1,1,800,trial.validspatial,867,1
257,62917,2,2,400,trial.doublecue,551,0
257,62917,1,1,0,trial.validspatial,589,1
257,62917,2,1,NaN,trial.nocue,1089,1
257,62917,2,1,400,trial.invalid,1054,1
257,62917,1,2,800,trial.invalid,1214,1
257,62917,1,2,0,trial.doublecue,1101,1
257,62917,1,1,400,trial.validspatial,783,1
257,62917,1,2,400,trial.validspatial,1127,1
257,62917,1,1,0,trial.doublecue,680,1
257,62917,1,1,0,trial.doublecue,755,1
257,62917,1,2,NaN,trial.nocue,1023,1
257,62917,2,1,400,trial.doublecue,600,1
257,62917,2,2,400,trial.validspatial,729,1
257,62917,2,2,800,trial.doublecue,1091,1
257,62917,2,2,NaN,trial.nocue,973,1
257,62917,1,2,NaN,trial.nocue,916,1
257,62917,1,2,0,trial.doublecue,1101,1
257,62917,2,1,800,trial.invalid,625,1
257,62917,1,2,0,trial.validspatial,1170,1
257,62917,1,1,0,trial.validspatial,850,1
257,62917,2,1,0,trial.validspatial,800,1
257,62917,1,1,400,trial.invalid,826,1
257,62917,1,2,800,trial.doublecue,1019,1
257,62917,2,2,0,trial.validspatial,993,1
257,62917,2,2,0,trial.invalid,934,1
257,62917,1,1,0,trial.validspatial,740,1
257,62917,1,1,400,trial.invalid,772,1
257,62917,2,1,800,trial.validspatial,714,1
257,62917,2,2,400,trial.doublecue,1012,1
257,62917,2,1,0,trial.doublecue,972,1
257,62917,2,2,400,trial.validspatial,622,1
257,62917,1,1,NaN,trial.nocue,756,1
257,62917,2,1,0,trial.invalid,844,1
257,62917,1,2,800,trial.validspatial,913,1
257,62917,1,2,800,trial.doublecue,691,1
257,62917,2,1,400,trial.validspatial,777,1
257,62917,1,1,800,trial.validspatial,636,1
257,62917,1,2,800,trial.validspatial,782,1
257,62917,1,1,0,trial.validspatial,714,1
257,62917,1,2,400,trial.validspatial,742,1
257,62917,2,1,400,trial.invalid,638,0
257,62917,2,1,0,trial.invalid,906,1
257,62917,2,2,NaN,trial.nocue,1045,1
257,62917,1,1,800,trial.validspatial,567,1
257,62917,2,2,400,trial.validspatial,1014,1
257,62917,2,1,NaN,trial.nocue,692,1
257,62917,1,1,400,trial.validspatial,521,1
257,62917,1,2,NaN,trial.nocue,824,1
257,62917,1,2,0,trial.validspatial,739,0
257,62917,1,2,800,trial.validspatial,1013,1
257,62917,1,1,0,trial.validspatial,603,1
257,62917,1,1,400,trial.validspatial,549,1
257,62917,1,1,0,trial.validspatial,624,1
257,62917,1,2,0,trial.invalid,1115,1
257,62917,1,2,800,trial.validspatial,822,1
257,62917,1,2,400,trial.validspatial,927,1
257,62917,1,2,400,trial.doublecue,1375,1
257,62917,2,2,400,trial.validspatial,857,1
257,62917,2,1,400,trial.doublecue,841,1
257,62917,2,1,0,trial.validspatial,567,1
257,62917,2,1,400,trial.validspatial,519,1
257,62917,1,2,800,trial.validspatial,731,0
257,62917,1,1,800,trial.invalid,613,1
257,62917,2,1,400,trial.validspatial,484,1
257,62917,2,1,800,trial.validspatial,865,1
257,62917,2,2,0,trial.validspatial,1225,1
257,62917,1,2,0,trial.validspatial,894,1
257,62917,1,1,400,trial.validspatial,583,1
257,62917,1,1,NaN,trial.nocue,732,1
257,62917,1,2,0,trial.validspatial,967,1
257,62917,1,1,NaN,trial.nocue,830,1
257,62917,2,2,0,trial.validspatial,1096,1
257,62917,2,1,800,trial.invalid,961,1
257,62917,2,2,NaN,trial.nocue,950,1
257,62917,1,2,400,trial.invalid,1046,1
257,62917,2,2,0,trial.doublecue,1012,1
257,62917,1,2,NaN,trial.nocue,893,1
257,62917,1,1,400,trial.validspatial,563,1
257,62917,1,1,800,trial.validspatial,566,1
257,62917,2,1,NaN,trial.nocue,630,1
257,62917,1,1,800,trial.doublecue,690,1
257,62917,2,2,0,trial.doublecue,1566,1
257,62917,1,1,0,trial.invalid,658,1
257,62917,1,1,0,trial.invalid,633,1
257,62917,2,1,0,trial.validspatial,571,1
257,62917,2,1,0,trial.validspatial,756,1
257,62917,1,1,400,trial.doublecue,591,1
257,62917,2,2,800,trial.validspatial,906,1
257,62917,2,2,800,trial.validspatial,770,1
257,62917,2,2,0,trial.validspatial,762,1
257,62917,1,2,400,trial.validspatial,1343,1
257,62917,2,2,800,trial.invalid,822,1
257,62917,1,2,0,trial.invalid,1024,1
257,62917,2,1,400,trial.validspatial,841,1
257,62917,2,1,400,trial.validspatial,734,1
257,62917,2,1,NaN,trial.nocue,727,1
257,62917,2,2,NaN,trial.nocue,1289,1
257,62917,2,1,NaN,trial.nocue,661,1
257,62917,1,1,800,trial.validspatial,891,1
257,62917,1,1,NaN,trial.nocue,574,1
257,62917,2,1,800,trial.doublecue,617,1
257,62917,2,2,NaN,trial.nocue,1102,1
257,62917,1,2,400,trial.validspatial,1076,1
257,62917,1,1,400,trial.doublecue,677,1
257,62917,2,2,400,trial.invalid,1232,0
257,62917,1,1,NaN,trial.nocue,575,1
257,62917,2,1,800,trial.validspatial,1008,1
257,62917,2,2,0,trial.validspatial,989,1
257,62917,2,1,800,trial.doublecue,725,1
257,62917,2,1,400,trial.validspatial,560,1
257,62917,2,2,400,trial.validspatial,1006,1
257,62917,2,1,0,trial.doublecue,1700,0
257,62917,2,2,400,trial.validspatial,999,1
257,62917,2,2,400,trial.invalid,1129,1
257,62917,2,2,800,trial.doublecue,807,1
257,62917,1,2,400,trial.doublecue,718,1
257,62917,1,2,0,trial.validspatial,919,1
257,62917,1,2,NaN,trial.nocue,850,1
257,62917,1,1,800,trial.invalid,763,1
257,62917,2,2,800,trial.validspatial,705,1
257,62917,2,1,800,trial.validspatial,564,1
257,62917,2,1,0,trial.validspatial,687,1
257,62917,2,2,NaN,trial.nocue,1516,1
257,62917,2,2,800,trial.validspatial,1563,1
257,62917,1,1,400,trial.validspatial,1700,0
257,62917,1,2,800,trial.invalid,732,1
257,62917,2,2,0,trial.validspatial,1129,1
257,62917,2,2,800,trial.validspatial,759,1
257,62917,1,1,800,trial.validspatial,897,1
257,62917,2,1,NaN,trial.nocue,751,1
257,62917,1,2,NaN,trial.nocue,801,1
257,62917,1,2,800,trial.validspatial,484,0
257,62917,1,2,0,trial.validspatial,639,1
257,62917,2,2,0,trial.invalid,642,1
257,62917,1,1,NaN,trial.nocue,653,1
257,62917,2,2,800,trial.validspatial,728,1
257,62917,2,1,800,trial.validspatial,824,1
257,62917,2,1,0,trial.validspatial,595,1
257,62917,1,1,800,trial.doublecue,1206,1
257,62917,2,2,800,trial.invalid,973,1
257,62917,1,2,400,trial.validspatial,561,1
257,62917,2,1,800,trial.validspatial,615,1
257,62917,1,2,400,trial.invalid,711,1
257,62917,1,1,800,trial.validspatial,761,1
257,62917,2,2,400,trial.doublecue,1222,1
257,62917,1,1,0,trial.validspatial,633,0
257,62917,2,1,NaN,trial.nocue,1700,0
257,62917,2,1,400,trial.invalid,942,1
257,62917,1,2,800,trial.invalid,998,1
257,62917,1,2,0,trial.doublecue,874,1
257,62917,1,1,400,trial.validspatial,568,1
257,62917,1,2,400,trial.validspatial,568,1
257,62917,1,1,0,trial.doublecue,652,1
257,62917,1,1,0,trial.doublecue,613,1
257,62917,1,2,NaN,trial.nocue,1044,1
257,62917,2,1,400,trial.doublecue,636,1
257,62917,2,2,400,trial.validspatial,718,1
257,62917,2,2,800,trial.doublecue,702,1
257,62917,2,2,NaN,trial.nocue,702,1
257,62917,1,2,NaN,trial.nocue,1179,1
257,62917,1,2,0,trial.doublecue,1120,1
257,62917,2,1,800,trial.invalid,761,1
257,62917,1,2,0,trial.validspatial,1378,1
257,62917,1,1,0,trial.validspatial,832,1
257,62917,2,1,0,trial.validspatial,1016,1
257,62917,1,1,400,trial.invalid,992,1
257,62917,1,2,800,trial.doublecue,584,1
257,62917,2,2,0,trial.validspatial,556,1
257,62917,2,2,0,trial.invalid,710,1
257,62917,1,1,0,trial.validspatial,1270,1
257,62917,1,1,400,trial.invalid,714,1
257,62917,2,1,800,trial.validspatial,665,1
257,62917,2,2,400,trial.doublecue,566,1
257,62917,2,1,0,trial.doublecue,603,1
257,62917,2,2,400,trial.validspatial,876,1
257,62917,1,1,NaN,trial.nocue,766,1
257,62917,2,1,0,trial.invalid,947,1
257,62917,1,2,800,trial.validspatial,983,1
257,62917,1,2,800,trial.doublecue,866,1
257,62917,2,1,400,trial.validspatial,646,1
257,62917,1,1,800,trial.validspatial,987,1
257,62917,1,2,800,trial.validspatial,701,1
257,62917,1,1,0,trial.validspatial,766,1
257,62917,1,2,400,trial.validspatial,1212,1
257,62917,2,1,400,trial.invalid,808,1
257,62917,2,1,0,trial.invalid,995,1
257,62917,2,2,NaN,trial.nocue,999,1
257,62917,1,1,800,trial.validspatial,737,1
257,62917,2,2,400,trial.validspatial,1075,1
257,62917,2,1,NaN,trial.nocue,997,1
257,62917,1,1,400,trial.validspatial,910,1
257,62917,1,2,NaN,trial.nocue,1087,1
257,62917,1,2,0,trial.validspatial,1333,1
257,62917,1,2,800,trial.validspatial,716,1
257,62917,1,1,0,trial.validspatial,810,1
257,62917,1,1,400,trial.validspatial,1403,0
