subject,date,location_congruence_val,flanker_congruence_val,cue_target_interval,cue_condition,latency,values.correct
374,80717,1,1,0,trial.validspatial,788,1
374,80717,1,2,0,trial.invalid,397,1
374,80717,1,2,800,trial.validspatial,526,0
374,80717,1,2,400,trial.validspatial,1071,0
374,80717,1,2,400,trial.doublecue,1191,1
374,80717,2,2,400,trial.validspatial,336,0
374,80717,2,1,400,trial.doublecue,474,0
374,80717,2,1,0,trial.validspatial,577,0
374,80717,2,1,400,trial.validspatial,347,0
374,80717,1,2,800,trial.validspatial,456,1
374,80717,1,1,800,trial.invalid,373,1
374,80717,2,1,400,trial.validspatial,295,0
374,80717,2,1,800,trial.validspatial,429,0
374,80717,2,2,0,trial.validspatial,656,0
374,80717,1,2,0,trial.validspatial,495,1
374,80717,1,1,400,trial.validspatial,416,1
374,80717,1,1,NaN,trial.nocue,847,0
374,80717,1,2,0,trial.validspatial,512,1
374,80717,1,1,NaN,trial.nocue,326,1
374,80717,2,2,0,trial.validspatial,525,0
374,80717,2,1,800,trial.invalid,1389,0
374,80717,2,2,NaN,trial.nocue,349,0
374,80717,1,2,400,trial.invalid,383,1
374,80717,2,2,0,trial.doublecue,1700,0
374,80717,1,2,NaN,trial.nocue,1700,0
374,80717,1,1,400,trial.validspatial,1700,0
374,80717,1,1,800,trial.validspatial,1700,0
374,80717,2,1,NaN,trial.nocue,1700,0
374,80717,1,1,800,trial.doublecue,1700,0
374,80717,2,2,0,trial.doublecue,1700,0
374,80717,1,1,0,trial.invalid,858,1
374,80717,1,1,0,trial.invalid,331,1
374,80717,2,1,0,trial.validspatial,339,0
374,80717,2,1,0,trial.validspatial,321,0
374,80717,1,1,400,trial.doublecue,371,1
374,80717,2,2,800,trial.validspatial,486,1
374,80717,2,2,800,trial.validspatial,1700,0
374,80717,2,2,0,trial.validspatial,1700,0
374,80717,1,2,400,trial.validspatial,1700,0
374,80717,2,2,800,trial.invalid,1700,0
374,80717,1,2,0,trial.invalid,1700,0
374,80717,2,1,400,trial.validspatial,1700,0
374,80717,2,1,400,trial.validspatial,1700,0
374,80717,2,1,NaN,trial.nocue,1700,0
374,80717,2,2,NaN,trial.nocue,1700,0
374,80717,2,1,NaN,trial.nocue,1700,0
374,80717,1,1,800,trial.validspatial,1700,0
374,80717,1,1,NaN,trial.nocue,1700,0
374,80717,2,1,800,trial.doublecue,1700,0
374,80717,2,2,NaN,trial.nocue,1700,0
374,80717,1,2,400,trial.validspatial,1700,0
374,80717,1,1,400,trial.doublecue,1700,0
374,80717,2,2,400,trial.invalid,1700,0
374,80717,1,1,NaN,trial.nocue,1700,0
374,80717,2,1,800,trial.validspatial,1700,0
374,80717,2,2,0,trial.validspatial,1700,0
374,80717,2,1,800,trial.doublecue,1700,0
374,80717,2,1,400,trial.validspatial,1700,0
374,80717,2,2,400,trial.validspatial,1700,0
374,80717,2,1,0,trial.doublecue,1700,0
374,80717,2,2,400,trial.validspatial,1700,0
374,80717,2,2,400,trial.invalid,1700,0
374,80717,2,2,800,trial.doublecue,1700,0
374,80717,1,2,400,trial.doublecue,1700,0
374,80717,1,2,0,trial.validspatial,1700,0
374,80717,1,2,NaN,trial.nocue,508,1
374,80717,1,1,800,trial.invalid,609,1
374,80717,2,2,800,trial.validspatial,361,0
374,80717,2,1,800,trial.validspatial,440,0
374,80717,2,1,0,trial.validspatial,324,0
374,80717,2,2,NaN,trial.nocue,1700,0
374,80717,2,2,800,trial.validspatial,1700,0
374,80717,1,1,400,trial.validspatial,566,1
374,80717,1,2,800,trial.invalid,1274,1
374,80717,2,2,0,trial.validspatial,792,0
374,80717,2,2,800,trial.validspatial,272,0
374,80717,1,1,800,trial.validspatial,1700,0
374,80717,2,1,NaN,trial.nocue,1700,0
374,80717,1,2,NaN,trial.nocue,1700,0
374,80717,1,2,800,trial.validspatial,1585,1
374,80717,1,2,0,trial.validspatial,1700,0
374,80717,2,2,0,trial.invalid,1700,0
374,80717,1,1,NaN,trial.nocue,1700,0
374,80717,2,2,800,trial.validspatial,1700,0
374,80717,2,1,800,trial.validspatial,352,0
374,80717,2,1,0,trial.validspatial,273,0
374,80717,1,1,800,trial.doublecue,350,1
374,80717,2,2,800,trial.invalid,345,0
374,80717,1,2,400,trial.validspatial,349,1
374,80717,2,1,800,trial.validspatial,339,0
374,80717,1,2,400,trial.invalid,181,0
374,80717,1,1,800,trial.validspatial,543,1
374,80717,2,2,400,trial.doublecue,1700,0
374,80717,1,1,0,trial.validspatial,1700,0
374,80717,2,1,NaN,trial.nocue,1700,0
374,80717,2,1,400,trial.invalid,1700,0
374,80717,1,2,800,trial.invalid,1700,0
374,80717,1,2,0,trial.doublecue,1700,0
374,80717,1,1,400,trial.validspatial,1700,0
374,80717,1,2,400,trial.validspatial,1700,0
374,80717,1,1,0,trial.doublecue,1700,0
374,80717,1,1,0,trial.doublecue,1700,0
374,80717,1,2,NaN,trial.nocue,1700,0
374,80717,2,1,400,trial.doublecue,1700,0
374,80717,2,2,400,trial.validspatial,1118,0
374,80717,2,2,800,trial.doublecue,1700,0
374,80717,2,2,NaN,trial.nocue,542,0
374,80717,1,2,NaN,trial.nocue,1700,0
374,80717,1,2,0,trial.doublecue,510,1
374,80717,2,1,800,trial.invalid,611,0
374,80717,1,2,0,trial.validspatial,356,1
374,80717,1,1,0,trial.validspatial,292,1
374,80717,2,1,0,trial.validspatial,1700,0
374,80717,1,1,400,trial.invalid,360,1
374,80717,1,2,800,trial.doublecue,608,1
374,80717,2,2,0,trial.validspatial,323,1
374,80717,2,2,0,trial.invalid,249,1
374,80717,1,1,0,trial.validspatial,393,1
374,80717,1,1,400,trial.invalid,351,1
374,80717,2,1,800,trial.validspatial,301,1
374,80717,2,2,400,trial.doublecue,318,0
374,80717,2,1,0,trial.doublecue,304,0
374,80717,2,2,400,trial.validspatial,322,0
374,80717,1,1,NaN,trial.nocue,517,1
374,80717,2,1,0,trial.invalid,460,0
374,80717,1,2,800,trial.validspatial,435,1
374,80717,1,2,800,trial.doublecue,335,1
374,80717,2,1,400,trial.validspatial,398,0
374,80717,1,1,800,trial.validspatial,82,1
374,80717,1,2,800,trial.validspatial,394,1
374,80717,1,1,0,trial.validspatial,469,1
374,80717,1,2,400,trial.validspatial,527,1
374,80717,2,1,400,trial.invalid,90,1
374,80717,2,1,0,trial.invalid,683,0
374,80717,2,2,NaN,trial.nocue,519,0
374,80717,1,1,800,trial.validspatial,328,1
374,80717,2,2,400,trial.validspatial,477,0
374,80717,2,1,NaN,trial.nocue,493,0
374,80717,1,1,400,trial.validspatial,622,1
374,80717,1,2,NaN,trial.nocue,1061,1
374,80717,1,2,0,trial.validspatial,1700,0
374,80717,1,2,800,trial.validspatial,1292,1
374,80717,1,1,0,trial.validspatial,1700,0
374,80717,1,1,400,trial.validspatial,1700,0
374,80717,1,1,0,trial.validspatial,1700,0
374,80717,1,2,0,trial.invalid,1700,0
374,80717,1,2,800,trial.validspatial,1700,0
374,80717,1,2,400,trial.validspatial,1700,0
374,80717,1,2,400,trial.doublecue,1700,0
374,80717,2,2,400,trial.validspatial,1700,0
374,80717,2,1,400,trial.doublecue,1700,0
374,80717,2,1,0,trial.validspatial,1700,0
374,80717,2,1,400,trial.validspatial,1700,0
374,80717,1,2,800,trial.validspatial,1700,0
374,80717,1,1,800,trial.invalid,1700,0
374,80717,2,1,400,trial.validspatial,1700,0
374,80717,2,1,800,trial.validspatial,1700,0
374,80717,2,2,0,trial.validspatial,1700,0
374,80717,1,2,0,trial.validspatial,1700,0
374,80717,1,1,400,trial.validspatial,1700,0
374,80717,1,1,NaN,trial.nocue,1700,0
374,80717,1,2,0,trial.validspatial,1700,0
374,80717,1,1,NaN,trial.nocue,1700,0
374,80717,2,2,0,trial.validspatial,1700,0
374,80717,2,1,800,trial.invalid,1700,0
374,80717,2,2,NaN,trial.nocue,1700,0
374,80717,1,2,400,trial.invalid,1700,0
374,80717,2,2,0,trial.doublecue,1700,0
374,80717,1,2,NaN,trial.nocue,1700,0
374,80717,1,1,400,trial.validspatial,1700,0
374,80717,1,1,800,trial.validspatial,1700,0
374,80717,2,1,NaN,trial.nocue,1700,0
374,80717,1,1,800,trial.doublecue,1700,0
374,80717,2,2,0,trial.doublecue,1700,0
374,80717,1,1,0,trial.invalid,1700,0
374,80717,1,1,0,trial.invalid,1700,0
374,80717,2,1,0,trial.validspatial,1700,0
374,80717,2,1,0,trial.validspatial,1411,0
374,80717,1,1,400,trial.doublecue,397,1
374,80717,2,2,800,trial.validspatial,1700,0
374,80717,2,2,800,trial.validspatial,1700,0
374,80717,2,2,0,trial.validspatial,1261,0
374,80717,1,2,400,trial.validspatial,1700,0
374,80717,2,2,800,trial.invalid,1700,0
374,80717,1,2,0,trial.invalid,1700,0
374,80717,2,1,400,trial.validspatial,1700,0
374,80717,2,1,400,trial.validspatial,1700,0
374,80717,2,1,NaN,trial.nocue,1700,0
374,80717,2,2,NaN,trial.nocue,1700,0
374,80717,2,1,NaN,trial.nocue,1700,0
374,80717,1,1,800,trial.validspatial,1700,0
374,80717,1,1,NaN,trial.nocue,1700,0
374,80717,2,1,800,trial.doublecue,1700,0
374,80717,2,2,NaN,trial.nocue,1700,0
374,80717,1,2,400,trial.validspatial,1700,0
374,80717,1,1,400,trial.doublecue,1700,0
374,80717,2,2,400,trial.invalid,1700,0
374,80717,1,1,NaN,trial.nocue,1700,0
374,80717,2,1,800,trial.validspatial,1700,0
374,80717,2,2,0,trial.validspatial,1700,0
374,80717,2,1,800,trial.doublecue,1700,0
374,80717,2,1,400,trial.validspatial,1700,0
374,80717,2,2,400,trial.validspatial,1625,0
374,80717,2,1,0,trial.doublecue,1700,0
374,80717,2,2,400,trial.validspatial,1700,0
374,80717,2,2,400,trial.invalid,1700,0
374,80717,2,2,800,trial.doublecue,335,1
374,80717,1,2,400,trial.doublecue,20,1
374,80717,1,2,0,trial.validspatial,1670,1
374,80717,1,2,NaN,trial.nocue,433,1
374,80717,1,1,800,trial.invalid,1700,0
374,80717,2,2,800,trial.validspatial,22,1
374,80717,2,1,800,trial.validspatial,483,0
374,80717,2,1,0,trial.validspatial,720,0
374,80717,2,2,NaN,trial.nocue,347,0
374,80717,2,2,800,trial.validspatial,517,0
374,80717,1,1,400,trial.validspatial,573,0
374,80717,1,2,800,trial.invalid,440,1
374,80717,2,2,0,trial.validspatial,325,1
374,80717,2,2,800,trial.validspatial,148,1
374,80717,1,1,800,trial.validspatial,409,1
374,80717,2,1,NaN,trial.nocue,1700,0
374,80717,1,2,NaN,trial.nocue,1700,0
374,80717,1,2,800,trial.validspatial,1700,0
374,80717,1,2,0,trial.validspatial,1700,0
374,80717,2,2,0,trial.invalid,1700,0
374,80717,1,1,NaN,trial.nocue,1700,0
374,80717,2,2,800,trial.validspatial,142,0
374,80717,2,1,800,trial.validspatial,141,0
374,80717,2,1,0,trial.validspatial,408,0
374,80717,1,1,800,trial.doublecue,331,0
374,80717,2,2,800,trial.invalid,1443,1
374,80717,1,2,400,trial.validspatial,1700,0
374,80717,2,1,800,trial.validspatial,1061,1
374,80717,1,2,400,trial.invalid,1700,0
374,80717,1,1,800,trial.validspatial,379,1
374,80717,2,2,400,trial.doublecue,376,0
374,80717,1,1,0,trial.validspatial,417,0
374,80717,2,1,NaN,trial.nocue,401,0
374,80717,2,1,400,trial.invalid,492,1
374,80717,1,2,800,trial.invalid,444,0
374,80717,1,2,0,trial.doublecue,443,1
374,80717,1,1,400,trial.validspatial,498,1
374,80717,1,2,400,trial.validspatial,335,1
374,80717,1,1,0,trial.doublecue,759,0
374,80717,1,1,0,trial.doublecue,497,1
374,80717,1,2,NaN,trial.nocue,665,0
374,80717,2,1,400,trial.doublecue,459,1
374,80717,2,2,400,trial.validspatial,442,1
374,80717,2,2,800,trial.doublecue,383,0
374,80717,2,2,NaN,trial.nocue,403,0
374,80717,1,2,NaN,trial.nocue,352,1
374,80717,1,2,0,trial.doublecue,341,0
374,80717,2,1,800,trial.invalid,347,0
374,80717,1,2,0,trial.validspatial,578,0
374,80717,1,1,0,trial.validspatial,350,1
374,80717,2,1,0,trial.validspatial,378,0
374,80717,1,1,400,trial.invalid,260,0
374,80717,1,2,800,trial.doublecue,528,0
374,80717,2,2,0,trial.validspatial,656,0
374,80717,2,2,0,trial.invalid,605,0
374,80717,1,1,0,trial.validspatial,446,0
374,80717,1,1,400,trial.invalid,440,1
374,80717,2,1,800,trial.validspatial,525,1
374,80717,2,2,400,trial.doublecue,297,0
374,80717,2,1,0,trial.doublecue,588,1
374,80717,2,2,400,trial.validspatial,1700,0
374,80717,1,1,NaN,trial.nocue,415,1
374,80717,2,1,0,trial.invalid,3,1
374,80717,1,2,800,trial.validspatial,387,0
374,80717,1,2,800,trial.doublecue,497,1
374,80717,2,1,400,trial.validspatial,310,0
374,80717,1,1,800,trial.validspatial,1700,0
374,80717,1,2,800,trial.validspatial,478,0
374,80717,1,1,0,trial.validspatial,488,0
374,80717,1,2,400,trial.validspatial,462,0
374,80717,2,1,400,trial.invalid,681,0
374,80717,2,1,0,trial.invalid,1647,0
374,80717,2,2,NaN,trial.nocue,50,0
374,80717,1,1,800,trial.validspatial,5,0
374,80717,2,2,400,trial.validspatial,302,1
374,80717,2,1,NaN,trial.nocue,327,1
374,80717,1,1,400,trial.validspatial,446,0
374,80717,1,2,NaN,trial.nocue,189,0
374,80717,1,2,0,trial.validspatial,408,0
374,80717,1,2,800,trial.validspatial,356,0
374,80717,1,1,0,trial.validspatial,296,0
374,80717,1,1,400,trial.validspatial,1700,0
