subject,date,location_congruence_val,flanker_congruence_val,cue_target_interval,cue_condition,latency,values.correct
333,63017,1,1,0,trial.validspatial,1338,1
333,63017,1,2,0,trial.invalid,1248,1
333,63017,1,2,800,trial.validspatial,1151,1
333,63017,1,2,400,trial.validspatial,1190,1
333,63017,1,2,400,trial.doublecue,1205,1
333,63017,2,2,400,trial.validspatial,1108,1
333,63017,2,1,400,trial.doublecue,768,1
333,63017,2,1,0,trial.validspatial,1078,1
333,63017,2,1,400,trial.validspatial,766,1
333,63017,1,2,800,trial.validspatial,1157,1
333,63017,1,1,800,trial.invalid,951,1
333,63017,2,1,400,trial.validspatial,826,1
333,63017,2,1,800,trial.validspatial,766,1
333,63017,2,2,0,trial.validspatial,739,1
333,63017,1,2,0,trial.validspatial,982,1
333,63017,1,1,400,trial.validspatial,557,1
333,63017,1,1,NaN,trial.nocue,873,1
333,63017,1,2,0,trial.validspatial,1034,1
333,63017,1,1,NaN,trial.nocue,619,1
333,63017,2,2,0,trial.validspatial,773,1
333,63017,2,1,800,trial.invalid,881,1
333,63017,2,2,NaN,trial.nocue,1075,1
333,63017,1,2,400,trial.invalid,984,1
333,63017,2,2,0,trial.doublecue,817,1
333,63017,1,2,NaN,trial.nocue,1177,1
333,63017,1,1,400,trial.validspatial,504,1
333,63017,1,1,800,trial.validspatial,150,1
333,63017,2,1,NaN,trial.nocue,819,1
333,63017,1,1,800,trial.doublecue,949,1
333,63017,2,2,0,trial.doublecue,1253,1
333,63017,1,1,0,trial.invalid,922,1
333,63017,1,1,0,trial.invalid,661,1
333,63017,2,1,0,trial.validspatial,851,1
333,63017,2,1,0,trial.validspatial,579,1
333,63017,1,1,400,trial.doublecue,499,1
333,63017,2,2,800,trial.validspatial,1047,1
333,63017,2,2,800,trial.validspatial,697,1
333,63017,2,2,0,trial.validspatial,962,1
333,63017,1,2,400,trial.validspatial,874,1
333,63017,2,2,800,trial.invalid,1084,1
333,63017,1,2,0,trial.invalid,1332,0
333,63017,2,1,400,trial.validspatial,821,1
333,63017,2,1,400,trial.validspatial,502,1
333,63017,2,1,NaN,trial.nocue,816,1
333,63017,2,2,NaN,trial.nocue,1109,1
333,63017,2,1,NaN,trial.nocue,734,1
333,63017,1,1,800,trial.validspatial,605,1
333,63017,1,1,NaN,trial.nocue,577,1
333,63017,2,1,800,trial.doublecue,809,1
333,63017,2,2,NaN,trial.nocue,846,1
333,63017,1,2,400,trial.validspatial,496,0
333,63017,1,1,400,trial.doublecue,1138,1
333,63017,2,2,400,trial.invalid,978,1
333,63017,1,1,NaN,trial.nocue,979,1
333,63017,2,1,800,trial.validspatial,1132,1
333,63017,2,2,0,trial.validspatial,1043,1
333,63017,2,1,800,trial.doublecue,962,1
333,63017,2,1,400,trial.validspatial,597,1
333,63017,2,2,400,trial.validspatial,1034,1
333,63017,2,1,0,trial.doublecue,690,1
333,63017,2,2,400,trial.validspatial,715,1
333,63017,2,2,400,trial.invalid,1700,0
333,63017,2,2,800,trial.doublecue,860,1
333,63017,1,2,400,trial.doublecue,920,1
333,63017,1,2,0,trial.validspatial,1112,1
333,63017,1,2,NaN,trial.nocue,1002,1
333,63017,1,1,800,trial.invalid,664,1
333,63017,2,2,800,trial.validspatial,764,1
333,63017,2,1,800,trial.validspatial,668,1
333,63017,2,1,0,trial.validspatial,545,1
333,63017,2,2,NaN,trial.nocue,1233,1
333,63017,2,2,800,trial.validspatial,908,1
333,63017,1,1,400,trial.validspatial,562,1
333,63017,1,2,800,trial.invalid,1140,1
333,63017,2,2,0,trial.validspatial,922,1
333,63017,2,2,800,trial.validspatial,754,1
333,63017,1,1,800,trial.validspatial,864,1
333,63017,2,1,NaN,trial.nocue,785,1
333,63017,1,2,NaN,trial.nocue,995,1
333,63017,1,2,800,trial.validspatial,735,1
333,63017,1,2,0,trial.validspatial,773,1
333,63017,2,2,0,trial.invalid,918,1
333,63017,1,1,NaN,trial.nocue,938,1
333,63017,2,2,800,trial.validspatial,921,1
333,63017,2,1,800,trial.validspatial,507,1
333,63017,2,1,0,trial.validspatial,719,1
333,63017,1,1,800,trial.doublecue,722,1
333,63017,2,2,800,trial.invalid,1048,1
333,63017,1,2,400,trial.validspatial,816,1
333,63017,2,1,800,trial.validspatial,594,1
333,63017,1,2,400,trial.invalid,1130,1
333,63017,1,1,800,trial.validspatial,798,1
333,63017,2,2,400,trial.doublecue,1019,1
333,63017,1,1,0,trial.validspatial,533,1
333,63017,2,1,NaN,trial.nocue,978,1
333,63017,2,1,400,trial.invalid,931,1
333,63017,1,2,800,trial.invalid,1135,1
333,63017,1,2,0,trial.doublecue,1111,1
333,63017,1,1,400,trial.validspatial,705,1
333,63017,1,2,400,trial.validspatial,1012,1
333,63017,1,1,0,trial.doublecue,625,1
333,63017,1,1,0,trial.doublecue,998,1
333,63017,1,2,NaN,trial.nocue,1140,1
333,63017,2,1,400,trial.doublecue,785,1
333,63017,2,2,400,trial.validspatial,799,1
333,63017,2,2,800,trial.doublecue,1074,1
333,63017,2,2,NaN,trial.nocue,795,1
333,63017,1,2,NaN,trial.nocue,977,1
333,63017,1,2,0,trial.doublecue,1197,1
333,63017,2,1,800,trial.invalid,1220,1
333,63017,1,2,0,trial.validspatial,1107,1
333,63017,1,1,0,trial.validspatial,983,1
333,63017,2,1,0,trial.validspatial,784,1
333,63017,1,1,400,trial.invalid,928,1
333,63017,1,2,800,trial.doublecue,1429,1
333,63017,2,2,0,trial.validspatial,1154,1
333,63017,2,2,0,trial.invalid,845,1
333,63017,1,1,0,trial.validspatial,599,1
333,63017,1,1,400,trial.invalid,664,1
333,63017,2,1,800,trial.validspatial,667,1
333,63017,2,2,400,trial.doublecue,1012,1
333,63017,2,1,0,trial.doublecue,823,1
333,63017,2,2,400,trial.validspatial,955,1
333,63017,1,1,NaN,trial.nocue,705,1
333,63017,2,1,0,trial.invalid,1004,1
333,63017,1,2,800,trial.validspatial,857,1
333,63017,1,2,800,trial.doublecue,819,1
333,63017,2,1,400,trial.validspatial,568,1
333,63017,1,1,800,trial.validspatial,588,1
333,63017,1,2,800,trial.validspatial,589,1
333,63017,1,1,0,trial.validspatial,566,1
333,63017,1,2,400,trial.validspatial,591,1
333,63017,2,1,400,trial.invalid,734,0
333,63017,2,1,0,trial.invalid,665,1
333,63017,2,2,NaN,trial.nocue,747,1
333,63017,1,1,800,trial.validspatial,651,1
333,63017,2,2,400,trial.validspatial,947,1
333,63017,2,1,NaN,trial.nocue,747,1
333,63017,1,1,400,trial.validspatial,996,1
333,63017,1,2,NaN,trial.nocue,759,1
333,63017,1,2,0,trial.validspatial,910,1
333,63017,1,2,800,trial.validspatial,771,1
333,63017,1,1,0,trial.validspatial,828,1
333,63017,1,1,400,trial.validspatial,544,1
333,63017,1,1,0,trial.validspatial,843,1
333,63017,1,2,0,trial.invalid,1070,1
333,63017,1,2,800,trial.validspatial,1171,1
333,63017,1,2,400,trial.validspatial,687,1
333,63017,1,2,400,trial.doublecue,886,1
333,63017,2,2,400,trial.validspatial,947,1
333,63017,2,1,400,trial.doublecue,543,1
333,63017,2,1,0,trial.validspatial,609,1
333,63017,2,1,400,trial.validspatial,557,1
333,63017,1,2,800,trial.validspatial,897,1
333,63017,1,1,800,trial.invalid,979,1
333,63017,2,1,400,trial.validspatial,584,1
333,63017,2,1,800,trial.validspatial,696,1
333,63017,2,2,0,trial.validspatial,819,1
333,63017,1,2,0,trial.validspatial,1016,1
333,63017,1,1,400,trial.validspatial,905,1
333,63017,1,1,NaN,trial.nocue,1221,1
333,63017,1,2,0,trial.validspatial,1083,1
333,63017,1,1,NaN,trial.nocue,630,1
333,63017,2,2,0,trial.validspatial,848,1
333,63017,2,1,800,trial.invalid,733,1
333,63017,2,2,NaN,trial.nocue,943,1
333,63017,1,2,400,trial.invalid,925,1
333,63017,2,2,0,trial.doublecue,948,1
333,63017,1,2,NaN,trial.nocue,883,1
333,63017,1,1,400,trial.validspatial,433,1
333,63017,1,1,800,trial.validspatial,630,1
333,63017,2,1,NaN,trial.nocue,837,1
333,63017,1,1,800,trial.doublecue,963,1
333,63017,2,2,0,trial.doublecue,873,1
333,63017,1,1,0,trial.invalid,736,1
333,63017,1,1,0,trial.invalid,662,1
333,63017,2,1,0,trial.validspatial,876,1
333,63017,2,1,0,trial.validspatial,729,1
333,63017,1,1,400,trial.doublecue,565,1
333,63017,2,2,800,trial.validspatial,1234,1
333,63017,2,2,800,trial.validspatial,919,1
333,63017,2,2,0,trial.validspatial,920,1
333,63017,1,2,400,trial.validspatial,918,1
333,63017,2,2,800,trial.invalid,1042,1
333,63017,1,2,0,trial.invalid,1033,1
333,63017,2,1,400,trial.validspatial,778,1
333,63017,2,1,400,trial.validspatial,656,1
333,63017,2,1,NaN,trial.nocue,763,1
333,63017,2,2,NaN,trial.nocue,828,1
333,63017,2,1,NaN,trial.nocue,842,1
333,63017,1,1,800,trial.validspatial,569,1
333,63017,1,1,NaN,trial.nocue,464,1
333,63017,2,1,800,trial.doublecue,722,1
333,63017,2,2,NaN,trial.nocue,983,1
333,63017,1,2,400,trial.validspatial,808,1
333,63017,1,1,400,trial.doublecue,861,1
333,63017,2,2,400,trial.invalid,953,1
333,63017,1,1,NaN,trial.nocue,826,1
333,63017,2,1,800,trial.validspatial,588,1
333,63017,2,2,0,trial.validspatial,868,1
333,63017,2,1,800,trial.doublecue,745,1
333,63017,2,1,400,trial.validspatial,561,1
333,63017,2,2,400,trial.validspatial,1156,1
333,63017,2,1,0,trial.doublecue,803,1
333,63017,2,2,400,trial.validspatial,717,1
333,63017,2,2,400,trial.invalid,891,1
333,63017,2,2,800,trial.doublecue,822,1
333,63017,1,2,400,trial.doublecue,973,1
333,63017,1,2,0,trial.validspatial,726,1
333,63017,1,2,NaN,trial.nocue,733,1
333,63017,1,1,800,trial.invalid,637,1
333,63017,2,2,800,trial.validspatial,719,1
333,63017,2,1,800,trial.validspatial,588,1
333,63017,2,1,0,trial.validspatial,796,1
333,63017,2,2,NaN,trial.nocue,1042,1
333,63017,2,2,800,trial.validspatial,886,1
333,63017,1,1,400,trial.validspatial,1700,0
333,63017,1,2,800,trial.invalid,1511,1
333,63017,2,2,0,trial.validspatial,1251,1
333,63017,2,2,800,trial.validspatial,1258,1
333,63017,1,1,800,trial.validspatial,678,1
333,63017,2,1,NaN,trial.nocue,960,1
333,63017,1,2,NaN,trial.nocue,1075,1
333,63017,1,2,800,trial.validspatial,791,1
333,63017,1,2,0,trial.validspatial,734,1
333,63017,2,2,0,trial.invalid,648,1
333,63017,1,1,NaN,trial.nocue,984,1
333,63017,2,2,800,trial.validspatial,986,1
333,63017,2,1,800,trial.validspatial,615,1
333,63017,2,1,0,trial.validspatial,1095,1
333,63017,1,1,800,trial.doublecue,945,1
333,63017,2,2,800,trial.invalid,1360,1
333,63017,1,2,400,trial.validspatial,601,1
333,63017,2,1,800,trial.validspatial,723,1
333,63017,1,2,400,trial.invalid,960,1
333,63017,1,1,800,trial.validspatial,586,1
333,63017,2,2,400,trial.doublecue,920,1
333,63017,1,1,0,trial.validspatial,820,1
333,63017,2,1,NaN,trial.nocue,800,1
333,63017,2,1,400,trial.invalid,983,1
333,63017,1,2,800,trial.invalid,782,1
333,63017,1,2,0,trial.doublecue,1015,1
333,63017,1,1,400,trial.validspatial,512,1
333,63017,1,2,400,trial.validspatial,468,1
333,63017,1,1,0,trial.doublecue,821,1
333,63017,1,1,0,trial.doublecue,599,1
333,63017,1,2,NaN,trial.nocue,952,1
333,63017,2,1,400,trial.doublecue,804,1
333,63017,2,2,400,trial.validspatial,516,1
333,63017,2,2,800,trial.doublecue,717,1
333,63017,2,2,NaN,trial.nocue,594,1
333,63017,1,2,NaN,trial.nocue,500,1
333,63017,1,2,0,trial.doublecue,1037,1
333,63017,2,1,800,trial.invalid,1069,1
333,63017,1,2,0,trial.validspatial,1231,1
333,63017,1,1,0,trial.validspatial,997,1
333,63017,2,1,0,trial.validspatial,966,1
333,63017,1,1,400,trial.invalid,1075,1
333,63017,1,2,800,trial.doublecue,534,1
333,63017,2,2,0,trial.validspatial,630,1
333,63017,2,2,0,trial.invalid,658,1
333,63017,1,1,0,trial.validspatial,885,1
333,63017,1,1,400,trial.invalid,654,1
333,63017,2,1,800,trial.validspatial,409,1
333,63017,2,2,400,trial.doublecue,512,1
333,63017,2,1,0,trial.doublecue,614,1
333,63017,2,2,400,trial.validspatial,958,1
333,63017,1,1,NaN,trial.nocue,639,1
333,63017,2,1,0,trial.invalid,814,1
333,63017,1,2,800,trial.validspatial,1144,1
333,63017,1,2,800,trial.doublecue,593,1
333,63017,2,1,400,trial.validspatial,870,1
333,63017,1,1,800,trial.validspatial,833,1
333,63017,1,2,800,trial.validspatial,689,1
333,63017,1,1,0,trial.validspatial,525,1
333,63017,1,2,400,trial.validspatial,1036,1
333,63017,2,1,400,trial.invalid,705,1
333,63017,2,1,0,trial.invalid,909,1
333,63017,2,2,NaN,trial.nocue,1169,1
333,63017,1,1,800,trial.validspatial,971,1
333,63017,2,2,400,trial.validspatial,994,1
333,63017,2,1,NaN,trial.nocue,889,1
333,63017,1,1,400,trial.validspatial,927,1
333,63017,1,2,NaN,trial.nocue,844,1
333,63017,1,2,0,trial.validspatial,927,1
333,63017,1,2,800,trial.validspatial,579,1
333,63017,1,1,0,trial.validspatial,873,1
333,63017,1,1,400,trial.validspatial,733,1
