subject,date,location_congruence_val,flanker_congruence_val,cue_target_interval,cue_condition,latency,values.correct
882,81017,1,1,0,trial.validspatial,833,1
882,81017,1,2,0,trial.invalid,25,1
882,81017,1,2,800,trial.validspatial,522,1
882,81017,1,2,400,trial.validspatial,391,1
882,81017,1,2,400,trial.doublecue,23,0
882,81017,2,2,400,trial.validspatial,335,0
882,81017,2,1,400,trial.doublecue,62,1
882,81017,2,1,0,trial.validspatial,502,0
882,81017,2,1,400,trial.validspatial,1700,0
882,81017,1,2,800,trial.validspatial,1700,0
882,81017,1,1,800,trial.invalid,1700,0
882,81017,2,1,400,trial.validspatial,1048,0
882,81017,2,1,800,trial.validspatial,1700,0
882,81017,2,2,0,trial.validspatial,338,1
882,81017,1,2,0,trial.validspatial,1640,0
882,81017,1,1,400,trial.validspatial,759,0
882,81017,1,1,NaN,trial.nocue,1700,0
882,81017,1,2,0,trial.validspatial,1677,0
882,81017,1,1,NaN,trial.nocue,1444,1
882,81017,2,2,0,trial.validspatial,1700,0
882,81017,2,1,800,trial.invalid,1700,0
882,81017,2,2,NaN,trial.nocue,1700,0
882,81017,1,2,400,trial.invalid,1700,0
882,81017,2,2,0,trial.doublecue,1700,0
882,81017,1,2,NaN,trial.nocue,1700,0
882,81017,1,1,400,trial.validspatial,1700,0
882,81017,1,1,800,trial.validspatial,1700,0
882,81017,2,1,NaN,trial.nocue,1700,0
882,81017,1,1,800,trial.doublecue,254,1
882,81017,2,2,0,trial.doublecue,712,1
882,81017,1,1,0,trial.invalid,509,1
882,81017,1,1,0,trial.invalid,386,1
882,81017,2,1,0,trial.validspatial,1700,0
882,81017,2,1,0,trial.validspatial,684,1
882,81017,1,1,400,trial.doublecue,1700,0
882,81017,2,2,800,trial.validspatial,34,0
882,81017,2,2,800,trial.validspatial,1700,0
882,81017,2,2,0,trial.validspatial,1700,0
882,81017,1,2,400,trial.validspatial,182,0
882,81017,2,2,800,trial.invalid,29,0
882,81017,1,2,0,trial.invalid,1700,0
882,81017,2,1,400,trial.validspatial,1118,1
882,81017,2,1,400,trial.validspatial,277,0
882,81017,2,1,NaN,trial.nocue,1419,1
882,81017,2,2,NaN,trial.nocue,277,1
882,81017,2,1,NaN,trial.nocue,1700,0
882,81017,1,1,800,trial.validspatial,314,1
882,81017,1,1,NaN,trial.nocue,1700,0
882,81017,2,1,800,trial.doublecue,181,1
882,81017,2,2,NaN,trial.nocue,1700,0
882,81017,1,2,400,trial.validspatial,668,1
882,81017,1,1,400,trial.doublecue,185,0
882,81017,2,2,400,trial.invalid,3,0
882,81017,1,1,NaN,trial.nocue,119,0
882,81017,2,1,800,trial.validspatial,743,1
882,81017,2,2,0,trial.validspatial,243,1
882,81017,2,1,800,trial.doublecue,735,1
882,81017,2,1,400,trial.validspatial,97,1
882,81017,2,2,400,trial.validspatial,132,0
882,81017,2,1,0,trial.doublecue,1700,0
882,81017,2,2,400,trial.validspatial,1700,0
882,81017,2,2,400,trial.invalid,1700,0
882,81017,2,2,800,trial.doublecue,1700,0
882,81017,1,2,400,trial.doublecue,1700,0
882,81017,1,2,0,trial.validspatial,1700,0
882,81017,1,2,NaN,trial.nocue,1700,0
882,81017,1,1,800,trial.invalid,1700,0
882,81017,2,2,800,trial.validspatial,1700,0
882,81017,2,1,800,trial.validspatial,1700,0
882,81017,2,1,0,trial.validspatial,1700,0
882,81017,2,2,NaN,trial.nocue,1700,0
882,81017,2,2,800,trial.validspatial,1700,0
882,81017,1,1,400,trial.validspatial,1160,1
882,81017,1,2,800,trial.invalid,101,1
882,81017,2,2,0,trial.validspatial,373,0
882,81017,2,2,800,trial.validspatial,1700,0
882,81017,1,1,800,trial.validspatial,1700,0
882,81017,2,1,NaN,trial.nocue,1700,0
882,81017,1,2,NaN,trial.nocue,1700,0
882,81017,1,2,800,trial.validspatial,1700,0
882,81017,1,2,0,trial.validspatial,1129,0
882,81017,2,2,0,trial.invalid,997,0
882,81017,1,1,NaN,trial.nocue,1700,0
882,81017,2,2,800,trial.validspatial,664,0
882,81017,2,1,800,trial.validspatial,1700,0
882,81017,2,1,0,trial.validspatial,673,0
882,81017,1,1,800,trial.doublecue,647,1
882,81017,2,2,800,trial.invalid,1092,0
882,81017,1,2,400,trial.validspatial,19,0
882,81017,2,1,800,trial.validspatial,250,1
882,81017,1,2,400,trial.invalid,130,0
882,81017,1,1,800,trial.validspatial,999,1
882,81017,2,2,400,trial.doublecue,1700,0
882,81017,1,1,0,trial.validspatial,859,1
882,81017,2,1,NaN,trial.nocue,1167,0
882,81017,2,1,400,trial.invalid,158,1
882,81017,1,2,800,trial.invalid,1700,0
882,81017,1,2,0,trial.doublecue,1700,0
882,81017,1,1,400,trial.validspatial,1700,0
882,81017,1,2,400,trial.validspatial,1700,0
882,81017,1,1,0,trial.doublecue,1700,0
882,81017,1,1,0,trial.doublecue,1700,0
882,81017,1,2,NaN,trial.nocue,1700,0
882,81017,2,1,400,trial.doublecue,1700,0
882,81017,2,2,400,trial.validspatial,1700,0
882,81017,2,2,800,trial.doublecue,1700,0
882,81017,2,2,NaN,trial.nocue,1700,0
882,81017,1,2,NaN,trial.nocue,1700,0
882,81017,1,2,0,trial.doublecue,1700,0
882,81017,2,1,800,trial.invalid,1700,0
882,81017,1,2,0,trial.validspatial,1700,0
882,81017,1,1,0,trial.validspatial,1700,0
882,81017,2,1,0,trial.validspatial,1700,0
882,81017,1,1,400,trial.invalid,1700,0
882,81017,1,2,800,trial.doublecue,1700,0
882,81017,2,2,0,trial.validspatial,1700,0
882,81017,2,2,0,trial.invalid,1700,0
882,81017,1,1,0,trial.validspatial,1700,0
882,81017,1,1,400,trial.invalid,1700,0
882,81017,2,1,800,trial.validspatial,1700,0
882,81017,2,2,400,trial.doublecue,1700,0
882,81017,2,1,0,trial.doublecue,1700,0
882,81017,2,2,400,trial.validspatial,1700,0
882,81017,1,1,NaN,trial.nocue,1700,0
882,81017,2,1,0,trial.invalid,1700,0
882,81017,1,2,800,trial.validspatial,1700,0
882,81017,1,2,800,trial.doublecue,1700,0
882,81017,2,1,400,trial.validspatial,1700,0
882,81017,1,1,800,trial.validspatial,1700,0
882,81017,1,2,800,trial.validspatial,1700,0
882,81017,1,1,0,trial.validspatial,1700,0
882,81017,1,2,400,trial.validspatial,1700,0
882,81017,2,1,400,trial.invalid,1700,0
882,81017,2,1,0,trial.invalid,1700,0
882,81017,2,2,NaN,trial.nocue,1700,0
882,81017,1,1,800,trial.validspatial,1700,0
882,81017,2,2,400,trial.validspatial,1700,0
882,81017,2,1,NaN,trial.nocue,1700,0
882,81017,1,1,400,trial.validspatial,1700,0
882,81017,1,2,NaN,trial.nocue,1700,0
882,81017,1,2,0,trial.validspatial,1700,0
882,81017,1,2,800,trial.validspatial,1462,0
882,81017,1,1,0,trial.validspatial,146,1
882,81017,1,1,400,trial.validspatial,624,1
882,81017,1,1,0,trial.validspatial,1472,0
882,81017,1,2,0,trial.invalid,363,1
882,81017,1,2,800,trial.validspatial,1700,0
882,81017,1,2,400,trial.validspatial,1700,0
882,81017,1,2,400,trial.doublecue,1700,0
882,81017,2,2,400,trial.validspatial,1700,0
882,81017,2,1,400,trial.doublecue,58,1
882,81017,2,1,0,trial.validspatial,286,1
882,81017,2,1,400,trial.validspatial,1700,0
882,81017,1,2,800,trial.validspatial,210,1
882,81017,1,1,800,trial.invalid,656,0
882,81017,2,1,400,trial.validspatial,1700,0
882,81017,2,1,800,trial.validspatial,434,0
882,81017,2,2,0,trial.validspatial,186,0
882,81017,1,2,0,trial.validspatial,406,1
882,81017,1,1,400,trial.validspatial,327,1
882,81017,1,1,NaN,trial.nocue,273,1
882,81017,1,2,0,trial.validspatial,229,1
882,81017,1,1,NaN,trial.nocue,303,1
882,81017,2,2,0,trial.validspatial,278,0
882,81017,2,1,800,trial.invalid,281,0
882,81017,2,2,NaN,trial.nocue,978,0
882,81017,1,2,400,trial.invalid,1700,0
882,81017,2,2,0,trial.doublecue,1700,0
882,81017,1,2,NaN,trial.nocue,1700,0
882,81017,1,1,400,trial.validspatial,1700,0
882,81017,1,1,800,trial.validspatial,1700,0
882,81017,2,1,NaN,trial.nocue,1700,0
882,81017,1,1,800,trial.doublecue,1700,0
882,81017,2,2,0,trial.doublecue,1144,0
882,81017,1,1,0,trial.invalid,1556,1
882,81017,1,1,0,trial.invalid,1700,0
882,81017,2,1,0,trial.validspatial,245,0
882,81017,2,1,0,trial.validspatial,208,0
882,81017,1,1,400,trial.doublecue,487,0
882,81017,2,2,800,trial.validspatial,660,0
882,81017,2,2,800,trial.validspatial,318,0
882,81017,2,2,0,trial.validspatial,170,0
882,81017,1,2,400,trial.validspatial,172,0
882,81017,2,2,800,trial.invalid,81,0
882,81017,1,2,0,trial.invalid,191,1
882,81017,2,1,400,trial.validspatial,75,0
882,81017,2,1,400,trial.validspatial,606,1
882,81017,2,1,NaN,trial.nocue,1700,0
882,81017,2,2,NaN,trial.nocue,351,1
882,81017,2,1,NaN,trial.nocue,250,0
882,81017,1,1,800,trial.validspatial,348,1
882,81017,1,1,NaN,trial.nocue,230,1
882,81017,2,1,800,trial.doublecue,297,1
882,81017,2,2,NaN,trial.nocue,421,1
882,81017,1,2,400,trial.validspatial,141,0
882,81017,1,1,400,trial.doublecue,252,0
882,81017,2,2,400,trial.invalid,62,0
882,81017,1,1,NaN,trial.nocue,34,0
882,81017,2,1,800,trial.validspatial,283,0
882,81017,2,2,0,trial.validspatial,1110,0
882,81017,2,1,800,trial.doublecue,1700,0
882,81017,2,1,400,trial.validspatial,1700,0
882,81017,2,2,400,trial.validspatial,1700,0
882,81017,2,1,0,trial.doublecue,1700,0
882,81017,2,2,400,trial.validspatial,1700,0
882,81017,2,2,400,trial.invalid,1700,0
882,81017,2,2,800,trial.doublecue,1700,0
882,81017,1,2,400,trial.doublecue,1700,0
882,81017,1,2,0,trial.validspatial,1700,0
882,81017,1,2,NaN,trial.nocue,1700,0
882,81017,1,1,800,trial.invalid,1700,0
882,81017,2,2,800,trial.validspatial,1700,0
882,81017,2,1,800,trial.validspatial,1700,0
882,81017,2,1,0,trial.validspatial,1700,0
882,81017,2,2,NaN,trial.nocue,1700,0
882,81017,2,2,800,trial.validspatial,1700,0
882,81017,1,1,400,trial.validspatial,1700,0
882,81017,1,2,800,trial.invalid,1700,0
882,81017,2,2,0,trial.validspatial,1700,0
882,81017,2,2,800,trial.validspatial,1700,0
882,81017,1,1,800,trial.validspatial,1700,0
882,81017,2,1,NaN,trial.nocue,1700,0
882,81017,1,2,NaN,trial.nocue,1700,0
882,81017,1,2,800,trial.validspatial,1700,0
882,81017,1,2,0,trial.validspatial,1700,0
882,81017,2,2,0,trial.invalid,1700,0
882,81017,1,1,NaN,trial.nocue,1700,0
882,81017,2,2,800,trial.validspatial,1700,0
882,81017,2,1,800,trial.validspatial,1700,0
882,81017,2,1,0,trial.validspatial,1700,0
882,81017,1,1,800,trial.doublecue,1700,0
882,81017,2,2,800,trial.invalid,1700,0
882,81017,1,2,400,trial.validspatial,1700,0
882,81017,2,1,800,trial.validspatial,1700,0
882,81017,1,2,400,trial.invalid,171,0
882,81017,1,1,800,trial.validspatial,1700,0
882,81017,2,2,400,trial.doublecue,1700,0
882,81017,1,1,0,trial.validspatial,1700,0
882,81017,2,1,NaN,trial.nocue,1700,0
882,81017,2,1,400,trial.invalid,1700,0
882,81017,1,2,800,trial.invalid,1700,0
882,81017,1,2,0,trial.doublecue,1700,0
882,81017,1,1,400,trial.validspatial,1700,0
882,81017,1,2,400,trial.validspatial,1700,0
882,81017,1,1,0,trial.doublecue,603,0
882,81017,1,1,0,trial.doublecue,258,0
882,81017,1,2,NaN,trial.nocue,1700,0
882,81017,2,1,400,trial.doublecue,1700,0
882,81017,2,2,400,trial.validspatial,1700,0
882,81017,2,2,800,trial.doublecue,1700,0
882,81017,2,2,NaN,trial.nocue,1700,0
882,81017,1,2,NaN,trial.nocue,1700,0
882,81017,1,2,0,trial.doublecue,1700,0
882,81017,2,1,800,trial.invalid,1700,0
882,81017,1,2,0,trial.validspatial,1700,0
882,81017,1,1,0,trial.validspatial,1700,0
882,81017,2,1,0,trial.validspatial,1700,0
882,81017,1,1,400,trial.invalid,1700,0
882,81017,1,2,800,trial.doublecue,1700,0
882,81017,2,2,0,trial.validspatial,1700,0
882,81017,2,2,0,trial.invalid,1700,0
882,81017,1,1,0,trial.validspatial,1700,0
882,81017,1,1,400,trial.invalid,1700,0
882,81017,2,1,800,trial.validspatial,1700,0
882,81017,2,2,400,trial.doublecue,1700,0
882,81017,2,1,0,trial.doublecue,1700,0
882,81017,2,2,400,trial.validspatial,1700,0
882,81017,1,1,NaN,trial.nocue,84,0
882,81017,2,1,0,trial.invalid,243,0
882,81017,1,2,800,trial.validspatial,146,0
882,81017,1,2,800,trial.doublecue,32,0
882,81017,2,1,400,trial.validspatial,1700,0
882,81017,1,1,800,trial.validspatial,688,1
882,81017,1,2,800,trial.validspatial,740,1
882,81017,1,1,0,trial.validspatial,1700,0
882,81017,1,2,400,trial.validspatial,874,0
882,81017,2,1,400,trial.invalid,508,0
882,81017,2,1,0,trial.invalid,146,1
882,81017,2,2,NaN,trial.nocue,505,0
882,81017,1,1,800,trial.validspatial,281,0
882,81017,2,2,400,trial.validspatial,368,1
882,81017,2,1,NaN,trial.nocue,194,1
882,81017,1,1,400,trial.validspatial,244,1
882,81017,1,2,NaN,trial.nocue,614,1
882,81017,1,2,0,trial.validspatial,6,1
882,81017,1,2,800,trial.validspatial,828,0
882,81017,1,1,0,trial.validspatial,355,0
882,81017,1,1,400,trial.validspatial,240,0
