subject,date,location_congruence_val,flanker_congruence_val,cue_target_interval,cue_condition,latency,values.correct
89,40117,1,1,0,trial.validspatial,413,1
89,40117,1,2,0,trial.invalid,483,1
89,40117,1,2,800,trial.validspatial,798,1
89,40117,1,2,400,trial.validspatial,615,1
89,40117,1,2,400,trial.doublecue,435,1
89,40117,2,2,400,trial.validspatial,376,0
89,40117,2,1,400,trial.doublecue,496,0
89,40117,2,1,0,trial.validspatial,720,1
89,40117,2,1,400,trial.validspatial,451,1
89,40117,1,2,800,trial.validspatial,653,0
89,40117,1,1,800,trial.invalid,793,1
89,40117,2,1,400,trial.validspatial,436,1
89,40117,2,1,800,trial.validspatial,431,1
89,40117,2,2,0,trial.validspatial,744,0
89,40117,1,2,0,trial.validspatial,654,1
89,40117,1,1,400,trial.validspatial,486,1
89,40117,1,1,NaN,trial.nocue,570,1
89,40117,1,2,0,trial.validspatial,582,1
89,40117,1,1,NaN,trial.nocue,524,1
89,40117,2,2,0,trial.validspatial,450,0
89,40117,2,1,800,trial.invalid,647,1
89,40117,2,2,NaN,trial.nocue,660,0
89,40117,1,2,400,trial.invalid,615,0
89,40117,2,2,0,trial.doublecue,487,0
89,40117,1,2,NaN,trial.nocue,479,1
89,40117,1,1,400,trial.validspatial,431,1
89,40117,1,1,800,trial.validspatial,419,1
89,40117,2,1,NaN,trial.nocue,433,0
89,40117,1,1,800,trial.doublecue,399,1
89,40117,2,2,0,trial.doublecue,455,0
89,40117,1,1,0,trial.invalid,464,1
89,40117,1,1,0,trial.invalid,492,1
89,40117,2,1,0,trial.validspatial,480,1
89,40117,2,1,0,trial.validspatial,695,1
89,40117,1,1,400,trial.doublecue,352,1
89,40117,2,2,800,trial.validspatial,476,0
89,40117,2,2,800,trial.validspatial,373,0
89,40117,2,2,0,trial.validspatial,439,0
89,40117,1,2,400,trial.validspatial,699,0
89,40117,2,2,800,trial.invalid,473,0
89,40117,1,2,0,trial.invalid,640,1
89,40117,2,1,400,trial.validspatial,469,1
89,40117,2,1,400,trial.validspatial,656,1
89,40117,2,1,NaN,trial.nocue,412,1
89,40117,2,2,NaN,trial.nocue,756,0
89,40117,2,1,NaN,trial.nocue,1700,0
89,40117,1,1,800,trial.validspatial,393,1
89,40117,1,1,NaN,trial.nocue,1019,0
89,40117,2,1,800,trial.doublecue,448,1
89,40117,2,2,NaN,trial.nocue,845,0
89,40117,1,2,400,trial.validspatial,410,0
89,40117,1,1,400,trial.doublecue,468,1
89,40117,2,2,400,trial.invalid,491,0
89,40117,1,1,NaN,trial.nocue,679,1
89,40117,2,1,800,trial.validspatial,394,0
89,40117,2,2,0,trial.validspatial,488,0
89,40117,2,1,800,trial.doublecue,491,1
89,40117,2,1,400,trial.validspatial,469,1
89,40117,2,2,400,trial.validspatial,372,0
89,40117,2,1,0,trial.doublecue,451,1
89,40117,2,2,400,trial.validspatial,400,1
89,40117,2,2,400,trial.invalid,490,0
89,40117,2,2,800,trial.doublecue,388,0
89,40117,1,2,400,trial.doublecue,425,0
89,40117,1,2,0,trial.validspatial,506,0
89,40117,1,2,NaN,trial.nocue,636,0
89,40117,1,1,800,trial.invalid,499,0
89,40117,2,2,800,trial.validspatial,399,0
89,40117,2,1,800,trial.validspatial,400,1
89,40117,2,1,0,trial.validspatial,549,1
89,40117,2,2,NaN,trial.nocue,673,0
89,40117,2,2,800,trial.validspatial,396,0
89,40117,1,1,400,trial.validspatial,391,1
89,40117,1,2,800,trial.invalid,630,0
89,40117,2,2,0,trial.validspatial,632,0
89,40117,2,2,800,trial.validspatial,451,0
89,40117,1,1,800,trial.validspatial,395,1
89,40117,2,1,NaN,trial.nocue,513,1
89,40117,1,2,NaN,trial.nocue,575,1
89,40117,1,2,800,trial.validspatial,473,0
89,40117,1,2,0,trial.validspatial,458,0
89,40117,2,2,0,trial.invalid,574,1
89,40117,1,1,NaN,trial.nocue,495,1
89,40117,2,2,800,trial.validspatial,440,0
89,40117,2,1,800,trial.validspatial,450,1
89,40117,2,1,0,trial.validspatial,704,1
89,40117,1,1,800,trial.doublecue,537,0
89,40117,2,2,800,trial.invalid,598,0
89,40117,1,2,400,trial.validspatial,457,0
89,40117,2,1,800,trial.validspatial,554,1
89,40117,1,2,400,trial.invalid,485,0
89,40117,1,1,800,trial.validspatial,407,1
89,40117,2,2,400,trial.doublecue,421,0
89,40117,1,1,0,trial.validspatial,526,1
89,40117,2,1,NaN,trial.nocue,441,1
89,40117,2,1,400,trial.invalid,607,1
89,40117,1,2,800,trial.invalid,522,0
89,40117,1,2,0,trial.doublecue,502,0
89,40117,1,1,400,trial.validspatial,401,1
89,40117,1,2,400,trial.validspatial,386,0
89,40117,1,1,0,trial.doublecue,512,1
89,40117,1,1,0,trial.doublecue,564,1
89,40117,1,2,NaN,trial.nocue,646,0
89,40117,2,1,400,trial.doublecue,425,1
89,40117,2,2,400,trial.validspatial,351,0
89,40117,2,2,800,trial.doublecue,363,0
89,40117,2,2,NaN,trial.nocue,433,0
89,40117,1,2,NaN,trial.nocue,466,1
89,40117,1,2,0,trial.doublecue,696,0
89,40117,2,1,800,trial.invalid,499,1
89,40117,1,2,0,trial.validspatial,486,1
89,40117,1,1,0,trial.validspatial,591,1
89,40117,2,1,0,trial.validspatial,674,1
89,40117,1,1,400,trial.invalid,514,1
89,40117,1,2,800,trial.doublecue,452,0
89,40117,2,2,0,trial.validspatial,560,0
89,40117,2,2,0,trial.invalid,426,0
89,40117,1,1,0,trial.validspatial,653,1
89,40117,1,1,400,trial.invalid,481,1
89,40117,2,1,800,trial.validspatial,474,1
89,40117,2,2,400,trial.doublecue,639,0
89,40117,2,1,0,trial.doublecue,764,1
89,40117,2,2,400,trial.validspatial,441,0
89,40117,1,1,NaN,trial.nocue,474,1
89,40117,2,1,0,trial.invalid,447,1
89,40117,1,2,800,trial.validspatial,614,0
89,40117,1,2,800,trial.doublecue,436,0
89,40117,2,1,400,trial.validspatial,461,1
89,40117,1,1,800,trial.validspatial,452,1
89,40117,1,2,800,trial.validspatial,448,0
89,40117,1,1,0,trial.validspatial,813,1
89,40117,1,2,400,trial.validspatial,441,0
89,40117,2,1,400,trial.invalid,545,1
89,40117,2,1,0,trial.invalid,431,1
89,40117,2,2,NaN,trial.nocue,609,1
89,40117,1,1,800,trial.validspatial,415,1
89,40117,2,2,400,trial.validspatial,348,0
89,40117,2,1,NaN,trial.nocue,424,1
89,40117,1,1,400,trial.validspatial,351,1
89,40117,1,2,NaN,trial.nocue,470,0
89,40117,1,2,0,trial.validspatial,403,0
89,40117,1,2,800,trial.validspatial,450,0
89,40117,1,1,0,trial.validspatial,831,1
89,40117,1,1,400,trial.validspatial,458,1
89,40117,1,1,0,trial.validspatial,514,1
89,40117,1,2,0,trial.invalid,588,1
89,40117,1,2,800,trial.validspatial,447,0
89,40117,1,2,400,trial.validspatial,570,0
89,40117,1,2,400,trial.doublecue,453,0
89,40117,2,2,400,trial.validspatial,570,0
89,40117,2,1,400,trial.doublecue,513,1
89,40117,2,1,0,trial.validspatial,465,1
89,40117,2,1,400,trial.validspatial,361,1
89,40117,1,2,800,trial.validspatial,387,0
89,40117,1,1,800,trial.invalid,546,1
89,40117,2,1,400,trial.validspatial,461,1
89,40117,2,1,800,trial.validspatial,407,1
89,40117,2,2,0,trial.validspatial,673,0
89,40117,1,2,0,trial.validspatial,485,1
89,40117,1,1,400,trial.validspatial,516,1
89,40117,1,1,NaN,trial.nocue,442,1
89,40117,1,2,0,trial.validspatial,504,1
89,40117,1,1,NaN,trial.nocue,1700,0
89,40117,2,2,0,trial.validspatial,544,0
89,40117,2,1,800,trial.invalid,10,1
89,40117,2,2,NaN,trial.nocue,552,0
89,40117,1,2,400,trial.invalid,579,0
89,40117,2,2,0,trial.doublecue,497,0
89,40117,1,2,NaN,trial.nocue,399,0
89,40117,1,1,400,trial.validspatial,447,1
89,40117,1,1,800,trial.validspatial,275,1
89,40117,2,1,NaN,trial.nocue,642,1
89,40117,1,1,800,trial.doublecue,428,1
89,40117,2,2,0,trial.doublecue,707,0
89,40117,1,1,0,trial.invalid,422,1
89,40117,1,1,0,trial.invalid,449,1
89,40117,2,1,0,trial.validspatial,790,1
89,40117,2,1,0,trial.validspatial,488,1
89,40117,1,1,400,trial.doublecue,103,1
89,40117,2,2,800,trial.validspatial,324,0
89,40117,2,2,800,trial.validspatial,221,0
89,40117,2,2,0,trial.validspatial,431,0
89,40117,1,2,400,trial.validspatial,51,1
89,40117,2,2,800,trial.invalid,515,0
89,40117,1,2,0,trial.invalid,1145,1
89,40117,2,1,400,trial.validspatial,451,1
89,40117,2,1,400,trial.validspatial,495,1
89,40117,2,1,NaN,trial.nocue,363,1
89,40117,2,2,NaN,trial.nocue,483,0
89,40117,2,1,NaN,trial.nocue,486,1
89,40117,1,1,800,trial.validspatial,415,1
89,40117,1,1,NaN,trial.nocue,450,1
89,40117,2,1,800,trial.doublecue,455,1
89,40117,2,2,NaN,trial.nocue,421,0
89,40117,1,2,400,trial.validspatial,1076,0
89,40117,1,1,400,trial.doublecue,492,1
89,40117,2,2,400,trial.invalid,448,0
89,40117,1,1,NaN,trial.nocue,592,1
89,40117,2,1,800,trial.validspatial,451,1
89,40117,2,2,0,trial.validspatial,543,0
89,40117,2,1,800,trial.doublecue,468,1
89,40117,2,1,400,trial.validspatial,337,1
89,40117,2,2,400,trial.validspatial,304,0
89,40117,2,1,0,trial.doublecue,367,1
89,40117,2,2,400,trial.validspatial,444,0
89,40117,2,2,400,trial.invalid,453,0
89,40117,2,2,800,trial.doublecue,417,0
89,40117,1,2,400,trial.doublecue,502,1
89,40117,1,2,0,trial.validspatial,678,0
89,40117,1,2,NaN,trial.nocue,735,1
89,40117,1,1,800,trial.invalid,473,0
89,40117,2,2,800,trial.validspatial,391,0
89,40117,2,1,800,trial.validspatial,423,1
89,40117,2,1,0,trial.validspatial,444,1
89,40117,2,2,NaN,trial.nocue,679,0
89,40117,2,2,800,trial.validspatial,449,0
89,40117,1,1,400,trial.validspatial,1700,0
89,40117,1,2,800,trial.invalid,403,1
89,40117,2,2,0,trial.validspatial,573,0
89,40117,2,2,800,trial.validspatial,383,0
89,40117,1,1,800,trial.validspatial,473,0
89,40117,2,1,NaN,trial.nocue,566,0
89,40117,1,2,NaN,trial.nocue,538,0
89,40117,1,2,800,trial.validspatial,480,1
89,40117,1,2,0,trial.validspatial,433,1
89,40117,2,2,0,trial.invalid,457,1
89,40117,1,1,NaN,trial.nocue,515,0
89,40117,2,2,800,trial.validspatial,193,1
89,40117,2,1,800,trial.validspatial,381,1
89,40117,2,1,0,trial.validspatial,343,1
89,40117,1,1,800,trial.doublecue,450,0
89,40117,2,2,800,trial.invalid,588,0
89,40117,1,2,400,trial.validspatial,448,1
89,40117,2,1,800,trial.validspatial,456,1
89,40117,1,2,400,trial.invalid,613,1
89,40117,1,1,800,trial.validspatial,428,1
89,40117,2,2,400,trial.doublecue,422,0
89,40117,1,1,0,trial.validspatial,542,1
89,40117,2,1,NaN,trial.nocue,571,0
89,40117,2,1,400,trial.invalid,535,0
89,40117,1,2,800,trial.invalid,662,0
89,40117,1,2,0,trial.doublecue,457,0
89,40117,1,1,400,trial.validspatial,394,1
89,40117,1,2,400,trial.validspatial,1700,0
89,40117,1,1,0,trial.doublecue,443,0
89,40117,1,1,0,trial.doublecue,344,1
89,40117,1,2,NaN,trial.nocue,577,1
89,40117,2,1,400,trial.doublecue,349,1
89,40117,2,2,400,trial.validspatial,455,1
89,40117,2,2,800,trial.doublecue,509,1
89,40117,2,2,NaN,trial.nocue,531,1
89,40117,1,2,NaN,trial.nocue,581,1
89,40117,1,2,0,trial.doublecue,256,0
89,40117,2,1,800,trial.invalid,298,0
89,40117,1,2,0,trial.validspatial,412,0
89,40117,1,1,0,trial.validspatial,320,0
89,40117,2,1,0,trial.validspatial,368,0
89,40117,1,1,400,trial.invalid,551,0
89,40117,1,2,800,trial.doublecue,409,1
89,40117,2,2,0,trial.validspatial,1316,0
89,40117,2,2,0,trial.invalid,753,1
89,40117,1,1,0,trial.validspatial,147,1
89,40117,1,1,400,trial.invalid,421,1
89,40117,2,1,800,trial.validspatial,432,1
89,40117,2,2,400,trial.doublecue,594,1
89,40117,2,1,0,trial.doublecue,533,1
89,40117,2,2,400,trial.validspatial,850,0
89,40117,1,1,NaN,trial.nocue,623,1
89,40117,2,1,0,trial.invalid,455,1
89,40117,1,2,800,trial.validspatial,413,0
89,40117,1,2,800,trial.doublecue,573,1
89,40117,2,1,400,trial.validspatial,431,1
89,40117,1,1,800,trial.validspatial,716,0
89,40117,1,2,800,trial.validspatial,456,1
89,40117,1,1,0,trial.validspatial,533,1
89,40117,1,2,400,trial.validspatial,387,0
89,40117,2,1,400,trial.invalid,514,1
89,40117,2,1,0,trial.invalid,367,0
89,40117,2,2,NaN,trial.nocue,217,1
89,40117,1,1,800,trial.validspatial,404,0
89,40117,2,2,400,trial.validspatial,921,0
89,40117,2,1,NaN,trial.nocue,409,1
89,40117,1,1,400,trial.validspatial,490,0
89,40117,1,2,NaN,trial.nocue,459,1
89,40117,1,2,0,trial.validspatial,168,1
89,40117,1,2,800,trial.validspatial,441,1
89,40117,1,1,0,trial.validspatial,446,1
89,40117,1,1,400,trial.validspatial,489,0
