subject,date,location_congruence_val,flanker_congruence_val,cue_target_interval,cue_condition,latency,values.correct
150,61317,1,1,0,trial.validspatial,702,1
150,61317,1,2,0,trial.invalid,1700,0
150,61317,1,2,800,trial.validspatial,800,1
150,61317,1,2,400,trial.validspatial,855,1
150,61317,1,2,400,trial.doublecue,1147,1
150,61317,2,2,400,trial.validspatial,702,1
150,61317,2,1,400,trial.doublecue,917,1
150,61317,2,1,0,trial.validspatial,869,1
150,61317,2,1,400,trial.validspatial,608,1
150,61317,1,2,800,trial.validspatial,704,0
150,61317,1,1,800,trial.invalid,972,1
150,61317,2,1,400,trial.validspatial,607,1
150,61317,2,1,800,trial.validspatial,624,1
150,61317,2,2,0,trial.validspatial,881,1
150,61317,1,2,0,trial.validspatial,846,1
150,61317,1,1,400,trial.validspatial,687,1
150,61317,1,1,NaN,trial.nocue,868,1
150,61317,1,2,0,trial.validspatial,936,1
150,61317,1,1,NaN,trial.nocue,796,1
150,61317,2,2,0,trial.validspatial,850,1
150,61317,2,1,800,trial.invalid,732,1
150,61317,2,2,NaN,trial.nocue,936,1
150,61317,1,2,400,trial.invalid,900,1
150,61317,2,2,0,trial.doublecue,1274,1
150,61317,1,2,NaN,trial.nocue,936,1
150,61317,1,1,400,trial.validspatial,711,1
150,61317,1,1,800,trial.validspatial,584,1
150,61317,2,1,NaN,trial.nocue,829,1
150,61317,1,1,800,trial.doublecue,555,1
150,61317,2,2,0,trial.doublecue,760,1
150,61317,1,1,0,trial.invalid,668,1
150,61317,1,1,0,trial.invalid,618,1
150,61317,2,1,0,trial.validspatial,666,1
150,61317,2,1,0,trial.validspatial,596,1
150,61317,1,1,400,trial.doublecue,624,1
150,61317,2,2,800,trial.validspatial,547,0
150,61317,2,2,800,trial.validspatial,732,1
150,61317,2,2,0,trial.validspatial,821,1
150,61317,1,2,400,trial.validspatial,768,1
150,61317,2,2,800,trial.invalid,718,1
150,61317,1,2,0,trial.invalid,812,1
150,61317,2,1,400,trial.validspatial,574,1
150,61317,2,1,400,trial.validspatial,663,1
150,61317,2,1,NaN,trial.nocue,745,1
150,61317,2,2,NaN,trial.nocue,969,1
150,61317,2,1,NaN,trial.nocue,737,1
150,61317,1,1,800,trial.validspatial,475,1
150,61317,1,1,NaN,trial.nocue,606,1
150,61317,2,1,800,trial.doublecue,720,1
150,61317,2,2,NaN,trial.nocue,765,1
150,61317,1,2,400,trial.validspatial,763,1
150,61317,1,1,400,trial.doublecue,708,1
150,61317,2,2,400,trial.invalid,800,1
150,61317,1,1,NaN,trial.nocue,637,1
150,61317,2,1,800,trial.validspatial,649,1
150,61317,2,2,0,trial.validspatial,862,1
150,61317,2,1,800,trial.doublecue,723,1
150,61317,2,1,400,trial.validspatial,503,1
150,61317,2,2,400,trial.validspatial,686,1
150,61317,2,1,0,trial.doublecue,779,1
150,61317,2,2,400,trial.validspatial,755,1
150,61317,2,2,400,trial.invalid,912,1
150,61317,2,2,800,trial.doublecue,794,1
150,61317,1,2,400,trial.doublecue,917,1
150,61317,1,2,0,trial.validspatial,972,1
150,61317,1,2,NaN,trial.nocue,893,1
150,61317,1,1,800,trial.invalid,760,1
150,61317,2,2,800,trial.validspatial,797,1
150,61317,2,1,800,trial.validspatial,611,1
150,61317,2,1,0,trial.validspatial,790,1
150,61317,2,2,NaN,trial.nocue,946,1
150,61317,2,2,800,trial.validspatial,674,1
150,61317,1,1,400,trial.validspatial,1700,0
150,61317,1,2,800,trial.invalid,969,1
150,61317,2,2,0,trial.validspatial,765,1
150,61317,2,2,800,trial.validspatial,610,1
150,61317,1,1,800,trial.validspatial,697,1
150,61317,2,1,NaN,trial.nocue,569,1
150,61317,1,2,NaN,trial.nocue,768,1
150,61317,1,2,800,trial.validspatial,804,1
150,61317,1,2,0,trial.validspatial,842,1
150,61317,2,2,0,trial.invalid,921,1
150,61317,1,1,NaN,trial.nocue,759,1
150,61317,2,2,800,trial.validspatial,568,1
150,61317,2,1,800,trial.validspatial,688,1
150,61317,2,1,0,trial.validspatial,644,1
150,61317,1,1,800,trial.doublecue,593,1
150,61317,2,2,800,trial.invalid,646,0
150,61317,1,2,400,trial.validspatial,745,1
150,61317,2,1,800,trial.validspatial,534,1
150,61317,1,2,400,trial.invalid,803,1
150,61317,1,1,800,trial.validspatial,693,1
150,61317,2,2,400,trial.doublecue,834,1
150,61317,1,1,0,trial.validspatial,616,1
150,61317,2,1,NaN,trial.nocue,621,1
150,61317,2,1,400,trial.invalid,736,1
150,61317,1,2,800,trial.invalid,954,1
150,61317,1,2,0,trial.doublecue,1028,1
150,61317,1,1,400,trial.validspatial,514,1
150,61317,1,2,400,trial.validspatial,721,1
150,61317,1,1,0,trial.doublecue,542,1
150,61317,1,1,0,trial.doublecue,531,1
150,61317,1,2,NaN,trial.nocue,849,1
150,61317,2,1,400,trial.doublecue,552,1
150,61317,2,2,400,trial.validspatial,611,1
150,61317,2,2,800,trial.doublecue,1011,1
150,61317,2,2,NaN,trial.nocue,759,1
150,61317,1,2,NaN,trial.nocue,912,1
150,61317,1,2,0,trial.doublecue,834,1
150,61317,2,1,800,trial.invalid,744,1
150,61317,1,2,0,trial.validspatial,804,1
150,61317,1,1,0,trial.validspatial,822,1
150,61317,2,1,0,trial.validspatial,568,1
150,61317,1,1,400,trial.invalid,682,1
150,61317,1,2,800,trial.doublecue,844,1
150,61317,2,2,0,trial.validspatial,704,1
150,61317,2,2,0,trial.invalid,1166,1
150,61317,1,1,0,trial.validspatial,545,1
150,61317,1,1,400,trial.invalid,633,1
150,61317,2,1,800,trial.validspatial,690,1
150,61317,2,2,400,trial.doublecue,909,1
150,61317,2,1,0,trial.doublecue,753,1
150,61317,2,2,400,trial.validspatial,738,1
150,61317,1,1,NaN,trial.nocue,635,1
150,61317,2,1,0,trial.invalid,638,1
150,61317,1,2,800,trial.validspatial,816,1
150,61317,1,2,800,trial.doublecue,800,1
150,61317,2,1,400,trial.validspatial,623,1
150,61317,1,1,800,trial.validspatial,581,1
150,61317,1,2,800,trial.validspatial,583,1
150,61317,1,1,0,trial.validspatial,537,1
150,61317,1,2,400,trial.validspatial,848,1
150,61317,2,1,400,trial.invalid,673,1
150,61317,2,1,0,trial.invalid,582,1
150,61317,2,2,NaN,trial.nocue,835,1
150,61317,1,1,800,trial.validspatial,503,1
150,61317,2,2,400,trial.validspatial,705,1
150,61317,2,1,NaN,trial.nocue,609,1
150,61317,1,1,400,trial.validspatial,529,0
150,61317,1,2,NaN,trial.nocue,813,1
150,61317,1,2,0,trial.validspatial,698,1
150,61317,1,2,800,trial.validspatial,1008,1
150,61317,1,1,0,trial.validspatial,685,1
150,61317,1,1,400,trial.validspatial,467,1
150,61317,1,1,0,trial.validspatial,818,1
150,61317,1,2,0,trial.invalid,1117,1
150,61317,1,2,800,trial.validspatial,852,1
150,61317,1,2,400,trial.validspatial,852,1
150,61317,1,2,400,trial.doublecue,936,1
150,61317,2,2,400,trial.validspatial,706,1
150,61317,2,1,400,trial.doublecue,681,1
150,61317,2,1,0,trial.validspatial,642,1
150,61317,2,1,400,trial.validspatial,567,1
150,61317,1,2,800,trial.validspatial,782,1
150,61317,1,1,800,trial.invalid,843,1
150,61317,2,1,400,trial.validspatial,598,1
150,61317,2,1,800,trial.validspatial,567,1
150,61317,2,2,0,trial.validspatial,856,1
150,61317,1,2,0,trial.validspatial,907,1
150,61317,1,1,400,trial.validspatial,638,1
150,61317,1,1,NaN,trial.nocue,635,1
150,61317,1,2,0,trial.validspatial,918,1
150,61317,1,1,NaN,trial.nocue,706,1
150,61317,2,2,0,trial.validspatial,821,1
150,61317,2,1,800,trial.invalid,776,1
150,61317,2,2,NaN,trial.nocue,931,1
150,61317,1,2,400,trial.invalid,967,1
150,61317,2,2,0,trial.doublecue,852,1
150,61317,1,2,NaN,trial.nocue,819,1
150,61317,1,1,400,trial.validspatial,522,1
150,61317,1,1,800,trial.validspatial,595,1
150,61317,2,1,NaN,trial.nocue,880,1
150,61317,1,1,800,trial.doublecue,686,1
150,61317,2,2,0,trial.doublecue,955,1
150,61317,1,1,0,trial.invalid,863,1
150,61317,1,1,0,trial.invalid,747,1
150,61317,2,1,0,trial.validspatial,688,1
150,61317,2,1,0,trial.validspatial,684,1
150,61317,1,1,400,trial.doublecue,825,1
150,61317,2,2,800,trial.validspatial,725,1
150,61317,2,2,800,trial.validspatial,806,1
150,61317,2,2,0,trial.validspatial,774,1
150,61317,1,2,400,trial.validspatial,729,1
150,61317,2,2,800,trial.invalid,856,1
150,61317,1,2,0,trial.invalid,830,1
150,61317,2,1,400,trial.validspatial,616,1
150,61317,2,1,400,trial.validspatial,625,1
150,61317,2,1,NaN,trial.nocue,931,1
150,61317,2,2,NaN,trial.nocue,900,1
150,61317,2,1,NaN,trial.nocue,835,1
150,61317,1,1,800,trial.validspatial,663,1
150,61317,1,1,NaN,trial.nocue,642,1
150,61317,2,1,800,trial.doublecue,692,1
150,61317,2,2,NaN,trial.nocue,897,1
150,61317,1,2,400,trial.validspatial,726,1
150,61317,1,1,400,trial.doublecue,648,1
150,61317,2,2,400,trial.invalid,916,1
150,61317,1,1,NaN,trial.nocue,881,1
150,61317,2,1,800,trial.validspatial,534,1
150,61317,2,2,0,trial.validspatial,779,1
150,61317,2,1,800,trial.doublecue,695,1
150,61317,2,1,400,trial.validspatial,531,1
150,61317,2,2,400,trial.validspatial,682,1
150,61317,2,1,0,trial.doublecue,656,1
150,61317,2,2,400,trial.validspatial,715,1
150,61317,2,2,400,trial.invalid,945,1
150,61317,2,2,800,trial.doublecue,850,1
150,61317,1,2,400,trial.doublecue,653,1
150,61317,1,2,0,trial.validspatial,836,1
150,61317,1,2,NaN,trial.nocue,860,1
150,61317,1,1,800,trial.invalid,791,1
150,61317,2,2,800,trial.validspatial,700,1
150,61317,2,1,800,trial.validspatial,515,1
150,61317,2,1,0,trial.validspatial,758,1
150,61317,2,2,NaN,trial.nocue,1040,1
150,61317,2,2,800,trial.validspatial,561,1
150,61317,1,1,400,trial.validspatial,1700,0
150,61317,1,2,800,trial.invalid,691,1
150,61317,2,2,0,trial.validspatial,1008,1
150,61317,2,2,800,trial.validspatial,707,1
150,61317,1,1,800,trial.validspatial,771,1
150,61317,2,1,NaN,trial.nocue,895,1
150,61317,1,2,NaN,trial.nocue,746,1
150,61317,1,2,800,trial.validspatial,738,1
150,61317,1,2,0,trial.validspatial,603,1
150,61317,2,2,0,trial.invalid,550,1
150,61317,1,1,NaN,trial.nocue,709,1
150,61317,2,2,800,trial.validspatial,769,1
150,61317,2,1,800,trial.validspatial,669,1
150,61317,2,1,0,trial.validspatial,533,1
150,61317,1,1,800,trial.doublecue,766,1
150,61317,2,2,800,trial.invalid,851,1
150,61317,1,2,400,trial.validspatial,628,1
150,61317,2,1,800,trial.validspatial,570,1
150,61317,1,2,400,trial.invalid,885,1
150,61317,1,1,800,trial.validspatial,633,1
150,61317,2,2,400,trial.doublecue,697,1
150,61317,1,1,0,trial.validspatial,1065,1
150,61317,2,1,NaN,trial.nocue,1700,0
150,61317,2,1,400,trial.invalid,1016,1
150,61317,1,2,800,trial.invalid,965,1
150,61317,1,2,0,trial.doublecue,821,1
150,61317,1,1,400,trial.validspatial,636,1
150,61317,1,2,400,trial.validspatial,597,1
150,61317,1,1,0,trial.doublecue,858,1
150,61317,1,1,0,trial.doublecue,776,1
150,61317,1,2,NaN,trial.nocue,957,1
150,61317,2,1,400,trial.doublecue,697,1
150,61317,2,2,400,trial.validspatial,689,1
150,61317,2,2,800,trial.doublecue,683,1
150,61317,2,2,NaN,trial.nocue,584,1
150,61317,1,2,NaN,trial.nocue,634,1
150,61317,1,2,0,trial.doublecue,813,1
150,61317,2,1,800,trial.invalid,974,1
150,61317,1,2,0,trial.validspatial,902,1
150,61317,1,1,0,trial.validspatial,778,1
150,61317,2,1,0,trial.validspatial,857,1
150,61317,1,1,400,trial.invalid,1031,1
150,61317,1,2,800,trial.doublecue,697,1
150,61317,2,2,0,trial.validspatial,585,1
150,61317,2,2,0,trial.invalid,675,1
150,61317,1,1,0,trial.validspatial,873,1
150,61317,1,1,400,trial.invalid,794,1
150,61317,2,1,800,trial.validspatial,628,1
150,61317,2,2,400,trial.doublecue,639,1
150,61317,2,1,0,trial.doublecue,617,1
150,61317,2,2,400,trial.validspatial,1150,1
150,61317,1,1,NaN,trial.nocue,843,1
150,61317,2,1,0,trial.invalid,709,1
150,61317,1,2,800,trial.validspatial,888,1
150,61317,1,2,800,trial.doublecue,854,1
150,61317,2,1,400,trial.validspatial,626,1
150,61317,1,1,800,trial.validspatial,783,1
150,61317,1,2,800,trial.validspatial,739,1
150,61317,1,1,0,trial.validspatial,632,1
150,61317,1,2,400,trial.validspatial,759,1
150,61317,2,1,400,trial.invalid,772,1
150,61317,2,1,0,trial.invalid,692,1
150,61317,2,2,NaN,trial.nocue,922,1
150,61317,1,1,800,trial.validspatial,786,1
150,61317,2,2,400,trial.validspatial,829,1
150,61317,2,1,NaN,trial.nocue,924,1
150,61317,1,1,400,trial.validspatial,749,1
150,61317,1,2,NaN,trial.nocue,774,1
150,61317,1,2,0,trial.validspatial,931,1
150,61317,1,2,800,trial.validspatial,626,1
150,61317,1,1,0,trial.validspatial,812,1
150,61317,1,1,400,trial.validspatial,1000,1
