subject,date,location_congruence_val,flanker_congruence_val,cue_target_interval,cue_condition,latency,values.correct
68,110117,1,1,0,trial.validspatial,495,1
68,110117,1,2,0,trial.invalid,461,1
68,110117,1,2,800,trial.validspatial,1219,0
68,110117,1,2,400,trial.validspatial,777,1
68,110117,1,2,400,trial.doublecue,778,1
68,110117,2,2,400,trial.validspatial,980,1
68,110117,2,1,400,trial.doublecue,1314,1
68,110117,2,1,0,trial.validspatial,569,1
68,110117,2,1,400,trial.validspatial,518,1
68,110117,1,2,800,trial.validspatial,1073,1
68,110117,1,1,800,trial.invalid,858,1
68,110117,2,1,400,trial.validspatial,465,1
68,110117,2,1,800,trial.validspatial,608,1
68,110117,2,2,0,trial.validspatial,1058,1
68,110117,1,2,0,trial.validspatial,878,1
68,110117,1,1,400,trial.validspatial,530,1
68,110117,1,1,NaN,trial.nocue,466,1
68,110117,1,2,0,trial.validspatial,1089,1
68,110117,1,1,NaN,trial.nocue,658,1
68,110117,2,2,0,trial.validspatial,948,1
68,110117,2,1,800,trial.invalid,1347,1
68,110117,2,2,NaN,trial.nocue,920,1
68,110117,1,2,400,trial.invalid,870,1
68,110117,2,2,0,trial.doublecue,767,1
68,110117,1,2,NaN,trial.nocue,1700,0
68,110117,1,1,400,trial.validspatial,621,1
68,110117,1,1,800,trial.validspatial,535,1
68,110117,2,1,NaN,trial.nocue,524,1
68,110117,1,1,800,trial.doublecue,514,1
68,110117,2,2,0,trial.doublecue,628,0
68,110117,1,1,0,trial.invalid,549,1
68,110117,1,1,0,trial.invalid,513,1
68,110117,2,1,0,trial.validspatial,513,1
68,110117,2,1,0,trial.validspatial,601,1
68,110117,1,1,400,trial.doublecue,615,1
68,110117,2,2,800,trial.validspatial,947,1
68,110117,2,2,800,trial.validspatial,689,1
68,110117,2,2,0,trial.validspatial,786,1
68,110117,1,2,400,trial.validspatial,731,1
68,110117,2,2,800,trial.invalid,1072,1
68,110117,1,2,0,trial.invalid,1030,1
68,110117,2,1,400,trial.validspatial,1294,0
68,110117,2,1,400,trial.validspatial,557,1
68,110117,2,1,NaN,trial.nocue,1294,0
68,110117,2,2,NaN,trial.nocue,700,1
68,110117,2,1,NaN,trial.nocue,553,1
68,110117,1,1,800,trial.validspatial,463,1
68,110117,1,1,NaN,trial.nocue,467,1
68,110117,2,1,800,trial.doublecue,495,1
68,110117,2,2,NaN,trial.nocue,649,1
68,110117,1,2,400,trial.validspatial,745,1
68,110117,1,1,400,trial.doublecue,554,1
68,110117,2,2,400,trial.invalid,859,1
68,110117,1,1,NaN,trial.nocue,491,1
68,110117,2,1,800,trial.validspatial,530,1
68,110117,2,2,0,trial.validspatial,386,0
68,110117,2,1,800,trial.doublecue,797,1
68,110117,2,1,400,trial.validspatial,441,1
68,110117,2,2,400,trial.validspatial,554,1
68,110117,2,1,0,trial.doublecue,1269,1
68,110117,2,2,400,trial.validspatial,820,1
68,110117,2,2,400,trial.invalid,1228,1
68,110117,2,2,800,trial.doublecue,475,1
68,110117,1,2,400,trial.doublecue,762,1
68,110117,1,2,0,trial.validspatial,873,1
68,110117,1,2,NaN,trial.nocue,611,1
68,110117,1,1,800,trial.invalid,624,1
68,110117,2,2,800,trial.validspatial,594,1
68,110117,2,1,800,trial.validspatial,587,1
68,110117,2,1,0,trial.validspatial,552,1
68,110117,2,2,NaN,trial.nocue,891,1
68,110117,2,2,800,trial.validspatial,657,1
68,110117,1,1,400,trial.validspatial,594,1
68,110117,1,2,800,trial.invalid,865,1
68,110117,2,2,0,trial.validspatial,655,1
68,110117,2,2,800,trial.validspatial,606,1
68,110117,1,1,800,trial.validspatial,572,1
68,110117,2,1,NaN,trial.nocue,516,1
68,110117,1,2,NaN,trial.nocue,638,1
68,110117,1,2,800,trial.validspatial,584,1
68,110117,1,2,0,trial.validspatial,629,0
68,110117,2,2,0,trial.invalid,874,1
68,110117,1,1,NaN,trial.nocue,627,1
68,110117,2,2,800,trial.validspatial,795,1
68,110117,2,1,800,trial.validspatial,554,1
68,110117,2,1,0,trial.validspatial,564,1
68,110117,1,1,800,trial.doublecue,732,1
68,110117,2,2,800,trial.invalid,787,1
68,110117,1,2,400,trial.validspatial,494,0
68,110117,2,1,800,trial.validspatial,605,1
68,110117,1,2,400,trial.invalid,872,1
68,110117,1,1,800,trial.validspatial,1157,1
68,110117,2,2,400,trial.doublecue,1036,1
68,110117,1,1,0,trial.validspatial,567,1
68,110117,2,1,NaN,trial.nocue,469,1
68,110117,2,1,400,trial.invalid,759,1
68,110117,1,2,800,trial.invalid,1403,1
68,110117,1,2,0,trial.doublecue,843,1
68,110117,1,1,400,trial.validspatial,524,1
68,110117,1,2,400,trial.validspatial,898,1
68,110117,1,1,0,trial.doublecue,764,1
68,110117,1,1,0,trial.doublecue,578,1
68,110117,1,2,NaN,trial.nocue,708,1
68,110117,2,1,400,trial.doublecue,497,1
68,110117,2,2,400,trial.validspatial,440,0
68,110117,2,2,800,trial.doublecue,690,1
68,110117,2,2,NaN,trial.nocue,812,1
68,110117,1,2,NaN,trial.nocue,951,1
68,110117,1,2,0,trial.doublecue,724,1
68,110117,2,1,800,trial.invalid,555,1
68,110117,1,2,0,trial.validspatial,778,1
68,110117,1,1,0,trial.validspatial,492,1
68,110117,2,1,0,trial.validspatial,583,1
68,110117,1,1,400,trial.invalid,565,1
68,110117,1,2,800,trial.doublecue,885,1
68,110117,2,2,0,trial.validspatial,922,1
68,110117,2,2,0,trial.invalid,749,1
68,110117,1,1,0,trial.validspatial,680,1
68,110117,1,1,400,trial.invalid,619,1
68,110117,2,1,800,trial.validspatial,480,1
68,110117,2,2,400,trial.doublecue,663,1
68,110117,2,1,0,trial.doublecue,721,1
68,110117,2,2,400,trial.validspatial,699,1
68,110117,1,1,NaN,trial.nocue,818,1
68,110117,2,1,0,trial.invalid,515,1
68,110117,1,2,800,trial.validspatial,818,1
68,110117,1,2,800,trial.doublecue,579,0
68,110117,2,1,400,trial.validspatial,699,1
68,110117,1,1,800,trial.validspatial,437,1
68,110117,1,2,800,trial.validspatial,813,1
68,110117,1,1,0,trial.validspatial,733,1
68,110117,1,2,400,trial.validspatial,534,1
68,110117,2,1,400,trial.invalid,749,1
68,110117,2,1,0,trial.invalid,499,1
68,110117,2,2,NaN,trial.nocue,837,1
68,110117,1,1,800,trial.validspatial,499,1
68,110117,2,2,400,trial.validspatial,582,1
68,110117,2,1,NaN,trial.nocue,503,1
68,110117,1,1,400,trial.validspatial,458,1
68,110117,1,2,NaN,trial.nocue,806,1
68,110117,1,2,0,trial.validspatial,725,1
68,110117,1,2,800,trial.validspatial,680,1
68,110117,1,1,0,trial.validspatial,596,1
68,110117,1,1,400,trial.validspatial,523,1
68,110117,1,1,0,trial.validspatial,470,1
68,110117,1,2,0,trial.invalid,978,1
68,110117,1,2,800,trial.validspatial,641,1
68,110117,1,2,400,trial.validspatial,826,1
68,110117,1,2,400,trial.doublecue,749,1
68,110117,2,2,400,trial.validspatial,587,1
68,110117,2,1,400,trial.doublecue,588,1
68,110117,2,1,0,trial.validspatial,666,1
68,110117,2,1,400,trial.validspatial,405,1
68,110117,1,2,800,trial.validspatial,482,1
68,110117,1,1,800,trial.invalid,395,1
68,110117,2,1,400,trial.validspatial,461,1
68,110117,2,1,800,trial.validspatial,521,1
68,110117,2,2,0,trial.validspatial,422,0
68,110117,1,2,0,trial.validspatial,1020,1
68,110117,1,1,400,trial.validspatial,543,1
68,110117,1,1,NaN,trial.nocue,471,1
68,110117,1,2,0,trial.validspatial,892,1
68,110117,1,1,NaN,trial.nocue,664,1
68,110117,2,2,0,trial.validspatial,710,1
68,110117,2,1,800,trial.invalid,708,1
68,110117,2,2,NaN,trial.nocue,733,1
68,110117,1,2,400,trial.invalid,813,1
68,110117,2,2,0,trial.doublecue,511,0
68,110117,1,2,NaN,trial.nocue,996,1
68,110117,1,1,400,trial.validspatial,520,1
68,110117,1,1,800,trial.validspatial,514,1
68,110117,2,1,NaN,trial.nocue,699,1
68,110117,1,1,800,trial.doublecue,525,1
68,110117,2,2,0,trial.doublecue,1010,1
68,110117,1,1,0,trial.invalid,758,1
68,110117,1,1,0,trial.invalid,594,1
68,110117,2,1,0,trial.validspatial,585,1
68,110117,2,1,0,trial.validspatial,582,1
68,110117,1,1,400,trial.doublecue,460,1
68,110117,2,2,800,trial.validspatial,689,1
68,110117,2,2,800,trial.validspatial,712,1
68,110117,2,2,0,trial.validspatial,621,1
68,110117,1,2,400,trial.validspatial,672,1
68,110117,2,2,800,trial.invalid,648,1
68,110117,1,2,0,trial.invalid,806,1
68,110117,2,1,400,trial.validspatial,727,1
68,110117,2,1,400,trial.validspatial,440,1
68,110117,2,1,NaN,trial.nocue,703,1
68,110117,2,2,NaN,trial.nocue,709,1
68,110117,2,1,NaN,trial.nocue,537,1
68,110117,1,1,800,trial.validspatial,553,1
68,110117,1,1,NaN,trial.nocue,409,1
68,110117,2,1,800,trial.doublecue,516,1
68,110117,2,2,NaN,trial.nocue,719,1
68,110117,1,2,400,trial.validspatial,623,1
68,110117,1,1,400,trial.doublecue,457,1
68,110117,2,2,400,trial.invalid,722,1
68,110117,1,1,NaN,trial.nocue,533,1
68,110117,2,1,800,trial.validspatial,470,1
68,110117,2,2,0,trial.validspatial,482,0
68,110117,2,1,800,trial.doublecue,584,1
68,110117,2,1,400,trial.validspatial,475,1
68,110117,2,2,400,trial.validspatial,665,1
68,110117,2,1,0,trial.doublecue,596,1
68,110117,2,2,400,trial.validspatial,699,1
68,110117,2,2,400,trial.invalid,887,1
68,110117,2,2,800,trial.doublecue,766,1
68,110117,1,2,400,trial.doublecue,603,1
68,110117,1,2,0,trial.validspatial,680,1
68,110117,1,2,NaN,trial.nocue,831,1
68,110117,1,1,800,trial.invalid,620,1
68,110117,2,2,800,trial.validspatial,834,1
68,110117,2,1,800,trial.validspatial,633,1
68,110117,2,1,0,trial.validspatial,756,1
68,110117,2,2,NaN,trial.nocue,815,1
68,110117,2,2,800,trial.validspatial,788,1
68,110117,1,1,400,trial.validspatial,1433,0
68,110117,1,2,800,trial.invalid,703,1
68,110117,2,2,0,trial.validspatial,932,1
68,110117,2,2,800,trial.validspatial,621,1
68,110117,1,1,800,trial.validspatial,599,1
68,110117,2,1,NaN,trial.nocue,757,1
68,110117,1,2,NaN,trial.nocue,591,1
68,110117,1,2,800,trial.validspatial,604,1
68,110117,1,2,0,trial.validspatial,588,1
68,110117,2,2,0,trial.invalid,452,1
68,110117,1,1,NaN,trial.nocue,620,1
68,110117,2,2,800,trial.validspatial,476,1
68,110117,2,1,800,trial.validspatial,449,1
68,110117,2,1,0,trial.validspatial,365,1
68,110117,1,1,800,trial.doublecue,523,0
68,110117,2,2,800,trial.invalid,784,1
68,110117,1,2,400,trial.validspatial,446,1
68,110117,2,1,800,trial.validspatial,514,1
68,110117,1,2,400,trial.invalid,688,1
68,110117,1,1,800,trial.validspatial,528,1
68,110117,2,2,400,trial.doublecue,735,1
68,110117,1,1,0,trial.validspatial,597,1
68,110117,2,1,NaN,trial.nocue,801,1
68,110117,2,1,400,trial.invalid,868,1
68,110117,1,2,800,trial.invalid,762,1
68,110117,1,2,0,trial.doublecue,660,1
68,110117,1,1,400,trial.validspatial,546,1
68,110117,1,2,400,trial.validspatial,443,1
68,110117,1,1,0,trial.doublecue,554,1
68,110117,1,1,0,trial.doublecue,464,1
68,110117,1,2,NaN,trial.nocue,727,1
68,110117,2,1,400,trial.doublecue,510,1
68,110117,2,2,400,trial.validspatial,557,1
68,110117,2,2,800,trial.doublecue,521,1
68,110117,2,2,NaN,trial.nocue,527,1
68,110117,1,2,NaN,trial.nocue,415,1
68,110117,1,2,0,trial.doublecue,719,1
68,110117,2,1,800,trial.invalid,645,1
68,110117,1,2,0,trial.validspatial,582,1
68,110117,1,1,0,trial.validspatial,528,1
68,110117,2,1,0,trial.validspatial,652,1
68,110117,1,1,400,trial.invalid,519,0
68,110117,1,2,800,trial.doublecue,493,1
68,110117,2,2,0,trial.validspatial,505,1
68,110117,2,2,0,trial.invalid,563,1
68,110117,1,1,0,trial.validspatial,459,0
68,110117,1,1,400,trial.invalid,575,1
68,110117,2,1,800,trial.validspatial,492,1
68,110117,2,2,400,trial.doublecue,472,1
68,110117,2,1,0,trial.doublecue,606,1
68,110117,2,2,400,trial.validspatial,488,0
68,110117,1,1,NaN,trial.nocue,803,1
68,110117,2,1,0,trial.invalid,498,1
68,110117,1,2,800,trial.validspatial,813,1
68,110117,1,2,800,trial.doublecue,477,1
68,110117,2,1,400,trial.validspatial,608,1
68,110117,1,1,800,trial.validspatial,724,1
68,110117,1,2,800,trial.validspatial,828,1
68,110117,1,1,0,trial.validspatial,546,1
68,110117,1,2,400,trial.validspatial,646,1
68,110117,2,1,400,trial.invalid,737,1
68,110117,2,1,0,trial.invalid,628,1
68,110117,2,2,NaN,trial.nocue,795,1
68,110117,1,1,800,trial.validspatial,693,1
68,110117,2,2,400,trial.validspatial,700,1
68,110117,2,1,NaN,trial.nocue,732,1
68,110117,1,1,400,trial.validspatial,718,1
68,110117,1,2,NaN,trial.nocue,819,1
68,110117,1,2,0,trial.validspatial,691,1
68,110117,1,2,800,trial.validspatial,518,1
68,110117,1,1,0,trial.validspatial,583,1
68,110117,1,1,400,trial.validspatial,819,1
