subject,date,location_congruence_val,flanker_congruence_val,cue_target_interval,cue_condition,latency,values.correct
759,81017,1,1,0,trial.validspatial,882,1
759,81017,1,2,0,trial.invalid,863,0
759,81017,1,2,800,trial.validspatial,817,1
759,81017,1,2,400,trial.validspatial,826,1
759,81017,1,2,400,trial.doublecue,707,1
759,81017,2,2,400,trial.validspatial,486,1
759,81017,2,1,400,trial.doublecue,700,1
759,81017,2,1,0,trial.validspatial,500,1
759,81017,2,1,400,trial.validspatial,534,0
759,81017,1,2,800,trial.validspatial,775,1
759,81017,1,1,800,trial.invalid,940,1
759,81017,2,1,400,trial.validspatial,590,1
759,81017,2,1,800,trial.validspatial,469,1
759,81017,2,2,0,trial.validspatial,774,1
759,81017,1,2,0,trial.validspatial,964,1
759,81017,1,1,400,trial.validspatial,568,1
759,81017,1,1,NaN,trial.nocue,669,1
759,81017,1,2,0,trial.validspatial,593,1
759,81017,1,1,NaN,trial.nocue,686,1
759,81017,2,2,0,trial.validspatial,532,1
759,81017,2,1,800,trial.invalid,662,1
759,81017,2,2,NaN,trial.nocue,754,1
759,81017,1,2,400,trial.invalid,982,1
759,81017,2,2,0,trial.doublecue,885,1
759,81017,1,2,NaN,trial.nocue,644,1
759,81017,1,1,400,trial.validspatial,483,1
759,81017,1,1,800,trial.validspatial,533,1
759,81017,2,1,NaN,trial.nocue,1082,1
759,81017,1,1,800,trial.doublecue,973,1
759,81017,2,2,0,trial.doublecue,738,1
759,81017,1,1,0,trial.invalid,542,1
759,81017,1,1,0,trial.invalid,626,1
759,81017,2,1,0,trial.validspatial,771,1
759,81017,2,1,0,trial.validspatial,892,1
759,81017,1,1,400,trial.doublecue,671,1
759,81017,2,2,800,trial.validspatial,609,1
759,81017,2,2,800,trial.validspatial,520,1
759,81017,2,2,0,trial.validspatial,624,1
759,81017,1,2,400,trial.validspatial,609,1
759,81017,2,2,800,trial.invalid,679,1
759,81017,1,2,0,trial.invalid,876,1
759,81017,2,1,400,trial.validspatial,598,1
759,81017,2,1,400,trial.validspatial,800,1
759,81017,2,1,NaN,trial.nocue,636,1
759,81017,2,2,NaN,trial.nocue,609,0
759,81017,2,1,NaN,trial.nocue,1064,1
759,81017,1,1,800,trial.validspatial,606,1
759,81017,1,1,NaN,trial.nocue,527,1
759,81017,2,1,800,trial.doublecue,505,0
759,81017,2,2,NaN,trial.nocue,715,1
759,81017,1,2,400,trial.validspatial,649,1
759,81017,1,1,400,trial.doublecue,657,1
759,81017,2,2,400,trial.invalid,733,1
759,81017,1,1,NaN,trial.nocue,483,1
759,81017,2,1,800,trial.validspatial,446,1
759,81017,2,2,0,trial.validspatial,842,1
759,81017,2,1,800,trial.doublecue,543,1
759,81017,2,1,400,trial.validspatial,506,1
759,81017,2,2,400,trial.validspatial,583,1
759,81017,2,1,0,trial.doublecue,716,1
759,81017,2,2,400,trial.validspatial,512,1
759,81017,2,2,400,trial.invalid,841,1
759,81017,2,2,800,trial.doublecue,721,1
759,81017,1,2,400,trial.doublecue,916,1
759,81017,1,2,0,trial.validspatial,772,1
759,81017,1,2,NaN,trial.nocue,695,1
759,81017,1,1,800,trial.invalid,752,1
759,81017,2,2,800,trial.validspatial,588,1
759,81017,2,1,800,trial.validspatial,730,1
759,81017,2,1,0,trial.validspatial,805,1
759,81017,2,2,NaN,trial.nocue,601,0
759,81017,2,2,800,trial.validspatial,740,1
759,81017,1,1,400,trial.validspatial,645,1
759,81017,1,2,800,trial.invalid,873,1
759,81017,2,2,0,trial.validspatial,858,1
759,81017,2,2,800,trial.validspatial,738,1
759,81017,1,1,800,trial.validspatial,623,1
759,81017,2,1,NaN,trial.nocue,1410,1
759,81017,1,2,NaN,trial.nocue,704,1
759,81017,1,2,800,trial.validspatial,810,1
759,81017,1,2,0,trial.validspatial,984,1
759,81017,2,2,0,trial.invalid,615,1
759,81017,1,1,NaN,trial.nocue,1700,0
759,81017,2,2,800,trial.validspatial,804,1
759,81017,2,1,800,trial.validspatial,797,1
759,81017,2,1,0,trial.validspatial,721,1
759,81017,1,1,800,trial.doublecue,554,1
759,81017,2,2,800,trial.invalid,1086,0
759,81017,1,2,400,trial.validspatial,913,1
759,81017,2,1,800,trial.validspatial,801,1
759,81017,1,2,400,trial.invalid,1068,0
759,81017,1,1,800,trial.validspatial,957,1
759,81017,2,2,400,trial.doublecue,1009,1
759,81017,1,1,0,trial.validspatial,663,1
759,81017,2,1,NaN,trial.nocue,456,1
759,81017,2,1,400,trial.invalid,1389,1
759,81017,1,2,800,trial.invalid,679,1
759,81017,1,2,0,trial.doublecue,675,1
759,81017,1,1,400,trial.validspatial,564,1
759,81017,1,2,400,trial.validspatial,796,1
759,81017,1,1,0,trial.doublecue,600,1
759,81017,1,1,0,trial.doublecue,560,1
759,81017,1,2,NaN,trial.nocue,745,1
759,81017,2,1,400,trial.doublecue,672,1
759,81017,2,2,400,trial.validspatial,771,1
759,81017,2,2,800,trial.doublecue,596,1
759,81017,2,2,NaN,trial.nocue,1247,0
759,81017,1,2,NaN,trial.nocue,1464,0
759,81017,1,2,0,trial.doublecue,1347,0
759,81017,2,1,800,trial.invalid,752,1
759,81017,1,2,0,trial.validspatial,578,1
759,81017,1,1,0,trial.validspatial,544,1
759,81017,2,1,0,trial.validspatial,720,1
759,81017,1,1,400,trial.invalid,656,1
759,81017,1,2,800,trial.doublecue,721,1
759,81017,2,2,0,trial.validspatial,539,1
759,81017,2,2,0,trial.invalid,788,1
759,81017,1,1,0,trial.validspatial,616,1
759,81017,1,1,400,trial.invalid,635,1
759,81017,2,1,800,trial.validspatial,523,1
759,81017,2,2,400,trial.doublecue,549,1
759,81017,2,1,0,trial.doublecue,891,1
759,81017,2,2,400,trial.validspatial,638,1
759,81017,1,1,NaN,trial.nocue,685,1
759,81017,2,1,0,trial.invalid,920,1
759,81017,1,2,800,trial.validspatial,681,1
759,81017,1,2,800,trial.doublecue,689,1
759,81017,2,1,400,trial.validspatial,1700,0
759,81017,1,1,800,trial.validspatial,565,1
759,81017,1,2,800,trial.validspatial,687,1
759,81017,1,1,0,trial.validspatial,562,1
759,81017,1,2,400,trial.validspatial,573,1
759,81017,2,1,400,trial.invalid,587,1
759,81017,2,1,0,trial.invalid,624,1
759,81017,2,2,NaN,trial.nocue,646,1
759,81017,1,1,800,trial.validspatial,653,1
759,81017,2,2,400,trial.validspatial,519,1
759,81017,2,1,NaN,trial.nocue,641,1
759,81017,1,1,400,trial.validspatial,574,1
759,81017,1,2,NaN,trial.nocue,594,1
759,81017,1,2,0,trial.validspatial,526,1
759,81017,1,2,800,trial.validspatial,493,1
759,81017,1,1,0,trial.validspatial,521,1
759,81017,1,1,400,trial.validspatial,433,1
759,81017,1,1,0,trial.validspatial,576,1
759,81017,1,2,0,trial.invalid,932,1
759,81017,1,2,800,trial.validspatial,709,1
759,81017,1,2,400,trial.validspatial,950,1
759,81017,1,2,400,trial.doublecue,681,1
759,81017,2,2,400,trial.validspatial,644,1
759,81017,2,1,400,trial.doublecue,1594,1
759,81017,2,1,0,trial.validspatial,722,1
759,81017,2,1,400,trial.validspatial,532,1
759,81017,1,2,800,trial.validspatial,483,1
759,81017,1,1,800,trial.invalid,569,1
759,81017,2,1,400,trial.validspatial,772,1
759,81017,2,1,800,trial.validspatial,451,1
759,81017,2,2,0,trial.validspatial,477,0
759,81017,1,2,0,trial.validspatial,655,1
759,81017,1,1,400,trial.validspatial,470,1
759,81017,1,1,NaN,trial.nocue,461,1
759,81017,1,2,0,trial.validspatial,562,1
759,81017,1,1,NaN,trial.nocue,526,1
759,81017,2,2,0,trial.validspatial,449,1
759,81017,2,1,800,trial.invalid,528,1
759,81017,2,2,NaN,trial.nocue,541,1
759,81017,1,2,400,trial.invalid,591,1
759,81017,2,2,0,trial.doublecue,685,1
759,81017,1,2,NaN,trial.nocue,522,1
759,81017,1,1,400,trial.validspatial,457,1
759,81017,1,1,800,trial.validspatial,404,1
759,81017,2,1,NaN,trial.nocue,554,1
759,81017,1,1,800,trial.doublecue,597,1
759,81017,2,2,0,trial.doublecue,602,1
759,81017,1,1,0,trial.invalid,456,1
759,81017,1,1,0,trial.invalid,546,1
759,81017,2,1,0,trial.validspatial,473,1
759,81017,2,1,0,trial.validspatial,527,1
759,81017,1,1,400,trial.doublecue,632,1
759,81017,2,2,800,trial.validspatial,634,1
759,81017,2,2,800,trial.validspatial,498,1
759,81017,2,2,0,trial.validspatial,546,1
759,81017,1,2,400,trial.validspatial,511,1
759,81017,2,2,800,trial.invalid,557,1
759,81017,1,2,0,trial.invalid,434,0
759,81017,2,1,400,trial.validspatial,513,1
759,81017,2,1,400,trial.validspatial,619,1
759,81017,2,1,NaN,trial.nocue,702,1
759,81017,2,2,NaN,trial.nocue,791,1
759,81017,2,1,NaN,trial.nocue,526,1
759,81017,1,1,800,trial.validspatial,505,1
759,81017,1,1,NaN,trial.nocue,569,1
759,81017,2,1,800,trial.doublecue,460,1
759,81017,2,2,NaN,trial.nocue,456,0
759,81017,1,2,400,trial.validspatial,640,1
759,81017,1,1,400,trial.doublecue,471,1
759,81017,2,2,400,trial.invalid,628,1
759,81017,1,1,NaN,trial.nocue,529,1
759,81017,2,1,800,trial.validspatial,444,1
759,81017,2,2,0,trial.validspatial,536,1
759,81017,2,1,800,trial.doublecue,508,1
759,81017,2,1,400,trial.validspatial,367,1
759,81017,2,2,400,trial.validspatial,446,1
759,81017,2,1,0,trial.doublecue,507,1
759,81017,2,2,400,trial.validspatial,440,1
759,81017,2,2,400,trial.invalid,577,0
759,81017,2,2,800,trial.doublecue,562,1
759,81017,1,2,400,trial.doublecue,478,1
759,81017,1,2,0,trial.validspatial,446,0
759,81017,1,2,NaN,trial.nocue,542,1
759,81017,1,1,800,trial.invalid,449,1
759,81017,2,2,800,trial.validspatial,422,1
759,81017,2,1,800,trial.validspatial,503,1
759,81017,2,1,0,trial.validspatial,482,1
759,81017,2,2,NaN,trial.nocue,571,1
759,81017,2,2,800,trial.validspatial,549,1
759,81017,1,1,400,trial.validspatial,1700,0
759,81017,1,2,800,trial.invalid,444,1
759,81017,2,2,0,trial.validspatial,509,0
759,81017,2,2,800,trial.validspatial,451,1
759,81017,1,1,800,trial.validspatial,566,1
759,81017,2,1,NaN,trial.nocue,553,1
759,81017,1,2,NaN,trial.nocue,523,1
759,81017,1,2,800,trial.validspatial,386,1
759,81017,1,2,0,trial.validspatial,507,1
759,81017,2,2,0,trial.invalid,410,1
759,81017,1,1,NaN,trial.nocue,620,1
759,81017,2,2,800,trial.validspatial,433,1
759,81017,2,1,800,trial.validspatial,413,1
759,81017,2,1,0,trial.validspatial,438,1
759,81017,1,1,800,trial.doublecue,688,1
759,81017,2,2,800,trial.invalid,563,1
759,81017,1,2,400,trial.validspatial,446,1
759,81017,2,1,800,trial.validspatial,445,1
759,81017,1,2,400,trial.invalid,538,1
759,81017,1,1,800,trial.validspatial,446,1
759,81017,2,2,400,trial.doublecue,384,0
759,81017,1,1,0,trial.validspatial,488,1
759,81017,2,1,NaN,trial.nocue,508,1
759,81017,2,1,400,trial.invalid,461,0
759,81017,1,2,800,trial.invalid,445,0
759,81017,1,2,0,trial.doublecue,914,1
759,81017,1,1,400,trial.validspatial,561,1
759,81017,1,2,400,trial.validspatial,602,1
759,81017,1,1,0,trial.doublecue,607,1
759,81017,1,1,0,trial.doublecue,682,1
759,81017,1,2,NaN,trial.nocue,640,1
759,81017,2,1,400,trial.doublecue,543,1
759,81017,2,2,400,trial.validspatial,619,1
759,81017,2,2,800,trial.doublecue,469,1
759,81017,2,2,NaN,trial.nocue,443,1
759,81017,1,2,NaN,trial.nocue,460,1
759,81017,1,2,0,trial.doublecue,520,1
759,81017,2,1,800,trial.invalid,542,1
759,81017,1,2,0,trial.validspatial,494,1
759,81017,1,1,0,trial.validspatial,618,1
759,81017,2,1,0,trial.validspatial,568,1
759,81017,1,1,400,trial.invalid,901,1
759,81017,1,2,800,trial.doublecue,495,1
759,81017,2,2,0,trial.validspatial,465,1
759,81017,2,2,0,trial.invalid,463,1
759,81017,1,1,0,trial.validspatial,462,0
759,81017,1,1,400,trial.invalid,632,1
759,81017,2,1,800,trial.validspatial,599,0
759,81017,2,2,400,trial.doublecue,616,1
759,81017,2,1,0,trial.doublecue,547,1
759,81017,2,2,400,trial.validspatial,599,0
759,81017,1,1,NaN,trial.nocue,909,1
759,81017,2,1,0,trial.invalid,620,1
759,81017,1,2,800,trial.validspatial,1008,0
759,81017,1,2,800,trial.doublecue,677,1
759,81017,2,1,400,trial.validspatial,583,1
759,81017,1,1,800,trial.validspatial,610,1
759,81017,1,2,800,trial.validspatial,625,1
759,81017,1,1,0,trial.validspatial,589,1
759,81017,1,2,400,trial.validspatial,1001,1
759,81017,2,1,400,trial.invalid,646,1
759,81017,2,1,0,trial.invalid,520,1
759,81017,2,2,NaN,trial.nocue,959,1
759,81017,1,1,800,trial.validspatial,712,1
759,81017,2,2,400,trial.validspatial,892,1
759,81017,2,1,NaN,trial.nocue,978,1
759,81017,1,1,400,trial.validspatial,710,1
759,81017,1,2,NaN,trial.nocue,608,1
759,81017,1,2,0,trial.validspatial,579,1
759,81017,1,2,800,trial.validspatial,531,1
759,81017,1,1,0,trial.validspatial,502,1
759,81017,1,1,400,trial.validspatial,743,1
