subject,date,location_congruence_val,flanker_congruence_val,cue_target_interval,cue_condition,latency,values.correct
54,40117,1,1,0,trial.validspatial,1700,0
54,40117,1,2,0,trial.invalid,1700,0
54,40117,1,2,800,trial.validspatial,805,0
54,40117,1,2,400,trial.validspatial,910,1
54,40117,1,2,400,trial.doublecue,988,1
54,40117,2,2,400,trial.validspatial,792,1
54,40117,2,1,400,trial.doublecue,769,1
54,40117,2,1,0,trial.validspatial,836,1
54,40117,2,1,400,trial.validspatial,535,1
54,40117,1,2,800,trial.validspatial,567,1
54,40117,1,1,800,trial.invalid,821,1
54,40117,2,1,400,trial.validspatial,410,1
54,40117,2,1,800,trial.validspatial,639,1
54,40117,2,2,0,trial.validspatial,689,1
54,40117,1,2,0,trial.validspatial,827,1
54,40117,1,1,400,trial.validspatial,589,1
54,40117,1,1,NaN,trial.nocue,571,1
54,40117,1,2,0,trial.validspatial,873,1
54,40117,1,1,NaN,trial.nocue,655,1
54,40117,2,2,0,trial.validspatial,1141,1
54,40117,2,1,800,trial.invalid,697,1
54,40117,2,2,NaN,trial.nocue,927,1
54,40117,1,2,400,trial.invalid,1044,1
54,40117,2,2,0,trial.doublecue,979,0
54,40117,1,2,NaN,trial.nocue,1356,0
54,40117,1,1,400,trial.validspatial,805,1
54,40117,1,1,800,trial.validspatial,751,1
54,40117,2,1,NaN,trial.nocue,981,1
54,40117,1,1,800,trial.doublecue,564,1
54,40117,2,2,0,trial.doublecue,851,1
54,40117,1,1,0,trial.invalid,809,1
54,40117,1,1,0,trial.invalid,668,1
54,40117,2,1,0,trial.validspatial,670,1
54,40117,2,1,0,trial.validspatial,723,1
54,40117,1,1,400,trial.doublecue,675,1
54,40117,2,2,800,trial.validspatial,728,1
54,40117,2,2,800,trial.validspatial,651,1
54,40117,2,2,0,trial.validspatial,692,1
54,40117,1,2,400,trial.validspatial,687,1
54,40117,2,2,800,trial.invalid,821,1
54,40117,1,2,0,trial.invalid,1110,1
54,40117,2,1,400,trial.validspatial,584,1
54,40117,2,1,400,trial.validspatial,553,1
54,40117,2,1,NaN,trial.nocue,741,1
54,40117,2,2,NaN,trial.nocue,703,1
54,40117,2,1,NaN,trial.nocue,561,1
54,40117,1,1,800,trial.validspatial,476,1
54,40117,1,1,NaN,trial.nocue,696,1
54,40117,2,1,800,trial.doublecue,677,1
54,40117,2,2,NaN,trial.nocue,660,1
54,40117,1,2,400,trial.validspatial,723,1
54,40117,1,1,400,trial.doublecue,716,1
54,40117,2,2,400,trial.invalid,794,1
54,40117,1,1,NaN,trial.nocue,737,1
54,40117,2,1,800,trial.validspatial,534,1
54,40117,2,2,0,trial.validspatial,853,1
54,40117,2,1,800,trial.doublecue,619,1
54,40117,2,1,400,trial.validspatial,521,1
54,40117,2,2,400,trial.validspatial,665,1
54,40117,2,1,0,trial.doublecue,680,1
54,40117,2,2,400,trial.validspatial,663,1
54,40117,2,2,400,trial.invalid,990,1
54,40117,2,2,800,trial.doublecue,936,1
54,40117,1,2,400,trial.doublecue,907,1
54,40117,1,2,0,trial.validspatial,933,1
54,40117,1,2,NaN,trial.nocue,862,1
54,40117,1,1,800,trial.invalid,770,1
54,40117,2,2,800,trial.validspatial,745,1
54,40117,2,1,800,trial.validspatial,720,1
54,40117,2,1,0,trial.validspatial,742,1
54,40117,2,2,NaN,trial.nocue,817,1
54,40117,2,2,800,trial.validspatial,683,1
54,40117,1,1,400,trial.validspatial,1700,0
54,40117,1,2,800,trial.invalid,997,1
54,40117,2,2,0,trial.validspatial,916,1
54,40117,2,2,800,trial.validspatial,642,1
54,40117,1,1,800,trial.validspatial,601,1
54,40117,2,1,NaN,trial.nocue,598,1
54,40117,1,2,NaN,trial.nocue,781,1
54,40117,1,2,800,trial.validspatial,651,1
54,40117,1,2,0,trial.validspatial,779,1
54,40117,2,2,0,trial.invalid,755,1
54,40117,1,1,NaN,trial.nocue,897,1
54,40117,2,2,800,trial.validspatial,741,1
54,40117,2,1,800,trial.validspatial,623,1
54,40117,2,1,0,trial.validspatial,869,1
54,40117,1,1,800,trial.doublecue,655,1
54,40117,2,2,800,trial.invalid,1182,1
54,40117,1,2,400,trial.validspatial,793,1
54,40117,2,1,800,trial.validspatial,536,1
54,40117,1,2,400,trial.invalid,951,1
54,40117,1,1,800,trial.validspatial,586,1
54,40117,2,2,400,trial.doublecue,809,1
54,40117,1,1,0,trial.validspatial,777,1
54,40117,2,1,NaN,trial.nocue,956,1
54,40117,2,1,400,trial.invalid,723,1
54,40117,1,2,800,trial.invalid,1061,1
54,40117,1,2,0,trial.doublecue,953,0
54,40117,1,1,400,trial.validspatial,535,1
54,40117,1,2,400,trial.validspatial,561,1
54,40117,1,1,0,trial.doublecue,710,1
54,40117,1,1,0,trial.doublecue,555,1
54,40117,1,2,NaN,trial.nocue,539,1
54,40117,2,1,400,trial.doublecue,610,1
54,40117,2,2,400,trial.validspatial,598,1
54,40117,2,2,800,trial.doublecue,856,1
54,40117,2,2,NaN,trial.nocue,1004,1
54,40117,1,2,NaN,trial.nocue,743,1
54,40117,1,2,0,trial.doublecue,803,1
54,40117,2,1,800,trial.invalid,730,1
54,40117,1,2,0,trial.validspatial,944,1
54,40117,1,1,0,trial.validspatial,579,1
54,40117,2,1,0,trial.validspatial,638,1
54,40117,1,1,400,trial.invalid,797,1
54,40117,1,2,800,trial.doublecue,607,1
54,40117,2,2,0,trial.validspatial,917,1
54,40117,2,2,0,trial.invalid,958,1
54,40117,1,1,0,trial.validspatial,740,1
54,40117,1,1,400,trial.invalid,716,1
54,40117,2,1,800,trial.validspatial,510,1
54,40117,2,2,400,trial.doublecue,892,1
54,40117,2,1,0,trial.doublecue,591,1
54,40117,2,2,400,trial.validspatial,610,1
54,40117,1,1,NaN,trial.nocue,805,1
54,40117,2,1,0,trial.invalid,571,1
54,40117,1,2,800,trial.validspatial,643,1
54,40117,1,2,800,trial.doublecue,980,1
54,40117,2,1,400,trial.validspatial,510,1
54,40117,1,1,800,trial.validspatial,485,1
54,40117,1,2,800,trial.validspatial,593,1
54,40117,1,1,0,trial.validspatial,621,1
54,40117,1,2,400,trial.validspatial,984,1
54,40117,2,1,400,trial.invalid,857,1
54,40117,2,1,0,trial.invalid,712,1
54,40117,2,2,NaN,trial.nocue,820,1
54,40117,1,1,800,trial.validspatial,607,1
54,40117,2,2,400,trial.validspatial,820,1
54,40117,2,1,NaN,trial.nocue,870,1
54,40117,1,1,400,trial.validspatial,559,1
54,40117,1,2,NaN,trial.nocue,989,1
54,40117,1,2,0,trial.validspatial,908,1
54,40117,1,2,800,trial.validspatial,622,1
54,40117,1,1,0,trial.validspatial,708,1
54,40117,1,1,400,trial.validspatial,484,1
54,40117,1,1,0,trial.validspatial,565,1
54,40117,1,2,0,trial.invalid,833,1
54,40117,1,2,800,trial.validspatial,705,1
54,40117,1,2,400,trial.validspatial,603,1
54,40117,1,2,400,trial.doublecue,744,1
54,40117,2,2,400,trial.validspatial,692,1
54,40117,2,1,400,trial.doublecue,765,1
54,40117,2,1,0,trial.validspatial,448,1
54,40117,2,1,400,trial.validspatial,471,1
54,40117,1,2,800,trial.validspatial,746,1
54,40117,1,1,800,trial.invalid,687,1
54,40117,2,1,400,trial.validspatial,452,1
54,40117,2,1,800,trial.validspatial,384,1
54,40117,2,2,0,trial.validspatial,915,1
54,40117,1,2,0,trial.validspatial,825,1
54,40117,1,1,400,trial.validspatial,516,1
54,40117,1,1,NaN,trial.nocue,1700,0
54,40117,1,2,0,trial.validspatial,847,1
54,40117,1,1,NaN,trial.nocue,742,1
54,40117,2,2,0,trial.validspatial,802,1
54,40117,2,1,800,trial.invalid,743,1
54,40117,2,2,NaN,trial.nocue,1123,0
54,40117,1,2,400,trial.invalid,969,1
54,40117,2,2,0,trial.doublecue,943,1
54,40117,1,2,NaN,trial.nocue,1344,1
54,40117,1,1,400,trial.validspatial,593,1
54,40117,1,1,800,trial.validspatial,707,1
54,40117,2,1,NaN,trial.nocue,578,1
54,40117,1,1,800,trial.doublecue,641,1
54,40117,2,2,0,trial.doublecue,1089,0
54,40117,1,1,0,trial.invalid,870,1
54,40117,1,1,0,trial.invalid,985,1
54,40117,2,1,0,trial.validspatial,560,1
54,40117,2,1,0,trial.validspatial,633,1
54,40117,1,1,400,trial.doublecue,710,1
54,40117,2,2,800,trial.validspatial,699,1
54,40117,2,2,800,trial.validspatial,774,1
54,40117,2,2,0,trial.validspatial,791,1
54,40117,1,2,400,trial.validspatial,803,1
54,40117,2,2,800,trial.invalid,795,1
54,40117,1,2,0,trial.invalid,995,1
54,40117,2,1,400,trial.validspatial,894,1
54,40117,2,1,400,trial.validspatial,471,1
54,40117,2,1,NaN,trial.nocue,683,1
54,40117,2,2,NaN,trial.nocue,900,1
54,40117,2,1,NaN,trial.nocue,660,1
54,40117,1,1,800,trial.validspatial,572,1
54,40117,1,1,NaN,trial.nocue,552,1
54,40117,2,1,800,trial.doublecue,611,1
54,40117,2,2,NaN,trial.nocue,698,1
54,40117,1,2,400,trial.validspatial,985,1
54,40117,1,1,400,trial.doublecue,660,1
54,40117,2,2,400,trial.invalid,770,1
54,40117,1,1,NaN,trial.nocue,648,1
54,40117,2,1,800,trial.validspatial,502,1
54,40117,2,2,0,trial.validspatial,580,0
54,40117,2,1,800,trial.doublecue,698,1
54,40117,2,1,400,trial.validspatial,560,1
54,40117,2,2,400,trial.validspatial,648,1
54,40117,2,1,0,trial.doublecue,680,1
54,40117,2,2,400,trial.validspatial,557,1
54,40117,2,2,400,trial.invalid,964,1
54,40117,2,2,800,trial.doublecue,976,1
54,40117,1,2,400,trial.doublecue,915,1
54,40117,1,2,0,trial.validspatial,827,1
54,40117,1,2,NaN,trial.nocue,910,1
54,40117,1,1,800,trial.invalid,786,1
54,40117,2,2,800,trial.validspatial,591,1
54,40117,2,1,800,trial.validspatial,511,1
54,40117,2,1,0,trial.validspatial,900,1
54,40117,2,2,NaN,trial.nocue,1040,1
54,40117,2,2,800,trial.validspatial,1178,1
54,40117,1,1,400,trial.validspatial,1700,0
54,40117,1,2,800,trial.invalid,545,1
54,40117,2,2,0,trial.validspatial,836,1
54,40117,2,2,800,trial.validspatial,557,1
54,40117,1,1,800,trial.validspatial,590,1
54,40117,2,1,NaN,trial.nocue,997,1
54,40117,1,2,NaN,trial.nocue,568,1
54,40117,1,2,800,trial.validspatial,570,1
54,40117,1,2,0,trial.validspatial,524,1
54,40117,2,2,0,trial.invalid,758,1
54,40117,1,1,NaN,trial.nocue,654,1
54,40117,2,2,800,trial.validspatial,668,1
54,40117,2,1,800,trial.validspatial,448,1
54,40117,2,1,0,trial.validspatial,444,1
54,40117,1,1,800,trial.doublecue,928,1
54,40117,2,2,800,trial.invalid,782,1
54,40117,1,2,400,trial.validspatial,543,1
54,40117,2,1,800,trial.validspatial,678,1
54,40117,1,2,400,trial.invalid,771,1
54,40117,1,1,800,trial.validspatial,1033,0
54,40117,2,2,400,trial.doublecue,1103,1
54,40117,1,1,0,trial.validspatial,763,1
54,40117,2,1,NaN,trial.nocue,744,1
54,40117,2,1,400,trial.invalid,884,1
54,40117,1,2,800,trial.invalid,915,1
54,40117,1,2,0,trial.doublecue,780,1
54,40117,1,1,400,trial.validspatial,580,1
54,40117,1,2,400,trial.validspatial,615,1
54,40117,1,1,0,trial.doublecue,621,1
54,40117,1,1,0,trial.doublecue,515,1
54,40117,1,2,NaN,trial.nocue,866,1
54,40117,2,1,400,trial.doublecue,599,1
54,40117,2,2,400,trial.validspatial,1028,1
54,40117,2,2,800,trial.doublecue,531,1
54,40117,2,2,NaN,trial.nocue,611,1
54,40117,1,2,NaN,trial.nocue,606,1
54,40117,1,2,0,trial.doublecue,804,1
54,40117,2,1,800,trial.invalid,695,1
54,40117,1,2,0,trial.validspatial,1080,1
54,40117,1,1,0,trial.validspatial,708,1
54,40117,2,1,0,trial.validspatial,844,1
54,40117,1,1,400,trial.invalid,883,1
54,40117,1,2,800,trial.doublecue,591,1
54,40117,2,2,0,trial.validspatial,543,1
54,40117,2,2,0,trial.invalid,755,1
54,40117,1,1,0,trial.validspatial,1254,1
54,40117,1,1,400,trial.invalid,959,1
54,40117,2,1,800,trial.validspatial,658,1
54,40117,2,2,400,trial.doublecue,486,1
54,40117,2,1,0,trial.doublecue,683,1
54,40117,2,2,400,trial.validspatial,744,1
54,40117,1,1,NaN,trial.nocue,607,1
54,40117,2,1,0,trial.invalid,625,1
54,40117,1,2,800,trial.validspatial,846,1
54,40117,1,2,800,trial.doublecue,533,1
54,40117,2,1,400,trial.validspatial,437,1
54,40117,1,1,800,trial.validspatial,482,0
54,40117,1,2,800,trial.validspatial,638,1
54,40117,1,1,0,trial.validspatial,452,1
54,40117,1,2,400,trial.validspatial,708,1
54,40117,2,1,400,trial.invalid,763,1
54,40117,2,1,0,trial.invalid,700,1
54,40117,2,2,NaN,trial.nocue,859,1
54,40117,1,1,800,trial.validspatial,798,1
54,40117,2,2,400,trial.validspatial,873,1
54,40117,2,1,NaN,trial.nocue,723,1
54,40117,1,1,400,trial.validspatial,802,1
54,40117,1,2,NaN,trial.nocue,718,1
54,40117,1,2,0,trial.validspatial,621,1
54,40117,1,2,800,trial.validspatial,532,1
54,40117,1,1,0,trial.validspatial,728,1
54,40117,1,1,400,trial.validspatial,811,1
