subject,date,location_congruence_val,flanker_congruence_val,cue_target_interval,cue_condition,latency,values.correct
260,62917,1,1,0,trial.validspatial,638,1
260,62917,1,2,0,trial.invalid,466,1
260,62917,1,2,800,trial.validspatial,884,1
260,62917,1,2,400,trial.validspatial,557,1
260,62917,1,2,400,trial.doublecue,827,1
260,62917,2,2,400,trial.validspatial,710,1
260,62917,2,1,400,trial.doublecue,712,1
260,62917,2,1,0,trial.validspatial,690,1
260,62917,2,1,400,trial.validspatial,518,1
260,62917,1,2,800,trial.validspatial,623,0
260,62917,1,1,800,trial.invalid,965,1
260,62917,2,1,400,trial.validspatial,769,1
260,62917,2,1,800,trial.validspatial,620,1
260,62917,2,2,0,trial.validspatial,614,1
260,62917,1,2,0,trial.validspatial,759,1
260,62917,1,1,400,trial.validspatial,616,1
260,62917,1,1,NaN,trial.nocue,687,1
260,62917,1,2,0,trial.validspatial,691,1
260,62917,1,1,NaN,trial.nocue,623,1
260,62917,2,2,0,trial.validspatial,597,1
260,62917,2,1,800,trial.invalid,586,1
260,62917,2,2,NaN,trial.nocue,654,0
260,62917,1,2,400,trial.invalid,987,1
260,62917,2,2,0,trial.doublecue,739,1
260,62917,1,2,NaN,trial.nocue,732,1
260,62917,1,1,400,trial.validspatial,509,1
260,62917,1,1,800,trial.validspatial,608,1
260,62917,2,1,NaN,trial.nocue,686,1
260,62917,1,1,800,trial.doublecue,677,1
260,62917,2,2,0,trial.doublecue,748,1
260,62917,1,1,0,trial.invalid,640,1
260,62917,1,1,0,trial.invalid,519,1
260,62917,2,1,0,trial.validspatial,596,1
260,62917,2,1,0,trial.validspatial,543,1
260,62917,1,1,400,trial.doublecue,775,1
260,62917,2,2,800,trial.validspatial,485,0
260,62917,2,2,800,trial.validspatial,599,1
260,62917,2,2,0,trial.validspatial,681,1
260,62917,1,2,400,trial.validspatial,529,1
260,62917,2,2,800,trial.invalid,641,1
260,62917,1,2,0,trial.invalid,657,0
260,62917,2,1,400,trial.validspatial,512,1
260,62917,2,1,400,trial.validspatial,442,1
260,62917,2,1,NaN,trial.nocue,526,1
260,62917,2,2,NaN,trial.nocue,696,0
260,62917,2,1,NaN,trial.nocue,626,1
260,62917,1,1,800,trial.validspatial,432,1
260,62917,1,1,NaN,trial.nocue,668,1
260,62917,2,1,800,trial.doublecue,544,1
260,62917,2,2,NaN,trial.nocue,704,1
260,62917,1,2,400,trial.validspatial,583,1
260,62917,1,1,400,trial.doublecue,641,1
260,62917,2,2,400,trial.invalid,526,0
260,62917,1,1,NaN,trial.nocue,686,1
260,62917,2,1,800,trial.validspatial,436,1
260,62917,2,2,0,trial.validspatial,628,1
260,62917,2,1,800,trial.doublecue,596,1
260,62917,2,1,400,trial.validspatial,490,1
260,62917,2,2,400,trial.validspatial,698,1
260,62917,2,1,0,trial.doublecue,522,1
260,62917,2,2,400,trial.validspatial,513,1
260,62917,2,2,400,trial.invalid,649,1
260,62917,2,2,800,trial.doublecue,546,1
260,62917,1,2,400,trial.doublecue,767,1
260,62917,1,2,0,trial.validspatial,735,1
260,62917,1,2,NaN,trial.nocue,688,0
260,62917,1,1,800,trial.invalid,720,1
260,62917,2,2,800,trial.validspatial,471,1
260,62917,2,1,800,trial.validspatial,696,1
260,62917,2,1,0,trial.validspatial,548,1
260,62917,2,2,NaN,trial.nocue,728,1
260,62917,2,2,800,trial.validspatial,506,1
260,62917,1,1,400,trial.validspatial,640,1
260,62917,1,2,800,trial.invalid,766,1
260,62917,2,2,0,trial.validspatial,628,1
260,62917,2,2,800,trial.validspatial,485,1
260,62917,1,1,800,trial.validspatial,429,1
260,62917,2,1,NaN,trial.nocue,595,1
260,62917,1,2,NaN,trial.nocue,666,1
260,62917,1,2,800,trial.validspatial,447,1
260,62917,1,2,0,trial.validspatial,784,1
260,62917,2,2,0,trial.invalid,641,0
260,62917,1,1,NaN,trial.nocue,571,1
260,62917,2,2,800,trial.validspatial,454,1
260,62917,2,1,800,trial.validspatial,433,1
260,62917,2,1,0,trial.validspatial,385,1
260,62917,1,1,800,trial.doublecue,584,0
260,62917,2,2,800,trial.invalid,1062,0
260,62917,1,2,400,trial.validspatial,699,0
260,62917,2,1,800,trial.validspatial,401,1
260,62917,1,2,400,trial.invalid,737,1
260,62917,1,1,800,trial.validspatial,485,1
260,62917,2,2,400,trial.doublecue,524,1
260,62917,1,1,0,trial.validspatial,548,1
260,62917,2,1,NaN,trial.nocue,599,1
260,62917,2,1,400,trial.invalid,693,1
260,62917,1,2,800,trial.invalid,559,0
260,62917,1,2,0,trial.doublecue,820,1
260,62917,1,1,400,trial.validspatial,547,1
260,62917,1,2,400,trial.validspatial,579,1
260,62917,1,1,0,trial.doublecue,602,1
260,62917,1,1,0,trial.doublecue,786,1
260,62917,1,2,NaN,trial.nocue,530,1
260,62917,2,1,400,trial.doublecue,689,1
260,62917,2,2,400,trial.validspatial,581,1
260,62917,2,2,800,trial.doublecue,679,1
260,62917,2,2,NaN,trial.nocue,852,1
260,62917,1,2,NaN,trial.nocue,727,0
260,62917,1,2,0,trial.doublecue,779,1
260,62917,2,1,800,trial.invalid,819,1
260,62917,1,2,0,trial.validspatial,856,1
260,62917,1,1,0,trial.validspatial,813,1
260,62917,2,1,0,trial.validspatial,720,1
260,62917,1,1,400,trial.invalid,937,1
260,62917,1,2,800,trial.doublecue,852,1
260,62917,2,2,0,trial.validspatial,874,1
260,62917,2,2,0,trial.invalid,923,1
260,62917,1,1,0,trial.validspatial,864,1
260,62917,1,1,400,trial.invalid,826,1
260,62917,2,1,800,trial.validspatial,669,1
260,62917,2,2,400,trial.doublecue,1026,1
260,62917,2,1,0,trial.doublecue,760,1
260,62917,2,2,400,trial.validspatial,737,1
260,62917,1,1,NaN,trial.nocue,924,1
260,62917,2,1,0,trial.invalid,913,1
260,62917,1,2,800,trial.validspatial,706,1
260,62917,1,2,800,trial.doublecue,845,1
260,62917,2,1,400,trial.validspatial,638,1
260,62917,1,1,800,trial.validspatial,764,1
260,62917,1,2,800,trial.validspatial,777,1
260,62917,1,1,0,trial.validspatial,668,1
260,62917,1,2,400,trial.validspatial,594,1
260,62917,2,1,400,trial.invalid,867,1
260,62917,2,1,0,trial.invalid,786,1
260,62917,2,2,NaN,trial.nocue,808,1
260,62917,1,1,800,trial.validspatial,580,1
260,62917,2,2,400,trial.validspatial,600,1
260,62917,2,1,NaN,trial.nocue,985,1
260,62917,1,1,400,trial.validspatial,810,1
260,62917,1,2,NaN,trial.nocue,824,1
260,62917,1,2,0,trial.validspatial,767,1
260,62917,1,2,800,trial.validspatial,650,1
260,62917,1,1,0,trial.validspatial,560,1
260,62917,1,1,400,trial.validspatial,458,1
260,62917,1,1,0,trial.validspatial,574,1
260,62917,1,2,0,trial.invalid,850,1
260,62917,1,2,800,trial.validspatial,506,1
260,62917,1,2,400,trial.validspatial,548,1
260,62917,1,2,400,trial.doublecue,842,1
260,62917,2,2,400,trial.validspatial,830,1
260,62917,2,1,400,trial.doublecue,624,1
260,62917,2,1,0,trial.validspatial,642,1
260,62917,2,1,400,trial.validspatial,808,1
260,62917,1,2,800,trial.validspatial,522,1
260,62917,1,1,800,trial.invalid,656,1
260,62917,2,1,400,trial.validspatial,597,1
260,62917,2,1,800,trial.validspatial,591,1
260,62917,2,2,0,trial.validspatial,690,1
260,62917,1,2,0,trial.validspatial,692,1
260,62917,1,1,400,trial.validspatial,475,1
260,62917,1,1,NaN,trial.nocue,563,1
260,62917,1,2,0,trial.validspatial,624,1
260,62917,1,1,NaN,trial.nocue,825,1
260,62917,2,2,0,trial.validspatial,657,1
260,62917,2,1,800,trial.invalid,752,1
260,62917,2,2,NaN,trial.nocue,765,1
260,62917,1,2,400,trial.invalid,786,1
260,62917,2,2,0,trial.doublecue,657,1
260,62917,1,2,NaN,trial.nocue,845,1
260,62917,1,1,400,trial.validspatial,479,1
260,62917,1,1,800,trial.validspatial,491,1
260,62917,2,1,NaN,trial.nocue,681,1
260,62917,1,1,800,trial.doublecue,633,1
260,62917,2,2,0,trial.doublecue,520,0
260,62917,1,1,0,trial.invalid,667,1
260,62917,1,1,0,trial.invalid,563,1
260,62917,2,1,0,trial.validspatial,546,1
260,62917,2,1,0,trial.validspatial,522,1
260,62917,1,1,400,trial.doublecue,626,1
260,62917,2,2,800,trial.validspatial,616,1
260,62917,2,2,800,trial.validspatial,602,1
260,62917,2,2,0,trial.validspatial,755,1
260,62917,1,2,400,trial.validspatial,487,1
260,62917,2,2,800,trial.invalid,735,1
260,62917,1,2,0,trial.invalid,983,1
260,62917,2,1,400,trial.validspatial,586,1
260,62917,2,1,400,trial.validspatial,659,1
260,62917,2,1,NaN,trial.nocue,774,1
260,62917,2,2,NaN,trial.nocue,834,1
260,62917,2,1,NaN,trial.nocue,651,1
260,62917,1,1,800,trial.validspatial,603,1
260,62917,1,1,NaN,trial.nocue,670,1
260,62917,2,1,800,trial.doublecue,666,1
260,62917,2,2,NaN,trial.nocue,793,1
260,62917,1,2,400,trial.validspatial,759,1
260,62917,1,1,400,trial.doublecue,586,1
260,62917,2,2,400,trial.invalid,791,1
260,62917,1,1,NaN,trial.nocue,846,1
260,62917,2,1,800,trial.validspatial,517,1
260,62917,2,2,0,trial.validspatial,795,1
260,62917,2,1,800,trial.doublecue,553,1
260,62917,2,1,400,trial.validspatial,471,1
260,62917,2,2,400,trial.validspatial,737,1
260,62917,2,1,0,trial.doublecue,719,1
260,62917,2,2,400,trial.validspatial,622,1
260,62917,2,2,400,trial.invalid,846,1
260,62917,2,2,800,trial.doublecue,496,1
260,62917,1,2,400,trial.doublecue,541,0
260,62917,1,2,0,trial.validspatial,869,1
260,62917,1,2,NaN,trial.nocue,879,1
260,62917,1,1,800,trial.invalid,635,1
260,62917,2,2,800,trial.validspatial,610,1
260,62917,2,1,800,trial.validspatial,458,1
260,62917,2,1,0,trial.validspatial,928,1
260,62917,2,2,NaN,trial.nocue,908,1
260,62917,2,2,800,trial.validspatial,534,1
260,62917,1,1,400,trial.validspatial,1700,0
260,62917,1,2,800,trial.invalid,589,1
260,62917,2,2,0,trial.validspatial,858,1
260,62917,2,2,800,trial.validspatial,643,1
260,62917,1,1,800,trial.validspatial,629,1
260,62917,2,1,NaN,trial.nocue,826,1
260,62917,1,2,NaN,trial.nocue,654,1
260,62917,1,2,800,trial.validspatial,576,1
260,62917,1,2,0,trial.validspatial,570,1
260,62917,2,2,0,trial.invalid,598,1
260,62917,1,1,NaN,trial.nocue,519,1
260,62917,2,2,800,trial.validspatial,669,1
260,62917,2,1,800,trial.validspatial,530,1
260,62917,2,1,0,trial.validspatial,636,1
260,62917,1,1,800,trial.doublecue,719,1
260,62917,2,2,800,trial.invalid,715,1
260,62917,1,2,400,trial.validspatial,475,1
260,62917,2,1,800,trial.validspatial,459,1
260,62917,1,2,400,trial.invalid,801,1
260,62917,1,1,800,trial.validspatial,575,1
260,62917,2,2,400,trial.doublecue,750,1
260,62917,1,1,0,trial.validspatial,706,1
260,62917,2,1,NaN,trial.nocue,775,1
260,62917,2,1,400,trial.invalid,787,1
260,62917,1,2,800,trial.invalid,619,1
260,62917,1,2,0,trial.doublecue,589,1
260,62917,1,1,400,trial.validspatial,534,1
260,62917,1,2,400,trial.validspatial,432,1
260,62917,1,1,0,trial.doublecue,600,1
260,62917,1,1,0,trial.doublecue,646,1
260,62917,1,2,NaN,trial.nocue,646,1
260,62917,2,1,400,trial.doublecue,526,1
260,62917,2,2,400,trial.validspatial,680,1
260,62917,2,2,800,trial.doublecue,507,1
260,62917,2,2,NaN,trial.nocue,538,1
260,62917,1,2,NaN,trial.nocue,499,1
260,62917,1,2,0,trial.doublecue,504,1
260,62917,2,1,800,trial.invalid,562,1
260,62917,1,2,0,trial.validspatial,580,1
260,62917,1,1,0,trial.validspatial,512,1
260,62917,2,1,0,trial.validspatial,712,1
260,62917,1,1,400,trial.invalid,824,1
260,62917,1,2,800,trial.doublecue,516,1
260,62917,2,2,0,trial.validspatial,477,1
260,62917,2,2,0,trial.invalid,498,1
260,62917,1,1,0,trial.validspatial,923,1
260,62917,1,1,400,trial.invalid,573,1
260,62917,2,1,800,trial.validspatial,537,1
260,62917,2,2,400,trial.doublecue,620,1
260,62917,2,1,0,trial.doublecue,616,1
260,62917,2,2,400,trial.validspatial,799,1
260,62917,1,1,NaN,trial.nocue,605,1
260,62917,2,1,0,trial.invalid,536,1
260,62917,1,2,800,trial.validspatial,756,1
260,62917,1,2,800,trial.doublecue,668,1
260,62917,2,1,400,trial.validspatial,594,1
260,62917,1,1,800,trial.validspatial,681,1
260,62917,1,2,800,trial.validspatial,531,1
260,62917,1,1,0,trial.validspatial,584,1
260,62917,1,2,400,trial.validspatial,745,1
260,62917,2,1,400,trial.invalid,625,1
260,62917,2,1,0,trial.invalid,588,0
260,62917,2,2,NaN,trial.nocue,819,1
260,62917,1,1,800,trial.validspatial,508,1
260,62917,2,2,400,trial.validspatial,632,1
260,62917,2,1,NaN,trial.nocue,656,1
260,62917,1,1,400,trial.validspatial,702,1
260,62917,1,2,NaN,trial.nocue,591,1
260,62917,1,2,0,trial.validspatial,517,1
260,62917,1,2,800,trial.validspatial,461,1
260,62917,1,1,0,trial.validspatial,563,1
260,62917,1,1,400,trial.validspatial,767,1
