subject,date,location_congruence_val,flanker_congruence_val,cue_target_interval,cue_condition,latency,values.correct
594,63017,1,1,0,trial.validspatial,591,1
594,63017,1,2,0,trial.invalid,981,1
594,63017,1,2,800,trial.validspatial,705,1
594,63017,1,2,400,trial.validspatial,556,1
594,63017,1,2,400,trial.doublecue,584,0
594,63017,2,2,400,trial.validspatial,575,1
594,63017,2,1,400,trial.doublecue,462,1
594,63017,2,1,0,trial.validspatial,481,1
594,63017,2,1,400,trial.validspatial,527,1
594,63017,1,2,800,trial.validspatial,441,1
594,63017,1,1,800,trial.invalid,410,1
594,63017,2,1,400,trial.validspatial,499,1
594,63017,2,1,800,trial.validspatial,358,1
594,63017,2,2,0,trial.validspatial,499,1
594,63017,1,2,0,trial.validspatial,398,0
594,63017,1,1,400,trial.validspatial,357,1
594,63017,1,1,NaN,trial.nocue,393,1
594,63017,1,2,0,trial.validspatial,398,0
594,63017,1,1,NaN,trial.nocue,522,1
594,63017,2,2,0,trial.validspatial,534,1
594,63017,2,1,800,trial.invalid,514,1
594,63017,2,2,NaN,trial.nocue,704,1
594,63017,1,2,400,trial.invalid,450,0
594,63017,2,2,0,trial.doublecue,599,1
594,63017,1,2,NaN,trial.nocue,475,0
594,63017,1,1,400,trial.validspatial,407,1
594,63017,1,1,800,trial.validspatial,491,1
594,63017,2,1,NaN,trial.nocue,464,1
594,63017,1,1,800,trial.doublecue,521,1
594,63017,2,2,0,trial.doublecue,586,1
594,63017,1,1,0,trial.invalid,500,1
594,63017,1,1,0,trial.invalid,390,1
594,63017,2,1,0,trial.validspatial,371,1
594,63017,2,1,0,trial.validspatial,397,1
594,63017,1,1,400,trial.doublecue,396,1
594,63017,2,2,800,trial.validspatial,725,1
594,63017,2,2,800,trial.validspatial,546,1
594,63017,2,2,0,trial.validspatial,761,1
594,63017,1,2,400,trial.validspatial,491,1
594,63017,2,2,800,trial.invalid,328,0
594,63017,1,2,0,trial.invalid,568,0
594,63017,2,1,400,trial.validspatial,522,1
594,63017,2,1,400,trial.validspatial,439,1
594,63017,2,1,NaN,trial.nocue,468,1
594,63017,2,2,NaN,trial.nocue,572,0
594,63017,2,1,NaN,trial.nocue,464,1
594,63017,1,1,800,trial.validspatial,414,1
594,63017,1,1,NaN,trial.nocue,421,1
594,63017,2,1,800,trial.doublecue,394,1
594,63017,2,2,NaN,trial.nocue,677,1
594,63017,1,2,400,trial.validspatial,560,1
594,63017,1,1,400,trial.doublecue,449,1
594,63017,2,2,400,trial.invalid,368,0
594,63017,1,1,NaN,trial.nocue,492,1
594,63017,2,1,800,trial.validspatial,391,1
594,63017,2,2,0,trial.validspatial,586,1
594,63017,2,1,800,trial.doublecue,476,1
594,63017,2,1,400,trial.validspatial,366,1
594,63017,2,2,400,trial.validspatial,573,1
594,63017,2,1,0,trial.doublecue,435,1
594,63017,2,2,400,trial.validspatial,398,0
594,63017,2,2,400,trial.invalid,706,1
594,63017,2,2,800,trial.doublecue,354,0
594,63017,1,2,400,trial.doublecue,437,0
594,63017,1,2,0,trial.validspatial,761,1
594,63017,1,2,NaN,trial.nocue,533,0
594,63017,1,1,800,trial.invalid,612,1
594,63017,2,2,800,trial.validspatial,590,1
594,63017,2,1,800,trial.validspatial,409,1
594,63017,2,1,0,trial.validspatial,441,1
594,63017,2,2,NaN,trial.nocue,410,0
594,63017,2,2,800,trial.validspatial,512,1
594,63017,1,1,400,trial.validspatial,437,1
594,63017,1,2,800,trial.invalid,1700,0
594,63017,2,2,0,trial.validspatial,453,0
594,63017,2,2,800,trial.validspatial,477,1
594,63017,1,1,800,trial.validspatial,342,1
594,63017,2,1,NaN,trial.nocue,426,1
594,63017,1,2,NaN,trial.nocue,392,0
594,63017,1,2,800,trial.validspatial,456,1
594,63017,1,2,0,trial.validspatial,632,1
594,63017,2,2,0,trial.invalid,636,1
594,63017,1,1,NaN,trial.nocue,536,1
594,63017,2,2,800,trial.validspatial,411,0
594,63017,2,1,800,trial.validspatial,421,1
594,63017,2,1,0,trial.validspatial,515,1
594,63017,1,1,800,trial.doublecue,380,1
594,63017,2,2,800,trial.invalid,543,0
594,63017,1,2,400,trial.validspatial,416,0
594,63017,2,1,800,trial.validspatial,430,1
594,63017,1,2,400,trial.invalid,564,0
594,63017,1,1,800,trial.validspatial,386,1
594,63017,2,2,400,trial.doublecue,884,1
594,63017,1,1,0,trial.validspatial,452,1
594,63017,2,1,NaN,trial.nocue,434,1
594,63017,2,1,400,trial.invalid,498,1
594,63017,1,2,800,trial.invalid,430,0
594,63017,1,2,0,trial.doublecue,530,0
594,63017,1,1,400,trial.validspatial,494,1
594,63017,1,2,400,trial.validspatial,621,1
594,63017,1,1,0,trial.doublecue,530,1
594,63017,1,1,0,trial.doublecue,385,1
594,63017,1,2,NaN,trial.nocue,536,0
594,63017,2,1,400,trial.doublecue,481,1
594,63017,2,2,400,trial.validspatial,497,1
594,63017,2,2,800,trial.doublecue,576,1
594,63017,2,2,NaN,trial.nocue,592,1
594,63017,1,2,NaN,trial.nocue,487,0
594,63017,1,2,0,trial.doublecue,1338,0
594,63017,2,1,800,trial.invalid,570,1
594,63017,1,2,0,trial.validspatial,537,0
594,63017,1,1,0,trial.validspatial,512,1
594,63017,2,1,0,trial.validspatial,442,1
594,63017,1,1,400,trial.invalid,561,1
594,63017,1,2,800,trial.doublecue,579,1
594,63017,2,2,0,trial.validspatial,372,0
594,63017,2,2,0,trial.invalid,480,0
594,63017,1,1,0,trial.validspatial,482,1
594,63017,1,1,400,trial.invalid,530,1
594,63017,2,1,800,trial.validspatial,410,1
594,63017,2,2,400,trial.doublecue,431,0
594,63017,2,1,0,trial.doublecue,554,1
594,63017,2,2,400,trial.validspatial,1700,0
594,63017,1,1,NaN,trial.nocue,455,1
594,63017,2,1,0,trial.invalid,426,1
594,63017,1,2,800,trial.validspatial,570,1
594,63017,1,2,800,trial.doublecue,702,1
594,63017,2,1,400,trial.validspatial,474,0
594,63017,1,1,800,trial.validspatial,464,1
594,63017,1,2,800,trial.validspatial,474,1
594,63017,1,1,0,trial.validspatial,471,1
594,63017,1,2,400,trial.validspatial,666,1
594,63017,2,1,400,trial.invalid,538,1
594,63017,2,1,0,trial.invalid,418,1
594,63017,2,2,NaN,trial.nocue,587,1
594,63017,1,1,800,trial.validspatial,498,1
594,63017,2,2,400,trial.validspatial,401,0
594,63017,2,1,NaN,trial.nocue,727,0
594,63017,1,1,400,trial.validspatial,401,1
594,63017,1,2,NaN,trial.nocue,425,0
594,63017,1,2,0,trial.validspatial,571,1
594,63017,1,2,800,trial.validspatial,461,1
594,63017,1,1,0,trial.validspatial,654,1
594,63017,1,1,400,trial.validspatial,479,1
594,63017,1,1,0,trial.validspatial,502,1
594,63017,1,2,0,trial.invalid,745,1
594,63017,1,2,800,trial.validspatial,726,1
594,63017,1,2,400,trial.validspatial,547,1
594,63017,1,2,400,trial.doublecue,530,0
594,63017,2,2,400,trial.validspatial,578,1
594,63017,2,1,400,trial.doublecue,481,1
594,63017,2,1,0,trial.validspatial,520,1
594,63017,2,1,400,trial.validspatial,417,1
594,63017,1,2,800,trial.validspatial,390,0
594,63017,1,1,800,trial.invalid,509,1
594,63017,2,1,400,trial.validspatial,544,1
594,63017,2,1,800,trial.validspatial,480,1
594,63017,2,2,0,trial.validspatial,728,1
594,63017,1,2,0,trial.validspatial,765,1
594,63017,1,1,400,trial.validspatial,946,1
594,63017,1,1,NaN,trial.nocue,401,1
594,63017,1,2,0,trial.validspatial,466,0
594,63017,1,1,NaN,trial.nocue,485,1
594,63017,2,2,0,trial.validspatial,556,0
594,63017,2,1,800,trial.invalid,595,1
594,63017,2,2,NaN,trial.nocue,713,1
594,63017,1,2,400,trial.invalid,515,0
594,63017,2,2,0,trial.doublecue,752,1
594,63017,1,2,NaN,trial.nocue,750,1
594,63017,1,1,400,trial.validspatial,536,1
594,63017,1,1,800,trial.validspatial,454,1
594,63017,2,1,NaN,trial.nocue,516,1
594,63017,1,1,800,trial.doublecue,421,1
594,63017,2,2,0,trial.doublecue,1700,0
594,63017,1,1,0,trial.invalid,617,1
594,63017,1,1,0,trial.invalid,645,1
594,63017,2,1,0,trial.validspatial,484,1
594,63017,2,1,0,trial.validspatial,436,1
594,63017,1,1,400,trial.doublecue,386,1
594,63017,2,2,800,trial.validspatial,402,0
594,63017,2,2,800,trial.validspatial,618,1
594,63017,2,2,0,trial.validspatial,538,0
594,63017,1,2,400,trial.validspatial,453,0
594,63017,2,2,800,trial.invalid,639,1
594,63017,1,2,0,trial.invalid,1700,0
594,63017,2,1,400,trial.validspatial,448,1
594,63017,2,1,400,trial.validspatial,481,1
594,63017,2,1,NaN,trial.nocue,436,1
594,63017,2,2,NaN,trial.nocue,749,0
594,63017,2,1,NaN,trial.nocue,613,1
594,63017,1,1,800,trial.validspatial,480,1
594,63017,1,1,NaN,trial.nocue,586,1
594,63017,2,1,800,trial.doublecue,513,1
594,63017,2,2,NaN,trial.nocue,685,1
594,63017,1,2,400,trial.validspatial,620,1
594,63017,1,1,400,trial.doublecue,536,1
594,63017,2,2,400,trial.invalid,395,0
594,63017,1,1,NaN,trial.nocue,806,1
594,63017,2,1,800,trial.validspatial,438,1
594,63017,2,2,0,trial.validspatial,793,1
594,63017,2,1,800,trial.doublecue,423,1
594,63017,2,1,400,trial.validspatial,426,1
594,63017,2,2,400,trial.validspatial,1319,0
594,63017,2,1,0,trial.doublecue,744,1
594,63017,2,2,400,trial.validspatial,991,1
594,63017,2,2,400,trial.invalid,1001,0
594,63017,2,2,800,trial.doublecue,674,1
594,63017,1,2,400,trial.doublecue,668,0
594,63017,1,2,0,trial.validspatial,814,1
594,63017,1,2,NaN,trial.nocue,734,1
594,63017,1,1,800,trial.invalid,559,1
594,63017,2,2,800,trial.validspatial,554,1
594,63017,2,1,800,trial.validspatial,417,1
594,63017,2,1,0,trial.validspatial,463,1
594,63017,2,2,NaN,trial.nocue,430,0
594,63017,2,2,800,trial.validspatial,438,1
594,63017,1,1,400,trial.validspatial,1700,0
594,63017,1,2,800,trial.invalid,431,1
594,63017,2,2,0,trial.validspatial,697,1
594,63017,2,2,800,trial.validspatial,396,0
594,63017,1,1,800,trial.validspatial,603,1
594,63017,2,1,NaN,trial.nocue,645,1
594,63017,1,2,NaN,trial.nocue,538,1
594,63017,1,2,800,trial.validspatial,383,1
594,63017,1,2,0,trial.validspatial,498,1
594,63017,2,2,0,trial.invalid,355,1
594,63017,1,1,NaN,trial.nocue,472,0
594,63017,2,2,800,trial.validspatial,457,1
594,63017,2,1,800,trial.validspatial,391,1
594,63017,2,1,0,trial.validspatial,395,1
594,63017,1,1,800,trial.doublecue,711,0
594,63017,2,2,800,trial.invalid,446,0
594,63017,1,2,400,trial.validspatial,381,1
594,63017,2,1,800,trial.validspatial,404,1
594,63017,1,2,400,trial.invalid,484,0
594,63017,1,1,800,trial.validspatial,492,1
594,63017,2,2,400,trial.doublecue,942,1
594,63017,1,1,0,trial.validspatial,665,1
594,63017,2,1,NaN,trial.nocue,818,1
594,63017,2,1,400,trial.invalid,839,1
594,63017,1,2,800,trial.invalid,694,1
594,63017,1,2,0,trial.doublecue,671,1
594,63017,1,1,400,trial.validspatial,386,1
594,63017,1,2,400,trial.validspatial,403,1
594,63017,1,1,0,trial.doublecue,423,1
594,63017,1,1,0,trial.doublecue,490,1
594,63017,1,2,NaN,trial.nocue,1623,0
594,63017,2,1,400,trial.doublecue,468,1
594,63017,2,2,400,trial.validspatial,472,1
594,63017,2,2,800,trial.doublecue,494,1
594,63017,2,2,NaN,trial.nocue,424,1
594,63017,1,2,NaN,trial.nocue,348,1
594,63017,1,2,0,trial.doublecue,677,1
594,63017,2,1,800,trial.invalid,500,1
594,63017,1,2,0,trial.validspatial,711,1
594,63017,1,1,0,trial.validspatial,467,1
594,63017,2,1,0,trial.validspatial,670,1
594,63017,1,1,400,trial.invalid,565,1
594,63017,1,2,800,trial.doublecue,410,1
594,63017,2,2,0,trial.validspatial,392,1
594,63017,2,2,0,trial.invalid,461,1
594,63017,1,1,0,trial.validspatial,433,0
594,63017,1,1,400,trial.invalid,1700,0
594,63017,2,1,800,trial.validspatial,460,1
594,63017,2,2,400,trial.doublecue,431,1
594,63017,2,1,0,trial.doublecue,705,1
594,63017,2,2,400,trial.validspatial,644,1
594,63017,1,1,NaN,trial.nocue,624,1
594,63017,2,1,0,trial.invalid,440,1
594,63017,1,2,800,trial.validspatial,418,0
594,63017,1,2,800,trial.doublecue,475,1
594,63017,2,1,400,trial.validspatial,436,1
594,63017,1,1,800,trial.validspatial,526,1
594,63017,1,2,800,trial.validspatial,413,1
594,63017,1,1,0,trial.validspatial,402,1
594,63017,1,2,400,trial.validspatial,532,1
594,63017,2,1,400,trial.invalid,1535,1
594,63017,2,1,0,trial.invalid,403,0
594,63017,2,2,NaN,trial.nocue,1284,1
594,63017,1,1,800,trial.validspatial,531,1
594,63017,2,2,400,trial.validspatial,460,1
594,63017,2,1,NaN,trial.nocue,568,1
594,63017,1,1,400,trial.validspatial,533,1
594,63017,1,2,NaN,trial.nocue,481,1
594,63017,1,2,0,trial.validspatial,396,1
594,63017,1,2,800,trial.validspatial,792,1
594,63017,1,1,0,trial.validspatial,388,1
594,63017,1,1,400,trial.validspatial,783,1
