subject,date,location_congruence_val,flanker_congruence_val,cue_target_interval,cue_condition,latency,values.correct
356,63017,1,1,0,trial.validspatial,1146,1
356,63017,1,2,0,trial.invalid,1462,1
356,63017,1,2,800,trial.validspatial,979,1
356,63017,1,2,400,trial.validspatial,861,1
356,63017,1,2,400,trial.doublecue,1041,1
356,63017,2,2,400,trial.validspatial,678,1
356,63017,2,1,400,trial.doublecue,874,1
356,63017,2,1,0,trial.validspatial,891,1
356,63017,2,1,400,trial.validspatial,640,1
356,63017,1,2,800,trial.validspatial,716,1
356,63017,1,1,800,trial.invalid,987,1
356,63017,2,1,400,trial.validspatial,841,1
356,63017,2,1,800,trial.validspatial,486,1
356,63017,2,2,0,trial.validspatial,825,1
356,63017,1,2,0,trial.validspatial,958,1
356,63017,1,1,400,trial.validspatial,715,1
356,63017,1,1,NaN,trial.nocue,757,1
356,63017,1,2,0,trial.validspatial,837,1
356,63017,1,1,NaN,trial.nocue,794,1
356,63017,2,2,0,trial.validspatial,625,1
356,63017,2,1,800,trial.invalid,776,1
356,63017,2,2,NaN,trial.nocue,854,1
356,63017,1,2,400,trial.invalid,1602,0
356,63017,2,2,0,trial.doublecue,842,1
356,63017,1,2,NaN,trial.nocue,794,1
356,63017,1,1,400,trial.validspatial,541,1
356,63017,1,1,800,trial.validspatial,749,1
356,63017,2,1,NaN,trial.nocue,843,1
356,63017,1,1,800,trial.doublecue,830,1
356,63017,2,2,0,trial.doublecue,1056,1
356,63017,1,1,0,trial.invalid,769,1
356,63017,1,1,0,trial.invalid,910,1
356,63017,2,1,0,trial.validspatial,824,1
356,63017,2,1,0,trial.validspatial,674,1
356,63017,1,1,400,trial.doublecue,610,1
356,63017,2,2,800,trial.validspatial,873,1
356,63017,2,2,800,trial.validspatial,621,1
356,63017,2,2,0,trial.validspatial,863,1
356,63017,1,2,400,trial.validspatial,695,1
356,63017,2,2,800,trial.invalid,1700,0
356,63017,1,2,0,trial.invalid,760,1
356,63017,2,1,400,trial.validspatial,539,1
356,63017,2,1,400,trial.validspatial,526,1
356,63017,2,1,NaN,trial.nocue,1169,1
356,63017,2,2,NaN,trial.nocue,1069,1
356,63017,2,1,NaN,trial.nocue,632,1
356,63017,1,1,800,trial.validspatial,616,1
356,63017,1,1,NaN,trial.nocue,724,1
356,63017,2,1,800,trial.doublecue,584,1
356,63017,2,2,NaN,trial.nocue,934,1
356,63017,1,2,400,trial.validspatial,750,1
356,63017,1,1,400,trial.doublecue,696,1
356,63017,2,2,400,trial.invalid,902,1
356,63017,1,1,NaN,trial.nocue,709,1
356,63017,2,1,800,trial.validspatial,523,1
356,63017,2,2,0,trial.validspatial,1080,1
356,63017,2,1,800,trial.doublecue,991,1
356,63017,2,1,400,trial.validspatial,540,1
356,63017,2,2,400,trial.validspatial,1275,1
356,63017,2,1,0,trial.doublecue,731,1
356,63017,2,2,400,trial.validspatial,1457,1
356,63017,2,2,400,trial.invalid,962,1
356,63017,2,2,800,trial.doublecue,790,1
356,63017,1,2,400,trial.doublecue,778,1
356,63017,1,2,0,trial.validspatial,836,1
356,63017,1,2,NaN,trial.nocue,824,1
356,63017,1,1,800,trial.invalid,766,1
356,63017,2,2,800,trial.validspatial,692,1
356,63017,2,1,800,trial.validspatial,621,1
356,63017,2,1,0,trial.validspatial,587,1
356,63017,2,2,NaN,trial.nocue,1700,0
356,63017,2,2,800,trial.validspatial,733,1
356,63017,1,1,400,trial.validspatial,883,1
356,63017,1,2,800,trial.invalid,1153,1
356,63017,2,2,0,trial.validspatial,797,1
356,63017,2,2,800,trial.validspatial,694,1
356,63017,1,1,800,trial.validspatial,504,1
356,63017,2,1,NaN,trial.nocue,693,1
356,63017,1,2,NaN,trial.nocue,763,1
356,63017,1,2,800,trial.validspatial,850,1
356,63017,1,2,0,trial.validspatial,1115,1
356,63017,2,2,0,trial.invalid,826,1
356,63017,1,1,NaN,trial.nocue,757,1
356,63017,2,2,800,trial.validspatial,914,1
356,63017,2,1,800,trial.validspatial,614,1
356,63017,2,1,0,trial.validspatial,616,1
356,63017,1,1,800,trial.doublecue,563,1
356,63017,2,2,800,trial.invalid,906,1
356,63017,1,2,400,trial.validspatial,871,1
356,63017,2,1,800,trial.validspatial,652,1
356,63017,1,2,400,trial.invalid,1512,0
356,63017,1,1,800,trial.validspatial,910,1
356,63017,2,2,400,trial.doublecue,1095,1
356,63017,1,1,0,trial.validspatial,584,1
356,63017,2,1,NaN,trial.nocue,792,1
356,63017,2,1,400,trial.invalid,780,1
356,63017,1,2,800,trial.invalid,1416,1
356,63017,1,2,0,trial.doublecue,1174,1
356,63017,1,1,400,trial.validspatial,656,1
356,63017,1,2,400,trial.validspatial,1176,0
356,63017,1,1,0,trial.doublecue,809,1
356,63017,1,1,0,trial.doublecue,821,1
356,63017,1,2,NaN,trial.nocue,1064,1
356,63017,2,1,400,trial.doublecue,616,1
356,63017,2,2,400,trial.validspatial,828,1
356,63017,2,2,800,trial.doublecue,849,1
356,63017,2,2,NaN,trial.nocue,731,1
356,63017,1,2,NaN,trial.nocue,968,1
356,63017,1,2,0,trial.doublecue,1037,1
356,63017,2,1,800,trial.invalid,847,1
356,63017,1,2,0,trial.validspatial,815,1
356,63017,1,1,0,trial.validspatial,830,1
356,63017,2,1,0,trial.validspatial,867,1
356,63017,1,1,400,trial.invalid,1017,1
356,63017,1,2,800,trial.doublecue,1583,1
356,63017,2,2,0,trial.validspatial,882,1
356,63017,2,2,0,trial.invalid,919,1
356,63017,1,1,0,trial.validspatial,919,1
356,63017,1,1,400,trial.invalid,804,1
356,63017,2,1,800,trial.validspatial,713,1
356,63017,2,2,400,trial.doublecue,855,1
356,63017,2,1,0,trial.doublecue,1700,0
356,63017,2,2,400,trial.validspatial,1004,1
356,63017,1,1,NaN,trial.nocue,894,1
356,63017,2,1,0,trial.invalid,780,1
356,63017,1,2,800,trial.validspatial,933,1
356,63017,1,2,800,trial.doublecue,1016,1
356,63017,2,1,400,trial.validspatial,1287,1
356,63017,1,1,800,trial.validspatial,564,1
356,63017,1,2,800,trial.validspatial,761,1
356,63017,1,1,0,trial.validspatial,846,1
356,63017,1,2,400,trial.validspatial,834,1
356,63017,2,1,400,trial.invalid,835,1
356,63017,2,1,0,trial.invalid,952,1
356,63017,2,2,NaN,trial.nocue,970,1
356,63017,1,1,800,trial.validspatial,532,1
356,63017,2,2,400,trial.validspatial,687,1
356,63017,2,1,NaN,trial.nocue,626,1
356,63017,1,1,400,trial.validspatial,603,1
356,63017,1,2,NaN,trial.nocue,991,1
356,63017,1,2,0,trial.validspatial,1051,1
356,63017,1,2,800,trial.validspatial,935,1
356,63017,1,1,0,trial.validspatial,1083,1
356,63017,1,1,400,trial.validspatial,734,1
356,63017,1,1,0,trial.validspatial,723,1
356,63017,1,2,0,trial.invalid,1482,1
356,63017,1,2,800,trial.validspatial,1131,1
356,63017,1,2,400,trial.validspatial,757,1
356,63017,1,2,400,trial.doublecue,988,1
356,63017,2,2,400,trial.validspatial,860,1
356,63017,2,1,400,trial.doublecue,835,1
356,63017,2,1,0,trial.validspatial,713,1
356,63017,2,1,400,trial.validspatial,576,1
356,63017,1,2,800,trial.validspatial,991,1
356,63017,1,1,800,trial.invalid,771,1
356,63017,2,1,400,trial.validspatial,610,1
356,63017,2,1,800,trial.validspatial,553,1
356,63017,2,2,0,trial.validspatial,907,1
356,63017,1,2,0,trial.validspatial,870,1
356,63017,1,1,400,trial.validspatial,771,1
356,63017,1,1,NaN,trial.nocue,732,1
356,63017,1,2,0,trial.validspatial,968,1
356,63017,1,1,NaN,trial.nocue,793,1
356,63017,2,2,0,trial.validspatial,917,1
356,63017,2,1,800,trial.invalid,770,1
356,63017,2,2,NaN,trial.nocue,823,1
356,63017,1,2,400,trial.invalid,1064,1
356,63017,2,2,0,trial.doublecue,1141,1
356,63017,1,2,NaN,trial.nocue,838,1
356,63017,1,1,400,trial.validspatial,646,1
356,63017,1,1,800,trial.validspatial,614,1
356,63017,2,1,NaN,trial.nocue,823,1
356,63017,1,1,800,trial.doublecue,808,1
356,63017,2,2,0,trial.doublecue,1147,1
356,63017,1,1,0,trial.invalid,904,1
356,63017,1,1,0,trial.invalid,775,1
356,63017,2,1,0,trial.validspatial,776,1
356,63017,2,1,0,trial.validspatial,882,1
356,63017,1,1,400,trial.doublecue,663,1
356,63017,2,2,800,trial.validspatial,1577,1
356,63017,2,2,800,trial.validspatial,1687,0
356,63017,2,2,0,trial.validspatial,817,1
356,63017,1,2,400,trial.validspatial,640,1
356,63017,2,2,800,trial.invalid,1054,1
356,63017,1,2,0,trial.invalid,1174,1
356,63017,2,1,400,trial.validspatial,688,1
356,63017,2,1,400,trial.validspatial,747,1
356,63017,2,1,NaN,trial.nocue,737,1
356,63017,2,2,NaN,trial.nocue,1024,1
356,63017,2,1,NaN,trial.nocue,845,1
356,63017,1,1,800,trial.validspatial,730,1
356,63017,1,1,NaN,trial.nocue,619,1
356,63017,2,1,800,trial.doublecue,666,1
356,63017,2,2,NaN,trial.nocue,838,1
356,63017,1,2,400,trial.validspatial,789,1
356,63017,1,1,400,trial.doublecue,587,1
356,63017,2,2,400,trial.invalid,545,0
356,63017,1,1,NaN,trial.nocue,696,1
356,63017,2,1,800,trial.validspatial,607,1
356,63017,2,2,0,trial.validspatial,1048,1
356,63017,2,1,800,trial.doublecue,715,1
356,63017,2,1,400,trial.validspatial,588,1
356,63017,2,2,400,trial.validspatial,879,1
356,63017,2,1,0,trial.doublecue,818,1
356,63017,2,2,400,trial.validspatial,782,1
356,63017,2,2,400,trial.invalid,1600,0
356,63017,2,2,800,trial.doublecue,891,1
356,63017,1,2,400,trial.doublecue,784,1
356,63017,1,2,0,trial.validspatial,1019,1
356,63017,1,2,NaN,trial.nocue,936,1
356,63017,1,1,800,trial.invalid,803,1
356,63017,2,2,800,trial.validspatial,879,1
356,63017,2,1,800,trial.validspatial,613,1
356,63017,2,1,0,trial.validspatial,808,1
356,63017,2,2,NaN,trial.nocue,979,1
356,63017,2,2,800,trial.validspatial,1136,1
356,63017,1,1,400,trial.validspatial,1700,0
356,63017,1,2,800,trial.invalid,702,1
356,63017,2,2,0,trial.validspatial,1132,1
356,63017,2,2,800,trial.validspatial,1017,1
356,63017,1,1,800,trial.validspatial,716,1
356,63017,2,1,NaN,trial.nocue,880,1
356,63017,1,2,NaN,trial.nocue,887,1
356,63017,1,2,800,trial.validspatial,726,1
356,63017,1,2,0,trial.validspatial,811,1
356,63017,2,2,0,trial.invalid,564,1
356,63017,1,1,NaN,trial.nocue,878,1
356,63017,2,2,800,trial.validspatial,555,1
356,63017,2,1,800,trial.validspatial,541,1
356,63017,2,1,0,trial.validspatial,570,1
356,63017,1,1,800,trial.doublecue,764,1
356,63017,2,2,800,trial.invalid,1051,1
356,63017,1,2,400,trial.validspatial,855,1
356,63017,2,1,800,trial.validspatial,693,1
356,63017,1,2,400,trial.invalid,715,1
356,63017,1,1,800,trial.validspatial,805,1
356,63017,2,2,400,trial.doublecue,693,1
356,63017,1,1,0,trial.validspatial,855,1
356,63017,2,1,NaN,trial.nocue,925,1
356,63017,2,1,400,trial.invalid,779,1
356,63017,1,2,800,trial.invalid,668,0
356,63017,1,2,0,trial.doublecue,862,1
356,63017,1,1,400,trial.validspatial,807,1
356,63017,1,2,400,trial.validspatial,554,1
356,63017,1,1,0,trial.doublecue,911,1
356,63017,1,1,0,trial.doublecue,707,1
356,63017,1,2,NaN,trial.nocue,956,1
356,63017,2,1,400,trial.doublecue,804,1
356,63017,2,2,400,trial.validspatial,619,1
356,63017,2,2,800,trial.doublecue,830,1
356,63017,2,2,NaN,trial.nocue,776,1
356,63017,1,2,NaN,trial.nocue,565,1
356,63017,1,2,0,trial.doublecue,992,1
356,63017,2,1,800,trial.invalid,1065,1
356,63017,1,2,0,trial.validspatial,924,1
356,63017,1,1,0,trial.validspatial,771,1
356,63017,2,1,0,trial.validspatial,773,1
356,63017,1,1,400,trial.invalid,971,1
356,63017,1,2,800,trial.doublecue,577,1
356,63017,2,2,0,trial.validspatial,501,1
356,63017,2,2,0,trial.invalid,947,1
356,63017,1,1,0,trial.validspatial,719,1
356,63017,1,1,400,trial.invalid,646,1
356,63017,2,1,800,trial.validspatial,601,1
356,63017,2,2,400,trial.doublecue,574,1
356,63017,2,1,0,trial.doublecue,828,1
356,63017,2,2,400,trial.validspatial,1153,1
356,63017,1,1,NaN,trial.nocue,889,1
356,63017,2,1,0,trial.invalid,631,1
356,63017,1,2,800,trial.validspatial,1024,1
356,63017,1,2,800,trial.doublecue,710,1
356,63017,2,1,400,trial.validspatial,597,1
356,63017,1,1,800,trial.validspatial,1058,1
356,63017,1,2,800,trial.validspatial,878,1
356,63017,1,1,0,trial.validspatial,691,1
356,63017,1,2,400,trial.validspatial,1137,1
356,63017,2,1,400,trial.invalid,958,1
356,63017,2,1,0,trial.invalid,700,1
356,63017,2,2,NaN,trial.nocue,929,1
356,63017,1,1,800,trial.validspatial,902,1
356,63017,2,2,400,trial.validspatial,1097,1
356,63017,2,1,NaN,trial.nocue,842,1
356,63017,1,1,400,trial.validspatial,928,1
356,63017,1,2,NaN,trial.nocue,799,1
356,63017,1,2,0,trial.validspatial,700,1
356,63017,1,2,800,trial.validspatial,699,1
356,63017,1,1,0,trial.validspatial,690,1
356,63017,1,1,400,trial.validspatial,1473,0
