subject,date,location_congruence_val,flanker_congruence_val,cue_target_interval,cue_condition,latency,values.correct
17,40117,1,1,0,trial.validspatial,532,1
17,40117,1,2,0,trial.invalid,166,0
17,40117,1,2,800,trial.validspatial,1700,0
17,40117,1,2,400,trial.validspatial,1700,0
17,40117,1,2,400,trial.doublecue,459,1
17,40117,2,2,400,trial.validspatial,1168,1
17,40117,2,1,400,trial.doublecue,418,0
17,40117,2,1,0,trial.validspatial,636,1
17,40117,2,1,400,trial.validspatial,246,1
17,40117,1,2,800,trial.validspatial,229,0
17,40117,1,1,800,trial.invalid,539,1
17,40117,2,1,400,trial.validspatial,306,0
17,40117,2,1,800,trial.validspatial,286,1
17,40117,2,2,0,trial.validspatial,684,1
17,40117,1,2,0,trial.validspatial,401,1
17,40117,1,1,400,trial.validspatial,335,1
17,40117,1,1,NaN,trial.nocue,398,1
17,40117,1,2,0,trial.validspatial,442,0
17,40117,1,1,NaN,trial.nocue,338,1
17,40117,2,2,0,trial.validspatial,381,0
17,40117,2,1,800,trial.invalid,337,0
17,40117,2,2,NaN,trial.nocue,474,0
17,40117,1,2,400,trial.invalid,487,0
17,40117,2,2,0,trial.doublecue,499,0
17,40117,1,2,NaN,trial.nocue,455,0
17,40117,1,1,400,trial.validspatial,419,1
17,40117,1,1,800,trial.validspatial,508,1
17,40117,2,1,NaN,trial.nocue,382,0
17,40117,1,1,800,trial.doublecue,372,1
17,40117,2,2,0,trial.doublecue,387,0
17,40117,1,1,0,trial.invalid,502,1
17,40117,1,1,0,trial.invalid,355,1
17,40117,2,1,0,trial.validspatial,274,0
17,40117,2,1,0,trial.validspatial,486,0
17,40117,1,1,400,trial.doublecue,544,1
17,40117,2,2,800,trial.validspatial,544,0
17,40117,2,2,800,trial.validspatial,497,0
17,40117,2,2,0,trial.validspatial,512,0
17,40117,1,2,400,trial.validspatial,489,1
17,40117,2,2,800,trial.invalid,531,0
17,40117,1,2,0,trial.invalid,383,1
17,40117,2,1,400,trial.validspatial,315,0
17,40117,2,1,400,trial.validspatial,593,0
17,40117,2,1,NaN,trial.nocue,400,0
17,40117,2,2,NaN,trial.nocue,478,0
17,40117,2,1,NaN,trial.nocue,606,1
17,40117,1,1,800,trial.validspatial,431,1
17,40117,1,1,NaN,trial.nocue,374,1
17,40117,2,1,800,trial.doublecue,420,0
17,40117,2,2,NaN,trial.nocue,526,0
17,40117,1,2,400,trial.validspatial,314,0
17,40117,1,1,400,trial.doublecue,421,1
17,40117,2,2,400,trial.invalid,361,0
17,40117,1,1,NaN,trial.nocue,391,1
17,40117,2,1,800,trial.validspatial,351,0
17,40117,2,2,0,trial.validspatial,556,0
17,40117,2,1,800,trial.doublecue,412,1
17,40117,2,1,400,trial.validspatial,763,0
17,40117,2,2,400,trial.validspatial,631,1
17,40117,2,1,0,trial.doublecue,274,1
17,40117,2,2,400,trial.validspatial,321,1
17,40117,2,2,400,trial.invalid,491,0
17,40117,2,2,800,trial.doublecue,357,0
17,40117,1,2,400,trial.doublecue,341,1
17,40117,1,2,0,trial.validspatial,486,0
17,40117,1,2,NaN,trial.nocue,467,1
17,40117,1,1,800,trial.invalid,479,1
17,40117,2,2,800,trial.validspatial,271,0
17,40117,2,1,800,trial.validspatial,251,0
17,40117,2,1,0,trial.validspatial,524,0
17,40117,2,2,NaN,trial.nocue,325,0
17,40117,2,2,800,trial.validspatial,237,0
17,40117,1,1,400,trial.validspatial,563,1
17,40117,1,2,800,trial.invalid,556,0
17,40117,2,2,0,trial.validspatial,261,0
17,40117,2,2,800,trial.validspatial,187,0
17,40117,1,1,800,trial.validspatial,361,1
17,40117,2,1,NaN,trial.nocue,501,0
17,40117,1,2,NaN,trial.nocue,328,1
17,40117,1,2,800,trial.validspatial,338,1
17,40117,1,2,0,trial.validspatial,1009,1
17,40117,2,2,0,trial.invalid,380,0
17,40117,1,1,NaN,trial.nocue,394,1
17,40117,2,2,800,trial.validspatial,367,0
17,40117,2,1,800,trial.validspatial,269,0
17,40117,2,1,0,trial.validspatial,389,0
17,40117,1,1,800,trial.doublecue,505,1
17,40117,2,2,800,trial.invalid,386,0
17,40117,1,2,400,trial.validspatial,263,1
17,40117,2,1,800,trial.validspatial,464,1
17,40117,1,2,400,trial.invalid,566,1
17,40117,1,1,800,trial.validspatial,281,1
17,40117,2,2,400,trial.doublecue,372,0
17,40117,1,1,0,trial.validspatial,554,1
17,40117,2,1,NaN,trial.nocue,661,0
17,40117,2,1,400,trial.invalid,507,0
17,40117,1,2,800,trial.invalid,589,1
17,40117,1,2,0,trial.doublecue,372,1
17,40117,1,1,400,trial.validspatial,348,1
17,40117,1,2,400,trial.validspatial,478,1
17,40117,1,1,0,trial.doublecue,1700,0
17,40117,1,1,0,trial.doublecue,348,1
17,40117,1,2,NaN,trial.nocue,435,1
17,40117,2,1,400,trial.doublecue,366,0
17,40117,2,2,400,trial.validspatial,410,0
17,40117,2,2,800,trial.doublecue,426,1
17,40117,2,2,NaN,trial.nocue,321,0
17,40117,1,2,NaN,trial.nocue,370,0
17,40117,1,2,0,trial.doublecue,433,0
17,40117,2,1,800,trial.invalid,423,1
17,40117,1,2,0,trial.validspatial,349,1
17,40117,1,1,0,trial.validspatial,481,1
17,40117,2,1,0,trial.validspatial,458,1
17,40117,1,1,400,trial.invalid,395,1
17,40117,1,2,800,trial.doublecue,353,0
17,40117,2,2,0,trial.validspatial,294,1
17,40117,2,2,0,trial.invalid,300,0
17,40117,1,1,0,trial.validspatial,390,1
17,40117,1,1,400,trial.invalid,443,0
17,40117,2,1,800,trial.validspatial,393,1
17,40117,2,2,400,trial.doublecue,1007,0
17,40117,2,1,0,trial.doublecue,493,1
17,40117,2,2,400,trial.validspatial,463,0
17,40117,1,1,NaN,trial.nocue,492,1
17,40117,2,1,0,trial.invalid,446,1
17,40117,1,2,800,trial.validspatial,401,0
17,40117,1,2,800,trial.doublecue,538,0
17,40117,2,1,400,trial.validspatial,349,1
17,40117,1,1,800,trial.validspatial,316,1
17,40117,1,2,800,trial.validspatial,413,1
17,40117,1,1,0,trial.validspatial,605,1
17,40117,1,2,400,trial.validspatial,312,1
17,40117,2,1,400,trial.invalid,438,1
17,40117,2,1,0,trial.invalid,349,1
17,40117,2,2,NaN,trial.nocue,302,0
17,40117,1,1,800,trial.validspatial,275,1
17,40117,2,2,400,trial.validspatial,220,0
17,40117,2,1,NaN,trial.nocue,371,0
17,40117,1,1,400,trial.validspatial,280,1
17,40117,1,2,NaN,trial.nocue,372,1
17,40117,1,2,0,trial.validspatial,356,0
17,40117,1,2,800,trial.validspatial,428,1
17,40117,1,1,0,trial.validspatial,388,1
17,40117,1,1,400,trial.validspatial,274,1
17,40117,1,1,0,trial.validspatial,345,1
17,40117,1,2,0,trial.invalid,356,1
17,40117,1,2,800,trial.validspatial,389,0
17,40117,1,2,400,trial.validspatial,400,0
17,40117,1,2,400,trial.doublecue,402,0
17,40117,2,2,400,trial.validspatial,425,1
17,40117,2,1,400,trial.doublecue,356,1
17,40117,2,1,0,trial.validspatial,376,1
17,40117,2,1,400,trial.validspatial,244,1
17,40117,1,2,800,trial.validspatial,270,0
17,40117,1,1,800,trial.invalid,471,0
17,40117,2,1,400,trial.validspatial,358,0
17,40117,2,1,800,trial.validspatial,295,1
17,40117,2,2,0,trial.validspatial,493,0
17,40117,1,2,0,trial.validspatial,431,1
17,40117,1,1,400,trial.validspatial,321,1
17,40117,1,1,NaN,trial.nocue,435,1
17,40117,1,2,0,trial.validspatial,335,1
17,40117,1,1,NaN,trial.nocue,401,1
17,40117,2,2,0,trial.validspatial,323,0
17,40117,2,1,800,trial.invalid,341,0
17,40117,2,2,NaN,trial.nocue,527,1
17,40117,1,2,400,trial.invalid,539,0
17,40117,2,2,0,trial.doublecue,397,0
17,40117,1,2,NaN,trial.nocue,411,0
17,40117,1,1,400,trial.validspatial,397,0
17,40117,1,1,800,trial.validspatial,416,1
17,40117,2,1,NaN,trial.nocue,332,0
17,40117,1,1,800,trial.doublecue,405,1
17,40117,2,2,0,trial.doublecue,395,0
17,40117,1,1,0,trial.invalid,401,1
17,40117,1,1,0,trial.invalid,293,1
17,40117,2,1,0,trial.validspatial,336,1
17,40117,2,1,0,trial.validspatial,228,0
17,40117,1,1,400,trial.doublecue,288,1
17,40117,2,2,800,trial.validspatial,239,0
17,40117,2,2,800,trial.validspatial,367,0
17,40117,2,2,0,trial.validspatial,348,0
17,40117,1,2,400,trial.validspatial,287,1
17,40117,2,2,800,trial.invalid,358,0
17,40117,1,2,0,trial.invalid,599,0
17,40117,2,1,400,trial.validspatial,282,0
17,40117,2,1,400,trial.validspatial,413,0
17,40117,2,1,NaN,trial.nocue,729,1
17,40117,2,2,NaN,trial.nocue,480,1
17,40117,2,1,NaN,trial.nocue,416,1
17,40117,1,1,800,trial.validspatial,363,1
17,40117,1,1,NaN,trial.nocue,508,1
17,40117,2,1,800,trial.doublecue,440,1
17,40117,2,2,NaN,trial.nocue,333,0
17,40117,1,2,400,trial.validspatial,306,0
17,40117,1,1,400,trial.doublecue,372,1
17,40117,2,2,400,trial.invalid,341,0
17,40117,1,1,NaN,trial.nocue,301,1
17,40117,2,1,800,trial.validspatial,538,1
17,40117,2,2,0,trial.validspatial,572,0
17,40117,2,1,800,trial.doublecue,302,0
17,40117,2,1,400,trial.validspatial,312,0
17,40117,2,2,400,trial.validspatial,261,0
17,40117,2,1,0,trial.doublecue,490,0
17,40117,2,2,400,trial.validspatial,273,0
17,40117,2,2,400,trial.invalid,1700,0
17,40117,2,2,800,trial.doublecue,445,0
17,40117,1,2,400,trial.doublecue,351,1
17,40117,1,2,0,trial.validspatial,315,1
17,40117,1,2,NaN,trial.nocue,637,1
17,40117,1,1,800,trial.invalid,407,1
17,40117,2,2,800,trial.validspatial,436,0
17,40117,2,1,800,trial.validspatial,341,0
17,40117,2,1,0,trial.validspatial,226,0
17,40117,2,2,NaN,trial.nocue,1700,0
17,40117,2,2,800,trial.validspatial,283,0
17,40117,1,1,400,trial.validspatial,1700,0
17,40117,1,2,800,trial.invalid,234,1
17,40117,2,2,0,trial.validspatial,348,1
17,40117,2,2,800,trial.validspatial,305,1
17,40117,1,1,800,trial.validspatial,320,1
17,40117,2,1,NaN,trial.nocue,376,0
17,40117,1,2,NaN,trial.nocue,303,1
17,40117,1,2,800,trial.validspatial,309,0
17,40117,1,2,0,trial.validspatial,332,1
17,40117,2,2,0,trial.invalid,234,1
17,40117,1,1,NaN,trial.nocue,254,0
17,40117,2,2,800,trial.validspatial,429,1
17,40117,2,1,800,trial.validspatial,301,1
17,40117,2,1,0,trial.validspatial,381,1
17,40117,1,1,800,trial.doublecue,364,0
17,40117,2,2,800,trial.invalid,426,0
17,40117,1,2,400,trial.validspatial,360,1
17,40117,2,1,800,trial.validspatial,378,1
17,40117,1,2,400,trial.invalid,271,1
17,40117,1,1,800,trial.validspatial,430,1
17,40117,2,2,400,trial.doublecue,306,0
17,40117,1,1,0,trial.validspatial,458,0
17,40117,2,1,NaN,trial.nocue,468,0
17,40117,2,1,400,trial.invalid,308,1
17,40117,1,2,800,trial.invalid,460,0
17,40117,1,2,0,trial.doublecue,369,1
17,40117,1,1,400,trial.validspatial,378,1
17,40117,1,2,400,trial.validspatial,351,1
17,40117,1,1,0,trial.doublecue,350,0
17,40117,1,1,0,trial.doublecue,397,1
17,40117,1,2,NaN,trial.nocue,331,0
17,40117,2,1,400,trial.doublecue,370,1
17,40117,2,2,400,trial.validspatial,285,1
17,40117,2,2,800,trial.doublecue,471,1
17,40117,2,2,NaN,trial.nocue,366,0
17,40117,1,2,NaN,trial.nocue,367,1
17,40117,1,2,0,trial.doublecue,363,0
17,40117,2,1,800,trial.invalid,347,0
17,40117,1,2,0,trial.validspatial,420,0
17,40117,1,1,0,trial.validspatial,302,1
17,40117,2,1,0,trial.validspatial,357,0
17,40117,1,1,400,trial.invalid,473,1
17,40117,1,2,800,trial.doublecue,348,1
17,40117,2,2,0,trial.validspatial,392,1
17,40117,2,2,0,trial.invalid,384,1
17,40117,1,1,0,trial.validspatial,410,0
17,40117,1,1,400,trial.invalid,288,0
17,40117,2,1,800,trial.validspatial,417,1
17,40117,2,2,400,trial.doublecue,438,1
17,40117,2,1,0,trial.doublecue,358,0
17,40117,2,2,400,trial.validspatial,545,0
17,40117,1,1,NaN,trial.nocue,340,0
17,40117,2,1,0,trial.invalid,371,1
17,40117,1,2,800,trial.validspatial,315,0
17,40117,1,2,800,trial.doublecue,349,1
17,40117,2,1,400,trial.validspatial,273,0
17,40117,1,1,800,trial.validspatial,315,0
17,40117,1,2,800,trial.validspatial,478,0
17,40117,1,1,0,trial.validspatial,280,1
17,40117,1,2,400,trial.validspatial,234,1
17,40117,2,1,400,trial.invalid,427,1
17,40117,2,1,0,trial.invalid,384,0
17,40117,2,2,NaN,trial.nocue,409,0
17,40117,1,1,800,trial.validspatial,369,0
17,40117,2,2,400,trial.validspatial,357,1
17,40117,2,1,NaN,trial.nocue,404,0
17,40117,1,1,400,trial.validspatial,471,0
17,40117,1,2,NaN,trial.nocue,389,0
17,40117,1,2,0,trial.validspatial,292,0
17,40117,1,2,800,trial.validspatial,420,1
17,40117,1,1,0,trial.validspatial,338,1
17,40117,1,1,400,trial.validspatial,372,0
