subject,date,location_congruence_val,flanker_congruence_val,cue_target_interval,cue_condition,latency,values.correct
128,110617,1,1,0,trial.validspatial,1113,1
128,110617,1,2,0,trial.invalid,892,1
128,110617,1,2,800,trial.validspatial,746,1
128,110617,1,2,400,trial.validspatial,595,1
128,110617,1,2,400,trial.doublecue,765,1
128,110617,2,2,400,trial.validspatial,403,0
128,110617,2,1,400,trial.doublecue,545,1
128,110617,2,1,0,trial.validspatial,605,1
128,110617,2,1,400,trial.validspatial,548,1
128,110617,1,2,800,trial.validspatial,629,1
128,110617,1,1,800,trial.invalid,693,1
128,110617,2,1,400,trial.validspatial,552,1
128,110617,2,1,800,trial.validspatial,502,1
128,110617,2,2,0,trial.validspatial,714,1
128,110617,1,2,0,trial.validspatial,670,1
128,110617,1,1,400,trial.validspatial,562,1
128,110617,1,1,NaN,trial.nocue,658,1
128,110617,1,2,0,trial.validspatial,665,1
128,110617,1,1,NaN,trial.nocue,540,1
128,110617,2,2,0,trial.validspatial,707,1
128,110617,2,1,800,trial.invalid,601,1
128,110617,2,2,NaN,trial.nocue,822,1
128,110617,1,2,400,trial.invalid,712,1
128,110617,2,2,0,trial.doublecue,655,1
128,110617,1,2,NaN,trial.nocue,680,1
128,110617,1,1,400,trial.validspatial,554,1
128,110617,1,1,800,trial.validspatial,694,1
128,110617,2,1,NaN,trial.nocue,702,1
128,110617,1,1,800,trial.doublecue,713,1
128,110617,2,2,0,trial.doublecue,777,1
128,110617,1,1,0,trial.invalid,718,1
128,110617,1,1,0,trial.invalid,607,1
128,110617,2,1,0,trial.validspatial,614,1
128,110617,2,1,0,trial.validspatial,765,1
128,110617,1,1,400,trial.doublecue,477,1
128,110617,2,2,800,trial.validspatial,682,1
128,110617,2,2,800,trial.validspatial,551,1
128,110617,2,2,0,trial.validspatial,770,1
128,110617,1,2,400,trial.validspatial,724,1
128,110617,2,2,800,trial.invalid,652,1
128,110617,1,2,0,trial.invalid,886,1
128,110617,2,1,400,trial.validspatial,474,1
128,110617,2,1,400,trial.validspatial,660,1
128,110617,2,1,NaN,trial.nocue,526,1
128,110617,2,2,NaN,trial.nocue,609,1
128,110617,2,1,NaN,trial.nocue,564,1
128,110617,1,1,800,trial.validspatial,415,1
128,110617,1,1,NaN,trial.nocue,509,1
128,110617,2,1,800,trial.doublecue,746,1
128,110617,2,2,NaN,trial.nocue,821,1
128,110617,1,2,400,trial.validspatial,531,1
128,110617,1,1,400,trial.doublecue,621,1
128,110617,2,2,400,trial.invalid,674,1
128,110617,1,1,NaN,trial.nocue,578,1
128,110617,2,1,800,trial.validspatial,468,1
128,110617,2,2,0,trial.validspatial,838,1
128,110617,2,1,800,trial.doublecue,596,1
128,110617,2,1,400,trial.validspatial,636,1
128,110617,2,2,400,trial.validspatial,495,1
128,110617,2,1,0,trial.doublecue,661,1
128,110617,2,2,400,trial.validspatial,596,1
128,110617,2,2,400,trial.invalid,763,1
128,110617,2,2,800,trial.doublecue,589,1
128,110617,1,2,400,trial.doublecue,969,1
128,110617,1,2,0,trial.validspatial,801,1
128,110617,1,2,NaN,trial.nocue,994,1
128,110617,1,1,800,trial.invalid,628,1
128,110617,2,2,800,trial.validspatial,558,1
128,110617,2,1,800,trial.validspatial,502,1
128,110617,2,1,0,trial.validspatial,772,1
128,110617,2,2,NaN,trial.nocue,1120,1
128,110617,2,2,800,trial.validspatial,561,1
128,110617,1,1,400,trial.validspatial,494,1
128,110617,1,2,800,trial.invalid,934,1
128,110617,2,2,0,trial.validspatial,1038,1
128,110617,2,2,800,trial.validspatial,516,1
128,110617,1,1,800,trial.validspatial,660,1
128,110617,2,1,NaN,trial.nocue,617,1
128,110617,1,2,NaN,trial.nocue,737,1
128,110617,1,2,800,trial.validspatial,545,1
128,110617,1,2,0,trial.validspatial,1700,0
128,110617,2,2,0,trial.invalid,851,1
128,110617,1,1,NaN,trial.nocue,681,1
128,110617,2,2,800,trial.validspatial,497,1
128,110617,2,1,800,trial.validspatial,507,1
128,110617,2,1,0,trial.validspatial,690,1
128,110617,1,1,800,trial.doublecue,671,1
128,110617,2,2,800,trial.invalid,751,1
128,110617,1,2,400,trial.validspatial,821,1
128,110617,2,1,800,trial.validspatial,412,1
128,110617,1,2,400,trial.invalid,904,1
128,110617,1,1,800,trial.validspatial,549,1
128,110617,2,2,400,trial.doublecue,629,1
128,110617,1,1,0,trial.validspatial,774,1
128,110617,2,1,NaN,trial.nocue,697,1
128,110617,2,1,400,trial.invalid,632,1
128,110617,1,2,800,trial.invalid,817,1
128,110617,1,2,0,trial.doublecue,629,1
128,110617,1,1,400,trial.validspatial,496,1
128,110617,1,2,400,trial.validspatial,561,1
128,110617,1,1,0,trial.doublecue,674,1
128,110617,1,1,0,trial.doublecue,837,1
128,110617,1,2,NaN,trial.nocue,1006,1
128,110617,2,1,400,trial.doublecue,590,1
128,110617,2,2,400,trial.validspatial,594,1
128,110617,2,2,800,trial.doublecue,827,1
128,110617,2,2,NaN,trial.nocue,682,1
128,110617,1,2,NaN,trial.nocue,749,1
128,110617,1,2,0,trial.doublecue,1241,1
128,110617,2,1,800,trial.invalid,762,1
128,110617,1,2,0,trial.validspatial,803,1
128,110617,1,1,0,trial.validspatial,782,1
128,110617,2,1,0,trial.validspatial,539,1
128,110617,1,1,400,trial.invalid,757,1
128,110617,1,2,800,trial.doublecue,609,1
128,110617,2,2,0,trial.validspatial,842,1
128,110617,2,2,0,trial.invalid,866,1
128,110617,1,1,0,trial.validspatial,663,1
128,110617,1,1,400,trial.invalid,678,1
128,110617,2,1,800,trial.validspatial,507,1
128,110617,2,2,400,trial.doublecue,873,1
128,110617,2,1,0,trial.doublecue,813,1
128,110617,2,2,400,trial.validspatial,653,1
128,110617,1,1,NaN,trial.nocue,690,1
128,110617,2,1,0,trial.invalid,832,1
128,110617,1,2,800,trial.validspatial,481,1
128,110617,1,2,800,trial.doublecue,957,1
128,110617,2,1,400,trial.validspatial,544,1
128,110617,1,1,800,trial.validspatial,492,1
128,110617,1,2,800,trial.validspatial,580,1
128,110617,1,1,0,trial.validspatial,1400,1
128,110617,1,2,400,trial.validspatial,519,1
128,110617,2,1,400,trial.invalid,538,1
128,110617,2,1,0,trial.invalid,525,1
128,110617,2,2,NaN,trial.nocue,697,1
128,110617,1,1,800,trial.validspatial,354,1
128,110617,2,2,400,trial.validspatial,577,1
128,110617,2,1,NaN,trial.nocue,962,1
128,110617,1,1,400,trial.validspatial,478,1
128,110617,1,2,NaN,trial.nocue,620,1
128,110617,1,2,0,trial.validspatial,528,1
128,110617,1,2,800,trial.validspatial,457,1
128,110617,1,1,0,trial.validspatial,620,1
128,110617,1,1,400,trial.validspatial,385,1
128,110617,1,1,0,trial.validspatial,748,1
128,110617,1,2,0,trial.invalid,898,1
128,110617,1,2,800,trial.validspatial,650,1
128,110617,1,2,400,trial.validspatial,611,1
128,110617,1,2,400,trial.doublecue,748,1
128,110617,2,2,400,trial.validspatial,767,1
128,110617,2,1,400,trial.doublecue,485,1
128,110617,2,1,0,trial.validspatial,641,1
128,110617,2,1,400,trial.validspatial,441,1
128,110617,1,2,800,trial.validspatial,498,1
128,110617,1,1,800,trial.invalid,624,1
128,110617,2,1,400,trial.validspatial,456,1
128,110617,2,1,800,trial.validspatial,429,1
128,110617,2,2,0,trial.validspatial,690,1
128,110617,1,2,0,trial.validspatial,1110,1
128,110617,1,1,400,trial.validspatial,845,1
128,110617,1,1,NaN,trial.nocue,582,1
128,110617,1,2,0,trial.validspatial,507,1
128,110617,1,1,NaN,trial.nocue,615,1
128,110617,2,2,0,trial.validspatial,578,1
128,110617,2,1,800,trial.invalid,583,1
128,110617,2,2,NaN,trial.nocue,708,1
128,110617,1,2,400,trial.invalid,704,1
128,110617,2,2,0,trial.doublecue,728,1
128,110617,1,2,NaN,trial.nocue,751,1
128,110617,1,1,400,trial.validspatial,642,1
128,110617,1,1,800,trial.validspatial,469,1
128,110617,2,1,NaN,trial.nocue,607,1
128,110617,1,1,800,trial.doublecue,514,1
128,110617,2,2,0,trial.doublecue,1009,1
128,110617,1,1,0,trial.invalid,854,1
128,110617,1,1,0,trial.invalid,818,1
128,110617,2,1,0,trial.validspatial,1063,1
128,110617,2,1,0,trial.validspatial,601,1
128,110617,1,1,400,trial.doublecue,547,1
128,110617,2,2,800,trial.validspatial,523,1
128,110617,2,2,800,trial.validspatial,492,1
128,110617,2,2,0,trial.validspatial,756,1
128,110617,1,2,400,trial.validspatial,517,1
128,110617,2,2,800,trial.invalid,788,1
128,110617,1,2,0,trial.invalid,694,1
128,110617,2,1,400,trial.validspatial,510,1
128,110617,2,1,400,trial.validspatial,551,1
128,110617,2,1,NaN,trial.nocue,754,1
128,110617,2,2,NaN,trial.nocue,869,1
128,110617,2,1,NaN,trial.nocue,559,1
128,110617,1,1,800,trial.validspatial,419,1
128,110617,1,1,NaN,trial.nocue,528,1
128,110617,2,1,800,trial.doublecue,636,1
128,110617,2,2,NaN,trial.nocue,727,1
128,110617,1,2,400,trial.validspatial,631,1
128,110617,1,1,400,trial.doublecue,556,1
128,110617,2,2,400,trial.invalid,874,1
128,110617,1,1,NaN,trial.nocue,762,1
128,110617,2,1,800,trial.validspatial,507,1
128,110617,2,2,0,trial.validspatial,941,1
128,110617,2,1,800,trial.doublecue,531,1
128,110617,2,1,400,trial.validspatial,612,1
128,110617,2,2,400,trial.validspatial,614,1
128,110617,2,1,0,trial.doublecue,776,1
128,110617,2,2,400,trial.validspatial,699,1
128,110617,2,2,400,trial.invalid,715,1
128,110617,2,2,800,trial.doublecue,468,1
128,110617,1,2,400,trial.doublecue,545,1
128,110617,1,2,0,trial.validspatial,1700,0
128,110617,1,2,NaN,trial.nocue,595,1
128,110617,1,1,800,trial.invalid,567,1
128,110617,2,2,800,trial.validspatial,448,1
128,110617,2,1,800,trial.validspatial,507,1
128,110617,2,1,0,trial.validspatial,554,1
128,110617,2,2,NaN,trial.nocue,975,1
128,110617,2,2,800,trial.validspatial,433,1
128,110617,1,1,400,trial.validspatial,1700,0
128,110617,1,2,800,trial.invalid,543,1
128,110617,2,2,0,trial.validspatial,793,1
128,110617,2,2,800,trial.validspatial,626,1
128,110617,1,1,800,trial.validspatial,540,1
128,110617,2,1,NaN,trial.nocue,786,1
128,110617,1,2,NaN,trial.nocue,582,1
128,110617,1,2,800,trial.validspatial,410,1
128,110617,1,2,0,trial.validspatial,793,1
128,110617,2,2,0,trial.invalid,453,1
128,110617,1,1,NaN,trial.nocue,526,1
128,110617,2,2,800,trial.validspatial,878,1
128,110617,2,1,800,trial.validspatial,508,1
128,110617,2,1,0,trial.validspatial,400,1
128,110617,1,1,800,trial.doublecue,949,1
128,110617,2,2,800,trial.invalid,868,1
128,110617,1,2,400,trial.validspatial,595,1
128,110617,2,1,800,trial.validspatial,571,1
128,110617,1,2,400,trial.invalid,609,1
128,110617,1,1,800,trial.validspatial,642,1
128,110617,2,2,400,trial.doublecue,582,1
128,110617,1,1,0,trial.validspatial,579,1
128,110617,2,1,NaN,trial.nocue,1063,1
128,110617,2,1,400,trial.invalid,679,1
128,110617,1,2,800,trial.invalid,520,1
128,110617,1,2,0,trial.doublecue,755,1
128,110617,1,1,400,trial.validspatial,342,1
128,110617,1,2,400,trial.validspatial,492,1
128,110617,1,1,0,trial.doublecue,952,1
128,110617,1,1,0,trial.doublecue,603,1
128,110617,1,2,NaN,trial.nocue,595,0
128,110617,2,1,400,trial.doublecue,747,1
128,110617,2,2,400,trial.validspatial,861,1
128,110617,2,2,800,trial.doublecue,611,1
128,110617,2,2,NaN,trial.nocue,845,1
128,110617,1,2,NaN,trial.nocue,621,1
128,110617,1,2,0,trial.doublecue,655,1
128,110617,2,1,800,trial.invalid,1048,1
128,110617,1,2,0,trial.validspatial,818,1
128,110617,1,1,0,trial.validspatial,548,1
128,110617,2,1,0,trial.validspatial,771,1
128,110617,1,1,400,trial.invalid,798,1
128,110617,1,2,800,trial.doublecue,476,1
128,110617,2,2,0,trial.validspatial,486,1
128,110617,2,2,0,trial.invalid,513,1
128,110617,1,1,0,trial.validspatial,723,1
128,110617,1,1,400,trial.invalid,598,1
128,110617,2,1,800,trial.validspatial,594,1
128,110617,2,2,400,trial.doublecue,654,1
128,110617,2,1,0,trial.doublecue,1169,1
128,110617,2,2,400,trial.validspatial,1276,1
128,110617,1,1,NaN,trial.nocue,651,1
128,110617,2,1,0,trial.invalid,1087,1
128,110617,1,2,800,trial.validspatial,1061,1
128,110617,1,2,800,trial.doublecue,629,1
128,110617,2,1,400,trial.validspatial,541,1
128,110617,1,1,800,trial.validspatial,919,1
128,110617,1,2,800,trial.validspatial,498,1
128,110617,1,1,0,trial.validspatial,551,1
128,110617,1,2,400,trial.validspatial,606,1
128,110617,2,1,400,trial.invalid,687,1
128,110617,2,1,0,trial.invalid,627,1
128,110617,2,2,NaN,trial.nocue,698,1
128,110617,1,1,800,trial.validspatial,537,1
128,110617,2,2,400,trial.validspatial,534,1
128,110617,2,1,NaN,trial.nocue,755,1
128,110617,1,1,400,trial.validspatial,683,1
128,110617,1,2,NaN,trial.nocue,530,1
128,110617,1,2,0,trial.validspatial,527,1
128,110617,1,2,800,trial.validspatial,589,1
128,110617,1,1,0,trial.validspatial,1700,0
128,110617,1,1,400,trial.validspatial,1546,1
