subject,date,location_congruence_val,flanker_congruence_val,cue_target_interval,cue_condition,latency,values.correct
579,63017,1,1,0,trial.validspatial,1700,0
579,63017,1,2,0,trial.invalid,1700,0
579,63017,1,2,800,trial.validspatial,1188,1
579,63017,1,2,400,trial.validspatial,805,1
579,63017,1,2,400,trial.doublecue,1480,1
579,63017,2,2,400,trial.validspatial,731,1
579,63017,2,1,400,trial.doublecue,882,1
579,63017,2,1,0,trial.validspatial,715,1
579,63017,2,1,400,trial.validspatial,606,1
579,63017,1,2,800,trial.validspatial,631,1
579,63017,1,1,800,trial.invalid,732,1
579,63017,2,1,400,trial.validspatial,527,1
579,63017,2,1,800,trial.validspatial,544,1
579,63017,2,2,0,trial.validspatial,705,1
579,63017,1,2,0,trial.validspatial,828,1
579,63017,1,1,400,trial.validspatial,488,1
579,63017,1,1,NaN,trial.nocue,870,1
579,63017,1,2,0,trial.validspatial,569,1
579,63017,1,1,NaN,trial.nocue,719,1
579,63017,2,2,0,trial.validspatial,789,1
579,63017,2,1,800,trial.invalid,1136,1
579,63017,2,2,NaN,trial.nocue,852,1
579,63017,1,2,400,trial.invalid,1256,1
579,63017,2,2,0,trial.doublecue,982,1
579,63017,1,2,NaN,trial.nocue,903,1
579,63017,1,1,400,trial.validspatial,646,1
579,63017,1,1,800,trial.validspatial,648,1
579,63017,2,1,NaN,trial.nocue,750,1
579,63017,1,1,800,trial.doublecue,642,1
579,63017,2,2,0,trial.doublecue,1023,1
579,63017,1,1,0,trial.invalid,716,1
579,63017,1,1,0,trial.invalid,726,1
579,63017,2,1,0,trial.validspatial,645,1
579,63017,2,1,0,trial.validspatial,601,1
579,63017,1,1,400,trial.doublecue,669,1
579,63017,2,2,800,trial.validspatial,543,1
579,63017,2,2,800,trial.validspatial,599,1
579,63017,2,2,0,trial.validspatial,647,1
579,63017,1,2,400,trial.validspatial,704,1
579,63017,2,2,800,trial.invalid,886,1
579,63017,1,2,0,trial.invalid,932,1
579,63017,2,1,400,trial.validspatial,590,1
579,63017,2,1,400,trial.validspatial,593,1
579,63017,2,1,NaN,trial.nocue,1125,1
579,63017,2,2,NaN,trial.nocue,1208,1
579,63017,2,1,NaN,trial.nocue,712,1
579,63017,1,1,800,trial.validspatial,539,1
579,63017,1,1,NaN,trial.nocue,740,1
579,63017,2,1,800,trial.doublecue,575,1
579,63017,2,2,NaN,trial.nocue,699,1
579,63017,1,2,400,trial.validspatial,601,1
579,63017,1,1,400,trial.doublecue,690,1
579,63017,2,2,400,trial.invalid,774,1
579,63017,1,1,NaN,trial.nocue,812,1
579,63017,2,1,800,trial.validspatial,679,1
579,63017,2,2,0,trial.validspatial,699,1
579,63017,2,1,800,trial.doublecue,662,1
579,63017,2,1,400,trial.validspatial,538,1
579,63017,2,2,400,trial.validspatial,607,1
579,63017,2,1,0,trial.doublecue,1052,1
579,63017,2,2,400,trial.validspatial,595,1
579,63017,2,2,400,trial.invalid,763,1
579,63017,2,2,800,trial.doublecue,853,1
579,63017,1,2,400,trial.doublecue,600,1
579,63017,1,2,0,trial.validspatial,1080,1
579,63017,1,2,NaN,trial.nocue,772,1
579,63017,1,1,800,trial.invalid,704,1
579,63017,2,2,800,trial.validspatial,900,1
579,63017,2,1,800,trial.validspatial,604,1
579,63017,2,1,0,trial.validspatial,751,1
579,63017,2,2,NaN,trial.nocue,1211,1
579,63017,2,2,800,trial.validspatial,1223,1
579,63017,1,1,400,trial.validspatial,810,1
579,63017,1,2,800,trial.invalid,919,1
579,63017,2,2,0,trial.validspatial,576,1
579,63017,2,2,800,trial.validspatial,848,1
579,63017,1,1,800,trial.validspatial,599,1
579,63017,2,1,NaN,trial.nocue,651,1
579,63017,1,2,NaN,trial.nocue,1098,1
579,63017,1,2,800,trial.validspatial,781,1
579,63017,1,2,0,trial.validspatial,765,1
579,63017,2,2,0,trial.invalid,1019,1
579,63017,1,1,NaN,trial.nocue,972,1
579,63017,2,2,800,trial.validspatial,798,1
579,63017,2,1,800,trial.validspatial,680,1
579,63017,2,1,0,trial.validspatial,780,1
579,63017,1,1,800,trial.doublecue,592,1
579,63017,2,2,800,trial.invalid,973,1
579,63017,1,2,400,trial.validspatial,616,1
579,63017,2,1,800,trial.validspatial,599,1
579,63017,1,2,400,trial.invalid,1042,1
579,63017,1,1,800,trial.validspatial,724,1
579,63017,2,2,400,trial.doublecue,641,1
579,63017,1,1,0,trial.validspatial,1431,1
579,63017,2,1,NaN,trial.nocue,1622,1
579,63017,2,1,400,trial.invalid,785,1
579,63017,1,2,800,trial.invalid,1148,1
579,63017,1,2,0,trial.doublecue,1024,1
579,63017,1,1,400,trial.validspatial,758,1
579,63017,1,2,400,trial.validspatial,701,1
579,63017,1,1,0,trial.doublecue,825,1
579,63017,1,1,0,trial.doublecue,720,1
579,63017,1,2,NaN,trial.nocue,856,1
579,63017,2,1,400,trial.doublecue,776,1
579,63017,2,2,400,trial.validspatial,675,1
579,63017,2,2,800,trial.doublecue,918,1
579,63017,2,2,NaN,trial.nocue,930,1
579,63017,1,2,NaN,trial.nocue,892,1
579,63017,1,2,0,trial.doublecue,903,1
579,63017,2,1,800,trial.invalid,924,1
579,63017,1,2,0,trial.validspatial,671,1
579,63017,1,1,0,trial.validspatial,759,1
579,63017,2,1,0,trial.validspatial,633,1
579,63017,1,1,400,trial.invalid,885,1
579,63017,1,2,800,trial.doublecue,671,1
579,63017,2,2,0,trial.validspatial,1337,1
579,63017,2,2,0,trial.invalid,947,1
579,63017,1,1,0,trial.validspatial,848,1
579,63017,1,1,400,trial.invalid,801,1
579,63017,2,1,800,trial.validspatial,658,1
579,63017,2,2,400,trial.doublecue,941,1
579,63017,2,1,0,trial.doublecue,682,1
579,63017,2,2,400,trial.validspatial,602,1
579,63017,1,1,NaN,trial.nocue,739,1
579,63017,2,1,0,trial.invalid,526,1
579,63017,1,2,800,trial.validspatial,581,1
579,63017,1,2,800,trial.doublecue,732,1
579,63017,2,1,400,trial.validspatial,628,1
579,63017,1,1,800,trial.validspatial,626,1
579,63017,1,2,800,trial.validspatial,1021,1
579,63017,1,1,0,trial.validspatial,647,1
579,63017,1,2,400,trial.validspatial,702,1
579,63017,2,1,400,trial.invalid,940,1
579,63017,2,1,0,trial.invalid,609,1
579,63017,2,2,NaN,trial.nocue,1112,1
579,63017,1,1,800,trial.validspatial,613,1
579,63017,2,2,400,trial.validspatial,680,1
579,63017,2,1,NaN,trial.nocue,994,1
579,63017,1,1,400,trial.validspatial,633,1
579,63017,1,2,NaN,trial.nocue,1183,1
579,63017,1,2,0,trial.validspatial,723,1
579,63017,1,2,800,trial.validspatial,778,1
579,63017,1,1,0,trial.validspatial,862,1
579,63017,1,1,400,trial.validspatial,569,1
579,63017,1,1,0,trial.validspatial,1700,0
579,63017,1,2,0,trial.invalid,1206,1
579,63017,1,2,800,trial.validspatial,528,1
579,63017,1,2,400,trial.validspatial,680,1
579,63017,1,2,400,trial.doublecue,916,1
579,63017,2,2,400,trial.validspatial,648,1
579,63017,2,1,400,trial.doublecue,615,1
579,63017,2,1,0,trial.validspatial,903,1
579,63017,2,1,400,trial.validspatial,1226,1
579,63017,1,2,800,trial.validspatial,643,1
579,63017,1,1,800,trial.invalid,808,1
579,63017,2,1,400,trial.validspatial,587,1
579,63017,2,1,800,trial.validspatial,451,1
579,63017,2,2,0,trial.validspatial,924,1
579,63017,1,2,0,trial.validspatial,739,1
579,63017,1,1,400,trial.validspatial,453,1
579,63017,1,1,NaN,trial.nocue,507,1
579,63017,1,2,0,trial.validspatial,631,1
579,63017,1,1,NaN,trial.nocue,679,1
579,63017,2,2,0,trial.validspatial,1096,1
579,63017,2,1,800,trial.invalid,1171,1
579,63017,2,2,NaN,trial.nocue,960,1
579,63017,1,2,400,trial.invalid,1037,1
579,63017,2,2,0,trial.doublecue,1171,1
579,63017,1,2,NaN,trial.nocue,899,1
579,63017,1,1,400,trial.validspatial,634,1
579,63017,1,1,800,trial.validspatial,627,1
579,63017,2,1,NaN,trial.nocue,665,1
579,63017,1,1,800,trial.doublecue,628,1
579,63017,2,2,0,trial.doublecue,1283,1
579,63017,1,1,0,trial.invalid,736,1
579,63017,1,1,0,trial.invalid,803,1
579,63017,2,1,0,trial.validspatial,531,1
579,63017,2,1,0,trial.validspatial,578,1
579,63017,1,1,400,trial.doublecue,862,1
579,63017,2,2,800,trial.validspatial,601,1
579,63017,2,2,800,trial.validspatial,569,1
579,63017,2,2,0,trial.validspatial,722,1
579,63017,1,2,400,trial.validspatial,590,1
579,63017,2,2,800,trial.invalid,884,1
579,63017,1,2,0,trial.invalid,803,1
579,63017,2,1,400,trial.validspatial,1173,1
579,63017,2,1,400,trial.validspatial,855,1
579,63017,2,1,NaN,trial.nocue,987,1
579,63017,2,2,NaN,trial.nocue,1510,1
579,63017,2,1,NaN,trial.nocue,759,1
579,63017,1,1,800,trial.validspatial,619,1
579,63017,1,1,NaN,trial.nocue,668,1
579,63017,2,1,800,trial.doublecue,623,1
579,63017,2,2,NaN,trial.nocue,1267,1
579,63017,1,2,400,trial.validspatial,713,1
579,63017,1,1,400,trial.doublecue,633,1
579,63017,2,2,400,trial.invalid,1118,1
579,63017,1,1,NaN,trial.nocue,804,1
579,63017,2,1,800,trial.validspatial,687,1
579,63017,2,2,0,trial.validspatial,1105,1
579,63017,2,1,800,trial.doublecue,943,1
579,63017,2,1,400,trial.validspatial,779,1
579,63017,2,2,400,trial.validspatial,713,1
579,63017,2,1,0,trial.doublecue,782,1
579,63017,2,2,400,trial.validspatial,733,1
579,63017,2,2,400,trial.invalid,1470,1
579,63017,2,2,800,trial.doublecue,903,1
579,63017,1,2,400,trial.doublecue,578,1
579,63017,1,2,0,trial.validspatial,850,1
579,63017,1,2,NaN,trial.nocue,990,1
579,63017,1,1,800,trial.invalid,739,1
579,63017,2,2,800,trial.validspatial,591,1
579,63017,2,1,800,trial.validspatial,470,1
579,63017,2,1,0,trial.validspatial,539,1
579,63017,2,2,NaN,trial.nocue,982,1
579,63017,2,2,800,trial.validspatial,521,1
579,63017,1,1,400,trial.validspatial,1700,0
579,63017,1,2,800,trial.invalid,593,1
579,63017,2,2,0,trial.validspatial,1078,1
579,63017,2,2,800,trial.validspatial,968,1
579,63017,1,1,800,trial.validspatial,682,1
579,63017,2,1,NaN,trial.nocue,1085,1
579,63017,1,2,NaN,trial.nocue,640,1
579,63017,1,2,800,trial.validspatial,591,1
579,63017,1,2,0,trial.validspatial,767,1
579,63017,2,2,0,trial.invalid,657,1
579,63017,1,1,NaN,trial.nocue,842,1
579,63017,2,2,800,trial.validspatial,687,1
579,63017,2,1,800,trial.validspatial,1353,1
579,63017,2,1,0,trial.validspatial,714,1
579,63017,1,1,800,trial.doublecue,954,1
579,63017,2,2,800,trial.invalid,712,1
579,63017,1,2,400,trial.validspatial,545,1
579,63017,2,1,800,trial.validspatial,679,1
579,63017,1,2,400,trial.invalid,571,1
579,63017,1,1,800,trial.validspatial,792,1
579,63017,2,2,400,trial.doublecue,966,1
579,63017,1,1,0,trial.validspatial,1097,1
579,63017,2,1,NaN,trial.nocue,1190,1
579,63017,2,1,400,trial.invalid,1106,1
579,63017,1,2,800,trial.invalid,1224,1
579,63017,1,2,0,trial.doublecue,961,1
579,63017,1,1,400,trial.validspatial,544,1
579,63017,1,2,400,trial.validspatial,586,1
579,63017,1,1,0,trial.doublecue,679,1
579,63017,1,1,0,trial.doublecue,595,1
579,63017,1,2,NaN,trial.nocue,1209,1
579,63017,2,1,400,trial.doublecue,708,1
579,63017,2,2,400,trial.validspatial,744,1
579,63017,2,2,800,trial.doublecue,735,1
579,63017,2,2,NaN,trial.nocue,1126,1
579,63017,1,2,NaN,trial.nocue,682,1
579,63017,1,2,0,trial.doublecue,653,1
579,63017,2,1,800,trial.invalid,661,1
579,63017,1,2,0,trial.validspatial,822,1
579,63017,1,1,0,trial.validspatial,556,1
579,63017,2,1,0,trial.validspatial,843,1
579,63017,1,1,400,trial.invalid,1072,1
579,63017,1,2,800,trial.doublecue,1178,1
579,63017,2,2,0,trial.validspatial,501,1
579,63017,2,2,0,trial.invalid,1700,0
579,63017,1,1,0,trial.validspatial,764,1
579,63017,1,1,400,trial.invalid,620,1
579,63017,2,1,800,trial.validspatial,659,1
579,63017,2,2,400,trial.doublecue,644,1
579,63017,2,1,0,trial.doublecue,511,1
579,63017,2,2,400,trial.validspatial,1187,1
579,63017,1,1,NaN,trial.nocue,720,1
579,63017,2,1,0,trial.invalid,537,1
579,63017,1,2,800,trial.validspatial,1493,1
579,63017,1,2,800,trial.doublecue,810,1
579,63017,2,1,400,trial.validspatial,790,1
579,63017,1,1,800,trial.validspatial,929,1
579,63017,1,2,800,trial.validspatial,703,1
579,63017,1,1,0,trial.validspatial,658,1
579,63017,1,2,400,trial.validspatial,704,1
579,63017,2,1,400,trial.invalid,1612,1
579,63017,2,1,0,trial.invalid,772,1
579,63017,2,2,NaN,trial.nocue,1212,1
579,63017,1,1,800,trial.validspatial,733,1
579,63017,2,2,400,trial.validspatial,649,1
579,63017,2,1,NaN,trial.nocue,1137,1
579,63017,1,1,400,trial.validspatial,860,1
579,63017,1,2,NaN,trial.nocue,1177,1
579,63017,1,2,0,trial.validspatial,621,1
579,63017,1,2,800,trial.validspatial,1156,1
579,63017,1,1,0,trial.validspatial,1159,1
579,63017,1,1,400,trial.validspatial,1060,1
