subject,date,location_congruence_val,flanker_congruence_val,cue_target_interval,cue_condition,latency,values.correct
538,63017,1,1,0,trial.validspatial,1105,1
538,63017,1,2,0,trial.invalid,1700,0
538,63017,1,2,800,trial.validspatial,1662,1
538,63017,1,2,400,trial.validspatial,1191,1
538,63017,1,2,400,trial.doublecue,1456,1
538,63017,2,2,400,trial.validspatial,893,1
538,63017,2,1,400,trial.doublecue,866,1
538,63017,2,1,0,trial.validspatial,752,1
538,63017,2,1,400,trial.validspatial,878,1
538,63017,1,2,800,trial.validspatial,758,1
538,63017,1,1,800,trial.invalid,928,1
538,63017,2,1,400,trial.validspatial,678,1
538,63017,2,1,800,trial.validspatial,723,1
538,63017,2,2,0,trial.validspatial,931,1
538,63017,1,2,0,trial.validspatial,1145,1
538,63017,1,1,400,trial.validspatial,646,1
538,63017,1,1,NaN,trial.nocue,796,1
538,63017,1,2,0,trial.validspatial,1136,1
538,63017,1,1,NaN,trial.nocue,948,1
538,63017,2,2,0,trial.validspatial,1700,0
538,63017,2,1,800,trial.invalid,1053,1
538,63017,2,2,NaN,trial.nocue,960,1
538,63017,1,2,400,trial.invalid,1500,1
538,63017,2,2,0,trial.doublecue,1301,1
538,63017,1,2,NaN,trial.nocue,968,1
538,63017,1,1,400,trial.validspatial,694,1
538,63017,1,1,800,trial.validspatial,665,1
538,63017,2,1,NaN,trial.nocue,1122,1
538,63017,1,1,800,trial.doublecue,782,1
538,63017,2,2,0,trial.doublecue,1479,1
538,63017,1,1,0,trial.invalid,1052,1
538,63017,1,1,0,trial.invalid,733,1
538,63017,2,1,0,trial.validspatial,796,1
538,63017,2,1,0,trial.validspatial,793,1
538,63017,1,1,400,trial.doublecue,721,1
538,63017,2,2,800,trial.validspatial,888,1
538,63017,2,2,800,trial.validspatial,1015,1
538,63017,2,2,0,trial.validspatial,859,1
538,63017,1,2,400,trial.validspatial,784,1
538,63017,2,2,800,trial.invalid,939,1
538,63017,1,2,0,trial.invalid,1069,1
538,63017,2,1,400,trial.validspatial,800,1
538,63017,2,1,400,trial.validspatial,662,1
538,63017,2,1,NaN,trial.nocue,693,1
538,63017,2,2,NaN,trial.nocue,1055,1
538,63017,2,1,NaN,trial.nocue,912,1
538,63017,1,1,800,trial.validspatial,669,1
538,63017,1,1,NaN,trial.nocue,696,1
538,63017,2,1,800,trial.doublecue,651,1
538,63017,2,2,NaN,trial.nocue,1020,1
538,63017,1,2,400,trial.validspatial,1033,1
538,63017,1,1,400,trial.doublecue,715,1
538,63017,2,2,400,trial.invalid,937,1
538,63017,1,1,NaN,trial.nocue,807,1
538,63017,2,1,800,trial.validspatial,689,1
538,63017,2,2,0,trial.validspatial,1434,1
538,63017,2,1,800,trial.doublecue,647,1
538,63017,2,1,400,trial.validspatial,707,1
538,63017,2,2,400,trial.validspatial,993,1
538,63017,2,1,0,trial.doublecue,667,1
538,63017,2,2,400,trial.validspatial,1058,1
538,63017,2,2,400,trial.invalid,985,1
538,63017,2,2,800,trial.doublecue,753,1
538,63017,1,2,400,trial.doublecue,801,1
538,63017,1,2,0,trial.validspatial,973,1
538,63017,1,2,NaN,trial.nocue,997,1
538,63017,1,1,800,trial.invalid,713,1
538,63017,2,2,800,trial.validspatial,914,1
538,63017,2,1,800,trial.validspatial,547,1
538,63017,2,1,0,trial.validspatial,710,1
538,63017,2,2,NaN,trial.nocue,1124,1
538,63017,2,2,800,trial.validspatial,708,1
538,63017,1,1,400,trial.validspatial,719,1
538,63017,1,2,800,trial.invalid,1156,1
538,63017,2,2,0,trial.validspatial,783,1
538,63017,2,2,800,trial.validspatial,765,1
538,63017,1,1,800,trial.validspatial,718,1
538,63017,2,1,NaN,trial.nocue,750,1
538,63017,1,2,NaN,trial.nocue,885,1
538,63017,1,2,800,trial.validspatial,1110,1
538,63017,1,2,0,trial.validspatial,943,1
538,63017,2,2,0,trial.invalid,973,1
538,63017,1,1,NaN,trial.nocue,995,1
538,63017,2,2,800,trial.validspatial,747,1
538,63017,2,1,800,trial.validspatial,471,1
538,63017,2,1,0,trial.validspatial,677,1
538,63017,1,1,800,trial.doublecue,661,1
538,63017,2,2,800,trial.invalid,989,1
538,63017,1,2,400,trial.validspatial,959,1
538,63017,2,1,800,trial.validspatial,771,1
538,63017,1,2,400,trial.invalid,866,1
538,63017,1,1,800,trial.validspatial,868,1
538,63017,2,2,400,trial.doublecue,761,1
538,63017,1,1,0,trial.validspatial,785,1
538,63017,2,1,NaN,trial.nocue,650,1
538,63017,2,1,400,trial.invalid,671,1
538,63017,1,2,800,trial.invalid,1021,1
538,63017,1,2,0,trial.doublecue,1121,1
538,63017,1,1,400,trial.validspatial,622,1
538,63017,1,2,400,trial.validspatial,845,1
538,63017,1,1,0,trial.doublecue,766,1
538,63017,1,1,0,trial.doublecue,682,1
538,63017,1,2,NaN,trial.nocue,934,1
538,63017,2,1,400,trial.doublecue,761,1
538,63017,2,2,400,trial.validspatial,664,1
538,63017,2,2,800,trial.doublecue,1015,1
538,63017,2,2,NaN,trial.nocue,766,1
538,63017,1,2,NaN,trial.nocue,799,1
538,63017,1,2,0,trial.doublecue,875,1
538,63017,2,1,800,trial.invalid,829,1
538,63017,1,2,0,trial.validspatial,881,1
538,63017,1,1,0,trial.validspatial,605,1
538,63017,2,1,0,trial.validspatial,576,1
538,63017,1,1,400,trial.invalid,786,1
538,63017,1,2,800,trial.doublecue,886,1
538,63017,2,2,0,trial.validspatial,1057,1
538,63017,2,2,0,trial.invalid,810,1
538,63017,1,1,0,trial.validspatial,958,1
538,63017,1,1,400,trial.invalid,535,1
538,63017,2,1,800,trial.validspatial,565,1
538,63017,2,2,400,trial.doublecue,981,1
538,63017,2,1,0,trial.doublecue,590,1
538,63017,2,2,400,trial.validspatial,973,1
538,63017,1,1,NaN,trial.nocue,654,1
538,63017,2,1,0,trial.invalid,682,1
538,63017,1,2,800,trial.validspatial,1005,1
538,63017,1,2,800,trial.doublecue,1362,1
538,63017,2,1,400,trial.validspatial,699,1
538,63017,1,1,800,trial.validspatial,500,1
538,63017,1,2,800,trial.validspatial,931,1
538,63017,1,1,0,trial.validspatial,624,1
538,63017,1,2,400,trial.validspatial,678,1
538,63017,2,1,400,trial.invalid,740,1
538,63017,2,1,0,trial.invalid,603,1
538,63017,2,2,NaN,trial.nocue,798,1
538,63017,1,1,800,trial.validspatial,499,1
538,63017,2,2,400,trial.validspatial,656,1
538,63017,2,1,NaN,trial.nocue,550,1
538,63017,1,1,400,trial.validspatial,563,1
538,63017,1,2,NaN,trial.nocue,726,1
538,63017,1,2,0,trial.validspatial,846,1
538,63017,1,2,800,trial.validspatial,890,1
538,63017,1,1,0,trial.validspatial,669,1
538,63017,1,1,400,trial.validspatial,470,1
538,63017,1,1,0,trial.validspatial,555,1
538,63017,1,2,0,trial.invalid,476,1
538,63017,1,2,800,trial.validspatial,884,1
538,63017,1,2,400,trial.validspatial,839,1
538,63017,1,2,400,trial.doublecue,945,1
538,63017,2,2,400,trial.validspatial,754,1
538,63017,2,1,400,trial.doublecue,661,1
538,63017,2,1,0,trial.validspatial,557,1
538,63017,2,1,400,trial.validspatial,518,1
538,63017,1,2,800,trial.validspatial,966,1
538,63017,1,1,800,trial.invalid,556,1
538,63017,2,1,400,trial.validspatial,609,1
538,63017,2,1,800,trial.validspatial,580,1
538,63017,2,2,0,trial.validspatial,956,1
538,63017,1,2,0,trial.validspatial,818,1
538,63017,1,1,400,trial.validspatial,466,1
538,63017,1,1,NaN,trial.nocue,516,1
538,63017,1,2,0,trial.validspatial,962,1
538,63017,1,1,NaN,trial.nocue,783,0
538,63017,2,2,0,trial.validspatial,771,1
538,63017,2,1,800,trial.invalid,622,1
538,63017,2,2,NaN,trial.nocue,901,1
538,63017,1,2,400,trial.invalid,946,1
538,63017,2,2,0,trial.doublecue,814,1
538,63017,1,2,NaN,trial.nocue,836,1
538,63017,1,1,400,trial.validspatial,668,1
538,63017,1,1,800,trial.validspatial,605,1
538,63017,2,1,NaN,trial.nocue,632,1
538,63017,1,1,800,trial.doublecue,642,1
538,63017,2,2,0,trial.doublecue,1037,1
538,63017,1,1,0,trial.invalid,641,1
538,63017,1,1,0,trial.invalid,616,1
538,63017,2,1,0,trial.validspatial,636,1
538,63017,2,1,0,trial.validspatial,720,1
538,63017,1,1,400,trial.doublecue,493,1
538,63017,2,2,800,trial.validspatial,785,1
538,63017,2,2,800,trial.validspatial,923,1
538,63017,2,2,0,trial.validspatial,605,1
538,63017,1,2,400,trial.validspatial,872,1
538,63017,2,2,800,trial.invalid,932,1
538,63017,1,2,0,trial.invalid,959,1
538,63017,2,1,400,trial.validspatial,513,1
538,63017,2,1,400,trial.validspatial,560,1
538,63017,2,1,NaN,trial.nocue,576,1
538,63017,2,2,NaN,trial.nocue,1132,1
538,63017,2,1,NaN,trial.nocue,710,1
538,63017,1,1,800,trial.validspatial,750,1
538,63017,1,1,NaN,trial.nocue,476,1
538,63017,2,1,800,trial.doublecue,732,1
538,63017,2,2,NaN,trial.nocue,889,1
538,63017,1,2,400,trial.validspatial,1080,1
538,63017,1,1,400,trial.doublecue,569,1
538,63017,2,2,400,trial.invalid,675,1
538,63017,1,1,NaN,trial.nocue,627,1
538,63017,2,1,800,trial.validspatial,498,1
538,63017,2,2,0,trial.validspatial,512,0
538,63017,2,1,800,trial.doublecue,669,1
538,63017,2,1,400,trial.validspatial,527,1
538,63017,2,2,400,trial.validspatial,762,1
538,63017,2,1,0,trial.doublecue,579,1
538,63017,2,2,400,trial.validspatial,817,1
538,63017,2,2,400,trial.invalid,755,1
538,63017,2,2,800,trial.doublecue,627,1
538,63017,1,2,400,trial.doublecue,714,1
538,63017,1,2,0,trial.validspatial,797,1
538,63017,1,2,NaN,trial.nocue,816,1
538,63017,1,1,800,trial.invalid,591,1
538,63017,2,2,800,trial.validspatial,546,1
538,63017,2,1,800,trial.validspatial,466,1
538,63017,2,1,0,trial.validspatial,508,1
538,63017,2,2,NaN,trial.nocue,1006,1
538,63017,2,2,800,trial.validspatial,794,1
538,63017,1,1,400,trial.validspatial,1700,0
538,63017,1,2,800,trial.invalid,658,1
538,63017,2,2,0,trial.validspatial,1007,1
538,63017,2,2,800,trial.validspatial,867,1
538,63017,1,1,800,trial.validspatial,774,1
538,63017,2,1,NaN,trial.nocue,831,1
538,63017,1,2,NaN,trial.nocue,556,1
538,63017,1,2,800,trial.validspatial,728,1
538,63017,1,2,0,trial.validspatial,541,1
538,63017,2,2,0,trial.invalid,680,1
538,63017,1,1,NaN,trial.nocue,1038,1
538,63017,2,2,800,trial.validspatial,571,1
538,63017,2,1,800,trial.validspatial,533,1
538,63017,2,1,0,trial.validspatial,707,1
538,63017,1,1,800,trial.doublecue,825,1
538,63017,2,2,800,trial.invalid,791,1
538,63017,1,2,400,trial.validspatial,494,1
538,63017,2,1,800,trial.validspatial,519,1
538,63017,1,2,400,trial.invalid,797,1
538,63017,1,1,800,trial.validspatial,666,1
538,63017,2,2,400,trial.doublecue,815,1
538,63017,1,1,0,trial.validspatial,733,1
538,63017,2,1,NaN,trial.nocue,915,1
538,63017,2,1,400,trial.invalid,834,1
538,63017,1,2,800,trial.invalid,837,1
538,63017,1,2,0,trial.doublecue,1225,1
538,63017,1,1,400,trial.validspatial,545,1
538,63017,1,2,400,trial.validspatial,631,1
538,63017,1,1,0,trial.doublecue,756,1
538,63017,1,1,0,trial.doublecue,636,1
538,63017,1,2,NaN,trial.nocue,593,0
538,63017,2,1,400,trial.doublecue,829,1
538,63017,2,2,400,trial.validspatial,576,1
538,63017,2,2,800,trial.doublecue,617,1
538,63017,2,2,NaN,trial.nocue,592,1
538,63017,1,2,NaN,trial.nocue,490,1
538,63017,1,2,0,trial.doublecue,735,1
538,63017,2,1,800,trial.invalid,913,1
538,63017,1,2,0,trial.validspatial,857,0
538,63017,1,1,0,trial.validspatial,722,1
538,63017,2,1,0,trial.validspatial,754,1
538,63017,1,1,400,trial.invalid,1045,1
538,63017,1,2,800,trial.doublecue,605,1
538,63017,2,2,0,trial.validspatial,565,1
538,63017,2,2,0,trial.invalid,952,1
538,63017,1,1,0,trial.validspatial,1085,1
538,63017,1,1,400,trial.invalid,671,1
538,63017,2,1,800,trial.validspatial,626,1
538,63017,2,2,400,trial.doublecue,609,1
538,63017,2,1,0,trial.doublecue,580,1
538,63017,2,2,400,trial.validspatial,891,1
538,63017,1,1,NaN,trial.nocue,704,1
538,63017,2,1,0,trial.invalid,657,1
538,63017,1,2,800,trial.validspatial,992,1
538,63017,1,2,800,trial.doublecue,784,1
538,63017,2,1,400,trial.validspatial,484,1
538,63017,1,1,800,trial.validspatial,873,1
538,63017,1,2,800,trial.validspatial,654,1
538,63017,1,1,0,trial.validspatial,519,1
538,63017,1,2,400,trial.validspatial,758,1
538,63017,2,1,400,trial.invalid,642,1
538,63017,2,1,0,trial.invalid,715,1
538,63017,2,2,NaN,trial.nocue,949,1
538,63017,1,1,800,trial.validspatial,564,1
538,63017,2,2,400,trial.validspatial,794,1
538,63017,2,1,NaN,trial.nocue,826,1
538,63017,1,1,400,trial.validspatial,611,1
538,63017,1,2,NaN,trial.nocue,609,1
538,63017,1,2,0,trial.validspatial,664,1
538,63017,1,2,800,trial.validspatial,773,1
538,63017,1,1,0,trial.validspatial,608,1
538,63017,1,1,400,trial.validspatial,838,1
