subject,date,location_congruence_val,flanker_congruence_val,cue_target_interval,cue_condition,latency,values.correct
563,80817,1,1,0,trial.validspatial,1700,0
563,80817,1,2,0,trial.invalid,78,1
563,80817,1,2,800,trial.validspatial,1602,1
563,80817,1,2,400,trial.validspatial,949,1
563,80817,1,2,400,trial.doublecue,1700,0
563,80817,2,2,400,trial.validspatial,1256,1
563,80817,2,1,400,trial.doublecue,1229,1
563,80817,2,1,0,trial.validspatial,777,1
563,80817,2,1,400,trial.validspatial,620,1
563,80817,1,2,800,trial.validspatial,1700,0
563,80817,1,1,800,trial.invalid,1617,1
563,80817,2,1,400,trial.validspatial,1038,1
563,80817,2,1,800,trial.validspatial,1136,1
563,80817,2,2,0,trial.validspatial,1314,1
563,80817,1,2,0,trial.validspatial,1260,1
563,80817,1,1,400,trial.validspatial,879,1
563,80817,1,1,NaN,trial.nocue,830,1
563,80817,1,2,0,trial.validspatial,1132,1
563,80817,1,1,NaN,trial.nocue,931,1
563,80817,2,2,0,trial.validspatial,1152,1
563,80817,2,1,800,trial.invalid,1700,0
563,80817,2,2,NaN,trial.nocue,1187,1
563,80817,1,2,400,trial.invalid,1499,1
563,80817,2,2,0,trial.doublecue,1003,1
563,80817,1,2,NaN,trial.nocue,1021,1
563,80817,1,1,400,trial.validspatial,802,1
563,80817,1,1,800,trial.validspatial,792,1
563,80817,2,1,NaN,trial.nocue,638,1
563,80817,1,1,800,trial.doublecue,932,1
563,80817,2,2,0,trial.doublecue,1597,1
563,80817,1,1,0,trial.invalid,1159,1
563,80817,1,1,0,trial.invalid,912,1
563,80817,2,1,0,trial.validspatial,930,1
563,80817,2,1,0,trial.validspatial,1700,0
563,80817,1,1,400,trial.doublecue,1315,1
563,80817,2,2,800,trial.validspatial,951,1
563,80817,2,2,800,trial.validspatial,769,1
563,80817,2,2,0,trial.validspatial,1099,1
563,80817,1,2,400,trial.validspatial,1381,1
563,80817,2,2,800,trial.invalid,1355,1
563,80817,1,2,0,trial.invalid,1002,1
563,80817,2,1,400,trial.validspatial,694,1
563,80817,2,1,400,trial.validspatial,898,1
563,80817,2,1,NaN,trial.nocue,903,1
563,80817,2,2,NaN,trial.nocue,978,1
563,80817,2,1,NaN,trial.nocue,557,1
563,80817,1,1,800,trial.validspatial,876,1
563,80817,1,1,NaN,trial.nocue,687,1
563,80817,2,1,800,trial.doublecue,763,1
563,80817,2,2,NaN,trial.nocue,985,1
563,80817,1,2,400,trial.validspatial,977,1
563,80817,1,1,400,trial.doublecue,627,1
563,80817,2,2,400,trial.invalid,1057,1
563,80817,1,1,NaN,trial.nocue,928,1
563,80817,2,1,800,trial.validspatial,861,1
563,80817,2,2,0,trial.validspatial,1043,1
563,80817,2,1,800,trial.doublecue,1281,1
563,80817,2,1,400,trial.validspatial,632,1
563,80817,2,2,400,trial.validspatial,1103,1
563,80817,2,1,0,trial.doublecue,911,1
563,80817,2,2,400,trial.validspatial,904,1
563,80817,2,2,400,trial.invalid,1162,0
563,80817,2,2,800,trial.doublecue,915,0
563,80817,1,2,400,trial.doublecue,1154,0
563,80817,1,2,0,trial.validspatial,1113,0
563,80817,1,2,NaN,trial.nocue,1025,0
563,80817,1,1,800,trial.invalid,702,1
563,80817,2,2,800,trial.validspatial,932,1
563,80817,2,1,800,trial.validspatial,733,1
563,80817,2,1,0,trial.validspatial,1450,1
563,80817,2,2,NaN,trial.nocue,1700,0
563,80817,2,2,800,trial.validspatial,1700,0
563,80817,1,1,400,trial.validspatial,1381,0
563,80817,1,2,800,trial.invalid,956,0
563,80817,2,2,0,trial.validspatial,1448,0
563,80817,2,2,800,trial.validspatial,1020,1
563,80817,1,1,800,trial.validspatial,905,1
563,80817,2,1,NaN,trial.nocue,758,1
563,80817,1,2,NaN,trial.nocue,1293,1
563,80817,1,2,800,trial.validspatial,749,1
563,80817,1,2,0,trial.validspatial,1060,1
563,80817,2,2,0,trial.invalid,1700,0
563,80817,1,1,NaN,trial.nocue,1311,1
563,80817,2,2,800,trial.validspatial,1095,1
563,80817,2,1,800,trial.validspatial,759,1
563,80817,2,1,0,trial.validspatial,900,1
563,80817,1,1,800,trial.doublecue,1081,1
563,80817,2,2,800,trial.invalid,984,1
563,80817,1,2,400,trial.validspatial,862,1
563,80817,2,1,800,trial.validspatial,761,1
563,80817,1,2,400,trial.invalid,1235,1
563,80817,1,1,800,trial.validspatial,1102,1
563,80817,2,2,400,trial.doublecue,990,1
563,80817,1,1,0,trial.validspatial,1700,0
563,80817,2,1,NaN,trial.nocue,1268,0
563,80817,2,1,400,trial.invalid,1323,1
563,80817,1,2,800,trial.invalid,1700,0
563,80817,1,2,0,trial.doublecue,1084,1
563,80817,1,1,400,trial.validspatial,1235,1
563,80817,1,2,400,trial.validspatial,1429,1
563,80817,1,1,0,trial.doublecue,926,1
563,80817,1,1,0,trial.doublecue,1313,1
563,80817,1,2,NaN,trial.nocue,1510,0
563,80817,2,1,400,trial.doublecue,1625,1
563,80817,2,2,400,trial.validspatial,870,1
563,80817,2,2,800,trial.doublecue,1369,1
563,80817,2,2,NaN,trial.nocue,1181,1
563,80817,1,2,NaN,trial.nocue,1130,1
563,80817,1,2,0,trial.doublecue,1302,1
563,80817,2,1,800,trial.invalid,1436,1
563,80817,1,2,0,trial.validspatial,1648,1
563,80817,1,1,0,trial.validspatial,1328,1
563,80817,2,1,0,trial.validspatial,842,1
563,80817,1,1,400,trial.invalid,967,1
563,80817,1,2,800,trial.doublecue,1700,0
563,80817,2,2,0,trial.validspatial,1008,1
563,80817,2,2,0,trial.invalid,1013,1
563,80817,1,1,0,trial.validspatial,995,1
563,80817,1,1,400,trial.invalid,1175,1
563,80817,2,1,800,trial.validspatial,1179,1
563,80817,2,2,400,trial.doublecue,1517,1
563,80817,2,1,0,trial.doublecue,1269,1
563,80817,2,2,400,trial.validspatial,1218,1
563,80817,1,1,NaN,trial.nocue,651,1
563,80817,2,1,0,trial.invalid,953,1
563,80817,1,2,800,trial.validspatial,1098,1
563,80817,1,2,800,trial.doublecue,1140,1
563,80817,2,1,400,trial.validspatial,941,1
563,80817,1,1,800,trial.validspatial,1062,1
563,80817,1,2,800,trial.validspatial,1067,1
563,80817,1,1,0,trial.validspatial,846,1
563,80817,1,2,400,trial.validspatial,988,1
563,80817,2,1,400,trial.invalid,1700,0
563,80817,2,1,0,trial.invalid,1259,0
563,80817,2,2,NaN,trial.nocue,1004,0
563,80817,1,1,800,trial.validspatial,815,1
563,80817,2,2,400,trial.validspatial,1375,1
563,80817,2,1,NaN,trial.nocue,975,1
563,80817,1,1,400,trial.validspatial,1680,1
563,80817,1,2,NaN,trial.nocue,1518,1
563,80817,1,2,0,trial.validspatial,916,1
563,80817,1,2,800,trial.validspatial,904,1
563,80817,1,1,0,trial.validspatial,861,1
563,80817,1,1,400,trial.validspatial,881,1
563,80817,1,1,0,trial.validspatial,1281,1
563,80817,1,2,0,trial.invalid,1328,0
563,80817,1,2,800,trial.validspatial,1683,0
563,80817,1,2,400,trial.validspatial,1614,0
563,80817,1,2,400,trial.doublecue,945,1
563,80817,2,2,400,trial.validspatial,911,1
563,80817,2,1,400,trial.doublecue,1626,1
563,80817,2,1,0,trial.validspatial,794,1
563,80817,2,1,400,trial.validspatial,1700,0
563,80817,1,2,800,trial.validspatial,1434,1
563,80817,1,1,800,trial.invalid,984,1
563,80817,2,1,400,trial.validspatial,678,1
563,80817,2,1,800,trial.validspatial,890,1
563,80817,2,2,0,trial.validspatial,1147,1
563,80817,1,2,0,trial.validspatial,1146,1
563,80817,1,1,400,trial.validspatial,1700,0
563,80817,1,1,NaN,trial.nocue,586,1
563,80817,1,2,0,trial.validspatial,1700,0
563,80817,1,1,NaN,trial.nocue,1403,1
563,80817,2,2,0,trial.validspatial,1345,1
563,80817,2,1,800,trial.invalid,768,1
563,80817,2,2,NaN,trial.nocue,1204,1
563,80817,1,2,400,trial.invalid,1700,0
563,80817,2,2,0,trial.doublecue,1082,1
563,80817,1,2,NaN,trial.nocue,1700,0
563,80817,1,1,400,trial.validspatial,957,1
563,80817,1,1,800,trial.validspatial,1077,1
563,80817,2,1,NaN,trial.nocue,782,1
563,80817,1,1,800,trial.doublecue,678,1
563,80817,2,2,0,trial.doublecue,1700,0
563,80817,1,1,0,trial.invalid,1483,1
563,80817,1,1,0,trial.invalid,858,1
563,80817,2,1,0,trial.validspatial,1051,1
563,80817,2,1,0,trial.validspatial,869,1
563,80817,1,1,400,trial.doublecue,754,1
563,80817,2,2,800,trial.validspatial,950,1
563,80817,2,2,800,trial.validspatial,944,1
563,80817,2,2,0,trial.validspatial,746,1
563,80817,1,2,400,trial.validspatial,1120,1
563,80817,2,2,800,trial.invalid,1064,1
563,80817,1,2,0,trial.invalid,943,1
563,80817,2,1,400,trial.validspatial,875,1
563,80817,2,1,400,trial.validspatial,887,1
563,80817,2,1,NaN,trial.nocue,1069,1
563,80817,2,2,NaN,trial.nocue,1700,0
563,80817,2,1,NaN,trial.nocue,882,1
563,80817,1,1,800,trial.validspatial,937,1
563,80817,1,1,NaN,trial.nocue,628,1
563,80817,2,1,800,trial.doublecue,697,1
563,80817,2,2,NaN,trial.nocue,1255,1
563,80817,1,2,400,trial.validspatial,1134,1
563,80817,1,1,400,trial.doublecue,1700,0
563,80817,2,2,400,trial.invalid,1700,0
563,80817,1,1,NaN,trial.nocue,1398,1
563,80817,2,1,800,trial.validspatial,811,1
563,80817,2,2,0,trial.validspatial,1392,1
563,80817,2,1,800,trial.doublecue,899,1
563,80817,2,1,400,trial.validspatial,853,1
563,80817,2,2,400,trial.validspatial,1015,1
563,80817,2,1,0,trial.doublecue,799,1
563,80817,2,2,400,trial.validspatial,1700,0
563,80817,2,2,400,trial.invalid,1006,1
563,80817,2,2,800,trial.doublecue,1128,1
563,80817,1,2,400,trial.doublecue,1071,1
563,80817,1,2,0,trial.validspatial,1076,1
563,80817,1,2,NaN,trial.nocue,694,1
563,80817,1,1,800,trial.invalid,777,1
563,80817,2,2,800,trial.validspatial,695,1
563,80817,2,1,800,trial.validspatial,551,1
563,80817,2,1,0,trial.validspatial,769,1
563,80817,2,2,NaN,trial.nocue,1434,1
563,80817,2,2,800,trial.validspatial,783,1
563,80817,1,1,400,trial.validspatial,1700,0
563,80817,1,2,800,trial.invalid,1432,1
563,80817,2,2,0,trial.validspatial,1605,1
563,80817,2,2,800,trial.validspatial,842,1
563,80817,1,1,800,trial.validspatial,980,1
563,80817,2,1,NaN,trial.nocue,906,1
563,80817,1,2,NaN,trial.nocue,1700,0
563,80817,1,2,800,trial.validspatial,761,0
563,80817,1,2,0,trial.validspatial,1113,0
563,80817,2,2,0,trial.invalid,1214,1
563,80817,1,1,NaN,trial.nocue,1664,1
563,80817,2,2,800,trial.validspatial,1007,1
563,80817,2,1,800,trial.validspatial,950,1
563,80817,2,1,0,trial.validspatial,695,1
563,80817,1,1,800,trial.doublecue,929,1
563,80817,2,2,800,trial.invalid,1107,1
563,80817,1,2,400,trial.validspatial,849,1
563,80817,2,1,800,trial.validspatial,677,1
563,80817,1,2,400,trial.invalid,1002,1
563,80817,1,1,800,trial.validspatial,944,1
563,80817,2,2,400,trial.doublecue,865,1
563,80817,1,1,0,trial.validspatial,1606,1
563,80817,2,1,NaN,trial.nocue,1155,1
563,80817,2,1,400,trial.invalid,1433,1
563,80817,1,2,800,trial.invalid,849,1
563,80817,1,2,0,trial.doublecue,974,1
563,80817,1,1,400,trial.validspatial,714,1
563,80817,1,2,400,trial.validspatial,609,1
563,80817,1,1,0,trial.doublecue,826,1
563,80817,1,1,0,trial.doublecue,605,1
563,80817,1,2,NaN,trial.nocue,960,1
563,80817,2,1,400,trial.doublecue,1034,1
563,80817,2,2,400,trial.validspatial,962,1
563,80817,2,2,800,trial.doublecue,698,1
563,80817,2,2,NaN,trial.nocue,1700,0
563,80817,1,2,NaN,trial.nocue,695,1
563,80817,1,2,0,trial.doublecue,1181,1
563,80817,2,1,800,trial.invalid,813,1
563,80817,1,2,0,trial.validspatial,736,1
563,80817,1,1,0,trial.validspatial,1134,1
563,80817,2,1,0,trial.validspatial,1069,1
563,80817,1,1,400,trial.invalid,1054,1
563,80817,1,2,800,trial.doublecue,617,1
563,80817,2,2,0,trial.validspatial,893,1
563,80817,2,2,0,trial.invalid,1226,1
563,80817,1,1,0,trial.validspatial,999,1
563,80817,1,1,400,trial.invalid,1008,1
563,80817,2,1,800,trial.validspatial,1700,0
563,80817,2,2,400,trial.doublecue,969,1
563,80817,2,1,0,trial.doublecue,870,1
563,80817,2,2,400,trial.validspatial,1204,1
563,80817,1,1,NaN,trial.nocue,963,1
563,80817,2,1,0,trial.invalid,1513,1
563,80817,1,2,800,trial.validspatial,1178,1
563,80817,1,2,800,trial.doublecue,786,1
563,80817,2,1,400,trial.validspatial,727,1
563,80817,1,1,800,trial.validspatial,1028,1
563,80817,1,2,800,trial.validspatial,1139,1
563,80817,1,1,0,trial.validspatial,544,1
563,80817,1,2,400,trial.validspatial,905,1
563,80817,2,1,400,trial.invalid,1055,1
563,80817,2,1,0,trial.invalid,1241,1
563,80817,2,2,NaN,trial.nocue,1162,1
563,80817,1,1,800,trial.validspatial,781,1
563,80817,2,2,400,trial.validspatial,1057,1
563,80817,2,1,NaN,trial.nocue,948,1
563,80817,1,1,400,trial.validspatial,795,1
563,80817,1,2,NaN,trial.nocue,1113,1
563,80817,1,2,0,trial.validspatial,1700,0
563,80817,1,2,800,trial.validspatial,1575,1
563,80817,1,1,0,trial.validspatial,1132,1
563,80817,1,1,400,trial.validspatial,1131,1
