subject,date,location_congruence_val,flanker_congruence_val,cue_target_interval,cue_condition,latency,values.correct
681,80817,1,1,0,trial.validspatial,691,1
681,80817,1,2,0,trial.invalid,848,1
681,80817,1,2,800,trial.validspatial,744,1
681,80817,1,2,400,trial.validspatial,508,1
681,80817,1,2,400,trial.doublecue,823,1
681,80817,2,2,400,trial.validspatial,609,1
681,80817,2,1,400,trial.doublecue,656,1
681,80817,2,1,0,trial.validspatial,650,0
681,80817,2,1,400,trial.validspatial,468,1
681,80817,1,2,800,trial.validspatial,546,1
681,80817,1,1,800,trial.invalid,920,1
681,80817,2,1,400,trial.validspatial,575,1
681,80817,2,1,800,trial.validspatial,525,1
681,80817,2,2,0,trial.validspatial,966,1
681,80817,1,2,0,trial.validspatial,815,1
681,80817,1,1,400,trial.validspatial,505,1
681,80817,1,1,NaN,trial.nocue,782,1
681,80817,1,2,0,trial.validspatial,740,1
681,80817,1,1,NaN,trial.nocue,526,1
681,80817,2,2,0,trial.validspatial,567,1
681,80817,2,1,800,trial.invalid,1369,1
681,80817,2,2,NaN,trial.nocue,663,1
681,80817,1,2,400,trial.invalid,719,1
681,80817,2,2,0,trial.doublecue,586,1
681,80817,1,2,NaN,trial.nocue,1520,1
681,80817,1,1,400,trial.validspatial,582,1
681,80817,1,1,800,trial.validspatial,535,1
681,80817,2,1,NaN,trial.nocue,989,1
681,80817,1,1,800,trial.doublecue,603,1
681,80817,2,2,0,trial.doublecue,727,1
681,80817,1,1,0,trial.invalid,591,1
681,80817,1,1,0,trial.invalid,582,1
681,80817,2,1,0,trial.validspatial,935,1
681,80817,2,1,0,trial.validspatial,626,1
681,80817,1,1,400,trial.doublecue,477,1
681,80817,2,2,800,trial.validspatial,563,1
681,80817,2,2,800,trial.validspatial,534,1
681,80817,2,2,0,trial.validspatial,635,1
681,80817,1,2,400,trial.validspatial,525,1
681,80817,2,2,800,trial.invalid,645,1
681,80817,1,2,0,trial.invalid,824,1
681,80817,2,1,400,trial.validspatial,513,1
681,80817,2,1,400,trial.validspatial,1043,1
681,80817,2,1,NaN,trial.nocue,680,1
681,80817,2,2,NaN,trial.nocue,704,1
681,80817,2,1,NaN,trial.nocue,544,1
681,80817,1,1,800,trial.validspatial,489,1
681,80817,1,1,NaN,trial.nocue,499,1
681,80817,2,1,800,trial.doublecue,1199,1
681,80817,2,2,NaN,trial.nocue,873,1
681,80817,1,2,400,trial.validspatial,811,1
681,80817,1,1,400,trial.doublecue,720,1
681,80817,2,2,400,trial.invalid,691,1
681,80817,1,1,NaN,trial.nocue,569,1
681,80817,2,1,800,trial.validspatial,665,1
681,80817,2,2,0,trial.validspatial,709,1
681,80817,2,1,800,trial.doublecue,974,1
681,80817,2,1,400,trial.validspatial,443,1
681,80817,2,2,400,trial.validspatial,552,1
681,80817,2,1,0,trial.doublecue,700,1
681,80817,2,2,400,trial.validspatial,561,1
681,80817,2,2,400,trial.invalid,949,1
681,80817,2,2,800,trial.doublecue,713,1
681,80817,1,2,400,trial.doublecue,675,1
681,80817,1,2,0,trial.validspatial,640,1
681,80817,1,2,NaN,trial.nocue,674,1
681,80817,1,1,800,trial.invalid,691,1
681,80817,2,2,800,trial.validspatial,489,1
681,80817,2,1,800,trial.validspatial,558,1
681,80817,2,1,0,trial.validspatial,871,1
681,80817,2,2,NaN,trial.nocue,860,1
681,80817,2,2,800,trial.validspatial,710,1
681,80817,1,1,400,trial.validspatial,1163,1
681,80817,1,2,800,trial.invalid,849,1
681,80817,2,2,0,trial.validspatial,695,1
681,80817,2,2,800,trial.validspatial,683,1
681,80817,1,1,800,trial.validspatial,932,1
681,80817,2,1,NaN,trial.nocue,735,1
681,80817,1,2,NaN,trial.nocue,852,1
681,80817,1,2,800,trial.validspatial,684,1
681,80817,1,2,0,trial.validspatial,716,1
681,80817,2,2,0,trial.invalid,866,1
681,80817,1,1,NaN,trial.nocue,699,1
681,80817,2,2,800,trial.validspatial,673,1
681,80817,2,1,800,trial.validspatial,581,1
681,80817,2,1,0,trial.validspatial,493,1
681,80817,1,1,800,trial.doublecue,497,1
681,80817,2,2,800,trial.invalid,723,1
681,80817,1,2,400,trial.validspatial,546,1
681,80817,2,1,800,trial.validspatial,492,1
681,80817,1,2,400,trial.invalid,772,1
681,80817,1,1,800,trial.validspatial,643,1
681,80817,2,2,400,trial.doublecue,669,1
681,80817,1,1,0,trial.validspatial,933,1
681,80817,2,1,NaN,trial.nocue,742,1
681,80817,2,1,400,trial.invalid,688,1
681,80817,1,2,800,trial.invalid,745,1
681,80817,1,2,0,trial.doublecue,683,1
681,80817,1,1,400,trial.validspatial,444,1
681,80817,1,2,400,trial.validspatial,533,1
681,80817,1,1,0,trial.doublecue,537,1
681,80817,1,1,0,trial.doublecue,491,1
681,80817,1,2,NaN,trial.nocue,933,1
681,80817,2,1,400,trial.doublecue,720,1
681,80817,2,2,400,trial.validspatial,564,1
681,80817,2,2,800,trial.doublecue,720,1
681,80817,2,2,NaN,trial.nocue,617,1
681,80817,1,2,NaN,trial.nocue,619,1
681,80817,1,2,0,trial.doublecue,619,1
681,80817,2,1,800,trial.invalid,664,1
681,80817,1,2,0,trial.validspatial,639,1
681,80817,1,1,0,trial.validspatial,535,1
681,80817,2,1,0,trial.validspatial,457,1
681,80817,1,1,400,trial.invalid,569,1
681,80817,1,2,800,trial.doublecue,738,1
681,80817,2,2,0,trial.validspatial,900,1
681,80817,2,2,0,trial.invalid,619,1
681,80817,1,1,0,trial.validspatial,519,1
681,80817,1,1,400,trial.invalid,703,1
681,80817,2,1,800,trial.validspatial,519,1
681,80817,2,2,400,trial.doublecue,681,1
681,80817,2,1,0,trial.doublecue,609,1
681,80817,2,2,400,trial.validspatial,556,1
681,80817,1,1,NaN,trial.nocue,638,1
681,80817,2,1,0,trial.invalid,659,1
681,80817,1,2,800,trial.validspatial,656,1
681,80817,1,2,800,trial.doublecue,809,1
681,80817,2,1,400,trial.validspatial,560,1
681,80817,1,1,800,trial.validspatial,576,1
681,80817,1,2,800,trial.validspatial,558,1
681,80817,1,1,0,trial.validspatial,680,1
681,80817,1,2,400,trial.validspatial,587,1
681,80817,2,1,400,trial.invalid,681,0
681,80817,2,1,0,trial.invalid,908,1
681,80817,2,2,NaN,trial.nocue,1002,1
681,80817,1,1,800,trial.validspatial,641,1
681,80817,2,2,400,trial.validspatial,553,1
681,80817,2,1,NaN,trial.nocue,673,1
681,80817,1,1,400,trial.validspatial,623,1
681,80817,1,2,NaN,trial.nocue,774,1
681,80817,1,2,0,trial.validspatial,654,1
681,80817,1,2,800,trial.validspatial,558,1
681,80817,1,1,0,trial.validspatial,572,1
681,80817,1,1,400,trial.validspatial,491,1
681,80817,1,1,0,trial.validspatial,897,1
681,80817,1,2,0,trial.invalid,844,1
681,80817,1,2,800,trial.validspatial,685,1
681,80817,1,2,400,trial.validspatial,665,1
681,80817,1,2,400,trial.doublecue,614,1
681,80817,2,2,400,trial.validspatial,669,1
681,80817,2,1,400,trial.doublecue,643,1
681,80817,2,1,0,trial.validspatial,544,1
681,80817,2,1,400,trial.validspatial,549,1
681,80817,1,2,800,trial.validspatial,809,1
681,80817,1,1,800,trial.invalid,662,1
681,80817,2,1,400,trial.validspatial,565,1
681,80817,2,1,800,trial.validspatial,508,1
681,80817,2,2,0,trial.validspatial,1003,1
681,80817,1,2,0,trial.validspatial,714,1
681,80817,1,1,400,trial.validspatial,508,1
681,80817,1,1,NaN,trial.nocue,609,1
681,80817,1,2,0,trial.validspatial,674,1
681,80817,1,1,NaN,trial.nocue,582,1
681,80817,2,2,0,trial.validspatial,952,1
681,80817,2,1,800,trial.invalid,673,1
681,80817,2,2,NaN,trial.nocue,778,1
681,80817,1,2,400,trial.invalid,796,1
681,80817,2,2,0,trial.doublecue,660,1
681,80817,1,2,NaN,trial.nocue,915,1
681,80817,1,1,400,trial.validspatial,503,1
681,80817,1,1,800,trial.validspatial,403,1
681,80817,2,1,NaN,trial.nocue,831,1
681,80817,1,1,800,trial.doublecue,554,1
681,80817,2,2,0,trial.doublecue,693,1
681,80817,1,1,0,trial.invalid,531,1
681,80817,1,1,0,trial.invalid,531,1
681,80817,2,1,0,trial.validspatial,608,1
681,80817,2,1,0,trial.validspatial,464,1
681,80817,1,1,400,trial.doublecue,462,1
681,80817,2,2,800,trial.validspatial,575,1
681,80817,2,2,800,trial.validspatial,573,1
681,80817,2,2,0,trial.validspatial,663,1
681,80817,1,2,400,trial.validspatial,538,1
681,80817,2,2,800,trial.invalid,823,1
681,80817,1,2,0,trial.invalid,762,1
681,80817,2,1,400,trial.validspatial,502,1
681,80817,2,1,400,trial.validspatial,472,1
681,80817,2,1,NaN,trial.nocue,677,1
681,80817,2,2,NaN,trial.nocue,851,1
681,80817,2,1,NaN,trial.nocue,848,1
681,80817,1,1,800,trial.validspatial,481,1
681,80817,1,1,NaN,trial.nocue,515,1
681,80817,2,1,800,trial.doublecue,487,1
681,80817,2,2,NaN,trial.nocue,905,1
681,80817,1,2,400,trial.validspatial,747,1
681,80817,1,1,400,trial.doublecue,429,1
681,80817,2,2,400,trial.invalid,704,1
681,80817,1,1,NaN,trial.nocue,583,1
681,80817,2,1,800,trial.validspatial,440,1
681,80817,2,2,0,trial.validspatial,870,1
681,80817,2,1,800,trial.doublecue,518,1
681,80817,2,1,400,trial.validspatial,924,1
681,80817,2,2,400,trial.validspatial,515,1
681,80817,2,1,0,trial.doublecue,1061,1
681,80817,2,2,400,trial.validspatial,569,1
681,80817,2,2,400,trial.invalid,821,1
681,80817,2,2,800,trial.doublecue,508,1
681,80817,1,2,400,trial.doublecue,682,1
681,80817,1,2,0,trial.validspatial,589,1
681,80817,1,2,NaN,trial.nocue,684,1
681,80817,1,1,800,trial.invalid,672,1
681,80817,2,2,800,trial.validspatial,481,1
681,80817,2,1,800,trial.validspatial,538,1
681,80817,2,1,0,trial.validspatial,652,1
681,80817,2,2,NaN,trial.nocue,727,1
681,80817,2,2,800,trial.validspatial,594,1
681,80817,1,1,400,trial.validspatial,1700,0
681,80817,1,2,800,trial.invalid,629,1
681,80817,2,2,0,trial.validspatial,679,1
681,80817,2,2,800,trial.validspatial,695,1
681,80817,1,1,800,trial.validspatial,621,1
681,80817,2,1,NaN,trial.nocue,579,1
681,80817,1,2,NaN,trial.nocue,526,1
681,80817,1,2,800,trial.validspatial,596,1
681,80817,1,2,0,trial.validspatial,540,1
681,80817,2,2,0,trial.invalid,685,1
681,80817,1,1,NaN,trial.nocue,673,1
681,80817,2,2,800,trial.validspatial,796,1
681,80817,2,1,800,trial.validspatial,430,1
681,80817,2,1,0,trial.validspatial,583,1
681,80817,1,1,800,trial.doublecue,714,1
681,80817,2,2,800,trial.invalid,669,1
681,80817,1,2,400,trial.validspatial,563,1
681,80817,2,1,800,trial.validspatial,514,1
681,80817,1,2,400,trial.invalid,670,1
681,80817,1,1,800,trial.validspatial,804,1
681,80817,2,2,400,trial.doublecue,642,1
681,80817,1,1,0,trial.validspatial,482,1
681,80817,2,1,NaN,trial.nocue,593,1
681,80817,2,1,400,trial.invalid,671,1
681,80817,1,2,800,trial.invalid,579,1
681,80817,1,2,0,trial.doublecue,916,1
681,80817,1,1,400,trial.validspatial,422,1
681,80817,1,2,400,trial.validspatial,467,1
681,80817,1,1,0,trial.doublecue,671,1
681,80817,1,1,0,trial.doublecue,472,1
681,80817,1,2,NaN,trial.nocue,552,0
681,80817,2,1,400,trial.doublecue,569,1
681,80817,2,2,400,trial.validspatial,577,1
681,80817,2,2,800,trial.doublecue,674,1
681,80817,2,2,NaN,trial.nocue,482,1
681,80817,1,2,NaN,trial.nocue,577,1
681,80817,1,2,0,trial.doublecue,585,1
681,80817,2,1,800,trial.invalid,837,1
681,80817,1,2,0,trial.validspatial,689,1
681,80817,1,1,0,trial.validspatial,561,1
681,80817,2,1,0,trial.validspatial,700,1
681,80817,1,1,400,trial.invalid,656,1
681,80817,1,2,800,trial.doublecue,581,1
681,80817,2,2,0,trial.validspatial,543,1
681,80817,2,2,0,trial.invalid,571,1
681,80817,1,1,0,trial.validspatial,677,1
681,80817,1,1,400,trial.invalid,1257,1
681,80817,2,1,800,trial.validspatial,539,1
681,80817,2,2,400,trial.doublecue,551,1
681,80817,2,1,0,trial.doublecue,695,1
681,80817,2,2,400,trial.validspatial,670,1
681,80817,1,1,NaN,trial.nocue,506,1
681,80817,2,1,0,trial.invalid,582,1
681,80817,1,2,800,trial.validspatial,666,1
681,80817,1,2,800,trial.doublecue,680,1
681,80817,2,1,400,trial.validspatial,472,1
681,80817,1,1,800,trial.validspatial,610,1
681,80817,1,2,800,trial.validspatial,614,1
681,80817,1,1,0,trial.validspatial,497,1
681,80817,1,2,400,trial.validspatial,534,1
681,80817,2,1,400,trial.invalid,507,1
681,80817,2,1,0,trial.invalid,670,1
681,80817,2,2,NaN,trial.nocue,821,1
681,80817,1,1,800,trial.validspatial,642,1
681,80817,2,2,400,trial.validspatial,639,1
681,80817,2,1,NaN,trial.nocue,638,1
681,80817,1,1,400,trial.validspatial,763,1
681,80817,1,2,NaN,trial.nocue,675,1
681,80817,1,2,0,trial.validspatial,662,1
681,80817,1,2,800,trial.validspatial,602,1
681,80817,1,1,0,trial.validspatial,701,1
681,80817,1,1,400,trial.validspatial,760,1
