subject,date,location_congruence_val,flanker_congruence_val,cue_target_interval,cue_condition,latency,values.correct
67,40117,1,1,0,trial.validspatial,864,1
67,40117,1,2,0,trial.invalid,1558,0
67,40117,1,2,800,trial.validspatial,1621,0
67,40117,1,2,400,trial.validspatial,1660,0
67,40117,1,2,400,trial.doublecue,929,0
67,40117,2,2,400,trial.validspatial,921,0
67,40117,2,1,400,trial.doublecue,1357,0
67,40117,2,1,0,trial.validspatial,758,0
67,40117,2,1,400,trial.validspatial,1700,0
67,40117,1,2,800,trial.validspatial,682,1
67,40117,1,1,800,trial.invalid,1524,1
67,40117,2,1,400,trial.validspatial,587,0
67,40117,2,1,800,trial.validspatial,1700,0
67,40117,2,2,0,trial.validspatial,809,0
67,40117,1,2,0,trial.validspatial,853,1
67,40117,1,1,400,trial.validspatial,856,1
67,40117,1,1,NaN,trial.nocue,856,1
67,40117,1,2,0,trial.validspatial,733,1
67,40117,1,1,NaN,trial.nocue,546,1
67,40117,2,2,0,trial.validspatial,818,0
67,40117,2,1,800,trial.invalid,935,0
67,40117,2,2,NaN,trial.nocue,1087,0
67,40117,1,2,400,trial.invalid,859,1
67,40117,2,2,0,trial.doublecue,862,0
67,40117,1,2,NaN,trial.nocue,586,1
67,40117,1,1,400,trial.validspatial,459,1
67,40117,1,1,800,trial.validspatial,618,1
67,40117,2,1,NaN,trial.nocue,876,0
67,40117,1,1,800,trial.doublecue,676,1
67,40117,2,2,0,trial.doublecue,665,0
67,40117,1,1,0,trial.invalid,1140,1
67,40117,1,1,0,trial.invalid,1116,1
67,40117,2,1,0,trial.validspatial,597,0
67,40117,2,1,0,trial.validspatial,964,0
67,40117,1,1,400,trial.doublecue,708,1
67,40117,2,2,800,trial.validspatial,754,0
67,40117,2,2,800,trial.validspatial,645,0
67,40117,2,2,0,trial.validspatial,927,0
67,40117,1,2,400,trial.validspatial,1112,1
67,40117,2,2,800,trial.invalid,1022,0
67,40117,1,2,0,trial.invalid,661,1
67,40117,2,1,400,trial.validspatial,1083,0
67,40117,2,1,400,trial.validspatial,593,0
67,40117,2,1,NaN,trial.nocue,946,0
67,40117,2,2,NaN,trial.nocue,891,0
67,40117,2,1,NaN,trial.nocue,870,0
67,40117,1,1,800,trial.validspatial,1700,0
67,40117,1,1,NaN,trial.nocue,1433,1
67,40117,2,1,800,trial.doublecue,1135,0
67,40117,2,2,NaN,trial.nocue,1002,0
67,40117,1,2,400,trial.validspatial,483,1
67,40117,1,1,400,trial.doublecue,1127,1
67,40117,2,2,400,trial.invalid,1349,0
67,40117,1,1,NaN,trial.nocue,1068,1
67,40117,2,1,800,trial.validspatial,572,0
67,40117,2,2,0,trial.validspatial,1526,0
67,40117,2,1,800,trial.doublecue,620,0
67,40117,2,1,400,trial.validspatial,1061,0
67,40117,2,2,400,trial.validspatial,776,0
67,40117,2,1,0,trial.doublecue,1161,0
67,40117,2,2,400,trial.validspatial,1180,0
67,40117,2,2,400,trial.invalid,1234,0
67,40117,2,2,800,trial.doublecue,1130,0
67,40117,1,2,400,trial.doublecue,1000,1
67,40117,1,2,0,trial.validspatial,1171,1
67,40117,1,2,NaN,trial.nocue,938,1
67,40117,1,1,800,trial.invalid,604,1
67,40117,2,2,800,trial.validspatial,1043,0
67,40117,2,1,800,trial.validspatial,988,0
67,40117,2,1,0,trial.validspatial,531,0
67,40117,2,2,NaN,trial.nocue,525,0
67,40117,2,2,800,trial.validspatial,1195,0
67,40117,1,1,400,trial.validspatial,503,1
67,40117,1,2,800,trial.invalid,1045,1
67,40117,2,2,0,trial.validspatial,774,0
67,40117,2,2,800,trial.validspatial,1015,0
67,40117,1,1,800,trial.validspatial,1291,1
67,40117,2,1,NaN,trial.nocue,1700,0
67,40117,1,2,NaN,trial.nocue,1117,1
67,40117,1,2,800,trial.validspatial,895,1
67,40117,1,2,0,trial.validspatial,796,1
67,40117,2,2,0,trial.invalid,586,0
67,40117,1,1,NaN,trial.nocue,1476,1
67,40117,2,2,800,trial.validspatial,510,0
67,40117,2,1,800,trial.validspatial,980,0
67,40117,2,1,0,trial.validspatial,498,0
67,40117,1,1,800,trial.doublecue,469,1
67,40117,2,2,800,trial.invalid,1117,0
67,40117,1,2,400,trial.validspatial,1037,1
67,40117,2,1,800,trial.validspatial,1493,0
67,40117,1,2,400,trial.invalid,1212,1
67,40117,1,1,800,trial.validspatial,1137,1
67,40117,2,2,400,trial.doublecue,940,0
67,40117,1,1,0,trial.validspatial,408,1
67,40117,2,1,NaN,trial.nocue,966,0
67,40117,2,1,400,trial.invalid,468,0
67,40117,1,2,800,trial.invalid,957,1
67,40117,1,2,0,trial.doublecue,644,1
67,40117,1,1,400,trial.validspatial,1064,1
67,40117,1,2,400,trial.validspatial,1132,1
67,40117,1,1,0,trial.doublecue,1036,1
67,40117,1,1,0,trial.doublecue,1244,1
67,40117,1,2,NaN,trial.nocue,1203,1
67,40117,2,1,400,trial.doublecue,521,0
67,40117,2,2,400,trial.validspatial,1249,0
67,40117,2,2,800,trial.doublecue,996,0
67,40117,2,2,NaN,trial.nocue,1200,0
67,40117,1,2,NaN,trial.nocue,904,1
67,40117,1,2,0,trial.doublecue,1364,1
67,40117,2,1,800,trial.invalid,1251,0
67,40117,1,2,0,trial.validspatial,1054,1
67,40117,1,1,0,trial.validspatial,943,1
67,40117,2,1,0,trial.validspatial,967,0
67,40117,1,1,400,trial.invalid,1082,1
67,40117,1,2,800,trial.doublecue,1046,1
67,40117,2,2,0,trial.validspatial,1005,0
67,40117,2,2,0,trial.invalid,977,0
67,40117,1,1,0,trial.validspatial,1338,1
67,40117,1,1,400,trial.invalid,1145,1
67,40117,2,1,800,trial.validspatial,938,0
67,40117,2,2,400,trial.doublecue,516,0
67,40117,2,1,0,trial.doublecue,633,0
67,40117,2,2,400,trial.validspatial,553,0
67,40117,1,1,NaN,trial.nocue,417,1
67,40117,2,1,0,trial.invalid,529,0
67,40117,1,2,800,trial.validspatial,481,1
67,40117,1,2,800,trial.doublecue,432,1
67,40117,2,1,400,trial.validspatial,941,0
67,40117,1,1,800,trial.validspatial,1202,1
67,40117,1,2,800,trial.validspatial,497,1
67,40117,1,1,0,trial.validspatial,880,1
67,40117,1,2,400,trial.validspatial,501,1
67,40117,2,1,400,trial.invalid,546,0
67,40117,2,1,0,trial.invalid,539,0
67,40117,2,2,NaN,trial.nocue,541,0
67,40117,1,1,800,trial.validspatial,648,1
67,40117,2,2,400,trial.validspatial,414,0
67,40117,2,1,NaN,trial.nocue,1700,0
67,40117,1,1,400,trial.validspatial,556,1
67,40117,1,2,NaN,trial.nocue,449,1
67,40117,1,2,0,trial.validspatial,489,1
67,40117,1,2,800,trial.validspatial,557,1
67,40117,1,1,0,trial.validspatial,556,1
67,40117,1,1,400,trial.validspatial,360,1
67,40117,1,1,0,trial.validspatial,438,1
67,40117,1,2,0,trial.invalid,949,1
67,40117,1,2,800,trial.validspatial,466,1
67,40117,1,2,400,trial.validspatial,438,1
67,40117,1,2,400,trial.doublecue,449,1
67,40117,2,2,400,trial.validspatial,448,0
67,40117,2,1,400,trial.doublecue,961,0
67,40117,2,1,0,trial.validspatial,764,0
67,40117,2,1,400,trial.validspatial,424,0
67,40117,1,2,800,trial.validspatial,453,1
67,40117,1,1,800,trial.invalid,446,1
67,40117,2,1,400,trial.validspatial,477,0
67,40117,2,1,800,trial.validspatial,439,0
67,40117,2,2,0,trial.validspatial,482,0
67,40117,1,2,0,trial.validspatial,888,1
67,40117,1,1,400,trial.validspatial,546,1
67,40117,1,1,NaN,trial.nocue,462,1
67,40117,1,2,0,trial.validspatial,562,1
67,40117,1,1,NaN,trial.nocue,444,1
67,40117,2,2,0,trial.validspatial,1080,0
67,40117,2,1,800,trial.invalid,1173,0
67,40117,2,2,NaN,trial.nocue,553,0
67,40117,1,2,400,trial.invalid,443,1
67,40117,2,2,0,trial.doublecue,1700,0
67,40117,1,2,NaN,trial.nocue,1526,1
67,40117,1,1,400,trial.validspatial,993,1
67,40117,1,1,800,trial.validspatial,437,1
67,40117,2,1,NaN,trial.nocue,414,0
67,40117,1,1,800,trial.doublecue,1135,1
67,40117,2,2,0,trial.doublecue,1700,0
67,40117,1,1,0,trial.invalid,928,1
67,40117,1,1,0,trial.invalid,562,1
67,40117,2,1,0,trial.validspatial,405,0
67,40117,2,1,0,trial.validspatial,448,0
67,40117,1,1,400,trial.doublecue,496,1
67,40117,2,2,800,trial.validspatial,570,0
67,40117,2,2,800,trial.validspatial,468,0
67,40117,2,2,0,trial.validspatial,375,0
67,40117,1,2,400,trial.validspatial,1048,1
67,40117,2,2,800,trial.invalid,586,0
67,40117,1,2,0,trial.invalid,524,1
67,40117,2,1,400,trial.validspatial,459,0
67,40117,2,1,400,trial.validspatial,716,0
67,40117,2,1,NaN,trial.nocue,660,0
67,40117,2,2,NaN,trial.nocue,512,0
67,40117,2,1,NaN,trial.nocue,395,0
67,40117,1,1,800,trial.validspatial,395,1
67,40117,1,1,NaN,trial.nocue,351,1
67,40117,2,1,800,trial.doublecue,548,0
67,40117,2,2,NaN,trial.nocue,416,0
67,40117,1,2,400,trial.validspatial,392,1
67,40117,1,1,400,trial.doublecue,570,1
67,40117,2,2,400,trial.invalid,352,0
67,40117,1,1,NaN,trial.nocue,361,1
67,40117,2,1,800,trial.validspatial,355,0
67,40117,2,2,0,trial.validspatial,467,0
67,40117,2,1,800,trial.doublecue,445,0
67,40117,2,1,400,trial.validspatial,952,0
67,40117,2,2,400,trial.validspatial,378,0
67,40117,2,1,0,trial.doublecue,378,0
67,40117,2,2,400,trial.validspatial,375,0
67,40117,2,2,400,trial.invalid,501,0
67,40117,2,2,800,trial.doublecue,390,0
67,40117,1,2,400,trial.doublecue,1004,1
67,40117,1,2,0,trial.validspatial,390,1
67,40117,1,2,NaN,trial.nocue,503,1
67,40117,1,1,800,trial.invalid,387,1
67,40117,2,2,800,trial.validspatial,1175,0
67,40117,2,1,800,trial.validspatial,425,0
67,40117,2,1,0,trial.validspatial,425,0
67,40117,2,2,NaN,trial.nocue,462,0
67,40117,2,2,800,trial.validspatial,430,0
67,40117,1,1,400,trial.validspatial,1700,0
67,40117,1,2,800,trial.invalid,579,1
67,40117,2,2,0,trial.validspatial,617,1
67,40117,2,2,800,trial.validspatial,426,1
67,40117,1,1,800,trial.validspatial,460,1
67,40117,2,1,NaN,trial.nocue,450,1
67,40117,1,2,NaN,trial.nocue,349,0
67,40117,1,2,800,trial.validspatial,390,0
67,40117,1,2,0,trial.validspatial,422,0
67,40117,2,2,0,trial.invalid,346,0
67,40117,1,1,NaN,trial.nocue,364,1
67,40117,2,2,800,trial.validspatial,459,1
67,40117,2,1,800,trial.validspatial,407,0
67,40117,2,1,0,trial.validspatial,438,0
67,40117,1,1,800,trial.doublecue,369,0
67,40117,2,2,800,trial.invalid,469,1
67,40117,1,2,400,trial.validspatial,408,1
67,40117,2,1,800,trial.validspatial,356,1
67,40117,1,2,400,trial.invalid,366,1
67,40117,1,1,800,trial.validspatial,425,1
67,40117,2,2,400,trial.doublecue,468,0
67,40117,1,1,0,trial.validspatial,406,0
67,40117,2,1,NaN,trial.nocue,650,0
67,40117,2,1,400,trial.invalid,492,1
67,40117,1,2,800,trial.invalid,566,0
67,40117,1,2,0,trial.doublecue,475,1
67,40117,1,1,400,trial.validspatial,357,1
67,40117,1,2,400,trial.validspatial,427,1
67,40117,1,1,0,trial.doublecue,397,0
67,40117,1,1,0,trial.doublecue,363,1
67,40117,1,2,NaN,trial.nocue,414,0
67,40117,2,1,400,trial.doublecue,389,1
67,40117,2,2,400,trial.validspatial,474,1
67,40117,2,2,800,trial.doublecue,420,0
67,40117,2,2,NaN,trial.nocue,1076,0
67,40117,1,2,NaN,trial.nocue,340,1
67,40117,1,2,0,trial.doublecue,394,0
67,40117,2,1,800,trial.invalid,384,0
67,40117,1,2,0,trial.validspatial,562,0
67,40117,1,1,0,trial.validspatial,396,1
67,40117,2,1,0,trial.validspatial,451,0
67,40117,1,1,400,trial.invalid,449,1
67,40117,1,2,800,trial.doublecue,472,0
67,40117,2,2,0,trial.validspatial,376,0
67,40117,2,2,0,trial.invalid,687,0
67,40117,1,1,0,trial.validspatial,434,0
67,40117,1,1,400,trial.invalid,365,0
67,40117,2,1,800,trial.validspatial,367,1
67,40117,2,2,400,trial.doublecue,426,1
67,40117,2,1,0,trial.doublecue,455,0
67,40117,2,2,400,trial.validspatial,414,0
67,40117,1,1,NaN,trial.nocue,364,1
67,40117,2,1,0,trial.invalid,920,1
67,40117,1,2,800,trial.validspatial,404,0
67,40117,1,2,800,trial.doublecue,412,1
67,40117,2,1,400,trial.validspatial,393,0
67,40117,1,1,800,trial.validspatial,583,0
67,40117,1,2,800,trial.validspatial,497,0
67,40117,1,1,0,trial.validspatial,397,0
67,40117,1,2,400,trial.validspatial,352,0
67,40117,2,1,400,trial.invalid,379,0
67,40117,2,1,0,trial.invalid,362,0
67,40117,2,2,NaN,trial.nocue,523,0
67,40117,1,1,800,trial.validspatial,427,0
67,40117,2,2,400,trial.validspatial,416,1
67,40117,2,1,NaN,trial.nocue,346,1
67,40117,1,1,400,trial.validspatial,562,1
67,40117,1,2,NaN,trial.nocue,365,1
67,40117,1,2,0,trial.validspatial,360,0
67,40117,1,2,800,trial.validspatial,386,0
67,40117,1,1,0,trial.validspatial,590,0
67,40117,1,1,400,trial.validspatial,1001,0
