subject,date,location_congruence_val,flanker_congruence_val,cue_target_interval,cue_condition,latency,values.correct
162,61317,1,1,0,trial.validspatial,1660,1
162,61317,1,2,0,trial.invalid,1201,1
162,61317,1,2,800,trial.validspatial,820,1
162,61317,1,2,400,trial.validspatial,702,1
162,61317,1,2,400,trial.doublecue,1053,1
162,61317,2,2,400,trial.validspatial,649,1
162,61317,2,1,400,trial.doublecue,716,1
162,61317,2,1,0,trial.validspatial,784,1
162,61317,2,1,400,trial.validspatial,517,1
162,61317,1,2,800,trial.validspatial,566,1
162,61317,1,1,800,trial.invalid,750,1
162,61317,2,1,400,trial.validspatial,619,1
162,61317,2,1,800,trial.validspatial,703,1
162,61317,2,2,0,trial.validspatial,683,1
162,61317,1,2,0,trial.validspatial,847,1
162,61317,1,1,400,trial.validspatial,700,1
162,61317,1,1,NaN,trial.nocue,610,1
162,61317,1,2,0,trial.validspatial,768,0
162,61317,1,1,NaN,trial.nocue,655,1
162,61317,2,2,0,trial.validspatial,758,1
162,61317,2,1,800,trial.invalid,804,1
162,61317,2,2,NaN,trial.nocue,930,1
162,61317,1,2,400,trial.invalid,1065,1
162,61317,2,2,0,trial.doublecue,801,1
162,61317,1,2,NaN,trial.nocue,898,1
162,61317,1,1,400,trial.validspatial,437,1
162,61317,1,1,800,trial.validspatial,690,1
162,61317,2,1,NaN,trial.nocue,818,1
162,61317,1,1,800,trial.doublecue,810,1
162,61317,2,2,0,trial.doublecue,723,1
162,61317,1,1,0,trial.invalid,863,1
162,61317,1,1,0,trial.invalid,532,1
162,61317,2,1,0,trial.validspatial,619,1
162,61317,2,1,0,trial.validspatial,631,1
162,61317,1,1,400,trial.doublecue,613,1
162,61317,2,2,800,trial.validspatial,691,1
162,61317,2,2,800,trial.validspatial,704,1
162,61317,2,2,0,trial.validspatial,914,1
162,61317,1,2,400,trial.validspatial,728,1
162,61317,2,2,800,trial.invalid,969,1
162,61317,1,2,0,trial.invalid,1018,1
162,61317,2,1,400,trial.validspatial,606,1
162,61317,2,1,400,trial.validspatial,505,1
162,61317,2,1,NaN,trial.nocue,685,1
162,61317,2,2,NaN,trial.nocue,1047,1
162,61317,2,1,NaN,trial.nocue,530,1
162,61317,1,1,800,trial.validspatial,509,1
162,61317,1,1,NaN,trial.nocue,682,1
162,61317,2,1,800,trial.doublecue,727,1
162,61317,2,2,NaN,trial.nocue,864,1
162,61317,1,2,400,trial.validspatial,608,1
162,61317,1,1,400,trial.doublecue,564,1
162,61317,2,2,400,trial.invalid,683,0
162,61317,1,1,NaN,trial.nocue,611,1
162,61317,2,1,800,trial.validspatial,546,0
162,61317,2,2,0,trial.validspatial,706,1
162,61317,2,1,800,trial.doublecue,799,1
162,61317,2,1,400,trial.validspatial,510,1
162,61317,2,2,400,trial.validspatial,552,1
162,61317,2,1,0,trial.doublecue,936,1
162,61317,2,2,400,trial.validspatial,635,1
162,61317,2,2,400,trial.invalid,1123,1
162,61317,2,2,800,trial.doublecue,727,1
162,61317,1,2,400,trial.doublecue,876,1
162,61317,1,2,0,trial.validspatial,782,1
162,61317,1,2,NaN,trial.nocue,1273,1
162,61317,1,1,800,trial.invalid,838,1
162,61317,2,2,800,trial.validspatial,1069,1
162,61317,2,1,800,trial.validspatial,551,1
162,61317,2,1,0,trial.validspatial,677,1
162,61317,2,2,NaN,trial.nocue,807,1
162,61317,2,2,800,trial.validspatial,818,1
162,61317,1,1,400,trial.validspatial,555,1
162,61317,1,2,800,trial.invalid,955,1
162,61317,2,2,0,trial.validspatial,737,1
162,61317,2,2,800,trial.validspatial,848,1
162,61317,1,1,800,trial.validspatial,577,1
162,61317,2,1,NaN,trial.nocue,830,1
162,61317,1,2,NaN,trial.nocue,1143,1
162,61317,1,2,800,trial.validspatial,1006,1
162,61317,1,2,0,trial.validspatial,807,1
162,61317,2,2,0,trial.invalid,970,1
162,61317,1,1,NaN,trial.nocue,754,1
162,61317,2,2,800,trial.validspatial,718,1
162,61317,2,1,800,trial.validspatial,536,1
162,61317,2,1,0,trial.validspatial,640,1
162,61317,1,1,800,trial.doublecue,565,1
162,61317,2,2,800,trial.invalid,973,1
162,61317,1,2,400,trial.validspatial,867,1
162,61317,2,1,800,trial.validspatial,546,1
162,61317,1,2,400,trial.invalid,835,1
162,61317,1,1,800,trial.validspatial,537,1
162,61317,2,2,400,trial.doublecue,968,1
162,61317,1,1,0,trial.validspatial,665,1
162,61317,2,1,NaN,trial.nocue,745,1
162,61317,2,1,400,trial.invalid,769,1
162,61317,1,2,800,trial.invalid,1004,1
162,61317,1,2,0,trial.doublecue,922,1
162,61317,1,1,400,trial.validspatial,618,1
162,61317,1,2,400,trial.validspatial,667,1
162,61317,1,1,0,trial.doublecue,563,1
162,61317,1,1,0,trial.doublecue,579,1
162,61317,1,2,NaN,trial.nocue,1022,1
162,61317,2,1,400,trial.doublecue,944,1
162,61317,2,2,400,trial.validspatial,725,1
162,61317,2,2,800,trial.doublecue,711,1
162,61317,2,2,NaN,trial.nocue,886,1
162,61317,1,2,NaN,trial.nocue,979,1
162,61317,1,2,0,trial.doublecue,831,1
162,61317,2,1,800,trial.invalid,968,1
162,61317,1,2,0,trial.validspatial,720,1
162,61317,1,1,0,trial.validspatial,523,1
162,61317,2,1,0,trial.validspatial,678,1
162,61317,1,1,400,trial.invalid,822,1
162,61317,1,2,800,trial.doublecue,939,1
162,61317,2,2,0,trial.validspatial,754,1
162,61317,2,2,0,trial.invalid,804,1
162,61317,1,1,0,trial.validspatial,626,1
162,61317,1,1,400,trial.invalid,656,1
162,61317,2,1,800,trial.validspatial,564,1
162,61317,2,2,400,trial.doublecue,634,0
162,61317,2,1,0,trial.doublecue,799,1
162,61317,2,2,400,trial.validspatial,883,1
162,61317,1,1,NaN,trial.nocue,726,1
162,61317,2,1,0,trial.invalid,813,1
162,61317,1,2,800,trial.validspatial,711,1
162,61317,1,2,800,trial.doublecue,947,1
162,61317,2,1,400,trial.validspatial,725,1
162,61317,1,1,800,trial.validspatial,614,1
162,61317,1,2,800,trial.validspatial,683,1
162,61317,1,1,0,trial.validspatial,711,1
162,61317,1,2,400,trial.validspatial,847,1
162,61317,2,1,400,trial.invalid,1027,1
162,61317,2,1,0,trial.invalid,636,1
162,61317,2,2,NaN,trial.nocue,1069,1
162,61317,1,1,800,trial.validspatial,491,1
162,61317,2,2,400,trial.validspatial,753,0
162,61317,2,1,NaN,trial.nocue,1123,1
162,61317,1,1,400,trial.validspatial,678,1
162,61317,1,2,NaN,trial.nocue,741,1
162,61317,1,2,0,trial.validspatial,1037,1
162,61317,1,2,800,trial.validspatial,609,1
162,61317,1,1,0,trial.validspatial,682,1
162,61317,1,1,400,trial.validspatial,497,1
162,61317,1,1,0,trial.validspatial,600,1
162,61317,1,2,0,trial.invalid,1175,1
162,61317,1,2,800,trial.validspatial,785,1
162,61317,1,2,400,trial.validspatial,931,1
162,61317,1,2,400,trial.doublecue,1498,1
162,61317,2,2,400,trial.validspatial,727,1
162,61317,2,1,400,trial.doublecue,666,1
162,61317,2,1,0,trial.validspatial,661,0
162,61317,2,1,400,trial.validspatial,629,1
162,61317,1,2,800,trial.validspatial,895,0
162,61317,1,1,800,trial.invalid,919,1
162,61317,2,1,400,trial.validspatial,653,1
162,61317,2,1,800,trial.validspatial,761,1
162,61317,2,2,0,trial.validspatial,893,1
162,61317,1,2,0,trial.validspatial,1380,1
162,61317,1,1,400,trial.validspatial,735,1
162,61317,1,1,NaN,trial.nocue,663,1
162,61317,1,2,0,trial.validspatial,1174,1
162,61317,1,1,NaN,trial.nocue,677,1
162,61317,2,2,0,trial.validspatial,594,0
162,61317,2,1,800,trial.invalid,960,1
162,61317,2,2,NaN,trial.nocue,1031,1
162,61317,1,2,400,trial.invalid,1246,1
162,61317,2,2,0,trial.doublecue,719,1
162,61317,1,2,NaN,trial.nocue,1006,1
162,61317,1,1,400,trial.validspatial,496,1
162,61317,1,1,800,trial.validspatial,460,1
162,61317,2,1,NaN,trial.nocue,596,1
162,61317,1,1,800,trial.doublecue,638,1
162,61317,2,2,0,trial.doublecue,678,1
162,61317,1,1,0,trial.invalid,657,1
162,61317,1,1,0,trial.invalid,561,1
162,61317,2,1,0,trial.validspatial,809,0
162,61317,2,1,0,trial.validspatial,772,1
162,61317,1,1,400,trial.doublecue,647,1
162,61317,2,2,800,trial.validspatial,717,1
162,61317,2,2,800,trial.validspatial,665,1
162,61317,2,2,0,trial.validspatial,860,1
162,61317,1,2,400,trial.validspatial,698,1
162,61317,2,2,800,trial.invalid,947,1
162,61317,1,2,0,trial.invalid,1085,0
162,61317,2,1,400,trial.validspatial,849,1
162,61317,2,1,400,trial.validspatial,636,1
162,61317,2,1,NaN,trial.nocue,712,1
162,61317,2,2,NaN,trial.nocue,1042,1
162,61317,2,1,NaN,trial.nocue,741,1
162,61317,1,1,800,trial.validspatial,705,1
162,61317,1,1,NaN,trial.nocue,606,1
162,61317,2,1,800,trial.doublecue,747,1
162,61317,2,2,NaN,trial.nocue,956,1
162,61317,1,2,400,trial.validspatial,596,1
162,61317,1,1,400,trial.doublecue,625,1
162,61317,2,2,400,trial.invalid,1063,1
162,61317,1,1,NaN,trial.nocue,728,1
162,61317,2,1,800,trial.validspatial,592,1
162,61317,2,2,0,trial.validspatial,792,1
162,61317,2,1,800,trial.doublecue,735,1
162,61317,2,1,400,trial.validspatial,534,1
162,61317,2,2,400,trial.validspatial,736,1
162,61317,2,1,0,trial.doublecue,768,1
162,61317,2,2,400,trial.validspatial,835,1
162,61317,2,2,400,trial.invalid,931,1
162,61317,2,2,800,trial.doublecue,958,1
162,61317,1,2,400,trial.doublecue,795,1
162,61317,1,2,0,trial.validspatial,853,1
162,61317,1,2,NaN,trial.nocue,840,1
162,61317,1,1,800,trial.invalid,749,1
162,61317,2,2,800,trial.validspatial,629,1
162,61317,2,1,800,trial.validspatial,574,1
162,61317,2,1,0,trial.validspatial,804,1
162,61317,2,2,NaN,trial.nocue,730,1
162,61317,2,2,800,trial.validspatial,853,1
162,61317,1,1,400,trial.validspatial,1700,0
162,61317,1,2,800,trial.invalid,760,1
162,61317,2,2,0,trial.validspatial,1093,1
162,61317,2,2,800,trial.validspatial,655,1
162,61317,1,1,800,trial.validspatial,602,1
162,61317,2,1,NaN,trial.nocue,1049,1
162,61317,1,2,NaN,trial.nocue,693,1
162,61317,1,2,800,trial.validspatial,544,1
162,61317,1,2,0,trial.validspatial,612,1
162,61317,2,2,0,trial.invalid,674,1
162,61317,1,1,NaN,trial.nocue,732,1
162,61317,2,2,800,trial.validspatial,748,1
162,61317,2,1,800,trial.validspatial,546,1
162,61317,2,1,0,trial.validspatial,509,1
162,61317,1,1,800,trial.doublecue,850,1
162,61317,2,2,800,trial.invalid,873,1
162,61317,1,2,400,trial.validspatial,652,1
162,61317,2,1,800,trial.validspatial,692,1
162,61317,1,2,400,trial.invalid,986,1
162,61317,1,1,800,trial.validspatial,577,1
162,61317,2,2,400,trial.doublecue,817,1
162,61317,1,1,0,trial.validspatial,775,1
162,61317,2,1,NaN,trial.nocue,869,1
162,61317,2,1,400,trial.invalid,963,1
162,61317,1,2,800,trial.invalid,652,0
162,61317,1,2,0,trial.doublecue,1089,1
162,61317,1,1,400,trial.validspatial,563,1
162,61317,1,2,400,trial.validspatial,646,1
162,61317,1,1,0,trial.doublecue,807,1
162,61317,1,1,0,trial.doublecue,814,1
162,61317,1,2,NaN,trial.nocue,807,1
162,61317,2,1,400,trial.doublecue,694,1
162,61317,2,2,400,trial.validspatial,983,1
162,61317,2,2,800,trial.doublecue,647,1
162,61317,2,2,NaN,trial.nocue,733,1
162,61317,1,2,NaN,trial.nocue,655,1
162,61317,1,2,0,trial.doublecue,701,1
162,61317,2,1,800,trial.invalid,657,1
162,61317,1,2,0,trial.validspatial,932,1
162,61317,1,1,0,trial.validspatial,945,1
162,61317,2,1,0,trial.validspatial,1242,1
162,61317,1,1,400,trial.invalid,1620,0
162,61317,1,2,800,trial.doublecue,624,1
162,61317,2,2,0,trial.validspatial,610,1
162,61317,2,2,0,trial.invalid,727,1
162,61317,1,1,0,trial.validspatial,1161,1
162,61317,1,1,400,trial.invalid,604,1
162,61317,2,1,800,trial.validspatial,579,1
162,61317,2,2,400,trial.doublecue,728,1
162,61317,2,1,0,trial.doublecue,652,1
162,61317,2,2,400,trial.validspatial,733,1
162,61317,1,1,NaN,trial.nocue,604,1
162,61317,2,1,0,trial.invalid,625,1
162,61317,1,2,800,trial.validspatial,959,1
162,61317,1,2,800,trial.doublecue,768,1
162,61317,2,1,400,trial.validspatial,639,1
162,61317,1,1,800,trial.validspatial,840,1
162,61317,1,2,800,trial.validspatial,815,1
162,61317,1,1,0,trial.validspatial,590,1
162,61317,1,2,400,trial.validspatial,584,1
162,61317,2,1,400,trial.invalid,633,1
162,61317,2,1,0,trial.invalid,646,1
162,61317,2,2,NaN,trial.nocue,1119,1
162,61317,1,1,800,trial.validspatial,889,1
162,61317,2,2,400,trial.validspatial,879,1
162,61317,2,1,NaN,trial.nocue,793,1
162,61317,1,1,400,trial.validspatial,1044,1
162,61317,1,2,NaN,trial.nocue,889,1
162,61317,1,2,0,trial.validspatial,809,1
162,61317,1,2,800,trial.validspatial,538,1
162,61317,1,1,0,trial.validspatial,1552,1
162,61317,1,1,400,trial.validspatial,1005,1
