subject,date,location_congruence_val,flanker_congruence_val,cue_target_interval,cue_condition,latency,values.correct
292,63017,1,1,0,trial.validspatial,1700,0
292,63017,1,2,0,trial.invalid,68,1
292,63017,1,2,800,trial.validspatial,1382,1
292,63017,1,2,400,trial.validspatial,1383,1
292,63017,1,2,400,trial.doublecue,1021,1
292,63017,2,2,400,trial.validspatial,993,1
292,63017,2,1,400,trial.doublecue,755,1
292,63017,2,1,0,trial.validspatial,958,1
292,63017,2,1,400,trial.validspatial,753,1
292,63017,1,2,800,trial.validspatial,1154,1
292,63017,1,1,800,trial.invalid,968,1
292,63017,2,1,400,trial.validspatial,597,1
292,63017,2,1,800,trial.validspatial,600,1
292,63017,2,2,0,trial.validspatial,898,1
292,63017,1,2,0,trial.validspatial,1145,1
292,63017,1,1,400,trial.validspatial,1587,1
292,63017,1,1,NaN,trial.nocue,1074,1
292,63017,1,2,0,trial.validspatial,1135,1
292,63017,1,1,NaN,trial.nocue,1469,1
292,63017,2,2,0,trial.validspatial,1252,1
292,63017,2,1,800,trial.invalid,1144,1
292,63017,2,2,NaN,trial.nocue,886,1
292,63017,1,2,400,trial.invalid,1107,1
292,63017,2,2,0,trial.doublecue,939,1
292,63017,1,2,NaN,trial.nocue,948,1
292,63017,1,1,400,trial.validspatial,709,1
292,63017,1,1,800,trial.validspatial,848,1
292,63017,2,1,NaN,trial.nocue,903,1
292,63017,1,1,800,trial.doublecue,734,1
292,63017,2,2,0,trial.doublecue,1030,1
292,63017,1,1,0,trial.invalid,947,1
292,63017,1,1,0,trial.invalid,664,1
292,63017,2,1,0,trial.validspatial,723,1
292,63017,2,1,0,trial.validspatial,675,1
292,63017,1,1,400,trial.doublecue,617,1
292,63017,2,2,800,trial.validspatial,878,1
292,63017,2,2,800,trial.validspatial,729,1
292,63017,2,2,0,trial.validspatial,771,1
292,63017,1,2,400,trial.validspatial,1096,1
292,63017,2,2,800,trial.invalid,1072,1
292,63017,1,2,0,trial.invalid,1192,1
292,63017,2,1,400,trial.validspatial,1292,1
292,63017,2,1,400,trial.validspatial,702,1
292,63017,2,1,NaN,trial.nocue,954,1
292,63017,2,2,NaN,trial.nocue,1045,1
292,63017,2,1,NaN,trial.nocue,935,1
292,63017,1,1,800,trial.validspatial,659,1
292,63017,1,1,NaN,trial.nocue,887,1
292,63017,2,1,800,trial.doublecue,667,1
292,63017,2,2,NaN,trial.nocue,994,1
292,63017,1,2,400,trial.validspatial,761,1
292,63017,1,1,400,trial.doublecue,773,1
292,63017,2,2,400,trial.invalid,850,1
292,63017,1,1,NaN,trial.nocue,944,1
292,63017,2,1,800,trial.validspatial,655,1
292,63017,2,2,0,trial.validspatial,1030,1
292,63017,2,1,800,trial.doublecue,1700,0
292,63017,2,1,400,trial.validspatial,770,1
292,63017,2,2,400,trial.validspatial,867,1
292,63017,2,1,0,trial.doublecue,1122,1
292,63017,2,2,400,trial.validspatial,1107,1
292,63017,2,2,400,trial.invalid,1411,1
292,63017,2,2,800,trial.doublecue,1037,1
292,63017,1,2,400,trial.doublecue,1385,1
292,63017,1,2,0,trial.validspatial,946,1
292,63017,1,2,NaN,trial.nocue,1061,1
292,63017,1,1,800,trial.invalid,873,1
292,63017,2,2,800,trial.validspatial,872,1
292,63017,2,1,800,trial.validspatial,1000,1
292,63017,2,1,0,trial.validspatial,1061,1
292,63017,2,2,NaN,trial.nocue,1058,1
292,63017,2,2,800,trial.validspatial,860,1
292,63017,1,1,400,trial.validspatial,803,1
292,63017,1,2,800,trial.invalid,1289,1
292,63017,2,2,0,trial.validspatial,967,1
292,63017,2,2,800,trial.validspatial,1157,1
292,63017,1,1,800,trial.validspatial,1197,1
292,63017,2,1,NaN,trial.nocue,769,1
292,63017,1,2,NaN,trial.nocue,1145,1
292,63017,1,2,800,trial.validspatial,1150,1
292,63017,1,2,0,trial.validspatial,879,1
292,63017,2,2,0,trial.invalid,1215,1
292,63017,1,1,NaN,trial.nocue,1072,1
292,63017,2,2,800,trial.validspatial,851,1
292,63017,2,1,800,trial.validspatial,685,1
292,63017,2,1,0,trial.validspatial,723,1
292,63017,1,1,800,trial.doublecue,819,1
292,63017,2,2,800,trial.invalid,1258,1
292,63017,1,2,400,trial.validspatial,1023,1
292,63017,2,1,800,trial.validspatial,870,1
292,63017,1,2,400,trial.invalid,1253,1
292,63017,1,1,800,trial.validspatial,1225,1
292,63017,2,2,400,trial.doublecue,911,1
292,63017,1,1,0,trial.validspatial,1015,1
292,63017,2,1,NaN,trial.nocue,827,1
292,63017,2,1,400,trial.invalid,1570,1
292,63017,1,2,800,trial.invalid,1156,1
292,63017,1,2,0,trial.doublecue,1001,1
292,63017,1,1,400,trial.validspatial,832,1
292,63017,1,2,400,trial.validspatial,992,1
292,63017,1,1,0,trial.doublecue,719,1
292,63017,1,1,0,trial.doublecue,957,1
292,63017,1,2,NaN,trial.nocue,1230,1
292,63017,2,1,400,trial.doublecue,687,1
292,63017,2,2,400,trial.validspatial,995,1
292,63017,2,2,800,trial.doublecue,1110,1
292,63017,2,2,NaN,trial.nocue,1163,1
292,63017,1,2,NaN,trial.nocue,1190,1
292,63017,1,2,0,trial.doublecue,1090,1
292,63017,2,1,800,trial.invalid,825,1
292,63017,1,2,0,trial.validspatial,1079,1
292,63017,1,1,0,trial.validspatial,1180,1
292,63017,2,1,0,trial.validspatial,800,1
292,63017,1,1,400,trial.invalid,939,1
292,63017,1,2,800,trial.doublecue,1263,1
292,63017,2,2,0,trial.validspatial,1061,1
292,63017,2,2,0,trial.invalid,1375,1
292,63017,1,1,0,trial.validspatial,908,1
292,63017,1,1,400,trial.invalid,719,1
292,63017,2,1,800,trial.validspatial,1098,1
292,63017,2,2,400,trial.doublecue,1303,1
292,63017,2,1,0,trial.doublecue,1020,1
292,63017,2,2,400,trial.validspatial,1254,1
292,63017,1,1,NaN,trial.nocue,873,1
292,63017,2,1,0,trial.invalid,798,1
292,63017,1,2,800,trial.validspatial,1056,1
292,63017,1,2,800,trial.doublecue,1138,1
292,63017,2,1,400,trial.validspatial,843,1
292,63017,1,1,800,trial.validspatial,1498,1
292,63017,1,2,800,trial.validspatial,919,1
292,63017,1,1,0,trial.validspatial,802,1
292,63017,1,2,400,trial.validspatial,1316,1
292,63017,2,1,400,trial.invalid,958,1
292,63017,2,1,0,trial.invalid,742,1
292,63017,2,2,NaN,trial.nocue,986,1
292,63017,1,1,800,trial.validspatial,823,1
292,63017,2,2,400,trial.validspatial,1019,1
292,63017,2,1,NaN,trial.nocue,1293,1
292,63017,1,1,400,trial.validspatial,1463,1
292,63017,1,2,NaN,trial.nocue,1109,1
292,63017,1,2,0,trial.validspatial,1132,1
292,63017,1,2,800,trial.validspatial,1095,1
292,63017,1,1,0,trial.validspatial,950,1
292,63017,1,1,400,trial.validspatial,888,1
292,63017,1,1,0,trial.validspatial,1435,1
292,63017,1,2,0,trial.invalid,1335,1
292,63017,1,2,800,trial.validspatial,1168,1
292,63017,1,2,400,trial.validspatial,914,1
292,63017,1,2,400,trial.doublecue,888,1
292,63017,2,2,400,trial.validspatial,924,1
292,63017,2,1,400,trial.doublecue,830,1
292,63017,2,1,0,trial.validspatial,808,1
292,63017,2,1,400,trial.validspatial,684,1
292,63017,1,2,800,trial.validspatial,1141,1
292,63017,1,1,800,trial.invalid,1700,0
292,63017,2,1,400,trial.validspatial,1519,1
292,63017,2,1,800,trial.validspatial,1666,1
292,63017,2,2,0,trial.validspatial,836,1
292,63017,1,2,0,trial.validspatial,1243,1
292,63017,1,1,400,trial.validspatial,1029,1
292,63017,1,1,NaN,trial.nocue,1228,1
292,63017,1,2,0,trial.validspatial,1121,1
292,63017,1,1,NaN,trial.nocue,879,1
292,63017,2,2,0,trial.validspatial,863,1
292,63017,2,1,800,trial.invalid,1404,1
292,63017,2,2,NaN,trial.nocue,1065,1
292,63017,1,2,400,trial.invalid,1215,1
292,63017,2,2,0,trial.doublecue,1174,1
292,63017,1,2,NaN,trial.nocue,1023,1
292,63017,1,1,400,trial.validspatial,792,1
292,63017,1,1,800,trial.validspatial,699,1
292,63017,2,1,NaN,trial.nocue,937,1
292,63017,1,1,800,trial.doublecue,936,1
292,63017,2,2,0,trial.doublecue,1040,1
292,63017,1,1,0,trial.invalid,981,1
292,63017,1,1,0,trial.invalid,682,1
292,63017,2,1,0,trial.validspatial,1158,1
292,63017,2,1,0,trial.validspatial,840,1
292,63017,1,1,400,trial.doublecue,770,1
292,63017,2,2,800,trial.validspatial,1032,1
292,63017,2,2,800,trial.validspatial,907,1
292,63017,2,2,0,trial.validspatial,844,1
292,63017,1,2,400,trial.validspatial,1001,1
292,63017,2,2,800,trial.invalid,896,1
292,63017,1,2,0,trial.invalid,1065,1
292,63017,2,1,400,trial.validspatial,764,1
292,63017,2,1,400,trial.validspatial,1054,1
292,63017,2,1,NaN,trial.nocue,954,1
292,63017,2,2,NaN,trial.nocue,1141,1
292,63017,2,1,NaN,trial.nocue,1144,0
292,63017,1,1,800,trial.validspatial,916,1
292,63017,1,1,NaN,trial.nocue,799,1
292,63017,2,1,800,trial.doublecue,827,1
292,63017,2,2,NaN,trial.nocue,1226,1
292,63017,1,2,400,trial.validspatial,961,1
292,63017,1,1,400,trial.doublecue,973,1
292,63017,2,2,400,trial.invalid,1522,1
292,63017,1,1,NaN,trial.nocue,897,1
292,63017,2,1,800,trial.validspatial,736,1
292,63017,2,2,0,trial.validspatial,919,1
292,63017,2,1,800,trial.doublecue,869,1
292,63017,2,1,400,trial.validspatial,955,1
292,63017,2,2,400,trial.validspatial,1036,1
292,63017,2,1,0,trial.doublecue,779,1
292,63017,2,2,400,trial.validspatial,989,1
292,63017,2,2,400,trial.invalid,1149,1
292,63017,2,2,800,trial.doublecue,951,1
292,63017,1,2,400,trial.doublecue,1291,1
292,63017,1,2,0,trial.validspatial,996,1
292,63017,1,2,NaN,trial.nocue,1039,1
292,63017,1,1,800,trial.invalid,906,1
292,63017,2,2,800,trial.validspatial,881,1
292,63017,2,1,800,trial.validspatial,641,1
292,63017,2,1,0,trial.validspatial,742,1
292,63017,2,2,NaN,trial.nocue,1362,1
292,63017,2,2,800,trial.validspatial,748,1
292,63017,1,1,400,trial.validspatial,1700,0
292,63017,1,2,800,trial.invalid,948,1
292,63017,2,2,0,trial.validspatial,1057,1
292,63017,2,2,800,trial.validspatial,834,1
292,63017,1,1,800,trial.validspatial,859,1
292,63017,2,1,NaN,trial.nocue,1441,1
292,63017,1,2,NaN,trial.nocue,1318,0
292,63017,1,2,800,trial.validspatial,879,1
292,63017,1,2,0,trial.validspatial,914,1
292,63017,2,2,0,trial.invalid,686,1
292,63017,1,1,NaN,trial.nocue,1239,1
292,63017,2,2,800,trial.validspatial,1053,1
292,63017,2,1,800,trial.validspatial,674,1
292,63017,2,1,0,trial.validspatial,725,1
292,63017,1,1,800,trial.doublecue,960,1
292,63017,2,2,800,trial.invalid,958,1
292,63017,1,2,400,trial.validspatial,1016,1
292,63017,2,1,800,trial.validspatial,791,1
292,63017,1,2,400,trial.invalid,1124,1
292,63017,1,1,800,trial.validspatial,731,1
292,63017,2,2,400,trial.doublecue,993,1
292,63017,1,1,0,trial.validspatial,1325,1
292,63017,2,1,NaN,trial.nocue,1346,1
292,63017,2,1,400,trial.invalid,1424,0
292,63017,1,2,800,trial.invalid,1127,1
292,63017,1,2,0,trial.doublecue,1392,1
292,63017,1,1,400,trial.validspatial,906,1
292,63017,1,2,400,trial.validspatial,749,1
292,63017,1,1,0,trial.doublecue,836,1
292,63017,1,1,0,trial.doublecue,650,1
292,63017,1,2,NaN,trial.nocue,1034,1
292,63017,2,1,400,trial.doublecue,687,1
292,63017,2,2,400,trial.validspatial,664,1
292,63017,2,2,800,trial.doublecue,754,1
292,63017,2,2,NaN,trial.nocue,771,1
292,63017,1,2,NaN,trial.nocue,686,1
292,63017,1,2,0,trial.doublecue,1043,1
292,63017,2,1,800,trial.invalid,910,1
292,63017,1,2,0,trial.validspatial,864,1
292,63017,1,1,0,trial.validspatial,805,1
292,63017,2,1,0,trial.validspatial,837,1
292,63017,1,1,400,trial.invalid,973,1
292,63017,1,2,800,trial.doublecue,712,1
292,63017,2,2,0,trial.validspatial,731,1
292,63017,2,2,0,trial.invalid,766,1
292,63017,1,1,0,trial.validspatial,922,1
292,63017,1,1,400,trial.invalid,596,1
292,63017,2,1,800,trial.validspatial,753,1
292,63017,2,2,400,trial.doublecue,652,1
292,63017,2,1,0,trial.doublecue,824,1
292,63017,2,2,400,trial.validspatial,896,1
292,63017,1,1,NaN,trial.nocue,983,1
292,63017,2,1,0,trial.invalid,858,1
292,63017,1,2,800,trial.validspatial,983,1
292,63017,1,2,800,trial.doublecue,822,1
292,63017,2,1,400,trial.validspatial,709,1
292,63017,1,1,800,trial.validspatial,1019,1
292,63017,1,2,800,trial.validspatial,858,1
292,63017,1,1,0,trial.validspatial,800,1
292,63017,1,2,400,trial.validspatial,888,1
292,63017,2,1,400,trial.invalid,751,1
292,63017,2,1,0,trial.invalid,816,1
292,63017,2,2,NaN,trial.nocue,919,1
292,63017,1,1,800,trial.validspatial,753,1
292,63017,2,2,400,trial.validspatial,973,1
292,63017,2,1,NaN,trial.nocue,942,1
292,63017,1,1,400,trial.validspatial,808,1
292,63017,1,2,NaN,trial.nocue,756,1
292,63017,1,2,0,trial.validspatial,931,1
292,63017,1,2,800,trial.validspatial,867,1
292,63017,1,1,0,trial.validspatial,936,1
292,63017,1,1,400,trial.validspatial,997,1
