subject,date,location_congruence_val,flanker_congruence_val,cue_target_interval,cue_condition,latency,values.correct
18,80717,1,1,0,trial.validspatial,750,1
18,80717,1,2,0,trial.invalid,1035,1
18,80717,1,2,800,trial.validspatial,909,1
18,80717,1,2,400,trial.validspatial,749,1
18,80717,1,2,400,trial.doublecue,1045,1
18,80717,2,2,400,trial.validspatial,703,1
18,80717,2,1,400,trial.doublecue,679,1
18,80717,2,1,0,trial.validspatial,930,1
18,80717,2,1,400,trial.validspatial,649,1
18,80717,1,2,800,trial.validspatial,536,1
18,80717,1,1,800,trial.invalid,831,1
18,80717,2,1,400,trial.validspatial,723,1
18,80717,2,1,800,trial.validspatial,572,1
18,80717,2,2,0,trial.validspatial,929,1
18,80717,1,2,0,trial.validspatial,894,1
18,80717,1,1,400,trial.validspatial,469,1
18,80717,1,1,NaN,trial.nocue,561,1
18,80717,1,2,0,trial.validspatial,432,1
18,80717,1,1,NaN,trial.nocue,802,1
18,80717,2,2,0,trial.validspatial,877,1
18,80717,2,1,800,trial.invalid,806,1
18,80717,2,2,NaN,trial.nocue,884,1
18,80717,1,2,400,trial.invalid,847,1
18,80717,2,2,0,trial.doublecue,765,1
18,80717,1,2,NaN,trial.nocue,887,1
18,80717,1,1,400,trial.validspatial,417,1
18,80717,1,1,800,trial.validspatial,596,1
18,80717,2,1,NaN,trial.nocue,754,1
18,80717,1,1,800,trial.doublecue,563,1
18,80717,2,2,0,trial.doublecue,1037,1
18,80717,1,1,0,trial.invalid,642,1
18,80717,1,1,0,trial.invalid,672,1
18,80717,2,1,0,trial.validspatial,666,1
18,80717,2,1,0,trial.validspatial,827,1
18,80717,1,1,400,trial.doublecue,661,1
18,80717,2,2,800,trial.validspatial,632,1
18,80717,2,2,800,trial.validspatial,715,1
18,80717,2,2,0,trial.validspatial,872,1
18,80717,1,2,400,trial.validspatial,716,1
18,80717,2,2,800,trial.invalid,754,1
18,80717,1,2,0,trial.invalid,688,1
18,80717,2,1,400,trial.validspatial,687,1
18,80717,2,1,400,trial.validspatial,437,1
18,80717,2,1,NaN,trial.nocue,489,1
18,80717,2,2,NaN,trial.nocue,962,1
18,80717,2,1,NaN,trial.nocue,690,1
18,80717,1,1,800,trial.validspatial,652,1
18,80717,1,1,NaN,trial.nocue,603,1
18,80717,2,1,800,trial.doublecue,607,1
18,80717,2,2,NaN,trial.nocue,872,1
18,80717,1,2,400,trial.validspatial,741,1
18,80717,1,1,400,trial.doublecue,560,1
18,80717,2,2,400,trial.invalid,775,1
18,80717,1,1,NaN,trial.nocue,714,1
18,80717,2,1,800,trial.validspatial,531,1
18,80717,2,2,0,trial.validspatial,924,1
18,80717,2,1,800,trial.doublecue,760,1
18,80717,2,1,400,trial.validspatial,586,1
18,80717,2,2,400,trial.validspatial,721,1
18,80717,2,1,0,trial.doublecue,749,1
18,80717,2,2,400,trial.validspatial,785,1
18,80717,2,2,400,trial.invalid,763,1
18,80717,2,2,800,trial.doublecue,865,1
18,80717,1,2,400,trial.doublecue,738,1
18,80717,1,2,0,trial.validspatial,994,1
18,80717,1,2,NaN,trial.nocue,681,1
18,80717,1,1,800,trial.invalid,737,1
18,80717,2,2,800,trial.validspatial,799,1
18,80717,2,1,800,trial.validspatial,528,1
18,80717,2,1,0,trial.validspatial,716,1
18,80717,2,2,NaN,trial.nocue,1018,1
18,80717,2,2,800,trial.validspatial,796,1
18,80717,1,1,400,trial.validspatial,945,1
18,80717,1,2,800,trial.invalid,923,1
18,80717,2,2,0,trial.validspatial,1110,1
18,80717,2,2,800,trial.validspatial,1001,1
18,80717,1,1,800,trial.validspatial,716,1
18,80717,2,1,NaN,trial.nocue,880,1
18,80717,1,2,NaN,trial.nocue,881,1
18,80717,1,2,800,trial.validspatial,630,1
18,80717,1,2,0,trial.validspatial,882,1
18,80717,2,2,0,trial.invalid,908,1
18,80717,1,1,NaN,trial.nocue,768,1
18,80717,2,2,800,trial.validspatial,710,1
18,80717,2,1,800,trial.validspatial,489,1
18,80717,2,1,0,trial.validspatial,627,1
18,80717,1,1,800,trial.doublecue,497,1
18,80717,2,2,800,trial.invalid,742,1
18,80717,1,2,400,trial.validspatial,758,1
18,80717,2,1,800,trial.validspatial,589,1
18,80717,1,2,400,trial.invalid,845,1
18,80717,1,1,800,trial.validspatial,491,1
18,80717,2,2,400,trial.doublecue,791,1
18,80717,1,1,0,trial.validspatial,692,1
18,80717,2,1,NaN,trial.nocue,736,1
18,80717,2,1,400,trial.invalid,746,1
18,80717,1,2,800,trial.invalid,927,1
18,80717,1,2,0,trial.doublecue,922,1
18,80717,1,1,400,trial.validspatial,437,1
18,80717,1,2,400,trial.validspatial,816,1
18,80717,1,1,0,trial.doublecue,518,1
18,80717,1,1,0,trial.doublecue,465,1
18,80717,1,2,NaN,trial.nocue,1023,1
18,80717,2,1,400,trial.doublecue,647,0
18,80717,2,2,400,trial.validspatial,832,1
18,80717,2,2,800,trial.doublecue,862,1
18,80717,2,2,NaN,trial.nocue,861,1
18,80717,1,2,NaN,trial.nocue,886,1
18,80717,1,2,0,trial.doublecue,957,1
18,80717,2,1,800,trial.invalid,852,1
18,80717,1,2,0,trial.validspatial,852,1
18,80717,1,1,0,trial.validspatial,593,1
18,80717,2,1,0,trial.validspatial,617,1
18,80717,1,1,400,trial.invalid,640,1
18,80717,1,2,800,trial.doublecue,652,1
18,80717,2,2,0,trial.validspatial,948,1
18,80717,2,2,0,trial.invalid,900,1
18,80717,1,1,0,trial.validspatial,557,1
18,80717,1,1,400,trial.invalid,592,1
18,80717,2,1,800,trial.validspatial,571,1
18,80717,2,2,400,trial.doublecue,733,1
18,80717,2,1,0,trial.doublecue,696,1
18,80717,2,2,400,trial.validspatial,759,1
18,80717,1,1,NaN,trial.nocue,671,1
18,80717,2,1,0,trial.invalid,590,1
18,80717,1,2,800,trial.validspatial,673,1
18,80717,1,2,800,trial.doublecue,740,1
18,80717,2,1,400,trial.validspatial,570,1
18,80717,1,1,800,trial.validspatial,418,1
18,80717,1,2,800,trial.validspatial,583,1
18,80717,1,1,0,trial.validspatial,566,1
18,80717,1,2,400,trial.validspatial,652,1
18,80717,2,1,400,trial.invalid,748,1
18,80717,2,1,0,trial.invalid,856,1
18,80717,2,2,NaN,trial.nocue,847,1
18,80717,1,1,800,trial.validspatial,577,1
18,80717,2,2,400,trial.validspatial,695,1
18,80717,2,1,NaN,trial.nocue,583,1
18,80717,1,1,400,trial.validspatial,487,1
18,80717,1,2,NaN,trial.nocue,938,1
18,80717,1,2,0,trial.validspatial,738,1
18,80717,1,2,800,trial.validspatial,641,1
18,80717,1,1,0,trial.validspatial,636,1
18,80717,1,1,400,trial.validspatial,408,1
18,80717,1,1,0,trial.validspatial,566,1
18,80717,1,2,0,trial.invalid,886,1
18,80717,1,2,800,trial.validspatial,553,1
18,80717,1,2,400,trial.validspatial,849,1
18,80717,1,2,400,trial.doublecue,784,1
18,80717,2,2,400,trial.validspatial,897,1
18,80717,2,1,400,trial.doublecue,529,1
18,80717,2,1,0,trial.validspatial,640,1
18,80717,2,1,400,trial.validspatial,514,1
18,80717,1,2,800,trial.validspatial,760,1
18,80717,1,1,800,trial.invalid,562,1
18,80717,2,1,400,trial.validspatial,433,0
18,80717,2,1,800,trial.validspatial,615,1
18,80717,2,2,0,trial.validspatial,880,1
18,80717,1,2,0,trial.validspatial,895,1
18,80717,1,1,400,trial.validspatial,425,1
18,80717,1,1,NaN,trial.nocue,508,1
18,80717,1,2,0,trial.validspatial,894,1
18,80717,1,1,NaN,trial.nocue,514,1
18,80717,2,2,0,trial.validspatial,790,1
18,80717,2,1,800,trial.invalid,633,1
18,80717,2,2,NaN,trial.nocue,783,1
18,80717,1,2,400,trial.invalid,809,1
18,80717,2,2,0,trial.doublecue,964,1
18,80717,1,2,NaN,trial.nocue,885,1
18,80717,1,1,400,trial.validspatial,425,1
18,80717,1,1,800,trial.validspatial,529,1
18,80717,2,1,NaN,trial.nocue,694,1
18,80717,1,1,800,trial.doublecue,838,1
18,80717,2,2,0,trial.doublecue,792,1
18,80717,1,1,0,trial.invalid,756,1
18,80717,1,1,0,trial.invalid,952,1
18,80717,2,1,0,trial.validspatial,646,1
18,80717,2,1,0,trial.validspatial,860,1
18,80717,1,1,400,trial.doublecue,433,1
18,80717,2,2,800,trial.validspatial,716,1
18,80717,2,2,800,trial.validspatial,920,1
18,80717,2,2,0,trial.validspatial,684,1
18,80717,1,2,400,trial.validspatial,783,1
18,80717,2,2,800,trial.invalid,866,1
18,80717,1,2,0,trial.invalid,676,1
18,80717,2,1,400,trial.validspatial,501,1
18,80717,2,1,400,trial.validspatial,524,1
18,80717,2,1,NaN,trial.nocue,740,1
18,80717,2,2,NaN,trial.nocue,987,1
18,80717,2,1,NaN,trial.nocue,609,1
18,80717,1,1,800,trial.validspatial,512,1
18,80717,1,1,NaN,trial.nocue,497,1
18,80717,2,1,800,trial.doublecue,637,1
18,80717,2,2,NaN,trial.nocue,978,1
18,80717,1,2,400,trial.validspatial,623,1
18,80717,1,1,400,trial.doublecue,628,1
18,80717,2,2,400,trial.invalid,799,1
18,80717,1,1,NaN,trial.nocue,807,1
18,80717,2,1,800,trial.validspatial,534,1
18,80717,2,2,0,trial.validspatial,1101,1
18,80717,2,1,800,trial.doublecue,604,1
18,80717,2,1,400,trial.validspatial,534,1
18,80717,2,2,400,trial.validspatial,641,1
18,80717,2,1,0,trial.doublecue,591,1
18,80717,2,2,400,trial.validspatial,622,1
18,80717,2,2,400,trial.invalid,939,1
18,80717,2,2,800,trial.doublecue,670,1
18,80717,1,2,400,trial.doublecue,641,1
18,80717,1,2,0,trial.validspatial,754,1
18,80717,1,2,NaN,trial.nocue,838,1
18,80717,1,1,800,trial.invalid,639,1
18,80717,2,2,800,trial.validspatial,540,1
18,80717,2,1,800,trial.validspatial,562,1
18,80717,2,1,0,trial.validspatial,522,1
18,80717,2,2,NaN,trial.nocue,607,1
18,80717,2,2,800,trial.validspatial,681,1
18,80717,1,1,400,trial.validspatial,1700,0
18,80717,1,2,800,trial.invalid,699,1
18,80717,2,2,0,trial.validspatial,923,1
18,80717,2,2,800,trial.validspatial,510,1
18,80717,1,1,800,trial.validspatial,712,1
18,80717,2,1,NaN,trial.nocue,759,1
18,80717,1,2,NaN,trial.nocue,728,1
18,80717,1,2,800,trial.validspatial,615,1
18,80717,1,2,0,trial.validspatial,534,1
18,80717,2,2,0,trial.invalid,482,1
18,80717,1,1,NaN,trial.nocue,528,1
18,80717,2,2,800,trial.validspatial,573,1
18,80717,2,1,800,trial.validspatial,571,1
18,80717,2,1,0,trial.validspatial,569,1
18,80717,1,1,800,trial.doublecue,799,1
18,80717,2,2,800,trial.invalid,777,1
18,80717,1,2,400,trial.validspatial,664,1
18,80717,2,1,800,trial.validspatial,504,1
18,80717,1,2,400,trial.invalid,904,1
18,80717,1,1,800,trial.validspatial,786,1
18,80717,2,2,400,trial.doublecue,801,1
18,80717,1,1,0,trial.validspatial,593,1
18,80717,2,1,NaN,trial.nocue,725,1
18,80717,2,1,400,trial.invalid,733,1
18,80717,1,2,800,trial.invalid,868,1
18,80717,1,2,0,trial.doublecue,739,1
18,80717,1,1,400,trial.validspatial,499,1
18,80717,1,2,400,trial.validspatial,440,1
18,80717,1,1,0,trial.doublecue,575,1
18,80717,1,1,0,trial.doublecue,603,1
18,80717,1,2,NaN,trial.nocue,786,1
18,80717,2,1,400,trial.doublecue,639,1
18,80717,2,2,400,trial.validspatial,612,1
18,80717,2,2,800,trial.doublecue,548,1
18,80717,2,2,NaN,trial.nocue,595,1
18,80717,1,2,NaN,trial.nocue,549,1
18,80717,1,2,0,trial.doublecue,601,1
18,80717,2,1,800,trial.invalid,498,1
18,80717,1,2,0,trial.validspatial,745,1
18,80717,1,1,0,trial.validspatial,596,1
18,80717,2,1,0,trial.validspatial,765,1
18,80717,1,1,400,trial.invalid,650,1
18,80717,1,2,800,trial.doublecue,540,1
18,80717,2,2,0,trial.validspatial,451,1
18,80717,2,2,0,trial.invalid,551,1
18,80717,1,1,0,trial.validspatial,916,1
18,80717,1,1,400,trial.invalid,555,1
18,80717,2,1,800,trial.validspatial,428,1
18,80717,2,2,400,trial.doublecue,849,1
18,80717,2,1,0,trial.doublecue,451,1
18,80717,2,2,400,trial.validspatial,1105,1
18,80717,1,1,NaN,trial.nocue,615,1
18,80717,2,1,0,trial.invalid,550,1
18,80717,1,2,800,trial.validspatial,789,1
18,80717,1,2,800,trial.doublecue,692,1
18,80717,2,1,400,trial.validspatial,474,1
18,80717,1,1,800,trial.validspatial,918,1
18,80717,1,2,800,trial.validspatial,524,1
18,80717,1,1,0,trial.validspatial,490,1
18,80717,1,2,400,trial.validspatial,728,1
18,80717,2,1,400,trial.invalid,757,1
18,80717,2,1,0,trial.invalid,898,1
18,80717,2,2,NaN,trial.nocue,611,1
18,80717,1,1,800,trial.validspatial,722,1
18,80717,2,2,400,trial.validspatial,610,1
18,80717,2,1,NaN,trial.nocue,849,1
18,80717,1,1,400,trial.validspatial,687,1
18,80717,1,2,NaN,trial.nocue,601,1
18,80717,1,2,0,trial.validspatial,557,1
18,80717,1,2,800,trial.validspatial,509,1
18,80717,1,1,0,trial.validspatial,650,1
18,80717,1,1,400,trial.validspatial,773,1
