subject,date,location_congruence_val,flanker_congruence_val,cue_target_interval,cue_condition,latency,values.correct
106,40117,1,1,0,trial.validspatial,1112,1
106,40117,1,2,0,trial.invalid,1362,1
106,40117,1,2,800,trial.validspatial,881,1
106,40117,1,2,400,trial.validspatial,1375,1
106,40117,1,2,400,trial.doublecue,661,1
106,40117,2,2,400,trial.validspatial,438,0
106,40117,2,1,400,trial.doublecue,1079,1
106,40117,2,1,0,trial.validspatial,468,1
106,40117,2,1,400,trial.validspatial,449,1
106,40117,1,2,800,trial.validspatial,986,1
106,40117,1,1,800,trial.invalid,411,1
106,40117,2,1,400,trial.validspatial,297,0
106,40117,2,1,800,trial.validspatial,591,1
106,40117,2,2,0,trial.validspatial,593,1
106,40117,1,2,0,trial.validspatial,773,1
106,40117,1,1,400,trial.validspatial,647,1
106,40117,1,1,NaN,trial.nocue,394,1
106,40117,1,2,0,trial.validspatial,452,1
106,40117,1,1,NaN,trial.nocue,724,1
106,40117,2,2,0,trial.validspatial,676,1
106,40117,2,1,800,trial.invalid,627,1
106,40117,2,2,NaN,trial.nocue,995,1
106,40117,1,2,400,trial.invalid,725,1
106,40117,2,2,0,trial.doublecue,566,0
106,40117,1,2,NaN,trial.nocue,605,1
106,40117,1,1,400,trial.validspatial,485,1
106,40117,1,1,800,trial.validspatial,376,1
106,40117,2,1,NaN,trial.nocue,550,1
106,40117,1,1,800,trial.doublecue,465,1
106,40117,2,2,0,trial.doublecue,698,1
106,40117,1,1,0,trial.invalid,821,1
106,40117,1,1,0,trial.invalid,849,1
106,40117,2,1,0,trial.validspatial,653,1
106,40117,2,1,0,trial.validspatial,602,1
106,40117,1,1,400,trial.doublecue,634,1
106,40117,2,2,800,trial.validspatial,607,1
106,40117,2,2,800,trial.validspatial,514,1
106,40117,2,2,0,trial.validspatial,866,0
106,40117,1,2,400,trial.validspatial,748,1
106,40117,2,2,800,trial.invalid,608,1
106,40117,1,2,0,trial.invalid,518,0
106,40117,2,1,400,trial.validspatial,662,1
106,40117,2,1,400,trial.validspatial,553,1
106,40117,2,1,NaN,trial.nocue,828,1
106,40117,2,2,NaN,trial.nocue,762,1
106,40117,2,1,NaN,trial.nocue,485,1
106,40117,1,1,800,trial.validspatial,415,1
106,40117,1,1,NaN,trial.nocue,441,1
106,40117,2,1,800,trial.doublecue,812,1
106,40117,2,2,NaN,trial.nocue,982,1
106,40117,1,2,400,trial.validspatial,615,1
106,40117,1,1,400,trial.doublecue,400,1
106,40117,2,2,400,trial.invalid,340,0
106,40117,1,1,NaN,trial.nocue,386,1
106,40117,2,1,800,trial.validspatial,570,1
106,40117,2,2,0,trial.validspatial,642,1
106,40117,2,1,800,trial.doublecue,722,1
106,40117,2,1,400,trial.validspatial,456,1
106,40117,2,2,400,trial.validspatial,417,0
106,40117,2,1,0,trial.doublecue,755,1
106,40117,2,2,400,trial.validspatial,635,1
106,40117,2,2,400,trial.invalid,604,1
106,40117,2,2,800,trial.doublecue,591,1
106,40117,1,2,400,trial.doublecue,531,1
106,40117,1,2,0,trial.validspatial,802,1
106,40117,1,2,NaN,trial.nocue,690,1
106,40117,1,1,800,trial.invalid,429,1
106,40117,2,2,800,trial.validspatial,459,0
106,40117,2,1,800,trial.validspatial,550,1
106,40117,2,1,0,trial.validspatial,928,1
106,40117,2,2,NaN,trial.nocue,837,1
106,40117,2,2,800,trial.validspatial,727,1
106,40117,1,1,400,trial.validspatial,563,1
106,40117,1,2,800,trial.invalid,776,1
106,40117,2,2,0,trial.validspatial,605,1
106,40117,2,2,800,trial.validspatial,663,1
106,40117,1,1,800,trial.validspatial,572,1
106,40117,2,1,NaN,trial.nocue,526,1
106,40117,1,2,NaN,trial.nocue,930,1
106,40117,1,2,800,trial.validspatial,782,1
106,40117,1,2,0,trial.validspatial,609,1
106,40117,2,2,0,trial.invalid,657,1
106,40117,1,1,NaN,trial.nocue,751,1
106,40117,2,2,800,trial.validspatial,480,1
106,40117,2,1,800,trial.validspatial,459,1
106,40117,2,1,0,trial.validspatial,446,1
106,40117,1,1,800,trial.doublecue,403,1
106,40117,2,2,800,trial.invalid,391,0
106,40117,1,2,400,trial.validspatial,597,1
106,40117,2,1,800,trial.validspatial,539,1
106,40117,1,2,400,trial.invalid,680,1
106,40117,1,1,800,trial.validspatial,519,1
106,40117,2,2,400,trial.doublecue,345,0
106,40117,1,1,0,trial.validspatial,532,1
106,40117,2,1,NaN,trial.nocue,479,1
106,40117,2,1,400,trial.invalid,482,1
106,40117,1,2,800,trial.invalid,646,0
106,40117,1,2,0,trial.doublecue,799,1
106,40117,1,1,400,trial.validspatial,515,1
106,40117,1,2,400,trial.validspatial,574,1
106,40117,1,1,0,trial.doublecue,478,1
106,40117,1,1,0,trial.doublecue,422,1
106,40117,1,2,NaN,trial.nocue,551,1
106,40117,2,1,400,trial.doublecue,478,1
106,40117,2,2,400,trial.validspatial,572,0
106,40117,2,2,800,trial.doublecue,679,1
106,40117,2,2,NaN,trial.nocue,387,0
106,40117,1,2,NaN,trial.nocue,512,1
106,40117,1,2,0,trial.doublecue,584,1
106,40117,2,1,800,trial.invalid,597,1
106,40117,1,2,0,trial.validspatial,1080,1
106,40117,1,1,0,trial.validspatial,593,1
106,40117,2,1,0,trial.validspatial,528,1
106,40117,1,1,400,trial.invalid,410,1
106,40117,1,2,800,trial.doublecue,532,1
106,40117,2,2,0,trial.validspatial,575,1
106,40117,2,2,0,trial.invalid,447,0
106,40117,1,1,0,trial.validspatial,718,1
106,40117,1,1,400,trial.invalid,599,1
106,40117,2,1,800,trial.validspatial,455,1
106,40117,2,2,400,trial.doublecue,522,1
106,40117,2,1,0,trial.doublecue,430,1
106,40117,2,2,400,trial.validspatial,547,1
106,40117,1,1,NaN,trial.nocue,679,1
106,40117,2,1,0,trial.invalid,501,1
106,40117,1,2,800,trial.validspatial,572,1
106,40117,1,2,800,trial.doublecue,1435,1
106,40117,2,1,400,trial.validspatial,1700,0
106,40117,1,1,800,trial.validspatial,1700,0
106,40117,1,2,800,trial.validspatial,1700,0
106,40117,1,1,0,trial.validspatial,40,0
106,40117,1,2,400,trial.validspatial,711,0
106,40117,2,1,400,trial.invalid,508,1
106,40117,2,1,0,trial.invalid,392,0
106,40117,2,2,NaN,trial.nocue,269,0
106,40117,1,1,800,trial.validspatial,420,1
106,40117,2,2,400,trial.validspatial,403,0
106,40117,2,1,NaN,trial.nocue,435,0
106,40117,1,1,400,trial.validspatial,465,1
106,40117,1,2,NaN,trial.nocue,517,0
106,40117,1,2,0,trial.validspatial,615,0
106,40117,1,2,800,trial.validspatial,575,1
106,40117,1,1,0,trial.validspatial,395,1
106,40117,1,1,400,trial.validspatial,464,1
106,40117,1,1,0,trial.validspatial,495,1
106,40117,1,2,0,trial.invalid,681,1
106,40117,1,2,800,trial.validspatial,494,1
106,40117,1,2,400,trial.validspatial,482,1
106,40117,1,2,400,trial.doublecue,516,1
106,40117,2,2,400,trial.validspatial,567,1
106,40117,2,1,400,trial.doublecue,411,1
106,40117,2,1,0,trial.validspatial,409,1
106,40117,2,1,400,trial.validspatial,411,1
106,40117,1,2,800,trial.validspatial,390,0
106,40117,1,1,800,trial.invalid,366,1
106,40117,2,1,400,trial.validspatial,369,0
106,40117,2,1,800,trial.validspatial,372,1
106,40117,2,2,0,trial.validspatial,517,0
106,40117,1,2,0,trial.validspatial,592,1
106,40117,1,1,400,trial.validspatial,363,1
106,40117,1,1,NaN,trial.nocue,326,1
106,40117,1,2,0,trial.validspatial,347,1
106,40117,1,1,NaN,trial.nocue,454,1
106,40117,2,2,0,trial.validspatial,563,1
106,40117,2,1,800,trial.invalid,331,0
106,40117,2,2,NaN,trial.nocue,693,0
106,40117,1,2,400,trial.invalid,587,0
106,40117,2,2,0,trial.doublecue,526,1
106,40117,1,2,NaN,trial.nocue,458,0
106,40117,1,1,400,trial.validspatial,517,1
106,40117,1,1,800,trial.validspatial,344,1
106,40117,2,1,NaN,trial.nocue,526,1
106,40117,1,1,800,trial.doublecue,361,1
106,40117,2,2,0,trial.doublecue,456,0
106,40117,1,1,0,trial.invalid,263,1
106,40117,1,1,0,trial.invalid,786,1
106,40117,2,1,0,trial.validspatial,312,0
106,40117,2,1,0,trial.validspatial,366,0
106,40117,1,1,400,trial.doublecue,362,1
106,40117,2,2,800,trial.validspatial,534,1
106,40117,2,2,800,trial.validspatial,397,0
106,40117,2,2,0,trial.validspatial,499,1
106,40117,1,2,400,trial.validspatial,409,1
106,40117,2,2,800,trial.invalid,402,0
106,40117,1,2,0,trial.invalid,594,0
106,40117,2,1,400,trial.validspatial,463,1
106,40117,2,1,400,trial.validspatial,462,1
106,40117,2,1,NaN,trial.nocue,396,1
106,40117,2,2,NaN,trial.nocue,338,0
106,40117,2,1,NaN,trial.nocue,504,0
106,40117,1,1,800,trial.validspatial,857,1
106,40117,1,1,NaN,trial.nocue,326,1
106,40117,2,1,800,trial.doublecue,368,1
106,40117,2,2,NaN,trial.nocue,390,0
106,40117,1,2,400,trial.validspatial,902,1
106,40117,1,1,400,trial.doublecue,324,1
106,40117,2,2,400,trial.invalid,369,0
106,40117,1,1,NaN,trial.nocue,342,1
106,40117,2,1,800,trial.validspatial,321,1
106,40117,2,2,0,trial.validspatial,636,0
106,40117,2,1,800,trial.doublecue,447,1
106,40117,2,1,400,trial.validspatial,333,0
106,40117,2,2,400,trial.validspatial,347,0
106,40117,2,1,0,trial.doublecue,488,1
106,40117,2,2,400,trial.validspatial,540,1
106,40117,2,2,400,trial.invalid,495,0
106,40117,2,2,800,trial.doublecue,478,1
106,40117,1,2,400,trial.doublecue,514,0
106,40117,1,2,0,trial.validspatial,669,1
106,40117,1,2,NaN,trial.nocue,686,1
106,40117,1,1,800,trial.invalid,385,1
106,40117,2,2,800,trial.validspatial,481,1
106,40117,2,1,800,trial.validspatial,317,1
106,40117,2,1,0,trial.validspatial,461,1
106,40117,2,2,NaN,trial.nocue,674,0
106,40117,2,2,800,trial.validspatial,493,1
106,40117,1,1,400,trial.validspatial,1700,0
106,40117,1,2,800,trial.invalid,566,1
106,40117,2,2,0,trial.validspatial,1700,0
106,40117,2,2,800,trial.validspatial,1700,0
106,40117,1,1,800,trial.validspatial,1700,0
106,40117,2,1,NaN,trial.nocue,1700,0
106,40117,1,2,NaN,trial.nocue,194,0
106,40117,1,2,800,trial.validspatial,159,0
106,40117,1,2,0,trial.validspatial,1395,0
106,40117,2,2,0,trial.invalid,187,1
106,40117,1,1,NaN,trial.nocue,717,1
106,40117,2,2,800,trial.validspatial,769,1
106,40117,2,1,800,trial.validspatial,670,1
106,40117,2,1,0,trial.validspatial,281,1
106,40117,1,1,800,trial.doublecue,327,0
106,40117,2,2,800,trial.invalid,621,1
106,40117,1,2,400,trial.validspatial,301,1
106,40117,2,1,800,trial.validspatial,209,1
106,40117,1,2,400,trial.invalid,467,1
106,40117,1,1,800,trial.validspatial,431,1
106,40117,2,2,400,trial.doublecue,361,0
106,40117,1,1,0,trial.validspatial,538,1
106,40117,2,1,NaN,trial.nocue,658,0
106,40117,2,1,400,trial.invalid,431,0
106,40117,1,2,800,trial.invalid,454,0
106,40117,1,2,0,trial.doublecue,451,1
106,40117,1,1,400,trial.validspatial,691,1
106,40117,1,2,400,trial.validspatial,365,1
106,40117,1,1,0,trial.doublecue,392,1
106,40117,1,1,0,trial.doublecue,437,1
106,40117,1,2,NaN,trial.nocue,837,1
106,40117,2,1,400,trial.doublecue,518,1
106,40117,2,2,400,trial.validspatial,650,1
106,40117,2,2,800,trial.doublecue,485,1
106,40117,2,2,NaN,trial.nocue,404,1
106,40117,1,2,NaN,trial.nocue,422,1
106,40117,1,2,0,trial.doublecue,564,1
106,40117,2,1,800,trial.invalid,516,0
106,40117,1,2,0,trial.validspatial,631,1
106,40117,1,1,0,trial.validspatial,560,1
106,40117,2,1,0,trial.validspatial,407,0
106,40117,1,1,400,trial.invalid,444,0
106,40117,1,2,800,trial.doublecue,478,1
106,40117,2,2,0,trial.validspatial,349,1
106,40117,2,2,0,trial.invalid,453,1
106,40117,1,1,0,trial.validspatial,425,0
106,40117,1,1,400,trial.invalid,426,1
106,40117,2,1,800,trial.validspatial,441,1
106,40117,2,2,400,trial.doublecue,566,1
106,40117,2,1,0,trial.doublecue,379,1
106,40117,2,2,400,trial.validspatial,728,1
106,40117,1,1,NaN,trial.nocue,527,1
106,40117,2,1,0,trial.invalid,427,1
106,40117,1,2,800,trial.validspatial,364,0
106,40117,1,2,800,trial.doublecue,397,1
106,40117,2,1,400,trial.validspatial,1700,0
106,40117,1,1,800,trial.validspatial,648,1
106,40117,1,2,800,trial.validspatial,590,1
106,40117,1,1,0,trial.validspatial,403,1
106,40117,1,2,400,trial.validspatial,464,1
106,40117,2,1,400,trial.invalid,458,1
106,40117,2,1,0,trial.invalid,578,1
106,40117,2,2,NaN,trial.nocue,599,1
106,40117,1,1,800,trial.validspatial,618,1
106,40117,2,2,400,trial.validspatial,385,0
106,40117,2,1,NaN,trial.nocue,578,1
106,40117,1,1,400,trial.validspatial,585,1
106,40117,1,2,NaN,trial.nocue,535,1
106,40117,1,2,0,trial.validspatial,570,1
106,40117,1,2,800,trial.validspatial,329,1
106,40117,1,1,0,trial.validspatial,428,1
106,40117,1,1,400,trial.validspatial,497,1
