subject,date,location_congruence_val,flanker_congruence_val,cue_target_interval,cue_condition,latency,values.correct
39,102117,1,1,0,trial.validspatial,770,1
39,102117,1,2,0,trial.invalid,782,0
39,102117,1,2,800,trial.validspatial,678,0
39,102117,1,2,400,trial.validspatial,367,0
39,102117,1,2,400,trial.doublecue,1151,1
39,102117,2,2,400,trial.validspatial,587,1
39,102117,2,1,400,trial.doublecue,631,1
39,102117,2,1,0,trial.validspatial,725,1
39,102117,2,1,400,trial.validspatial,443,1
39,102117,1,2,800,trial.validspatial,550,1
39,102117,1,1,800,trial.invalid,555,1
39,102117,2,1,400,trial.validspatial,552,0
39,102117,2,1,800,trial.validspatial,484,1
39,102117,2,2,0,trial.validspatial,767,1
39,102117,1,2,0,trial.validspatial,815,1
39,102117,1,1,400,trial.validspatial,455,1
39,102117,1,1,NaN,trial.nocue,673,1
39,102117,1,2,0,trial.validspatial,703,1
39,102117,1,1,NaN,trial.nocue,596,1
39,102117,2,2,0,trial.validspatial,764,1
39,102117,2,1,800,trial.invalid,608,1
39,102117,2,2,NaN,trial.nocue,877,1
39,102117,1,2,400,trial.invalid,788,1
39,102117,2,2,0,trial.doublecue,851,1
39,102117,1,2,NaN,trial.nocue,700,1
39,102117,1,1,400,trial.validspatial,447,1
39,102117,1,1,800,trial.validspatial,363,1
39,102117,2,1,NaN,trial.nocue,619,1
39,102117,1,1,800,trial.doublecue,609,1
39,102117,2,2,0,trial.doublecue,692,1
39,102117,1,1,0,trial.invalid,630,1
39,102117,1,1,0,trial.invalid,594,1
39,102117,2,1,0,trial.validspatial,530,1
39,102117,2,1,0,trial.validspatial,698,1
39,102117,1,1,400,trial.doublecue,401,1
39,102117,2,2,800,trial.validspatial,564,1
39,102117,2,2,800,trial.validspatial,564,1
39,102117,2,2,0,trial.validspatial,614,1
39,102117,1,2,400,trial.validspatial,602,1
39,102117,2,2,800,trial.invalid,732,1
39,102117,1,2,0,trial.invalid,782,0
39,102117,2,1,400,trial.validspatial,619,1
39,102117,2,1,400,trial.validspatial,420,1
39,102117,2,1,NaN,trial.nocue,679,1
39,102117,2,2,NaN,trial.nocue,716,1
39,102117,2,1,NaN,trial.nocue,744,1
39,102117,1,1,800,trial.validspatial,370,1
39,102117,1,1,NaN,trial.nocue,678,1
39,102117,2,1,800,trial.doublecue,434,1
39,102117,2,2,NaN,trial.nocue,741,1
39,102117,1,2,400,trial.validspatial,510,1
39,102117,1,1,400,trial.doublecue,577,1
39,102117,2,2,400,trial.invalid,558,0
39,102117,1,1,NaN,trial.nocue,763,1
39,102117,2,1,800,trial.validspatial,468,1
39,102117,2,2,0,trial.validspatial,705,1
39,102117,2,1,800,trial.doublecue,481,1
39,102117,2,1,400,trial.validspatial,510,1
39,102117,2,2,400,trial.validspatial,576,1
39,102117,2,1,0,trial.doublecue,568,1
39,102117,2,2,400,trial.validspatial,498,1
39,102117,2,2,400,trial.invalid,841,1
39,102117,2,2,800,trial.doublecue,491,1
39,102117,1,2,400,trial.doublecue,600,1
39,102117,1,2,0,trial.validspatial,673,1
39,102117,1,2,NaN,trial.nocue,702,1
39,102117,1,1,800,trial.invalid,576,1
39,102117,2,2,800,trial.validspatial,505,1
39,102117,2,1,800,trial.validspatial,458,1
39,102117,2,1,0,trial.validspatial,614,1
39,102117,2,2,NaN,trial.nocue,800,1
39,102117,2,2,800,trial.validspatial,529,1
39,102117,1,1,400,trial.validspatial,521,1
39,102117,1,2,800,trial.invalid,786,1
39,102117,2,2,0,trial.validspatial,762,1
39,102117,2,2,800,trial.validspatial,551,1
39,102117,1,1,800,trial.validspatial,472,1
39,102117,2,1,NaN,trial.nocue,597,1
39,102117,1,2,NaN,trial.nocue,437,0
39,102117,1,2,800,trial.validspatial,398,1
39,102117,1,2,0,trial.validspatial,631,1
39,102117,2,2,0,trial.invalid,716,1
39,102117,1,1,NaN,trial.nocue,760,1
39,102117,2,2,800,trial.validspatial,268,0
39,102117,2,1,800,trial.validspatial,574,1
39,102117,2,1,0,trial.validspatial,662,1
39,102117,1,1,800,trial.doublecue,553,1
39,102117,2,2,800,trial.invalid,737,1
39,102117,1,2,400,trial.validspatial,496,1
39,102117,2,1,800,trial.validspatial,375,1
39,102117,1,2,400,trial.invalid,1065,1
39,102117,1,1,800,trial.validspatial,431,1
39,102117,2,2,400,trial.doublecue,751,1
39,102117,1,1,0,trial.validspatial,544,1
39,102117,2,1,NaN,trial.nocue,794,1
39,102117,2,1,400,trial.invalid,634,1
39,102117,1,2,800,trial.invalid,819,1
39,102117,1,2,0,trial.doublecue,664,1
39,102117,1,1,400,trial.validspatial,507,1
39,102117,1,2,400,trial.validspatial,524,0
39,102117,1,1,0,trial.doublecue,638,1
39,102117,1,1,0,trial.doublecue,728,1
39,102117,1,2,NaN,trial.nocue,782,1
39,102117,2,1,400,trial.doublecue,630,1
39,102117,2,2,400,trial.validspatial,601,1
39,102117,2,2,800,trial.doublecue,762,1
39,102117,2,2,NaN,trial.nocue,1168,1
39,102117,1,2,NaN,trial.nocue,724,1
39,102117,1,2,0,trial.doublecue,728,1
39,102117,2,1,800,trial.invalid,759,1
39,102117,1,2,0,trial.validspatial,841,1
39,102117,1,1,0,trial.validspatial,764,1
39,102117,2,1,0,trial.validspatial,648,0
39,102117,1,1,400,trial.invalid,734,1
39,102117,1,2,800,trial.doublecue,595,1
39,102117,2,2,0,trial.validspatial,747,1
39,102117,2,2,0,trial.invalid,986,1
39,102117,1,1,0,trial.validspatial,536,1
39,102117,1,1,400,trial.invalid,633,1
39,102117,2,1,800,trial.validspatial,566,1
39,102117,2,2,400,trial.doublecue,813,1
39,102117,2,1,0,trial.doublecue,768,1
39,102117,2,2,400,trial.validspatial,536,1
39,102117,1,1,NaN,trial.nocue,732,1
39,102117,2,1,0,trial.invalid,939,1
39,102117,1,2,800,trial.validspatial,763,1
39,102117,1,2,800,trial.doublecue,727,1
39,102117,2,1,400,trial.validspatial,569,1
39,102117,1,1,800,trial.validspatial,753,1
39,102117,1,2,800,trial.validspatial,470,1
39,102117,1,1,0,trial.validspatial,522,1
39,102117,1,2,400,trial.validspatial,538,1
39,102117,2,1,400,trial.invalid,678,1
39,102117,2,1,0,trial.invalid,623,1
39,102117,2,2,NaN,trial.nocue,593,1
39,102117,1,1,800,trial.validspatial,429,1
39,102117,2,2,400,trial.validspatial,524,1
39,102117,2,1,NaN,trial.nocue,644,1
39,102117,1,1,400,trial.validspatial,433,1
39,102117,1,2,NaN,trial.nocue,615,1
39,102117,1,2,0,trial.validspatial,850,1
39,102117,1,2,800,trial.validspatial,478,1
39,102117,1,1,0,trial.validspatial,808,1
39,102117,1,1,400,trial.validspatial,394,1
39,102117,1,1,0,trial.validspatial,723,1
39,102117,1,2,0,trial.invalid,621,0
39,102117,1,2,800,trial.validspatial,647,1
39,102117,1,2,400,trial.validspatial,552,1
39,102117,1,2,400,trial.doublecue,688,1
39,102117,2,2,400,trial.validspatial,572,1
39,102117,2,1,400,trial.doublecue,545,1
39,102117,2,1,0,trial.validspatial,831,1
39,102117,2,1,400,trial.validspatial,578,1
39,102117,1,2,800,trial.validspatial,682,1
39,102117,1,1,800,trial.invalid,697,1
39,102117,2,1,400,trial.validspatial,551,1
39,102117,2,1,800,trial.validspatial,436,1
39,102117,2,2,0,trial.validspatial,609,1
39,102117,1,2,0,trial.validspatial,729,1
39,102117,1,1,400,trial.validspatial,416,1
39,102117,1,1,NaN,trial.nocue,585,1
39,102117,1,2,0,trial.validspatial,559,1
39,102117,1,1,NaN,trial.nocue,430,1
39,102117,2,2,0,trial.validspatial,612,1
39,102117,2,1,800,trial.invalid,626,1
39,102117,2,2,NaN,trial.nocue,767,1
39,102117,1,2,400,trial.invalid,677,1
39,102117,2,2,0,trial.doublecue,583,0
39,102117,1,2,NaN,trial.nocue,744,1
39,102117,1,1,400,trial.validspatial,459,1
39,102117,1,1,800,trial.validspatial,382,1
39,102117,2,1,NaN,trial.nocue,647,1
39,102117,1,1,800,trial.doublecue,481,1
39,102117,2,2,0,trial.doublecue,786,1
39,102117,1,1,0,trial.invalid,655,1
39,102117,1,1,0,trial.invalid,798,1
39,102117,2,1,0,trial.validspatial,604,1
39,102117,2,1,0,trial.validspatial,632,1
39,102117,1,1,400,trial.doublecue,419,1
39,102117,2,2,800,trial.validspatial,443,1
39,102117,2,2,800,trial.validspatial,370,0
39,102117,2,2,0,trial.validspatial,710,1
39,102117,1,2,400,trial.validspatial,518,1
39,102117,2,2,800,trial.invalid,430,0
39,102117,1,2,0,trial.invalid,705,1
39,102117,2,1,400,trial.validspatial,706,1
39,102117,2,1,400,trial.validspatial,379,1
39,102117,2,1,NaN,trial.nocue,558,1
39,102117,2,2,NaN,trial.nocue,755,1
39,102117,2,1,NaN,trial.nocue,605,1
39,102117,1,1,800,trial.validspatial,417,1
39,102117,1,1,NaN,trial.nocue,440,1
39,102117,2,1,800,trial.doublecue,413,1
39,102117,2,2,NaN,trial.nocue,744,1
39,102117,1,2,400,trial.validspatial,433,1
39,102117,1,1,400,trial.doublecue,672,1
39,102117,2,2,400,trial.invalid,470,0
39,102117,1,1,NaN,trial.nocue,543,1
39,102117,2,1,800,trial.validspatial,490,1
39,102117,2,2,0,trial.validspatial,659,1
39,102117,2,1,800,trial.doublecue,557,0
39,102117,2,1,400,trial.validspatial,445,1
39,102117,2,2,400,trial.validspatial,561,1
39,102117,2,1,0,trial.doublecue,595,1
39,102117,2,2,400,trial.validspatial,464,1
39,102117,2,2,400,trial.invalid,656,1
39,102117,2,2,800,trial.doublecue,585,1
39,102117,1,2,400,trial.doublecue,686,1
39,102117,1,2,0,trial.validspatial,624,1
39,102117,1,2,NaN,trial.nocue,722,1
39,102117,1,1,800,trial.invalid,491,1
39,102117,2,2,800,trial.validspatial,500,1
39,102117,2,1,800,trial.validspatial,398,1
39,102117,2,1,0,trial.validspatial,452,1
39,102117,2,2,NaN,trial.nocue,438,0
39,102117,2,2,800,trial.validspatial,528,1
39,102117,1,1,400,trial.validspatial,1700,0
39,102117,1,2,800,trial.invalid,542,1
39,102117,2,2,0,trial.validspatial,841,1
39,102117,2,2,800,trial.validspatial,481,1
39,102117,1,1,800,trial.validspatial,562,1
39,102117,2,1,NaN,trial.nocue,682,1
39,102117,1,2,NaN,trial.nocue,462,1
39,102117,1,2,800,trial.validspatial,403,1
39,102117,1,2,0,trial.validspatial,498,1
39,102117,2,2,0,trial.invalid,954,1
39,102117,1,1,NaN,trial.nocue,492,1
39,102117,2,2,800,trial.validspatial,627,1
39,102117,2,1,800,trial.validspatial,426,1
39,102117,2,1,0,trial.validspatial,527,1
39,102117,1,1,800,trial.doublecue,652,1
39,102117,2,2,800,trial.invalid,766,1
39,102117,1,2,400,trial.validspatial,926,1
39,102117,2,1,800,trial.validspatial,495,1
39,102117,1,2,400,trial.invalid,628,1
39,102117,1,1,800,trial.validspatial,470,1
39,102117,2,2,400,trial.doublecue,851,1
39,102117,1,1,0,trial.validspatial,607,1
39,102117,2,1,NaN,trial.nocue,868,1
39,102117,2,1,400,trial.invalid,802,1
39,102117,1,2,800,trial.invalid,1194,1
39,102117,1,2,0,trial.doublecue,715,1
39,102117,1,1,400,trial.validspatial,398,1
39,102117,1,2,400,trial.validspatial,410,1
39,102117,1,1,0,trial.doublecue,867,1
39,102117,1,1,0,trial.doublecue,501,1
39,102117,1,2,NaN,trial.nocue,1197,0
39,102117,2,1,400,trial.doublecue,579,1
39,102117,2,2,400,trial.validspatial,334,1
39,102117,2,2,800,trial.doublecue,506,1
39,102117,2,2,NaN,trial.nocue,402,1
39,102117,1,2,NaN,trial.nocue,400,1
39,102117,1,2,0,trial.doublecue,512,1
39,102117,2,1,800,trial.invalid,477,1
39,102117,1,2,0,trial.validspatial,1080,1
39,102117,1,1,0,trial.validspatial,539,1
39,102117,2,1,0,trial.validspatial,723,0
39,102117,1,1,400,trial.invalid,1700,0
39,102117,1,2,800,trial.doublecue,673,1
39,102117,2,2,0,trial.validspatial,562,1
39,102117,2,2,0,trial.invalid,589,1
39,102117,1,1,0,trial.validspatial,848,1
39,102117,1,1,400,trial.invalid,740,1
39,102117,2,1,800,trial.validspatial,366,1
39,102117,2,2,400,trial.doublecue,436,1
39,102117,2,1,0,trial.doublecue,505,1
39,102117,2,2,400,trial.validspatial,444,0
39,102117,1,1,NaN,trial.nocue,564,1
39,102117,2,1,0,trial.invalid,491,1
39,102117,1,2,800,trial.validspatial,496,0
39,102117,1,2,800,trial.doublecue,904,1
39,102117,2,1,400,trial.validspatial,410,1
39,102117,1,1,800,trial.validspatial,789,1
39,102117,1,2,800,trial.validspatial,522,1
39,102117,1,1,0,trial.validspatial,426,1
39,102117,1,2,400,trial.validspatial,431,1
39,102117,2,1,400,trial.invalid,601,1
39,102117,2,1,0,trial.invalid,550,1
39,102117,2,2,NaN,trial.nocue,893,1
39,102117,1,1,800,trial.validspatial,462,1
39,102117,2,2,400,trial.validspatial,540,1
39,102117,2,1,NaN,trial.nocue,668,1
39,102117,1,1,400,trial.validspatial,697,1
39,102117,1,2,NaN,trial.nocue,528,1
39,102117,1,2,0,trial.validspatial,474,1
39,102117,1,2,800,trial.validspatial,363,1
39,102117,1,1,0,trial.validspatial,722,1
39,102117,1,1,400,trial.validspatial,795,1
