subject,date,location_congruence_val,flanker_congruence_val,cue_target_interval,cue_condition,latency,values.correct
471,63017,1,1,0,trial.validspatial,1700,0
471,63017,1,2,0,trial.invalid,1700,0
471,63017,1,2,800,trial.validspatial,1700,0
471,63017,1,2,400,trial.validspatial,1700,0
471,63017,1,2,400,trial.doublecue,1700,0
471,63017,2,2,400,trial.validspatial,1444,1
471,63017,2,1,400,trial.doublecue,929,1
471,63017,2,1,0,trial.validspatial,740,1
471,63017,2,1,400,trial.validspatial,745,1
471,63017,1,2,800,trial.validspatial,783,0
471,63017,1,1,800,trial.invalid,1531,1
471,63017,2,1,400,trial.validspatial,853,1
471,63017,2,1,800,trial.validspatial,521,1
471,63017,2,2,0,trial.validspatial,939,1
471,63017,1,2,0,trial.validspatial,1035,1
471,63017,1,1,400,trial.validspatial,528,1
471,63017,1,1,NaN,trial.nocue,567,1
471,63017,1,2,0,trial.validspatial,630,0
471,63017,1,1,NaN,trial.nocue,729,1
471,63017,2,2,0,trial.validspatial,818,1
471,63017,2,1,800,trial.invalid,824,1
471,63017,2,2,NaN,trial.nocue,845,1
471,63017,1,2,400,trial.invalid,1093,1
471,63017,2,2,0,trial.doublecue,809,1
471,63017,1,2,NaN,trial.nocue,706,1
471,63017,1,1,400,trial.validspatial,605,1
471,63017,1,1,800,trial.validspatial,508,1
471,63017,2,1,NaN,trial.nocue,701,1
471,63017,1,1,800,trial.doublecue,716,1
471,63017,2,2,0,trial.doublecue,562,0
471,63017,1,1,0,trial.invalid,635,1
471,63017,1,1,0,trial.invalid,632,1
471,63017,2,1,0,trial.validspatial,832,1
471,63017,2,1,0,trial.validspatial,581,1
471,63017,1,1,400,trial.doublecue,558,1
471,63017,2,2,800,trial.validspatial,603,1
471,63017,2,2,800,trial.validspatial,775,1
471,63017,2,2,0,trial.validspatial,819,1
471,63017,1,2,400,trial.validspatial,671,1
471,63017,2,2,800,trial.invalid,1076,1
471,63017,1,2,0,trial.invalid,846,1
471,63017,2,1,400,trial.validspatial,526,1
471,63017,2,1,400,trial.validspatial,545,1
471,63017,2,1,NaN,trial.nocue,627,1
471,63017,2,2,NaN,trial.nocue,733,1
471,63017,2,1,NaN,trial.nocue,513,1
471,63017,1,1,800,trial.validspatial,472,1
471,63017,1,1,NaN,trial.nocue,550,1
471,63017,2,1,800,trial.doublecue,562,1
471,63017,2,2,NaN,trial.nocue,1058,1
471,63017,1,2,400,trial.validspatial,670,1
471,63017,1,1,400,trial.doublecue,465,1
471,63017,2,2,400,trial.invalid,893,1
471,63017,1,1,NaN,trial.nocue,710,1
471,63017,2,1,800,trial.validspatial,626,1
471,63017,2,2,0,trial.validspatial,855,1
471,63017,2,1,800,trial.doublecue,630,1
471,63017,2,1,400,trial.validspatial,518,1
471,63017,2,2,400,trial.validspatial,734,1
471,63017,2,1,0,trial.doublecue,557,1
471,63017,2,2,400,trial.validspatial,675,1
471,63017,2,2,400,trial.invalid,960,1
471,63017,2,2,800,trial.doublecue,764,1
471,63017,1,2,400,trial.doublecue,836,1
471,63017,1,2,0,trial.validspatial,1009,1
471,63017,1,2,NaN,trial.nocue,869,1
471,63017,1,1,800,trial.invalid,641,1
471,63017,2,2,800,trial.validspatial,890,1
471,63017,2,1,800,trial.validspatial,690,1
471,63017,2,1,0,trial.validspatial,637,1
471,63017,2,2,NaN,trial.nocue,944,1
471,63017,2,2,800,trial.validspatial,576,1
471,63017,1,1,400,trial.validspatial,678,1
471,63017,1,2,800,trial.invalid,1020,1
471,63017,2,2,0,trial.validspatial,704,1
471,63017,2,2,800,trial.validspatial,1083,1
471,63017,1,1,800,trial.validspatial,647,1
471,63017,2,1,NaN,trial.nocue,678,1
471,63017,1,2,NaN,trial.nocue,914,1
471,63017,1,2,800,trial.validspatial,782,1
471,63017,1,2,0,trial.validspatial,790,1
471,63017,2,2,0,trial.invalid,972,1
471,63017,1,1,NaN,trial.nocue,689,1
471,63017,2,2,800,trial.validspatial,761,1
471,63017,2,1,800,trial.validspatial,615,1
471,63017,2,1,0,trial.validspatial,612,1
471,63017,1,1,800,trial.doublecue,719,1
471,63017,2,2,800,trial.invalid,1044,1
471,63017,1,2,400,trial.validspatial,761,1
471,63017,2,1,800,trial.validspatial,461,1
471,63017,1,2,400,trial.invalid,814,1
471,63017,1,1,800,trial.validspatial,782,1
471,63017,2,2,400,trial.doublecue,769,1
471,63017,1,1,0,trial.validspatial,786,1
471,63017,2,1,NaN,trial.nocue,659,1
471,63017,2,1,400,trial.invalid,708,1
471,63017,1,2,800,trial.invalid,1162,1
471,63017,1,2,0,trial.doublecue,698,1
471,63017,1,1,400,trial.validspatial,506,1
471,63017,1,2,400,trial.validspatial,806,1
471,63017,1,1,0,trial.doublecue,593,1
471,63017,1,1,0,trial.doublecue,469,1
471,63017,1,2,NaN,trial.nocue,871,1
471,63017,2,1,400,trial.doublecue,730,1
471,63017,2,2,400,trial.validspatial,670,1
471,63017,2,2,800,trial.doublecue,821,1
471,63017,2,2,NaN,trial.nocue,844,1
471,63017,1,2,NaN,trial.nocue,912,1
471,63017,1,2,0,trial.doublecue,685,1
471,63017,2,1,800,trial.invalid,883,1
471,63017,1,2,0,trial.validspatial,780,1
471,63017,1,1,0,trial.validspatial,681,1
471,63017,2,1,0,trial.validspatial,751,1
471,63017,1,1,400,trial.invalid,696,1
471,63017,1,2,800,trial.doublecue,839,1
471,63017,2,2,0,trial.validspatial,1047,1
471,63017,2,2,0,trial.invalid,815,1
471,63017,1,1,0,trial.validspatial,706,1
471,63017,1,1,400,trial.invalid,569,1
471,63017,2,1,800,trial.validspatial,569,1
471,63017,2,2,400,trial.doublecue,939,1
471,63017,2,1,0,trial.doublecue,665,1
471,63017,2,2,400,trial.validspatial,717,1
471,63017,1,1,NaN,trial.nocue,746,1
471,63017,2,1,0,trial.invalid,724,1
471,63017,1,2,800,trial.validspatial,649,1
471,63017,1,2,800,trial.doublecue,870,1
471,63017,2,1,400,trial.validspatial,708,1
471,63017,1,1,800,trial.validspatial,496,1
471,63017,1,2,800,trial.validspatial,686,1
471,63017,1,1,0,trial.validspatial,519,1
471,63017,1,2,400,trial.validspatial,777,1
471,63017,2,1,400,trial.invalid,748,1
471,63017,2,1,0,trial.invalid,571,1
471,63017,2,2,NaN,trial.nocue,718,1
471,63017,1,1,800,trial.validspatial,449,1
471,63017,2,2,400,trial.validspatial,597,1
471,63017,2,1,NaN,trial.nocue,709,1
471,63017,1,1,400,trial.validspatial,485,1
471,63017,1,2,NaN,trial.nocue,675,1
471,63017,1,2,0,trial.validspatial,724,1
471,63017,1,2,800,trial.validspatial,608,1
471,63017,1,1,0,trial.validspatial,642,1
471,63017,1,1,400,trial.validspatial,437,1
471,63017,1,1,0,trial.validspatial,601,1
471,63017,1,2,0,trial.invalid,657,0
471,63017,1,2,800,trial.validspatial,1321,1
471,63017,1,2,400,trial.validspatial,739,1
471,63017,1,2,400,trial.doublecue,747,1
471,63017,2,2,400,trial.validspatial,647,1
471,63017,2,1,400,trial.doublecue,829,1
471,63017,2,1,0,trial.validspatial,585,1
471,63017,2,1,400,trial.validspatial,533,1
471,63017,1,2,800,trial.validspatial,606,0
471,63017,1,1,800,trial.invalid,787,1
471,63017,2,1,400,trial.validspatial,645,1
471,63017,2,1,800,trial.validspatial,501,1
471,63017,2,2,0,trial.validspatial,651,1
471,63017,1,2,0,trial.validspatial,706,1
471,63017,1,1,400,trial.validspatial,426,1
471,63017,1,1,NaN,trial.nocue,618,1
471,63017,1,2,0,trial.validspatial,826,1
471,63017,1,1,NaN,trial.nocue,647,1
471,63017,2,2,0,trial.validspatial,755,1
471,63017,2,1,800,trial.invalid,681,1
471,63017,2,2,NaN,trial.nocue,1240,0
471,63017,1,2,400,trial.invalid,924,1
471,63017,2,2,0,trial.doublecue,878,1
471,63017,1,2,NaN,trial.nocue,765,1
471,63017,1,1,400,trial.validspatial,625,1
471,63017,1,1,800,trial.validspatial,587,1
471,63017,2,1,NaN,trial.nocue,660,1
471,63017,1,1,800,trial.doublecue,600,1
471,63017,2,2,0,trial.doublecue,956,1
471,63017,1,1,0,trial.invalid,809,1
471,63017,1,1,0,trial.invalid,738,1
471,63017,2,1,0,trial.validspatial,558,1
471,63017,2,1,0,trial.validspatial,604,1
471,63017,1,1,400,trial.doublecue,523,1
471,63017,2,2,800,trial.validspatial,770,1
471,63017,2,2,800,trial.validspatial,741,1
471,63017,2,2,0,trial.validspatial,771,1
471,63017,1,2,400,trial.validspatial,763,1
471,63017,2,2,800,trial.invalid,938,1
471,63017,1,2,0,trial.invalid,1019,1
471,63017,2,1,400,trial.validspatial,638,1
471,63017,2,1,400,trial.validspatial,637,1
471,63017,2,1,NaN,trial.nocue,720,1
471,63017,2,2,NaN,trial.nocue,1078,1
471,63017,2,1,NaN,trial.nocue,751,1
471,63017,1,1,800,trial.validspatial,591,1
471,63017,1,1,NaN,trial.nocue,595,1
471,63017,2,1,800,trial.doublecue,615,1
471,63017,2,2,NaN,trial.nocue,755,1
471,63017,1,2,400,trial.validspatial,789,1
471,63017,1,1,400,trial.doublecue,655,1
471,63017,2,2,400,trial.invalid,840,1
471,63017,1,1,NaN,trial.nocue,650,1
471,63017,2,1,800,trial.validspatial,678,1
471,63017,2,2,0,trial.validspatial,968,1
471,63017,2,1,800,trial.doublecue,657,1
471,63017,2,1,400,trial.validspatial,594,1
471,63017,2,2,400,trial.validspatial,938,1
471,63017,2,1,0,trial.doublecue,642,1
471,63017,2,2,400,trial.validspatial,788,1
471,63017,2,2,400,trial.invalid,1008,1
471,63017,2,2,800,trial.doublecue,1018,1
471,63017,1,2,400,trial.doublecue,836,1
471,63017,1,2,0,trial.validspatial,888,1
471,63017,1,2,NaN,trial.nocue,1013,1
471,63017,1,1,800,trial.invalid,786,1
471,63017,2,2,800,trial.validspatial,980,1
471,63017,2,1,800,trial.validspatial,699,1
471,63017,2,1,0,trial.validspatial,648,1
471,63017,2,2,NaN,trial.nocue,1040,1
471,63017,2,2,800,trial.validspatial,638,1
471,63017,1,1,400,trial.validspatial,1700,0
471,63017,1,2,800,trial.invalid,632,1
471,63017,2,2,0,trial.validspatial,1095,1
471,63017,2,2,800,trial.validspatial,1023,1
471,63017,1,1,800,trial.validspatial,757,1
471,63017,2,1,NaN,trial.nocue,956,1
471,63017,1,2,NaN,trial.nocue,727,1
471,63017,1,2,800,trial.validspatial,688,1
471,63017,1,2,0,trial.validspatial,646,1
471,63017,2,2,0,trial.invalid,581,1
471,63017,1,1,NaN,trial.nocue,954,1
471,63017,2,2,800,trial.validspatial,638,1
471,63017,2,1,800,trial.validspatial,633,1
471,63017,2,1,0,trial.validspatial,536,1
471,63017,1,1,800,trial.doublecue,733,1
471,63017,2,2,800,trial.invalid,1067,1
471,63017,1,2,400,trial.validspatial,606,1
471,63017,2,1,800,trial.validspatial,722,1
471,63017,1,2,400,trial.invalid,820,1
471,63017,1,1,800,trial.validspatial,737,1
471,63017,2,2,400,trial.doublecue,923,1
471,63017,1,1,0,trial.validspatial,778,1
471,63017,2,1,NaN,trial.nocue,1172,1
471,63017,2,1,400,trial.invalid,966,1
471,63017,1,2,800,trial.invalid,828,1
471,63017,1,2,0,trial.doublecue,756,1
471,63017,1,1,400,trial.validspatial,595,1
471,63017,1,2,400,trial.validspatial,511,1
471,63017,1,1,0,trial.doublecue,708,1
471,63017,1,1,0,trial.doublecue,549,1
471,63017,1,2,NaN,trial.nocue,1441,0
471,63017,2,1,400,trial.doublecue,667,1
471,63017,2,2,400,trial.validspatial,649,1
471,63017,2,2,800,trial.doublecue,649,1
471,63017,2,2,NaN,trial.nocue,708,1
471,63017,1,2,NaN,trial.nocue,628,1
471,63017,1,2,0,trial.doublecue,897,1
471,63017,2,1,800,trial.invalid,780,1
471,63017,1,2,0,trial.validspatial,811,1
471,63017,1,1,0,trial.validspatial,732,1
471,63017,2,1,0,trial.validspatial,911,1
471,63017,1,1,400,trial.invalid,943,1
471,63017,1,2,800,trial.doublecue,641,1
471,63017,2,2,0,trial.validspatial,713,1
471,63017,2,2,0,trial.invalid,604,1
471,63017,1,1,0,trial.validspatial,929,1
471,63017,1,1,400,trial.invalid,648,1
471,63017,2,1,800,trial.validspatial,533,1
471,63017,2,2,400,trial.doublecue,479,1
471,63017,2,1,0,trial.doublecue,533,1
471,63017,2,2,400,trial.validspatial,976,1
471,63017,1,1,NaN,trial.nocue,702,1
471,63017,2,1,0,trial.invalid,687,1
471,63017,1,2,800,trial.validspatial,756,1
471,63017,1,2,800,trial.doublecue,551,1
471,63017,2,1,400,trial.validspatial,548,1
471,63017,1,1,800,trial.validspatial,653,1
471,63017,1,2,800,trial.validspatial,629,1
471,63017,1,1,0,trial.validspatial,475,1
471,63017,1,2,400,trial.validspatial,663,1
471,63017,2,1,400,trial.invalid,545,1
471,63017,2,1,0,trial.invalid,712,1
471,63017,2,2,NaN,trial.nocue,842,1
471,63017,1,1,800,trial.validspatial,656,1
471,63017,2,2,400,trial.validspatial,722,1
471,63017,2,1,NaN,trial.nocue,779,1
471,63017,1,1,400,trial.validspatial,729,1
471,63017,1,2,NaN,trial.nocue,650,1
471,63017,1,2,0,trial.validspatial,675,1
471,63017,1,2,800,trial.validspatial,535,1
471,63017,1,1,0,trial.validspatial,629,1
471,63017,1,1,400,trial.validspatial,964,1
