subject,date,location_congruence_val,flanker_congruence_val,cue_target_interval,cue_condition,latency,values.correct
119,62917,1,1,0,trial.validspatial,1673,1
119,62917,1,2,0,trial.invalid,1357,1
119,62917,1,2,800,trial.validspatial,808,1
119,62917,1,2,400,trial.validspatial,911,1
119,62917,1,2,400,trial.doublecue,1356,1
119,62917,2,2,400,trial.validspatial,1167,1
119,62917,2,1,400,trial.doublecue,1148,1
119,62917,2,1,0,trial.validspatial,1014,1
119,62917,2,1,400,trial.validspatial,898,1
119,62917,1,2,800,trial.validspatial,914,1
119,62917,1,1,800,trial.invalid,1366,1
119,62917,2,1,400,trial.validspatial,1009,1
119,62917,2,1,800,trial.validspatial,912,1
119,62917,2,2,0,trial.validspatial,1148,1
119,62917,1,2,0,trial.validspatial,1010,1
119,62917,1,1,400,trial.validspatial,940,1
119,62917,1,1,NaN,trial.nocue,699,1
119,62917,1,2,0,trial.validspatial,1011,1
119,62917,1,1,NaN,trial.nocue,1018,1
119,62917,2,2,0,trial.validspatial,1338,1
119,62917,2,1,800,trial.invalid,1259,1
119,62917,2,2,NaN,trial.nocue,1043,1
119,62917,1,2,400,trial.invalid,1163,1
119,62917,2,2,0,trial.doublecue,1048,1
119,62917,1,2,NaN,trial.nocue,1024,1
119,62917,1,1,400,trial.validspatial,911,1
119,62917,1,1,800,trial.validspatial,834,1
119,62917,2,1,NaN,trial.nocue,996,1
119,62917,1,1,800,trial.doublecue,1141,1
119,62917,2,2,0,trial.doublecue,1138,1
119,62917,1,1,0,trial.invalid,822,1
119,62917,1,1,0,trial.invalid,891,1
119,62917,2,1,0,trial.validspatial,688,1
119,62917,2,1,0,trial.validspatial,573,1
119,62917,1,1,400,trial.doublecue,695,1
119,62917,2,2,800,trial.validspatial,905,1
119,62917,2,2,800,trial.validspatial,716,1
119,62917,2,2,0,trial.validspatial,575,0
119,62917,1,2,400,trial.validspatial,1010,1
119,62917,2,2,800,trial.invalid,1340,1
119,62917,1,2,0,trial.invalid,1129,1
119,62917,2,1,400,trial.validspatial,1014,1
119,62917,2,1,400,trial.validspatial,848,1
119,62917,2,1,NaN,trial.nocue,914,1
119,62917,2,2,NaN,trial.nocue,1028,1
119,62917,2,1,NaN,trial.nocue,917,1
119,62917,1,1,800,trial.validspatial,811,1
119,62917,1,1,NaN,trial.nocue,1121,1
119,62917,2,1,800,trial.doublecue,702,1
119,62917,2,2,NaN,trial.nocue,1028,1
119,62917,1,2,400,trial.validspatial,1249,1
119,62917,1,1,400,trial.doublecue,897,1
119,62917,2,2,400,trial.invalid,1002,1
119,62917,1,1,NaN,trial.nocue,1027,1
119,62917,2,1,800,trial.validspatial,777,1
119,62917,2,2,0,trial.validspatial,1021,1
119,62917,2,1,800,trial.doublecue,924,1
119,62917,2,1,400,trial.validspatial,688,1
119,62917,2,2,400,trial.validspatial,927,1
119,62917,2,1,0,trial.doublecue,707,0
119,62917,2,2,400,trial.validspatial,1019,1
119,62917,2,2,400,trial.invalid,1006,1
119,62917,2,2,800,trial.doublecue,810,1
119,62917,1,2,400,trial.doublecue,797,1
119,62917,1,2,0,trial.validspatial,1227,1
119,62917,1,2,NaN,trial.nocue,789,1
119,62917,1,1,800,trial.invalid,794,1
119,62917,2,2,800,trial.validspatial,818,1
119,62917,2,1,800,trial.validspatial,577,1
119,62917,2,1,0,trial.validspatial,575,1
119,62917,2,2,NaN,trial.nocue,816,1
119,62917,2,2,800,trial.validspatial,828,1
119,62917,1,1,400,trial.validspatial,1459,1
119,62917,1,2,800,trial.invalid,919,1
119,62917,2,2,0,trial.validspatial,913,1
119,62917,2,2,800,trial.validspatial,719,1
119,62917,1,1,800,trial.validspatial,688,1
119,62917,2,1,NaN,trial.nocue,682,1
119,62917,1,2,NaN,trial.nocue,798,1
119,62917,1,2,800,trial.validspatial,704,1
119,62917,1,2,0,trial.validspatial,1039,1
119,62917,2,2,0,trial.invalid,1023,1
119,62917,1,1,NaN,trial.nocue,814,1
119,62917,2,2,800,trial.validspatial,795,1
119,62917,2,1,800,trial.validspatial,681,1
119,62917,2,1,0,trial.validspatial,798,1
119,62917,1,1,800,trial.doublecue,1009,1
119,62917,2,2,800,trial.invalid,1341,1
119,62917,1,2,400,trial.validspatial,916,1
119,62917,2,1,800,trial.validspatial,785,1
119,62917,1,2,400,trial.invalid,1118,1
119,62917,1,1,800,trial.validspatial,791,1
119,62917,2,2,400,trial.doublecue,923,1
119,62917,1,1,0,trial.validspatial,805,1
119,62917,2,1,NaN,trial.nocue,798,1
119,62917,2,1,400,trial.invalid,721,1
119,62917,1,2,800,trial.invalid,1114,1
119,62917,1,2,0,trial.doublecue,1127,1
119,62917,1,1,400,trial.validspatial,825,1
119,62917,1,2,400,trial.validspatial,790,1
119,62917,1,1,0,trial.doublecue,1133,1
119,62917,1,1,0,trial.doublecue,1012,1
119,62917,1,2,NaN,trial.nocue,797,1
119,62917,2,1,400,trial.doublecue,1271,1
119,62917,2,2,400,trial.validspatial,715,1
119,62917,2,2,800,trial.doublecue,1015,1
119,62917,2,2,NaN,trial.nocue,1010,1
119,62917,1,2,NaN,trial.nocue,930,1
119,62917,1,2,0,trial.doublecue,895,1
119,62917,2,1,800,trial.invalid,1171,1
119,62917,1,2,0,trial.validspatial,921,1
119,62917,1,1,0,trial.validspatial,593,1
119,62917,2,1,0,trial.validspatial,684,1
119,62917,1,1,400,trial.invalid,797,1
119,62917,1,2,800,trial.doublecue,1013,1
119,62917,2,2,0,trial.validspatial,901,1
119,62917,2,2,0,trial.invalid,700,1
119,62917,1,1,0,trial.validspatial,811,1
119,62917,1,1,400,trial.invalid,799,1
119,62917,2,1,800,trial.validspatial,687,1
119,62917,2,2,400,trial.doublecue,779,1
119,62917,2,1,0,trial.doublecue,797,1
119,62917,2,2,400,trial.validspatial,898,1
119,62917,1,1,NaN,trial.nocue,592,1
119,62917,2,1,0,trial.invalid,788,1
119,62917,1,2,800,trial.validspatial,679,1
119,62917,1,2,800,trial.doublecue,1030,1
119,62917,2,1,400,trial.validspatial,939,1
119,62917,1,1,800,trial.validspatial,676,1
119,62917,1,2,800,trial.validspatial,899,1
119,62917,1,1,0,trial.validspatial,583,1
119,62917,1,2,400,trial.validspatial,898,1
119,62917,2,1,400,trial.invalid,939,1
119,62917,2,1,0,trial.invalid,902,1
119,62917,2,2,NaN,trial.nocue,692,1
119,62917,1,1,800,trial.validspatial,697,1
119,62917,2,2,400,trial.validspatial,694,1
119,62917,2,1,NaN,trial.nocue,681,1
119,62917,1,1,400,trial.validspatial,579,1
119,62917,1,2,NaN,trial.nocue,810,1
119,62917,1,2,0,trial.validspatial,812,1
119,62917,1,2,800,trial.validspatial,685,1
119,62917,1,1,0,trial.validspatial,793,1
119,62917,1,1,400,trial.validspatial,787,1
119,62917,1,1,0,trial.validspatial,945,1
119,62917,1,2,0,trial.invalid,1038,1
119,62917,1,2,800,trial.validspatial,805,1
119,62917,1,2,400,trial.validspatial,894,1
119,62917,1,2,400,trial.doublecue,1012,1
119,62917,2,2,400,trial.validspatial,800,1
119,62917,2,1,400,trial.doublecue,821,1
119,62917,2,1,0,trial.validspatial,679,1
119,62917,2,1,400,trial.validspatial,680,1
119,62917,1,2,800,trial.validspatial,917,1
119,62917,1,1,800,trial.invalid,803,1
119,62917,2,1,400,trial.validspatial,821,1
119,62917,2,1,800,trial.validspatial,790,1
119,62917,2,2,0,trial.validspatial,1036,1
119,62917,1,2,0,trial.validspatial,1010,1
119,62917,1,1,400,trial.validspatial,591,1
119,62917,1,1,NaN,trial.nocue,708,1
119,62917,1,2,0,trial.validspatial,807,1
119,62917,1,1,NaN,trial.nocue,1053,1
119,62917,2,2,0,trial.validspatial,1270,1
119,62917,2,1,800,trial.invalid,901,1
119,62917,2,2,NaN,trial.nocue,937,1
119,62917,1,2,400,trial.invalid,1030,1
119,62917,2,2,0,trial.doublecue,1033,1
119,62917,1,2,NaN,trial.nocue,1131,1
119,62917,1,1,400,trial.validspatial,723,1
119,62917,1,1,800,trial.validspatial,615,1
119,62917,2,1,NaN,trial.nocue,923,1
119,62917,1,1,800,trial.doublecue,728,1
119,62917,2,2,0,trial.doublecue,1043,1
119,62917,1,1,0,trial.invalid,913,1
119,62917,1,1,0,trial.invalid,917,1
119,62917,2,1,0,trial.validspatial,1034,1
119,62917,2,1,0,trial.validspatial,818,1
119,62917,1,1,400,trial.doublecue,678,1
119,62917,2,2,800,trial.validspatial,1010,1
119,62917,2,2,800,trial.validspatial,1016,1
119,62917,2,2,0,trial.validspatial,961,1
119,62917,1,2,400,trial.validspatial,902,1
119,62917,2,2,800,trial.invalid,965,1
119,62917,1,2,0,trial.invalid,1114,1
119,62917,2,1,400,trial.validspatial,829,1
119,62917,2,1,400,trial.validspatial,787,1
119,62917,2,1,NaN,trial.nocue,897,1
119,62917,2,2,NaN,trial.nocue,938,1
119,62917,2,1,NaN,trial.nocue,918,1
119,62917,1,1,800,trial.validspatial,703,1
119,62917,1,1,NaN,trial.nocue,685,1
119,62917,2,1,800,trial.doublecue,716,1
119,62917,2,2,NaN,trial.nocue,1025,1
119,62917,1,2,400,trial.validspatial,812,1
119,62917,1,1,400,trial.doublecue,689,1
119,62917,2,2,400,trial.invalid,1005,1
119,62917,1,1,NaN,trial.nocue,1163,1
119,62917,2,1,800,trial.validspatial,895,1
119,62917,2,2,0,trial.validspatial,1002,1
119,62917,2,1,800,trial.doublecue,1128,1
119,62917,2,1,400,trial.validspatial,590,1
119,62917,2,2,400,trial.validspatial,1010,1
119,62917,2,1,0,trial.doublecue,901,1
119,62917,2,2,400,trial.validspatial,713,1
119,62917,2,2,400,trial.invalid,806,1
119,62917,2,2,800,trial.doublecue,796,1
119,62917,1,2,400,trial.doublecue,783,1
119,62917,1,2,0,trial.validspatial,1109,1
119,62917,1,2,NaN,trial.nocue,1046,1
119,62917,1,1,800,trial.invalid,896,1
119,62917,2,2,800,trial.validspatial,920,1
119,62917,2,1,800,trial.validspatial,623,1
119,62917,2,1,0,trial.validspatial,817,1
119,62917,2,2,NaN,trial.nocue,942,1
119,62917,2,2,800,trial.validspatial,807,1
119,62917,1,1,400,trial.validspatial,1700,0
119,62917,1,2,800,trial.invalid,1362,1
119,62917,2,2,0,trial.validspatial,1005,1
119,62917,2,2,800,trial.validspatial,786,1
119,62917,1,1,800,trial.validspatial,896,1
119,62917,2,1,NaN,trial.nocue,932,1
119,62917,1,2,NaN,trial.nocue,904,1
119,62917,1,2,800,trial.validspatial,902,1
119,62917,1,2,0,trial.validspatial,1223,1
119,62917,2,2,0,trial.invalid,900,1
119,62917,1,1,NaN,trial.nocue,1008,1
119,62917,2,2,800,trial.validspatial,798,1
119,62917,2,1,800,trial.validspatial,1136,1
119,62917,2,1,0,trial.validspatial,805,1
119,62917,1,1,800,trial.doublecue,1112,1
119,62917,2,2,800,trial.invalid,791,1
119,62917,1,2,400,trial.validspatial,578,1
119,62917,2,1,800,trial.validspatial,684,1
119,62917,1,2,400,trial.invalid,685,1
119,62917,1,1,800,trial.validspatial,797,1
119,62917,2,2,400,trial.doublecue,1020,1
119,62917,1,1,0,trial.validspatial,896,1
119,62917,2,1,NaN,trial.nocue,1146,1
119,62917,2,1,400,trial.invalid,1010,1
119,62917,1,2,800,trial.invalid,1044,1
119,62917,1,2,0,trial.doublecue,786,1
119,62917,1,1,400,trial.validspatial,798,1
119,62917,1,2,400,trial.validspatial,791,1
119,62917,1,1,0,trial.doublecue,914,1
119,62917,1,1,0,trial.doublecue,921,1
119,62917,1,2,NaN,trial.nocue,1030,1
119,62917,2,1,400,trial.doublecue,790,1
119,62917,2,2,400,trial.validspatial,1119,1
119,62917,2,2,800,trial.doublecue,795,1
119,62917,2,2,NaN,trial.nocue,916,1
119,62917,1,2,NaN,trial.nocue,623,1
119,62917,1,2,0,trial.doublecue,920,1
119,62917,2,1,800,trial.invalid,823,1
119,62917,1,2,0,trial.validspatial,1011,1
119,62917,1,1,0,trial.validspatial,1062,1
119,62917,2,1,0,trial.validspatial,799,1
119,62917,1,1,400,trial.invalid,1030,1
119,62917,1,2,800,trial.doublecue,1010,1
119,62917,2,2,0,trial.validspatial,816,1
119,62917,2,2,0,trial.invalid,688,1
119,62917,1,1,0,trial.validspatial,945,1
119,62917,1,1,400,trial.invalid,814,1
119,62917,2,1,800,trial.validspatial,1157,1
119,62917,2,2,400,trial.doublecue,663,1
119,62917,2,1,0,trial.doublecue,697,1
119,62917,2,2,400,trial.validspatial,1128,1
119,62917,1,1,NaN,trial.nocue,902,1
119,62917,2,1,0,trial.invalid,813,1
119,62917,1,2,800,trial.validspatial,1118,1
119,62917,1,2,800,trial.doublecue,801,1
119,62917,2,1,400,trial.validspatial,1025,1
119,62917,1,1,800,trial.validspatial,904,1
119,62917,1,2,800,trial.validspatial,679,1
119,62917,1,1,0,trial.validspatial,492,1
119,62917,1,2,400,trial.validspatial,922,1
119,62917,2,1,400,trial.invalid,687,1
119,62917,2,1,0,trial.invalid,693,1
119,62917,2,2,NaN,trial.nocue,834,1
119,62917,1,1,800,trial.validspatial,705,1
119,62917,2,2,400,trial.validspatial,703,1
119,62917,2,1,NaN,trial.nocue,1137,1
119,62917,1,1,400,trial.validspatial,807,1
119,62917,1,2,NaN,trial.nocue,778,1
119,62917,1,2,0,trial.validspatial,914,1
119,62917,1,2,800,trial.validspatial,591,1
119,62917,1,1,0,trial.validspatial,841,1
119,62917,1,1,400,trial.validspatial,1019,1
