subject,date,location_congruence_val,flanker_congruence_val,cue_target_interval,cue_condition,latency,values.correct
345,80717,1,1,0,trial.validspatial,1110,1
345,80717,1,2,0,trial.invalid,1087,1
345,80717,1,2,800,trial.validspatial,745,1
345,80717,1,2,400,trial.validspatial,666,1
345,80717,1,2,400,trial.doublecue,1062,1
345,80717,2,2,400,trial.validspatial,737,1
345,80717,2,1,400,trial.doublecue,1303,1
345,80717,2,1,0,trial.validspatial,710,1
345,80717,2,1,400,trial.validspatial,558,1
345,80717,1,2,800,trial.validspatial,698,1
345,80717,1,1,800,trial.invalid,770,1
345,80717,2,1,400,trial.validspatial,608,1
345,80717,2,1,800,trial.validspatial,454,1
345,80717,2,2,0,trial.validspatial,680,1
345,80717,1,2,0,trial.validspatial,709,1
345,80717,1,1,400,trial.validspatial,492,1
345,80717,1,1,NaN,trial.nocue,692,1
345,80717,1,2,0,trial.validspatial,737,1
345,80717,1,1,NaN,trial.nocue,712,1
345,80717,2,2,0,trial.validspatial,658,1
345,80717,2,1,800,trial.invalid,582,1
345,80717,2,2,NaN,trial.nocue,754,1
345,80717,1,2,400,trial.invalid,663,1
345,80717,2,2,0,trial.doublecue,742,1
345,80717,1,2,NaN,trial.nocue,684,1
345,80717,1,1,400,trial.validspatial,384,1
345,80717,1,1,800,trial.validspatial,473,1
345,80717,2,1,NaN,trial.nocue,795,1
345,80717,1,1,800,trial.doublecue,446,1
345,80717,2,2,0,trial.doublecue,476,0
345,80717,1,1,0,trial.invalid,674,1
345,80717,1,1,0,trial.invalid,689,1
345,80717,2,1,0,trial.validspatial,707,1
345,80717,2,1,0,trial.validspatial,534,1
345,80717,1,1,400,trial.doublecue,429,1
345,80717,2,2,800,trial.validspatial,758,1
345,80717,2,2,800,trial.validspatial,686,1
345,80717,2,2,0,trial.validspatial,697,1
345,80717,1,2,400,trial.validspatial,586,1
345,80717,2,2,800,trial.invalid,622,1
345,80717,1,2,0,trial.invalid,792,1
345,80717,2,1,400,trial.validspatial,607,1
345,80717,2,1,400,trial.validspatial,485,1
345,80717,2,1,NaN,trial.nocue,562,1
345,80717,2,2,NaN,trial.nocue,845,1
345,80717,2,1,NaN,trial.nocue,582,1
345,80717,1,1,800,trial.validspatial,476,1
345,80717,1,1,NaN,trial.nocue,423,1
345,80717,2,1,800,trial.doublecue,563,1
345,80717,2,2,NaN,trial.nocue,817,1
345,80717,1,2,400,trial.validspatial,609,1
345,80717,1,1,400,trial.doublecue,444,1
345,80717,2,2,400,trial.invalid,707,1
345,80717,1,1,NaN,trial.nocue,724,1
345,80717,2,1,800,trial.validspatial,520,1
345,80717,2,2,0,trial.validspatial,727,1
345,80717,2,1,800,trial.doublecue,688,1
345,80717,2,1,400,trial.validspatial,449,1
345,80717,2,2,400,trial.validspatial,501,1
345,80717,2,1,0,trial.doublecue,533,1
345,80717,2,2,400,trial.validspatial,652,1
345,80717,2,2,400,trial.invalid,794,1
345,80717,2,2,800,trial.doublecue,871,1
345,80717,1,2,400,trial.doublecue,703,1
345,80717,1,2,0,trial.validspatial,671,1
345,80717,1,2,NaN,trial.nocue,682,1
345,80717,1,1,800,trial.invalid,681,1
345,80717,2,2,800,trial.validspatial,826,1
345,80717,2,1,800,trial.validspatial,649,1
345,80717,2,1,0,trial.validspatial,754,1
345,80717,2,2,NaN,trial.nocue,761,1
345,80717,2,2,800,trial.validspatial,849,1
345,80717,1,1,400,trial.validspatial,511,1
345,80717,1,2,800,trial.invalid,786,1
345,80717,2,2,0,trial.validspatial,591,1
345,80717,2,2,800,trial.validspatial,486,1
345,80717,1,1,800,trial.validspatial,454,1
345,80717,2,1,NaN,trial.nocue,492,1
345,80717,1,2,NaN,trial.nocue,682,1
345,80717,1,2,800,trial.validspatial,649,1
345,80717,1,2,0,trial.validspatial,607,1
345,80717,2,2,0,trial.invalid,908,1
345,80717,1,1,NaN,trial.nocue,675,1
345,80717,2,2,800,trial.validspatial,635,1
345,80717,2,1,800,trial.validspatial,646,1
345,80717,2,1,0,trial.validspatial,496,1
345,80717,1,1,800,trial.doublecue,419,1
345,80717,2,2,800,trial.invalid,801,1
345,80717,1,2,400,trial.validspatial,684,1
345,80717,2,1,800,trial.validspatial,410,1
345,80717,1,2,400,trial.invalid,671,1
345,80717,1,1,800,trial.validspatial,630,1
345,80717,2,2,400,trial.doublecue,676,1
345,80717,1,1,0,trial.validspatial,596,1
345,80717,2,1,NaN,trial.nocue,540,1
345,80717,2,1,400,trial.invalid,548,1
345,80717,1,2,800,trial.invalid,745,1
345,80717,1,2,0,trial.doublecue,1027,1
345,80717,1,1,400,trial.validspatial,560,1
345,80717,1,2,400,trial.validspatial,795,1
345,80717,1,1,0,trial.doublecue,522,1
345,80717,1,1,0,trial.doublecue,498,1
345,80717,1,2,NaN,trial.nocue,672,1
345,80717,2,1,400,trial.doublecue,500,1
345,80717,2,2,400,trial.validspatial,443,0
345,80717,2,2,800,trial.doublecue,778,1
345,80717,2,2,NaN,trial.nocue,673,1
345,80717,1,2,NaN,trial.nocue,774,1
345,80717,1,2,0,trial.doublecue,747,1
345,80717,2,1,800,trial.invalid,752,1
345,80717,1,2,0,trial.validspatial,710,1
345,80717,1,1,0,trial.validspatial,655,1
345,80717,2,1,0,trial.validspatial,724,1
345,80717,1,1,400,trial.invalid,725,1
345,80717,1,2,800,trial.doublecue,713,1
345,80717,2,2,0,trial.validspatial,781,1
345,80717,2,2,0,trial.invalid,791,1
345,80717,1,1,0,trial.validspatial,650,1
345,80717,1,1,400,trial.invalid,631,1
345,80717,2,1,800,trial.validspatial,525,1
345,80717,2,2,400,trial.doublecue,635,1
345,80717,2,1,0,trial.doublecue,843,1
345,80717,2,2,400,trial.validspatial,634,1
345,80717,1,1,NaN,trial.nocue,434,1
345,80717,2,1,0,trial.invalid,612,1
345,80717,1,2,800,trial.validspatial,742,1
345,80717,1,2,800,trial.doublecue,682,1
345,80717,2,1,400,trial.validspatial,573,1
345,80717,1,1,800,trial.validspatial,496,1
345,80717,1,2,800,trial.validspatial,644,1
345,80717,1,1,0,trial.validspatial,565,1
345,80717,1,2,400,trial.validspatial,771,1
345,80717,2,1,400,trial.invalid,634,1
345,80717,2,1,0,trial.invalid,639,1
345,80717,2,2,NaN,trial.nocue,712,1
345,80717,1,1,800,trial.validspatial,514,1
345,80717,2,2,400,trial.validspatial,578,1
345,80717,2,1,NaN,trial.nocue,649,1
345,80717,1,1,400,trial.validspatial,473,1
345,80717,1,2,NaN,trial.nocue,580,1
345,80717,1,2,0,trial.validspatial,728,1
345,80717,1,2,800,trial.validspatial,657,1
345,80717,1,1,0,trial.validspatial,629,1
345,80717,1,1,400,trial.validspatial,465,1
345,80717,1,1,0,trial.validspatial,491,1
345,80717,1,2,0,trial.invalid,482,0
345,80717,1,2,800,trial.validspatial,639,1
345,80717,1,2,400,trial.validspatial,565,1
345,80717,1,2,400,trial.doublecue,626,1
345,80717,2,2,400,trial.validspatial,557,1
345,80717,2,1,400,trial.doublecue,593,1
345,80717,2,1,0,trial.validspatial,423,1
345,80717,2,1,400,trial.validspatial,431,1
345,80717,1,2,800,trial.validspatial,615,1
345,80717,1,1,800,trial.invalid,566,1
345,80717,2,1,400,trial.validspatial,509,1
345,80717,2,1,800,trial.validspatial,508,1
345,80717,2,2,0,trial.validspatial,833,1
345,80717,1,2,0,trial.validspatial,745,1
345,80717,1,1,400,trial.validspatial,702,1
345,80717,1,1,NaN,trial.nocue,599,1
345,80717,1,2,0,trial.validspatial,628,1
345,80717,1,1,NaN,trial.nocue,709,1
345,80717,2,2,0,trial.validspatial,520,1
345,80717,2,1,800,trial.invalid,514,1
345,80717,2,2,NaN,trial.nocue,534,0
345,80717,1,2,400,trial.invalid,700,1
345,80717,2,2,0,trial.doublecue,536,0
345,80717,1,2,NaN,trial.nocue,779,1
345,80717,1,1,400,trial.validspatial,457,1
345,80717,1,1,800,trial.validspatial,530,1
345,80717,2,1,NaN,trial.nocue,553,1
345,80717,1,1,800,trial.doublecue,535,1
345,80717,2,2,0,trial.doublecue,464,0
345,80717,1,1,0,trial.invalid,553,1
345,80717,1,1,0,trial.invalid,512,1
345,80717,2,1,0,trial.validspatial,515,1
345,80717,2,1,0,trial.validspatial,568,1
345,80717,1,1,400,trial.doublecue,476,1
345,80717,2,2,800,trial.validspatial,670,1
345,80717,2,2,800,trial.validspatial,753,1
345,80717,2,2,0,trial.validspatial,810,1
345,80717,1,2,400,trial.validspatial,436,1
345,80717,2,2,800,trial.invalid,588,1
345,80717,1,2,0,trial.invalid,702,1
345,80717,2,1,400,trial.validspatial,587,1
345,80717,2,1,400,trial.validspatial,509,1
345,80717,2,1,NaN,trial.nocue,725,1
345,80717,2,2,NaN,trial.nocue,463,0
345,80717,2,1,NaN,trial.nocue,603,1
345,80717,1,1,800,trial.validspatial,539,1
345,80717,1,1,NaN,trial.nocue,562,1
345,80717,2,1,800,trial.doublecue,607,1
345,80717,2,2,NaN,trial.nocue,764,1
345,80717,1,2,400,trial.validspatial,599,1
345,80717,1,1,400,trial.doublecue,584,1
345,80717,2,2,400,trial.invalid,627,1
345,80717,1,1,NaN,trial.nocue,644,1
345,80717,2,1,800,trial.validspatial,451,1
345,80717,2,2,0,trial.validspatial,586,1
345,80717,2,1,800,trial.doublecue,642,1
345,80717,2,1,400,trial.validspatial,620,1
345,80717,2,2,400,trial.validspatial,377,0
345,80717,2,1,0,trial.doublecue,506,1
345,80717,2,2,400,trial.validspatial,542,1
345,80717,2,2,400,trial.invalid,827,1
345,80717,2,2,800,trial.doublecue,608,1
345,80717,1,2,400,trial.doublecue,689,1
345,80717,1,2,0,trial.validspatial,719,1
345,80717,1,2,NaN,trial.nocue,822,1
345,80717,1,1,800,trial.invalid,607,1
345,80717,2,2,800,trial.validspatial,621,1
345,80717,2,1,800,trial.validspatial,571,1
345,80717,2,1,0,trial.validspatial,631,1
345,80717,2,2,NaN,trial.nocue,833,1
345,80717,2,2,800,trial.validspatial,644,1
345,80717,1,1,400,trial.validspatial,1700,0
345,80717,1,2,800,trial.invalid,635,1
345,80717,2,2,0,trial.validspatial,683,1
345,80717,2,2,800,trial.validspatial,642,1
345,80717,1,1,800,trial.validspatial,460,1
345,80717,2,1,NaN,trial.nocue,594,1
345,80717,1,2,NaN,trial.nocue,555,1
345,80717,1,2,800,trial.validspatial,638,1
345,80717,1,2,0,trial.validspatial,502,1
345,80717,2,2,0,trial.invalid,429,1
345,80717,1,1,NaN,trial.nocue,614,1
345,80717,2,2,800,trial.validspatial,597,1
345,80717,2,1,800,trial.validspatial,394,1
345,80717,2,1,0,trial.validspatial,429,1
345,80717,1,1,800,trial.doublecue,562,1
345,80717,2,2,800,trial.invalid,594,1
345,80717,1,2,400,trial.validspatial,436,1
345,80717,2,1,800,trial.validspatial,634,1
345,80717,1,2,400,trial.invalid,603,1
345,80717,1,1,800,trial.validspatial,538,1
345,80717,2,2,400,trial.doublecue,692,0
345,80717,1,1,0,trial.validspatial,512,1
345,80717,2,1,NaN,trial.nocue,625,1
345,80717,2,1,400,trial.invalid,597,1
345,80717,1,2,800,trial.invalid,642,1
345,80717,1,2,0,trial.doublecue,640,1
345,80717,1,1,400,trial.validspatial,432,1
345,80717,1,2,400,trial.validspatial,407,1
345,80717,1,1,0,trial.doublecue,504,1
345,80717,1,1,0,trial.doublecue,440,1
345,80717,1,2,NaN,trial.nocue,605,0
345,80717,2,1,400,trial.doublecue,606,1
345,80717,2,2,400,trial.validspatial,743,1
345,80717,2,2,800,trial.doublecue,1009,1
345,80717,2,2,NaN,trial.nocue,485,1
345,80717,1,2,NaN,trial.nocue,474,1
345,80717,1,2,0,trial.doublecue,708,1
345,80717,2,1,800,trial.invalid,661,1
345,80717,1,2,0,trial.validspatial,557,0
345,80717,1,1,0,trial.validspatial,615,1
345,80717,2,1,0,trial.validspatial,641,1
345,80717,1,1,400,trial.invalid,643,1
345,80717,1,2,800,trial.doublecue,412,1
345,80717,2,2,0,trial.validspatial,438,1
345,80717,2,2,0,trial.invalid,530,1
345,80717,1,1,0,trial.validspatial,795,1
345,80717,1,1,400,trial.invalid,588,1
345,80717,2,1,800,trial.validspatial,551,1
345,80717,2,2,400,trial.doublecue,499,1
345,80717,2,1,0,trial.doublecue,533,1
345,80717,2,2,400,trial.validspatial,684,1
345,80717,1,1,NaN,trial.nocue,423,0
345,80717,2,1,0,trial.invalid,515,1
345,80717,1,2,800,trial.validspatial,561,1
345,80717,1,2,800,trial.doublecue,653,1
345,80717,2,1,400,trial.validspatial,375,1
345,80717,1,1,800,trial.validspatial,694,1
345,80717,1,2,800,trial.validspatial,771,1
345,80717,1,1,0,trial.validspatial,564,1
345,80717,1,2,400,trial.validspatial,547,1
345,80717,2,1,400,trial.invalid,536,1
345,80717,2,1,0,trial.invalid,627,1
345,80717,2,2,NaN,trial.nocue,681,1
345,80717,1,1,800,trial.validspatial,653,1
345,80717,2,2,400,trial.validspatial,575,1
345,80717,2,1,NaN,trial.nocue,717,1
345,80717,1,1,400,trial.validspatial,700,1
345,80717,1,2,NaN,trial.nocue,683,1
345,80717,1,2,0,trial.validspatial,1063,1
345,80717,1,2,800,trial.validspatial,581,1
345,80717,1,1,0,trial.validspatial,724,1
345,80717,1,1,400,trial.validspatial,852,1
