subject,date,location_congruence_val,flanker_congruence_val,cue_target_interval,cue_condition,latency,values.correct
370,80817,1,1,0,trial.validspatial,1154,1
370,80817,1,2,0,trial.invalid,1700,0
370,80817,1,2,800,trial.validspatial,673,1
370,80817,1,2,400,trial.validspatial,823,1
370,80817,1,2,400,trial.doublecue,701,1
370,80817,2,2,400,trial.validspatial,773,1
370,80817,2,1,400,trial.doublecue,807,1
370,80817,2,1,0,trial.validspatial,691,1
370,80817,2,1,400,trial.validspatial,490,1
370,80817,1,2,800,trial.validspatial,582,1
370,80817,1,1,800,trial.invalid,626,1
370,80817,2,1,400,trial.validspatial,651,1
370,80817,2,1,800,trial.validspatial,549,1
370,80817,2,2,0,trial.validspatial,738,1
370,80817,1,2,0,trial.validspatial,843,1
370,80817,1,1,400,trial.validspatial,612,1
370,80817,1,1,NaN,trial.nocue,606,1
370,80817,1,2,0,trial.validspatial,744,1
370,80817,1,1,NaN,trial.nocue,708,1
370,80817,2,2,0,trial.validspatial,824,1
370,80817,2,1,800,trial.invalid,687,1
370,80817,2,2,NaN,trial.nocue,817,1
370,80817,1,2,400,trial.invalid,875,1
370,80817,2,2,0,trial.doublecue,727,1
370,80817,1,2,NaN,trial.nocue,825,1
370,80817,1,1,400,trial.validspatial,597,1
370,80817,1,1,800,trial.validspatial,651,1
370,80817,2,1,NaN,trial.nocue,828,1
370,80817,1,1,800,trial.doublecue,610,1
370,80817,2,2,0,trial.doublecue,964,1
370,80817,1,1,0,trial.invalid,734,1
370,80817,1,1,0,trial.invalid,934,0
370,80817,2,1,0,trial.validspatial,843,1
370,80817,2,1,0,trial.validspatial,722,1
370,80817,1,1,400,trial.doublecue,633,1
370,80817,2,2,800,trial.validspatial,776,1
370,80817,2,2,800,trial.validspatial,714,1
370,80817,2,2,0,trial.validspatial,751,1
370,80817,1,2,400,trial.validspatial,634,1
370,80817,2,2,800,trial.invalid,709,1
370,80817,1,2,0,trial.invalid,1003,1
370,80817,2,1,400,trial.validspatial,689,1
370,80817,2,1,400,trial.validspatial,613,1
370,80817,2,1,NaN,trial.nocue,942,1
370,80817,2,2,NaN,trial.nocue,798,1
370,80817,2,1,NaN,trial.nocue,755,1
370,80817,1,1,800,trial.validspatial,732,1
370,80817,1,1,NaN,trial.nocue,763,1
370,80817,2,1,800,trial.doublecue,817,1
370,80817,2,2,NaN,trial.nocue,912,1
370,80817,1,2,400,trial.validspatial,738,1
370,80817,1,1,400,trial.doublecue,709,1
370,80817,2,2,400,trial.invalid,894,1
370,80817,1,1,NaN,trial.nocue,840,1
370,80817,2,1,800,trial.validspatial,582,1
370,80817,2,2,0,trial.validspatial,777,1
370,80817,2,1,800,trial.doublecue,641,1
370,80817,2,1,400,trial.validspatial,654,1
370,80817,2,2,400,trial.validspatial,671,1
370,80817,2,1,0,trial.doublecue,927,1
370,80817,2,2,400,trial.validspatial,765,1
370,80817,2,2,400,trial.invalid,783,1
370,80817,2,2,800,trial.doublecue,758,1
370,80817,1,2,400,trial.doublecue,870,1
370,80817,1,2,0,trial.validspatial,770,1
370,80817,1,2,NaN,trial.nocue,691,1
370,80817,1,1,800,trial.invalid,682,1
370,80817,2,2,800,trial.validspatial,801,1
370,80817,2,1,800,trial.validspatial,581,1
370,80817,2,1,0,trial.validspatial,813,1
370,80817,2,2,NaN,trial.nocue,887,1
370,80817,2,2,800,trial.validspatial,807,1
370,80817,1,1,400,trial.validspatial,627,1
370,80817,1,2,800,trial.invalid,765,1
370,80817,2,2,0,trial.validspatial,725,1
370,80817,2,2,800,trial.validspatial,669,1
370,80817,1,1,800,trial.validspatial,752,1
370,80817,2,1,NaN,trial.nocue,757,1
370,80817,1,2,NaN,trial.nocue,763,1
370,80817,1,2,800,trial.validspatial,691,0
370,80817,1,2,0,trial.validspatial,796,1
370,80817,2,2,0,trial.invalid,669,0
370,80817,1,1,NaN,trial.nocue,602,1
370,80817,2,2,800,trial.validspatial,601,1
370,80817,2,1,800,trial.validspatial,599,1
370,80817,2,1,0,trial.validspatial,720,1
370,80817,1,1,800,trial.doublecue,679,1
370,80817,2,2,800,trial.invalid,935,1
370,80817,1,2,400,trial.validspatial,783,1
370,80817,2,1,800,trial.validspatial,627,1
370,80817,1,2,400,trial.invalid,800,1
370,80817,1,1,800,trial.validspatial,654,1
370,80817,2,2,400,trial.doublecue,496,0
370,80817,1,1,0,trial.validspatial,603,1
370,80817,2,1,NaN,trial.nocue,774,1
370,80817,2,1,400,trial.invalid,717,1
370,80817,1,2,800,trial.invalid,877,1
370,80817,1,2,0,trial.doublecue,855,1
370,80817,1,1,400,trial.validspatial,597,1
370,80817,1,2,400,trial.validspatial,900,1
370,80817,1,1,0,trial.doublecue,788,1
370,80817,1,1,0,trial.doublecue,813,1
370,80817,1,2,NaN,trial.nocue,854,1
370,80817,2,1,400,trial.doublecue,609,1
370,80817,2,2,400,trial.validspatial,700,1
370,80817,2,2,800,trial.doublecue,579,1
370,80817,2,2,NaN,trial.nocue,929,1
370,80817,1,2,NaN,trial.nocue,871,1
370,80817,1,2,0,trial.doublecue,799,1
370,80817,2,1,800,trial.invalid,704,1
370,80817,1,2,0,trial.validspatial,943,1
370,80817,1,1,0,trial.validspatial,802,1
370,80817,2,1,0,trial.validspatial,704,1
370,80817,1,1,400,trial.invalid,711,1
370,80817,1,2,800,trial.doublecue,843,1
370,80817,2,2,0,trial.validspatial,822,1
370,80817,2,2,0,trial.invalid,893,1
370,80817,1,1,0,trial.validspatial,778,1
370,80817,1,1,400,trial.invalid,671,1
370,80817,2,1,800,trial.validspatial,639,1
370,80817,2,2,400,trial.doublecue,1025,1
370,80817,2,1,0,trial.doublecue,708,1
370,80817,2,2,400,trial.validspatial,731,1
370,80817,1,1,NaN,trial.nocue,695,1
370,80817,2,1,0,trial.invalid,671,1
370,80817,1,2,800,trial.validspatial,688,1
370,80817,1,2,800,trial.doublecue,747,1
370,80817,2,1,400,trial.validspatial,735,1
370,80817,1,1,800,trial.validspatial,569,1
370,80817,1,2,800,trial.validspatial,600,1
370,80817,1,1,0,trial.validspatial,752,1
370,80817,1,2,400,trial.validspatial,720,1
370,80817,2,1,400,trial.invalid,810,1
370,80817,2,1,0,trial.invalid,828,1
370,80817,2,2,NaN,trial.nocue,1013,1
370,80817,1,1,800,trial.validspatial,638,1
370,80817,2,2,400,trial.validspatial,725,1
370,80817,2,1,NaN,trial.nocue,700,1
370,80817,1,1,400,trial.validspatial,615,1
370,80817,1,2,NaN,trial.nocue,689,1
370,80817,1,2,0,trial.validspatial,671,1
370,80817,1,2,800,trial.validspatial,688,1
370,80817,1,1,0,trial.validspatial,768,1
370,80817,1,1,400,trial.validspatial,543,1
370,80817,1,1,0,trial.validspatial,609,1
370,80817,1,2,0,trial.invalid,995,1
370,80817,1,2,800,trial.validspatial,706,1
370,80817,1,2,400,trial.validspatial,615,1
370,80817,1,2,400,trial.doublecue,750,1
370,80817,2,2,400,trial.validspatial,583,1
370,80817,2,1,400,trial.doublecue,640,1
370,80817,2,1,0,trial.validspatial,724,1
370,80817,2,1,400,trial.validspatial,626,1
370,80817,1,2,800,trial.validspatial,639,1
370,80817,1,1,800,trial.invalid,729,1
370,80817,2,1,400,trial.validspatial,599,1
370,80817,2,1,800,trial.validspatial,603,1
370,80817,2,2,0,trial.validspatial,688,0
370,80817,1,2,0,trial.validspatial,726,1
370,80817,1,1,400,trial.validspatial,606,1
370,80817,1,1,NaN,trial.nocue,735,1
370,80817,1,2,0,trial.validspatial,904,1
370,80817,1,1,NaN,trial.nocue,689,1
370,80817,2,2,0,trial.validspatial,663,1
370,80817,2,1,800,trial.invalid,695,1
370,80817,2,2,NaN,trial.nocue,691,1
370,80817,1,2,400,trial.invalid,792,1
370,80817,2,2,0,trial.doublecue,898,1
370,80817,1,2,NaN,trial.nocue,786,1
370,80817,1,1,400,trial.validspatial,571,1
370,80817,1,1,800,trial.validspatial,721,1
370,80817,2,1,NaN,trial.nocue,642,1
370,80817,1,1,800,trial.doublecue,584,1
370,80817,2,2,0,trial.doublecue,897,1
370,80817,1,1,0,trial.invalid,836,1
370,80817,1,1,0,trial.invalid,686,1
370,80817,2,1,0,trial.validspatial,656,1
370,80817,2,1,0,trial.validspatial,736,1
370,80817,1,1,400,trial.doublecue,631,1
370,80817,2,2,800,trial.validspatial,605,1
370,80817,2,2,800,trial.validspatial,600,1
370,80817,2,2,0,trial.validspatial,861,1
370,80817,1,2,400,trial.validspatial,600,1
370,80817,2,2,800,trial.invalid,777,1
370,80817,1,2,0,trial.invalid,749,1
370,80817,2,1,400,trial.validspatial,651,1
370,80817,2,1,400,trial.validspatial,579,1
370,80817,2,1,NaN,trial.nocue,692,1
370,80817,2,2,NaN,trial.nocue,1040,1
370,80817,2,1,NaN,trial.nocue,652,1
370,80817,1,1,800,trial.validspatial,634,1
370,80817,1,1,NaN,trial.nocue,694,1
370,80817,2,1,800,trial.doublecue,703,1
370,80817,2,2,NaN,trial.nocue,749,1
370,80817,1,2,400,trial.validspatial,768,1
370,80817,1,1,400,trial.doublecue,692,1
370,80817,2,2,400,trial.invalid,983,1
370,80817,1,1,NaN,trial.nocue,550,1
370,80817,2,1,800,trial.validspatial,488,1
370,80817,2,2,0,trial.validspatial,683,1
370,80817,2,1,800,trial.doublecue,689,1
370,80817,2,1,400,trial.validspatial,688,1
370,80817,2,2,400,trial.validspatial,585,1
370,80817,2,1,0,trial.doublecue,705,1
370,80817,2,2,400,trial.validspatial,835,1
370,80817,2,2,400,trial.invalid,864,1
370,80817,2,2,800,trial.doublecue,598,1
370,80817,1,2,400,trial.doublecue,622,1
370,80817,1,2,0,trial.validspatial,930,1
370,80817,1,2,NaN,trial.nocue,751,1
370,80817,1,1,800,trial.invalid,619,1
370,80817,2,2,800,trial.validspatial,603,1
370,80817,2,1,800,trial.validspatial,559,1
370,80817,2,1,0,trial.validspatial,661,1
370,80817,2,2,NaN,trial.nocue,988,1
370,80817,2,2,800,trial.validspatial,634,1
370,80817,1,1,400,trial.validspatial,1700,0
370,80817,1,2,800,trial.invalid,558,1
370,80817,2,2,0,trial.validspatial,910,1
370,80817,2,2,800,trial.validspatial,556,1
370,80817,1,1,800,trial.validspatial,650,1
370,80817,2,1,NaN,trial.nocue,848,1
370,80817,1,2,NaN,trial.nocue,593,1
370,80817,1,2,800,trial.validspatial,794,1
370,80817,1,2,0,trial.validspatial,718,1
370,80817,2,2,0,trial.invalid,580,1
370,80817,1,1,NaN,trial.nocue,672,1
370,80817,2,2,800,trial.validspatial,673,1
370,80817,2,1,800,trial.validspatial,527,1
370,80817,2,1,0,trial.validspatial,508,1
370,80817,1,1,800,trial.doublecue,808,1
370,80817,2,2,800,trial.invalid,739,1
370,80817,1,2,400,trial.validspatial,538,1
370,80817,2,1,800,trial.validspatial,678,1
370,80817,1,2,400,trial.invalid,876,1
370,80817,1,1,800,trial.validspatial,661,1
370,80817,2,2,400,trial.doublecue,882,1
370,80817,1,1,0,trial.validspatial,609,1
370,80817,2,1,NaN,trial.nocue,962,1
370,80817,2,1,400,trial.invalid,738,0
370,80817,1,2,800,trial.invalid,773,1
370,80817,1,2,0,trial.doublecue,825,1
370,80817,1,1,400,trial.validspatial,575,1
370,80817,1,2,400,trial.validspatial,507,1
370,80817,1,1,0,trial.doublecue,747,1
370,80817,1,1,0,trial.doublecue,538,1
370,80817,1,2,NaN,trial.nocue,876,1
370,80817,2,1,400,trial.doublecue,709,1
370,80817,2,2,400,trial.validspatial,780,1
370,80817,2,2,800,trial.doublecue,923,1
370,80817,2,2,NaN,trial.nocue,664,1
370,80817,1,2,NaN,trial.nocue,540,1
370,80817,1,2,0,trial.doublecue,698,1
370,80817,2,1,800,trial.invalid,668,1
370,80817,1,2,0,trial.validspatial,769,1
370,80817,1,1,0,trial.validspatial,599,1
370,80817,2,1,0,trial.validspatial,717,1
370,80817,1,1,400,trial.invalid,876,1
370,80817,1,2,800,trial.doublecue,626,1
370,80817,2,2,0,trial.validspatial,601,1
370,80817,2,2,0,trial.invalid,711,1
370,80817,1,1,0,trial.validspatial,938,1
370,80817,1,1,400,trial.invalid,707,1
370,80817,2,1,800,trial.validspatial,632,1
370,80817,2,2,400,trial.doublecue,696,1
370,80817,2,1,0,trial.doublecue,600,1
370,80817,2,2,400,trial.validspatial,999,1
370,80817,1,1,NaN,trial.nocue,631,1
370,80817,2,1,0,trial.invalid,573,1
370,80817,1,2,800,trial.validspatial,861,1
370,80817,1,2,800,trial.doublecue,576,1
370,80817,2,1,400,trial.validspatial,505,1
370,80817,1,1,800,trial.validspatial,756,1
370,80817,1,2,800,trial.validspatial,670,1
370,80817,1,1,0,trial.validspatial,605,1
370,80817,1,2,400,trial.validspatial,725,1
370,80817,2,1,400,trial.invalid,917,1
370,80817,2,1,0,trial.invalid,705,1
370,80817,2,2,NaN,trial.nocue,878,0
370,80817,1,1,800,trial.validspatial,772,1
370,80817,2,2,400,trial.validspatial,759,1
370,80817,2,1,NaN,trial.nocue,777,1
370,80817,1,1,400,trial.validspatial,872,1
370,80817,1,2,NaN,trial.nocue,700,1
370,80817,1,2,0,trial.validspatial,779,1
370,80817,1,2,800,trial.validspatial,639,1
370,80817,1,1,0,trial.validspatial,750,1
370,80817,1,1,400,trial.validspatial,931,1
