subject,date,location_congruence_val,flanker_congruence_val,cue_target_interval,cue_condition,latency,values.correct
35,102117,1,1,0,trial.validspatial,1700,0
35,102117,1,2,0,trial.invalid,1481,1
35,102117,1,2,800,trial.validspatial,1700,0
35,102117,1,2,400,trial.validspatial,1700,0
35,102117,1,2,400,trial.doublecue,536,1
35,102117,2,2,400,trial.validspatial,273,0
35,102117,2,1,400,trial.doublecue,373,0
35,102117,2,1,0,trial.validspatial,501,0
35,102117,2,1,400,trial.validspatial,509,0
35,102117,1,2,800,trial.validspatial,469,1
35,102117,1,1,800,trial.invalid,647,1
35,102117,2,1,400,trial.validspatial,134,0
35,102117,2,1,800,trial.validspatial,537,0
35,102117,2,2,0,trial.validspatial,432,0
35,102117,1,2,0,trial.validspatial,1251,1
35,102117,1,1,400,trial.validspatial,383,1
35,102117,1,1,NaN,trial.nocue,838,1
35,102117,1,2,0,trial.validspatial,156,0
35,102117,1,1,NaN,trial.nocue,199,0
35,102117,2,2,0,trial.validspatial,299,0
35,102117,2,1,800,trial.invalid,310,0
35,102117,2,2,NaN,trial.nocue,565,0
35,102117,1,2,400,trial.invalid,1700,0
35,102117,2,2,0,trial.doublecue,416,0
35,102117,1,2,NaN,trial.nocue,346,1
35,102117,1,1,400,trial.validspatial,10,1
35,102117,1,1,800,trial.validspatial,529,1
35,102117,2,1,NaN,trial.nocue,563,0
35,102117,1,1,800,trial.doublecue,512,1
35,102117,2,2,0,trial.doublecue,389,0
35,102117,1,1,0,trial.invalid,1100,1
35,102117,1,1,0,trial.invalid,660,1
35,102117,2,1,0,trial.validspatial,367,0
35,102117,2,1,0,trial.validspatial,364,1
35,102117,1,1,400,trial.doublecue,108,0
35,102117,2,2,800,trial.validspatial,444,0
35,102117,2,2,800,trial.validspatial,502,0
35,102117,2,2,0,trial.validspatial,561,0
35,102117,1,2,400,trial.validspatial,252,0
35,102117,2,2,800,trial.invalid,499,0
35,102117,1,2,0,trial.invalid,684,1
35,102117,2,1,400,trial.validspatial,204,0
35,102117,2,1,400,trial.validspatial,119,0
35,102117,2,1,NaN,trial.nocue,416,0
35,102117,2,2,NaN,trial.nocue,455,0
35,102117,2,1,NaN,trial.nocue,435,0
35,102117,1,1,800,trial.validspatial,885,1
35,102117,1,1,NaN,trial.nocue,612,1
35,102117,2,1,800,trial.doublecue,631,1
35,102117,2,2,NaN,trial.nocue,621,0
35,102117,1,2,400,trial.validspatial,575,0
35,102117,1,1,400,trial.doublecue,444,1
35,102117,2,2,400,trial.invalid,575,0
35,102117,1,1,NaN,trial.nocue,1700,0
35,102117,2,1,800,trial.validspatial,1700,0
35,102117,2,2,0,trial.validspatial,543,0
35,102117,2,1,800,trial.doublecue,634,0
35,102117,2,1,400,trial.validspatial,1700,0
35,102117,2,2,400,trial.validspatial,1700,0
35,102117,2,1,0,trial.doublecue,393,0
35,102117,2,2,400,trial.validspatial,941,0
35,102117,2,2,400,trial.invalid,826,0
35,102117,2,2,800,trial.doublecue,558,0
35,102117,1,2,400,trial.doublecue,636,1
35,102117,1,2,0,trial.validspatial,842,0
35,102117,1,2,NaN,trial.nocue,473,1
35,102117,1,1,800,trial.invalid,799,1
35,102117,2,2,800,trial.validspatial,591,0
35,102117,2,1,800,trial.validspatial,610,0
35,102117,2,1,0,trial.validspatial,1135,1
35,102117,2,2,NaN,trial.nocue,1018,0
35,102117,2,2,800,trial.validspatial,577,0
35,102117,1,1,400,trial.validspatial,882,1
35,102117,1,2,800,trial.invalid,668,1
35,102117,2,2,0,trial.validspatial,456,0
35,102117,2,2,800,trial.validspatial,416,0
35,102117,1,1,800,trial.validspatial,1700,0
35,102117,2,1,NaN,trial.nocue,584,0
35,102117,1,2,NaN,trial.nocue,886,0
35,102117,1,2,800,trial.validspatial,18,0
35,102117,1,2,0,trial.validspatial,1168,0
35,102117,2,2,0,trial.invalid,1700,0
35,102117,1,1,NaN,trial.nocue,507,1
35,102117,2,2,800,trial.validspatial,471,0
35,102117,2,1,800,trial.validspatial,716,1
35,102117,2,1,0,trial.validspatial,715,1
35,102117,1,1,800,trial.doublecue,785,1
35,102117,2,2,800,trial.invalid,509,0
35,102117,1,2,400,trial.validspatial,717,0
35,102117,2,1,800,trial.validspatial,917,1
35,102117,1,2,400,trial.invalid,1386,1
35,102117,1,1,800,trial.validspatial,842,1
35,102117,2,2,400,trial.doublecue,800,0
35,102117,1,1,0,trial.validspatial,622,1
35,102117,2,1,NaN,trial.nocue,1332,1
35,102117,2,1,400,trial.invalid,974,1
35,102117,1,2,800,trial.invalid,966,0
35,102117,1,2,0,trial.doublecue,1023,0
35,102117,1,1,400,trial.validspatial,1044,1
35,102117,1,2,400,trial.validspatial,1062,0
35,102117,1,1,0,trial.doublecue,823,1
35,102117,1,1,0,trial.doublecue,648,1
35,102117,1,2,NaN,trial.nocue,1007,0
35,102117,2,1,400,trial.doublecue,805,1
35,102117,2,2,400,trial.validspatial,782,0
35,102117,2,2,800,trial.doublecue,577,0
35,102117,2,2,NaN,trial.nocue,768,0
35,102117,1,2,NaN,trial.nocue,929,0
35,102117,1,2,0,trial.doublecue,835,1
35,102117,2,1,800,trial.invalid,781,1
35,102117,1,2,0,trial.validspatial,1090,0
35,102117,1,1,0,trial.validspatial,727,1
35,102117,2,1,0,trial.validspatial,823,1
35,102117,1,1,400,trial.invalid,608,1
35,102117,1,2,800,trial.doublecue,754,0
35,102117,2,2,0,trial.validspatial,723,0
35,102117,2,2,0,trial.invalid,747,0
35,102117,1,1,0,trial.validspatial,563,1
35,102117,1,1,400,trial.invalid,527,1
35,102117,2,1,800,trial.validspatial,634,1
35,102117,2,2,400,trial.doublecue,651,0
35,102117,2,1,0,trial.doublecue,816,1
35,102117,2,2,400,trial.validspatial,847,0
35,102117,1,1,NaN,trial.nocue,703,1
35,102117,2,1,0,trial.invalid,732,1
35,102117,1,2,800,trial.validspatial,1700,0
35,102117,1,2,800,trial.doublecue,617,0
35,102117,2,1,400,trial.validspatial,462,0
35,102117,1,1,800,trial.validspatial,600,1
35,102117,1,2,800,trial.validspatial,653,1
35,102117,1,1,0,trial.validspatial,559,0
35,102117,1,2,400,trial.validspatial,860,0
35,102117,2,1,400,trial.invalid,921,1
35,102117,2,1,0,trial.invalid,1069,1
35,102117,2,2,NaN,trial.nocue,1279,0
35,102117,1,1,800,trial.validspatial,500,1
35,102117,2,2,400,trial.validspatial,840,0
35,102117,2,1,NaN,trial.nocue,1700,0
35,102117,1,1,400,trial.validspatial,611,1
35,102117,1,2,NaN,trial.nocue,1213,0
35,102117,1,2,0,trial.validspatial,1700,0
35,102117,1,2,800,trial.validspatial,545,0
35,102117,1,1,0,trial.validspatial,613,1
35,102117,1,1,400,trial.validspatial,655,1
35,102117,1,1,0,trial.validspatial,956,1
35,102117,1,2,0,trial.invalid,1266,0
35,102117,1,2,800,trial.validspatial,784,0
35,102117,1,2,400,trial.validspatial,709,0
35,102117,1,2,400,trial.doublecue,990,1
35,102117,2,2,400,trial.validspatial,874,0
35,102117,2,1,400,trial.doublecue,699,1
35,102117,2,1,0,trial.validspatial,773,1
35,102117,2,1,400,trial.validspatial,855,1
35,102117,1,2,800,trial.validspatial,773,0
35,102117,1,1,800,trial.invalid,908,1
35,102117,2,1,400,trial.validspatial,699,1
35,102117,2,1,800,trial.validspatial,664,1
35,102117,2,2,0,trial.validspatial,835,0
35,102117,1,2,0,trial.validspatial,1090,0
35,102117,1,1,400,trial.validspatial,786,1
35,102117,1,1,NaN,trial.nocue,611,1
35,102117,1,2,0,trial.validspatial,1009,0
35,102117,1,1,NaN,trial.nocue,616,1
35,102117,2,2,0,trial.validspatial,458,0
35,102117,2,1,800,trial.invalid,831,1
35,102117,2,2,NaN,trial.nocue,972,0
35,102117,1,2,400,trial.invalid,934,0
35,102117,2,2,0,trial.doublecue,779,0
35,102117,1,2,NaN,trial.nocue,788,0
35,102117,1,1,400,trial.validspatial,471,1
35,102117,1,1,800,trial.validspatial,525,1
35,102117,2,1,NaN,trial.nocue,528,1
35,102117,1,1,800,trial.doublecue,644,1
35,102117,2,2,0,trial.doublecue,548,0
35,102117,1,1,0,trial.invalid,500,1
35,102117,1,1,0,trial.invalid,517,1
35,102117,2,1,0,trial.validspatial,597,1
35,102117,2,1,0,trial.validspatial,725,1
35,102117,1,1,400,trial.doublecue,545,1
35,102117,2,2,800,trial.validspatial,1700,0
35,102117,2,2,800,trial.validspatial,499,0
35,102117,2,2,0,trial.validspatial,833,0
35,102117,1,2,400,trial.validspatial,458,1
35,102117,2,2,800,trial.invalid,470,0
35,102117,1,2,0,trial.invalid,678,1
35,102117,2,1,400,trial.validspatial,599,1
35,102117,2,1,400,trial.validspatial,1700,0
35,102117,2,1,NaN,trial.nocue,1208,0
35,102117,2,2,NaN,trial.nocue,745,0
35,102117,2,1,NaN,trial.nocue,617,1
35,102117,1,1,800,trial.validspatial,1239,1
35,102117,1,1,NaN,trial.nocue,500,1
35,102117,2,1,800,trial.doublecue,1668,0
35,102117,2,2,NaN,trial.nocue,646,0
35,102117,1,2,400,trial.validspatial,343,1
35,102117,1,1,400,trial.doublecue,190,1
35,102117,2,2,400,trial.invalid,435,0
35,102117,1,1,NaN,trial.nocue,1109,1
35,102117,2,1,800,trial.validspatial,1700,0
35,102117,2,2,0,trial.validspatial,761,0
35,102117,2,1,800,trial.doublecue,1700,0
35,102117,2,1,400,trial.validspatial,190,0
35,102117,2,2,400,trial.validspatial,518,0
35,102117,2,1,0,trial.doublecue,572,0
35,102117,2,2,400,trial.validspatial,1038,0
35,102117,2,2,400,trial.invalid,792,0
35,102117,2,2,800,trial.doublecue,815,0
35,102117,1,2,400,trial.doublecue,630,0
35,102117,1,2,0,trial.validspatial,1481,0
35,102117,1,2,NaN,trial.nocue,1606,0
35,102117,1,1,800,trial.invalid,746,1
35,102117,2,2,800,trial.validspatial,452,0
35,102117,2,1,800,trial.validspatial,1700,0
35,102117,2,1,0,trial.validspatial,343,0
35,102117,2,2,NaN,trial.nocue,724,0
35,102117,2,2,800,trial.validspatial,891,0
35,102117,1,1,400,trial.validspatial,1700,0
35,102117,1,2,800,trial.invalid,540,1
35,102117,2,2,0,trial.validspatial,925,0
35,102117,2,2,800,trial.validspatial,997,0
35,102117,1,1,800,trial.validspatial,617,0
35,102117,2,1,NaN,trial.nocue,1093,0
35,102117,1,2,NaN,trial.nocue,1700,0
35,102117,1,2,800,trial.validspatial,267,0
35,102117,1,2,0,trial.validspatial,604,1
35,102117,2,2,0,trial.invalid,585,1
35,102117,1,1,NaN,trial.nocue,686,0
35,102117,2,2,800,trial.validspatial,1063,1
35,102117,2,1,800,trial.validspatial,578,1
35,102117,2,1,0,trial.validspatial,592,1
35,102117,1,1,800,trial.doublecue,992,0
35,102117,2,2,800,trial.invalid,1094,1
35,102117,1,2,400,trial.validspatial,689,1
35,102117,2,1,800,trial.validspatial,541,1
35,102117,1,2,400,trial.invalid,460,1
35,102117,1,1,800,trial.validspatial,550,1
35,102117,2,2,400,trial.doublecue,820,0
35,102117,1,1,0,trial.validspatial,689,1
35,102117,2,1,NaN,trial.nocue,942,1
35,102117,2,1,400,trial.invalid,866,0
35,102117,1,2,800,trial.invalid,594,0
35,102117,1,2,0,trial.doublecue,1700,0
35,102117,1,1,400,trial.validspatial,499,1
35,102117,1,2,400,trial.validspatial,962,1
35,102117,1,1,0,trial.doublecue,952,1
35,102117,1,1,0,trial.doublecue,600,1
35,102117,1,2,NaN,trial.nocue,783,0
35,102117,2,1,400,trial.doublecue,627,1
35,102117,2,2,400,trial.validspatial,517,1
35,102117,2,2,800,trial.doublecue,826,1
35,102117,2,2,NaN,trial.nocue,824,1
35,102117,1,2,NaN,trial.nocue,505,1
35,102117,1,2,0,trial.doublecue,892,1
35,102117,2,1,800,trial.invalid,576,0
35,102117,1,2,0,trial.validspatial,1212,0
35,102117,1,1,0,trial.validspatial,791,1
35,102117,2,1,0,trial.validspatial,528,0
35,102117,1,1,400,trial.invalid,751,0
35,102117,1,2,800,trial.doublecue,540,1
35,102117,2,2,0,trial.validspatial,565,1
35,102117,2,2,0,trial.invalid,787,1
35,102117,1,1,0,trial.validspatial,770,0
35,102117,1,1,400,trial.invalid,637,1
35,102117,2,1,800,trial.validspatial,592,1
35,102117,2,2,400,trial.doublecue,637,1
35,102117,2,1,0,trial.doublecue,569,1
35,102117,2,2,400,trial.validspatial,937,1
35,102117,1,1,NaN,trial.nocue,787,0
35,102117,2,1,0,trial.invalid,796,1
35,102117,1,2,800,trial.validspatial,499,0
35,102117,1,2,800,trial.doublecue,753,1
35,102117,2,1,400,trial.validspatial,614,1
35,102117,1,1,800,trial.validspatial,500,0
35,102117,1,2,800,trial.validspatial,938,1
35,102117,1,1,0,trial.validspatial,743,1
35,102117,1,2,400,trial.validspatial,709,0
35,102117,2,1,400,trial.invalid,738,1
35,102117,2,1,0,trial.invalid,560,0
35,102117,2,2,NaN,trial.nocue,806,0
35,102117,1,1,800,trial.validspatial,699,0
35,102117,2,2,400,trial.validspatial,1004,0
35,102117,2,1,NaN,trial.nocue,724,0
35,102117,1,1,400,trial.validspatial,680,0
35,102117,1,2,NaN,trial.nocue,658,1
35,102117,1,2,0,trial.validspatial,715,0
35,102117,1,2,800,trial.validspatial,768,1
35,102117,1,1,0,trial.validspatial,707,1
35,102117,1,1,400,trial.validspatial,924,1
