subject,date,location_congruence_val,flanker_congruence_val,cue_target_interval,cue_condition,latency,values.correct
567,63017,1,1,0,trial.validspatial,917,1
567,63017,1,2,0,trial.invalid,924,1
567,63017,1,2,800,trial.validspatial,705,1
567,63017,1,2,400,trial.validspatial,676,1
567,63017,1,2,400,trial.doublecue,752,1
567,63017,2,2,400,trial.validspatial,1030,1
567,63017,2,1,400,trial.doublecue,720,1
567,63017,2,1,0,trial.validspatial,708,1
567,63017,2,1,400,trial.validspatial,432,1
567,63017,1,2,800,trial.validspatial,521,1
567,63017,1,1,800,trial.invalid,902,1
567,63017,2,1,400,trial.validspatial,568,1
567,63017,2,1,800,trial.validspatial,528,1
567,63017,2,2,0,trial.validspatial,682,1
567,63017,1,2,0,trial.validspatial,540,1
567,63017,1,1,400,trial.validspatial,402,1
567,63017,1,1,NaN,trial.nocue,416,1
567,63017,1,2,0,trial.validspatial,536,1
567,63017,1,1,NaN,trial.nocue,652,1
567,63017,2,2,0,trial.validspatial,640,1
567,63017,2,1,800,trial.invalid,826,1
567,63017,2,2,NaN,trial.nocue,713,1
567,63017,1,2,400,trial.invalid,776,1
567,63017,2,2,0,trial.doublecue,551,1
567,63017,1,2,NaN,trial.nocue,525,1
567,63017,1,1,400,trial.validspatial,465,1
567,63017,1,1,800,trial.validspatial,601,1
567,63017,2,1,NaN,trial.nocue,594,1
567,63017,1,1,800,trial.doublecue,685,1
567,63017,2,2,0,trial.doublecue,915,1
567,63017,1,1,0,trial.invalid,691,1
567,63017,1,1,0,trial.invalid,720,1
567,63017,2,1,0,trial.validspatial,727,1
567,63017,2,1,0,trial.validspatial,654,1
567,63017,1,1,400,trial.doublecue,611,1
567,63017,2,2,800,trial.validspatial,650,1
567,63017,2,2,800,trial.validspatial,658,1
567,63017,2,2,0,trial.validspatial,753,1
567,63017,1,2,400,trial.validspatial,747,1
567,63017,2,2,800,trial.invalid,661,1
567,63017,1,2,0,trial.invalid,738,1
567,63017,2,1,400,trial.validspatial,469,1
567,63017,2,1,400,trial.validspatial,466,1
567,63017,2,1,NaN,trial.nocue,704,1
567,63017,2,2,NaN,trial.nocue,749,1
567,63017,2,1,NaN,trial.nocue,511,1
567,63017,1,1,800,trial.validspatial,512,1
567,63017,1,1,NaN,trial.nocue,609,1
567,63017,2,1,800,trial.doublecue,538,1
567,63017,2,2,NaN,trial.nocue,504,1
567,63017,1,2,400,trial.validspatial,737,1
567,63017,1,1,400,trial.doublecue,568,1
567,63017,2,2,400,trial.invalid,712,1
567,63017,1,1,NaN,trial.nocue,516,1
567,63017,2,1,800,trial.validspatial,529,1
567,63017,2,2,0,trial.validspatial,700,1
567,63017,2,1,800,trial.doublecue,487,1
567,63017,2,1,400,trial.validspatial,443,1
567,63017,2,2,400,trial.validspatial,468,1
567,63017,2,1,0,trial.doublecue,517,1
567,63017,2,2,400,trial.validspatial,646,1
567,63017,2,2,400,trial.invalid,772,1
567,63017,2,2,800,trial.doublecue,615,1
567,63017,1,2,400,trial.doublecue,714,1
567,63017,1,2,0,trial.validspatial,755,1
567,63017,1,2,NaN,trial.nocue,940,0
567,63017,1,1,800,trial.invalid,767,1
567,63017,2,2,800,trial.validspatial,627,1
567,63017,2,1,800,trial.validspatial,659,1
567,63017,2,1,0,trial.validspatial,616,1
567,63017,2,2,NaN,trial.nocue,1126,1
567,63017,2,2,800,trial.validspatial,487,1
567,63017,1,1,400,trial.validspatial,554,1
567,63017,1,2,800,trial.invalid,708,1
567,63017,2,2,0,trial.validspatial,757,1
567,63017,2,2,800,trial.validspatial,539,1
567,63017,1,1,800,trial.validspatial,553,1
567,63017,2,1,NaN,trial.nocue,704,1
567,63017,1,2,NaN,trial.nocue,603,1
567,63017,1,2,800,trial.validspatial,645,1
567,63017,1,2,0,trial.validspatial,697,1
567,63017,2,2,0,trial.invalid,713,1
567,63017,1,1,NaN,trial.nocue,659,1
567,63017,2,2,800,trial.validspatial,672,1
567,63017,2,1,800,trial.validspatial,548,1
567,63017,2,1,0,trial.validspatial,590,1
567,63017,1,1,800,trial.doublecue,634,1
567,63017,2,2,800,trial.invalid,689,1
567,63017,1,2,400,trial.validspatial,685,1
567,63017,2,1,800,trial.validspatial,541,1
567,63017,1,2,400,trial.invalid,716,1
567,63017,1,1,800,trial.validspatial,466,1
567,63017,2,2,400,trial.doublecue,739,1
567,63017,1,1,0,trial.validspatial,516,1
567,63017,2,1,NaN,trial.nocue,493,1
567,63017,2,1,400,trial.invalid,641,1
567,63017,1,2,800,trial.invalid,761,1
567,63017,1,2,0,trial.doublecue,691,1
567,63017,1,1,400,trial.validspatial,604,1
567,63017,1,2,400,trial.validspatial,571,1
567,63017,1,1,0,trial.doublecue,691,1
567,63017,1,1,0,trial.doublecue,591,1
567,63017,1,2,NaN,trial.nocue,571,1
567,63017,2,1,400,trial.doublecue,524,1
567,63017,2,2,400,trial.validspatial,1137,1
567,63017,2,2,800,trial.doublecue,1042,1
567,63017,2,2,NaN,trial.nocue,873,1
567,63017,1,2,NaN,trial.nocue,823,1
567,63017,1,2,0,trial.doublecue,877,1
567,63017,2,1,800,trial.invalid,699,1
567,63017,1,2,0,trial.validspatial,1055,1
567,63017,1,1,0,trial.validspatial,657,1
567,63017,2,1,0,trial.validspatial,672,1
567,63017,1,1,400,trial.invalid,758,1
567,63017,1,2,800,trial.doublecue,695,1
567,63017,2,2,0,trial.validspatial,960,1
567,63017,2,2,0,trial.invalid,805,1
567,63017,1,1,0,trial.validspatial,647,1
567,63017,1,1,400,trial.invalid,757,1
567,63017,2,1,800,trial.validspatial,866,1
567,63017,2,2,400,trial.doublecue,645,1
567,63017,2,1,0,trial.doublecue,621,1
567,63017,2,2,400,trial.validspatial,652,1
567,63017,1,1,NaN,trial.nocue,605,1
567,63017,2,1,0,trial.invalid,599,1
567,63017,1,2,800,trial.validspatial,697,1
567,63017,1,2,800,trial.doublecue,661,1
567,63017,2,1,400,trial.validspatial,685,0
567,63017,1,1,800,trial.validspatial,746,1
567,63017,1,2,800,trial.validspatial,574,1
567,63017,1,1,0,trial.validspatial,622,1
567,63017,1,2,400,trial.validspatial,679,1
567,63017,2,1,400,trial.invalid,1700,0
567,63017,2,1,0,trial.invalid,787,1
567,63017,2,2,NaN,trial.nocue,1520,1
567,63017,1,1,800,trial.validspatial,1045,1
567,63017,2,2,400,trial.validspatial,1115,1
567,63017,2,1,NaN,trial.nocue,1193,1
567,63017,1,1,400,trial.validspatial,741,1
567,63017,1,2,NaN,trial.nocue,1221,1
567,63017,1,2,0,trial.validspatial,952,1
567,63017,1,2,800,trial.validspatial,774,1
567,63017,1,1,0,trial.validspatial,732,1
567,63017,1,1,400,trial.validspatial,1035,1
567,63017,1,1,0,trial.validspatial,1377,1
567,63017,1,2,0,trial.invalid,1428,0
567,63017,1,2,800,trial.validspatial,703,1
567,63017,1,2,400,trial.validspatial,629,1
567,63017,1,2,400,trial.doublecue,761,1
567,63017,2,2,400,trial.validspatial,868,1
567,63017,2,1,400,trial.doublecue,672,1
567,63017,2,1,0,trial.validspatial,772,1
567,63017,2,1,400,trial.validspatial,591,1
567,63017,1,2,800,trial.validspatial,814,1
567,63017,1,1,800,trial.invalid,688,1
567,63017,2,1,400,trial.validspatial,1168,1
567,63017,2,1,800,trial.validspatial,668,1
567,63017,2,2,0,trial.validspatial,820,1
567,63017,1,2,0,trial.validspatial,1601,1
567,63017,1,1,400,trial.validspatial,961,1
567,63017,1,1,NaN,trial.nocue,734,1
567,63017,1,2,0,trial.validspatial,714,1
567,63017,1,1,NaN,trial.nocue,939,1
567,63017,2,2,0,trial.validspatial,798,1
567,63017,2,1,800,trial.invalid,863,1
567,63017,2,2,NaN,trial.nocue,844,1
567,63017,1,2,400,trial.invalid,913,1
567,63017,2,2,0,trial.doublecue,1060,1
567,63017,1,2,NaN,trial.nocue,772,1
567,63017,1,1,400,trial.validspatial,854,1
567,63017,1,1,800,trial.validspatial,582,1
567,63017,2,1,NaN,trial.nocue,726,1
567,63017,1,1,800,trial.doublecue,803,1
567,63017,2,2,0,trial.doublecue,1036,1
567,63017,1,1,0,trial.invalid,797,1
567,63017,1,1,0,trial.invalid,1003,1
567,63017,2,1,0,trial.validspatial,528,1
567,63017,2,1,0,trial.validspatial,672,1
567,63017,1,1,400,trial.doublecue,555,1
567,63017,2,2,800,trial.validspatial,711,1
567,63017,2,2,800,trial.validspatial,705,1
567,63017,2,2,0,trial.validspatial,1087,1
567,63017,1,2,400,trial.validspatial,725,1
567,63017,2,2,800,trial.invalid,787,1
567,63017,1,2,0,trial.invalid,687,1
567,63017,2,1,400,trial.validspatial,548,1
567,63017,2,1,400,trial.validspatial,589,1
567,63017,2,1,NaN,trial.nocue,942,1
567,63017,2,2,NaN,trial.nocue,1317,1
567,63017,2,1,NaN,trial.nocue,1117,1
567,63017,1,1,800,trial.validspatial,454,1
567,63017,1,1,NaN,trial.nocue,675,1
567,63017,2,1,800,trial.doublecue,627,1
567,63017,2,2,NaN,trial.nocue,760,1
567,63017,1,2,400,trial.validspatial,798,1
567,63017,1,1,400,trial.doublecue,659,1
567,63017,2,2,400,trial.invalid,745,1
567,63017,1,1,NaN,trial.nocue,802,1
567,63017,2,1,800,trial.validspatial,491,1
567,63017,2,2,0,trial.validspatial,608,1
567,63017,2,1,800,trial.doublecue,759,1
567,63017,2,1,400,trial.validspatial,560,1
567,63017,2,2,400,trial.validspatial,536,1
567,63017,2,1,0,trial.doublecue,685,1
567,63017,2,2,400,trial.validspatial,535,1
567,63017,2,2,400,trial.invalid,798,1
567,63017,2,2,800,trial.doublecue,761,1
567,63017,1,2,400,trial.doublecue,664,1
567,63017,1,2,0,trial.validspatial,723,1
567,63017,1,2,NaN,trial.nocue,1079,1
567,63017,1,1,800,trial.invalid,522,1
567,63017,2,2,800,trial.validspatial,630,1
567,63017,2,1,800,trial.validspatial,475,1
567,63017,2,1,0,trial.validspatial,573,1
567,63017,2,2,NaN,trial.nocue,727,1
567,63017,2,2,800,trial.validspatial,746,1
567,63017,1,1,400,trial.validspatial,1700,0
567,63017,1,2,800,trial.invalid,750,1
567,63017,2,2,0,trial.validspatial,702,1
567,63017,2,2,800,trial.validspatial,710,1
567,63017,1,1,800,trial.validspatial,776,1
567,63017,2,1,NaN,trial.nocue,696,1
567,63017,1,2,NaN,trial.nocue,668,1
567,63017,1,2,800,trial.validspatial,641,1
567,63017,1,2,0,trial.validspatial,710,1
567,63017,2,2,0,trial.invalid,531,1
567,63017,1,1,NaN,trial.nocue,838,1
567,63017,2,2,800,trial.validspatial,763,1
567,63017,2,1,800,trial.validspatial,598,1
567,63017,2,1,0,trial.validspatial,515,1
567,63017,1,1,800,trial.doublecue,1412,0
567,63017,2,2,800,trial.invalid,856,1
567,63017,1,2,400,trial.validspatial,495,1
567,63017,2,1,800,trial.validspatial,582,1
567,63017,1,2,400,trial.invalid,444,1
567,63017,1,1,800,trial.validspatial,432,1
567,63017,2,2,400,trial.doublecue,721,1
567,63017,1,1,0,trial.validspatial,672,1
567,63017,2,1,NaN,trial.nocue,1418,1
567,63017,2,1,400,trial.invalid,772,1
567,63017,1,2,800,trial.invalid,840,1
567,63017,1,2,0,trial.doublecue,744,1
567,63017,1,1,400,trial.validspatial,1517,1
567,63017,1,2,400,trial.validspatial,521,1
567,63017,1,1,0,trial.doublecue,599,1
567,63017,1,1,0,trial.doublecue,678,1
567,63017,1,2,NaN,trial.nocue,841,1
567,63017,2,1,400,trial.doublecue,616,1
567,63017,2,2,400,trial.validspatial,696,1
567,63017,2,2,800,trial.doublecue,775,1
567,63017,2,2,NaN,trial.nocue,575,1
567,63017,1,2,NaN,trial.nocue,499,1
567,63017,1,2,0,trial.doublecue,663,1
567,63017,2,1,800,trial.invalid,636,1
567,63017,1,2,0,trial.validspatial,1033,1
567,63017,1,1,0,trial.validspatial,698,1
567,63017,2,1,0,trial.validspatial,748,1
567,63017,1,1,400,trial.invalid,772,1
567,63017,1,2,800,trial.doublecue,508,1
567,63017,2,2,0,trial.validspatial,671,1
567,63017,2,2,0,trial.invalid,938,1
567,63017,1,1,0,trial.validspatial,662,1
567,63017,1,1,400,trial.invalid,807,1
567,63017,2,1,800,trial.validspatial,589,1
567,63017,2,2,400,trial.doublecue,727,1
567,63017,2,1,0,trial.doublecue,588,1
567,63017,2,2,400,trial.validspatial,834,1
567,63017,1,1,NaN,trial.nocue,695,1
567,63017,2,1,0,trial.invalid,651,1
567,63017,1,2,800,trial.validspatial,756,1
567,63017,1,2,800,trial.doublecue,769,1
567,63017,2,1,400,trial.validspatial,590,1
567,63017,1,1,800,trial.validspatial,1133,1
567,63017,1,2,800,trial.validspatial,704,1
567,63017,1,1,0,trial.validspatial,650,1
567,63017,1,2,400,trial.validspatial,829,1
567,63017,2,1,400,trial.invalid,665,1
567,63017,2,1,0,trial.invalid,660,1
567,63017,2,2,NaN,trial.nocue,812,1
567,63017,1,1,800,trial.validspatial,776,1
567,63017,2,2,400,trial.validspatial,672,1
567,63017,2,1,NaN,trial.nocue,774,1
567,63017,1,1,400,trial.validspatial,917,1
567,63017,1,2,NaN,trial.nocue,799,1
567,63017,1,2,0,trial.validspatial,749,1
567,63017,1,2,800,trial.validspatial,561,1
567,63017,1,1,0,trial.validspatial,699,1
567,63017,1,1,400,trial.validspatial,825,1
