subject,date,location_congruence_val,flanker_congruence_val,cue_target_interval,cue_condition,latency,values.correct
61,110117,1,1,0,trial.validspatial,765,1
61,110117,1,2,0,trial.invalid,1311,0
61,110117,1,2,800,trial.validspatial,602,1
61,110117,1,2,400,trial.validspatial,21,1
61,110117,1,2,400,trial.doublecue,461,1
61,110117,2,2,400,trial.validspatial,450,0
61,110117,2,1,400,trial.doublecue,411,0
61,110117,2,1,0,trial.validspatial,421,0
61,110117,2,1,400,trial.validspatial,220,0
61,110117,1,2,800,trial.validspatial,242,1
61,110117,1,1,800,trial.invalid,112,0
61,110117,2,1,400,trial.validspatial,405,0
61,110117,2,1,800,trial.validspatial,312,0
61,110117,2,2,0,trial.validspatial,368,0
61,110117,1,2,0,trial.validspatial,373,1
61,110117,1,1,400,trial.validspatial,307,1
61,110117,1,1,NaN,trial.nocue,459,1
61,110117,1,2,0,trial.validspatial,387,1
61,110117,1,1,NaN,trial.nocue,324,1
61,110117,2,2,0,trial.validspatial,312,0
61,110117,2,1,800,trial.invalid,297,0
61,110117,2,2,NaN,trial.nocue,400,0
61,110117,1,2,400,trial.invalid,394,1
61,110117,2,2,0,trial.doublecue,422,0
61,110117,1,2,NaN,trial.nocue,495,1
61,110117,1,1,400,trial.validspatial,316,1
61,110117,1,1,800,trial.validspatial,353,1
61,110117,2,1,NaN,trial.nocue,415,0
61,110117,1,1,800,trial.doublecue,317,1
61,110117,2,2,0,trial.doublecue,411,0
61,110117,1,1,0,trial.invalid,412,1
61,110117,1,1,0,trial.invalid,407,1
61,110117,2,1,0,trial.validspatial,499,0
61,110117,2,1,0,trial.validspatial,397,0
61,110117,1,1,400,trial.doublecue,318,1
61,110117,2,2,800,trial.validspatial,326,0
61,110117,2,2,800,trial.validspatial,312,0
61,110117,2,2,0,trial.validspatial,608,0
61,110117,1,2,400,trial.validspatial,236,1
61,110117,2,2,800,trial.invalid,470,0
61,110117,1,2,0,trial.invalid,414,1
61,110117,2,1,400,trial.validspatial,219,0
61,110117,2,1,400,trial.validspatial,264,0
61,110117,2,1,NaN,trial.nocue,451,0
61,110117,2,2,NaN,trial.nocue,393,0
61,110117,2,1,NaN,trial.nocue,351,0
61,110117,1,1,800,trial.validspatial,270,1
61,110117,1,1,NaN,trial.nocue,315,1
61,110117,2,1,800,trial.doublecue,359,0
61,110117,2,2,NaN,trial.nocue,452,0
61,110117,1,2,400,trial.validspatial,352,1
61,110117,1,1,400,trial.doublecue,306,1
61,110117,2,2,400,trial.invalid,321,0
61,110117,1,1,NaN,trial.nocue,363,1
61,110117,2,1,800,trial.validspatial,254,0
61,110117,2,2,0,trial.validspatial,344,0
61,110117,2,1,800,trial.doublecue,342,0
61,110117,2,1,400,trial.validspatial,325,0
61,110117,2,2,400,trial.validspatial,263,0
61,110117,2,1,0,trial.doublecue,430,0
61,110117,2,2,400,trial.validspatial,299,0
61,110117,2,2,400,trial.invalid,342,0
61,110117,2,2,800,trial.doublecue,302,0
61,110117,1,2,400,trial.doublecue,361,1
61,110117,1,2,0,trial.validspatial,309,1
61,110117,1,2,NaN,trial.nocue,396,1
61,110117,1,1,800,trial.invalid,354,1
61,110117,2,2,800,trial.validspatial,272,0
61,110117,2,1,800,trial.validspatial,254,0
61,110117,2,1,0,trial.validspatial,340,0
61,110117,2,2,NaN,trial.nocue,377,0
61,110117,2,2,800,trial.validspatial,363,0
61,110117,1,1,400,trial.validspatial,250,1
61,110117,1,2,800,trial.invalid,299,1
61,110117,2,2,0,trial.validspatial,409,0
61,110117,2,2,800,trial.validspatial,309,0
61,110117,1,1,800,trial.validspatial,304,1
61,110117,2,1,NaN,trial.nocue,447,0
61,110117,1,2,NaN,trial.nocue,366,1
61,110117,1,2,800,trial.validspatial,318,0
61,110117,1,2,0,trial.validspatial,489,1
61,110117,2,2,0,trial.invalid,412,0
61,110117,1,1,NaN,trial.nocue,670,1
61,110117,2,2,800,trial.validspatial,319,0
61,110117,2,1,800,trial.validspatial,1591,0
61,110117,2,1,0,trial.validspatial,1041,0
61,110117,1,1,800,trial.doublecue,344,1
61,110117,2,2,800,trial.invalid,470,0
61,110117,1,2,400,trial.validspatial,656,1
61,110117,2,1,800,trial.validspatial,335,0
61,110117,1,2,400,trial.invalid,453,1
61,110117,1,1,800,trial.validspatial,388,1
61,110117,2,2,400,trial.doublecue,464,0
61,110117,1,1,0,trial.validspatial,1700,0
61,110117,2,1,NaN,trial.nocue,45,1
61,110117,2,1,400,trial.invalid,1700,0
61,110117,1,2,800,trial.invalid,399,0
61,110117,1,2,0,trial.doublecue,536,1
61,110117,1,1,400,trial.validspatial,296,1
61,110117,1,2,400,trial.validspatial,334,1
61,110117,1,1,0,trial.doublecue,327,1
61,110117,1,1,0,trial.doublecue,305,1
61,110117,1,2,NaN,trial.nocue,972,1
61,110117,2,1,400,trial.doublecue,393,0
61,110117,2,2,400,trial.validspatial,331,0
61,110117,2,2,800,trial.doublecue,275,0
61,110117,2,2,NaN,trial.nocue,623,0
61,110117,1,2,NaN,trial.nocue,279,1
61,110117,1,2,0,trial.doublecue,302,1
61,110117,2,1,800,trial.invalid,154,1
61,110117,1,2,0,trial.validspatial,305,1
61,110117,1,1,0,trial.validspatial,366,1
61,110117,2,1,0,trial.validspatial,291,0
61,110117,1,1,400,trial.invalid,351,1
61,110117,1,2,800,trial.doublecue,302,1
61,110117,2,2,0,trial.validspatial,313,0
61,110117,2,2,0,trial.invalid,417,0
61,110117,1,1,0,trial.validspatial,272,1
61,110117,1,1,400,trial.invalid,210,0
61,110117,2,1,800,trial.validspatial,299,0
61,110117,2,2,400,trial.doublecue,380,0
61,110117,2,1,0,trial.doublecue,519,0
61,110117,2,2,400,trial.validspatial,406,0
61,110117,1,1,NaN,trial.nocue,390,1
61,110117,2,1,0,trial.invalid,358,0
61,110117,1,2,800,trial.validspatial,259,1
61,110117,1,2,800,trial.doublecue,345,1
61,110117,2,1,400,trial.validspatial,509,0
61,110117,1,1,800,trial.validspatial,285,1
61,110117,1,2,800,trial.validspatial,256,1
61,110117,1,1,0,trial.validspatial,401,1
61,110117,1,2,400,trial.validspatial,271,1
61,110117,2,1,400,trial.invalid,781,0
61,110117,2,1,0,trial.invalid,377,0
61,110117,2,2,NaN,trial.nocue,397,0
61,110117,1,1,800,trial.validspatial,257,1
61,110117,2,2,400,trial.validspatial,296,0
61,110117,2,1,NaN,trial.nocue,336,0
61,110117,1,1,400,trial.validspatial,304,1
61,110117,1,2,NaN,trial.nocue,431,1
61,110117,1,2,0,trial.validspatial,312,1
61,110117,1,2,800,trial.validspatial,409,1
61,110117,1,1,0,trial.validspatial,400,1
61,110117,1,1,400,trial.validspatial,298,1
61,110117,1,1,0,trial.validspatial,604,1
61,110117,1,2,0,trial.invalid,399,1
61,110117,1,2,800,trial.validspatial,1700,0
61,110117,1,2,400,trial.validspatial,1700,0
61,110117,1,2,400,trial.doublecue,1700,0
61,110117,2,2,400,trial.validspatial,1700,0
61,110117,2,1,400,trial.doublecue,1700,0
61,110117,2,1,0,trial.validspatial,1700,0
61,110117,2,1,400,trial.validspatial,607,0
61,110117,1,2,800,trial.validspatial,258,1
61,110117,1,1,800,trial.invalid,387,1
61,110117,2,1,400,trial.validspatial,279,0
61,110117,2,1,800,trial.validspatial,271,0
61,110117,2,2,0,trial.validspatial,662,0
61,110117,1,2,0,trial.validspatial,288,1
61,110117,1,1,400,trial.validspatial,258,1
61,110117,1,1,NaN,trial.nocue,291,1
61,110117,1,2,0,trial.validspatial,388,1
61,110117,1,1,NaN,trial.nocue,335,1
61,110117,2,2,0,trial.validspatial,482,0
61,110117,2,1,800,trial.invalid,362,0
61,110117,2,2,NaN,trial.nocue,523,0
61,110117,1,2,400,trial.invalid,393,1
61,110117,2,2,0,trial.doublecue,391,0
61,110117,1,2,NaN,trial.nocue,359,1
61,110117,1,1,400,trial.validspatial,256,1
61,110117,1,1,800,trial.validspatial,314,1
61,110117,2,1,NaN,trial.nocue,368,0
61,110117,1,1,800,trial.doublecue,482,1
61,110117,2,2,0,trial.doublecue,434,0
61,110117,1,1,0,trial.invalid,344,1
61,110117,1,1,0,trial.invalid,337,1
61,110117,2,1,0,trial.validspatial,412,0
61,110117,2,1,0,trial.validspatial,377,0
61,110117,1,1,400,trial.doublecue,347,1
61,110117,2,2,800,trial.validspatial,273,0
61,110117,2,2,800,trial.validspatial,293,0
61,110117,2,2,0,trial.validspatial,623,0
61,110117,1,2,400,trial.validspatial,251,1
61,110117,2,2,800,trial.invalid,329,0
61,110117,1,2,0,trial.invalid,420,1
61,110117,2,1,400,trial.validspatial,344,0
61,110117,2,1,400,trial.validspatial,300,0
61,110117,2,1,NaN,trial.nocue,380,0
61,110117,2,2,NaN,trial.nocue,407,0
61,110117,2,1,NaN,trial.nocue,998,0
61,110117,1,1,800,trial.validspatial,270,1
61,110117,1,1,NaN,trial.nocue,450,1
61,110117,2,1,800,trial.doublecue,379,0
61,110117,2,2,NaN,trial.nocue,346,0
61,110117,1,2,400,trial.validspatial,315,1
61,110117,1,1,400,trial.doublecue,590,0
61,110117,2,2,400,trial.invalid,381,0
61,110117,1,1,NaN,trial.nocue,370,1
61,110117,2,1,800,trial.validspatial,2,0
61,110117,2,2,0,trial.validspatial,473,1
61,110117,2,1,800,trial.doublecue,315,0
61,110117,2,1,400,trial.validspatial,279,0
61,110117,2,2,400,trial.validspatial,276,0
61,110117,2,1,0,trial.doublecue,438,0
61,110117,2,2,400,trial.validspatial,554,0
61,110117,2,2,400,trial.invalid,389,0
61,110117,2,2,800,trial.doublecue,344,0
61,110117,1,2,400,trial.doublecue,290,1
61,110117,1,2,0,trial.validspatial,248,1
61,110117,1,2,NaN,trial.nocue,480,1
61,110117,1,1,800,trial.invalid,14,0
61,110117,2,2,800,trial.validspatial,275,0
61,110117,2,1,800,trial.validspatial,269,0
61,110117,2,1,0,trial.validspatial,666,0
61,110117,2,2,NaN,trial.nocue,354,0
61,110117,2,2,800,trial.validspatial,26,0
61,110117,1,1,400,trial.validspatial,1700,0
61,110117,1,2,800,trial.invalid,284,1
61,110117,2,2,0,trial.validspatial,380,1
61,110117,2,2,800,trial.validspatial,308,1
61,110117,1,1,800,trial.validspatial,293,1
61,110117,2,1,NaN,trial.nocue,387,1
61,110117,1,2,NaN,trial.nocue,340,0
61,110117,1,2,800,trial.validspatial,420,0
61,110117,1,2,0,trial.validspatial,366,0
61,110117,2,2,0,trial.invalid,363,0
61,110117,1,1,NaN,trial.nocue,425,1
61,110117,2,2,800,trial.validspatial,611,1
61,110117,2,1,800,trial.validspatial,642,0
61,110117,2,1,0,trial.validspatial,387,0
61,110117,1,1,800,trial.doublecue,497,0
61,110117,2,2,800,trial.invalid,555,1
61,110117,1,2,400,trial.validspatial,252,1
61,110117,2,1,800,trial.validspatial,812,1
61,110117,1,2,400,trial.invalid,343,1
61,110117,1,1,800,trial.validspatial,302,1
61,110117,2,2,400,trial.doublecue,313,0
61,110117,1,1,0,trial.validspatial,309,0
61,110117,2,1,NaN,trial.nocue,406,0
61,110117,2,1,400,trial.invalid,347,1
61,110117,1,2,800,trial.invalid,301,0
61,110117,1,2,0,trial.doublecue,328,1
61,110117,1,1,400,trial.validspatial,351,1
61,110117,1,2,400,trial.validspatial,382,1
61,110117,1,1,0,trial.doublecue,403,0
61,110117,1,1,0,trial.doublecue,251,1
61,110117,1,2,NaN,trial.nocue,467,0
61,110117,2,1,400,trial.doublecue,363,1
61,110117,2,2,400,trial.validspatial,321,1
61,110117,2,2,800,trial.doublecue,332,0
61,110117,2,2,NaN,trial.nocue,334,0
61,110117,1,2,NaN,trial.nocue,338,1
61,110117,1,2,0,trial.doublecue,349,0
61,110117,2,1,800,trial.invalid,294,0
61,110117,1,2,0,trial.validspatial,420,0
61,110117,1,1,0,trial.validspatial,340,1
61,110117,2,1,0,trial.validspatial,301,0
61,110117,1,1,400,trial.invalid,466,1
61,110117,1,2,800,trial.doublecue,89,0
61,110117,2,2,0,trial.validspatial,240,0
61,110117,2,2,0,trial.invalid,286,0
61,110117,1,1,0,trial.validspatial,306,0
61,110117,1,1,400,trial.invalid,297,0
61,110117,2,1,800,trial.validspatial,335,1
61,110117,2,2,400,trial.doublecue,734,1
61,110117,2,1,0,trial.doublecue,440,0
61,110117,2,2,400,trial.validspatial,361,0
61,110117,1,1,NaN,trial.nocue,428,1
61,110117,2,1,0,trial.invalid,288,1
61,110117,1,2,800,trial.validspatial,422,0
61,110117,1,2,800,trial.doublecue,532,1
61,110117,2,1,400,trial.validspatial,349,0
61,110117,1,1,800,trial.validspatial,381,0
61,110117,1,2,800,trial.validspatial,498,0
61,110117,1,1,0,trial.validspatial,284,0
61,110117,1,2,400,trial.validspatial,276,0
61,110117,2,1,400,trial.invalid,365,0
61,110117,2,1,0,trial.invalid,266,0
61,110117,2,2,NaN,trial.nocue,845,0
61,110117,1,1,800,trial.validspatial,279,0
61,110117,2,2,400,trial.validspatial,276,1
61,110117,2,1,NaN,trial.nocue,343,1
61,110117,1,1,400,trial.validspatial,328,1
61,110117,1,2,NaN,trial.nocue,328,1
61,110117,1,2,0,trial.validspatial,263,0
61,110117,1,2,800,trial.validspatial,292,0
61,110117,1,1,0,trial.validspatial,523,0
61,110117,1,1,400,trial.validspatial,351,0
