subject,date,location_congruence_val,flanker_congruence_val,cue_target_interval,cue_condition,latency,values.correct
390,63017,1,1,0,trial.validspatial,808,1
390,63017,1,2,0,trial.invalid,892,1
390,63017,1,2,800,trial.validspatial,1254,1
390,63017,1,2,400,trial.validspatial,1271,1
390,63017,1,2,400,trial.doublecue,1213,1
390,63017,2,2,400,trial.validspatial,1041,1
390,63017,2,1,400,trial.doublecue,1034,1
390,63017,2,1,0,trial.validspatial,1462,0
390,63017,2,1,400,trial.validspatial,849,0
390,63017,1,2,800,trial.validspatial,1579,0
390,63017,1,1,800,trial.invalid,1700,0
390,63017,2,1,400,trial.validspatial,1108,0
390,63017,2,1,800,trial.validspatial,839,0
390,63017,2,2,0,trial.validspatial,1242,0
390,63017,1,2,0,trial.validspatial,904,0
390,63017,1,1,400,trial.validspatial,890,0
390,63017,1,1,NaN,trial.nocue,792,0
390,63017,1,2,0,trial.validspatial,1700,0
390,63017,1,1,NaN,trial.nocue,1459,0
390,63017,2,2,0,trial.validspatial,1610,1
390,63017,2,1,800,trial.invalid,1700,0
390,63017,2,2,NaN,trial.nocue,307,1
390,63017,1,2,400,trial.invalid,1290,1
390,63017,2,2,0,trial.doublecue,1425,1
390,63017,1,2,NaN,trial.nocue,1634,1
390,63017,1,1,400,trial.validspatial,1043,1
390,63017,1,1,800,trial.validspatial,1078,1
390,63017,2,1,NaN,trial.nocue,956,1
390,63017,1,1,800,trial.doublecue,962,1
390,63017,2,2,0,trial.doublecue,1700,0
390,63017,1,1,0,trial.invalid,919,1
390,63017,1,1,0,trial.invalid,891,1
390,63017,2,1,0,trial.validspatial,1106,1
390,63017,2,1,0,trial.validspatial,1700,0
390,63017,1,1,400,trial.doublecue,734,1
390,63017,2,2,800,trial.validspatial,1250,1
390,63017,2,2,800,trial.validspatial,964,1
390,63017,2,2,0,trial.validspatial,1006,1
390,63017,1,2,400,trial.validspatial,947,1
390,63017,2,2,800,trial.invalid,1155,1
390,63017,1,2,0,trial.invalid,1115,1
390,63017,2,1,400,trial.validspatial,1198,1
390,63017,2,1,400,trial.validspatial,616,1
390,63017,2,1,NaN,trial.nocue,907,1
390,63017,2,2,NaN,trial.nocue,1295,0
390,63017,2,1,NaN,trial.nocue,1700,0
390,63017,1,1,800,trial.validspatial,693,1
390,63017,1,1,NaN,trial.nocue,984,1
390,63017,2,1,800,trial.doublecue,924,1
390,63017,2,2,NaN,trial.nocue,884,1
390,63017,1,2,400,trial.validspatial,842,1
390,63017,1,1,400,trial.doublecue,782,1
390,63017,2,2,400,trial.invalid,1139,1
390,63017,1,1,NaN,trial.nocue,834,1
390,63017,2,1,800,trial.validspatial,896,1
390,63017,2,2,0,trial.validspatial,1167,1
390,63017,2,1,800,trial.doublecue,1005,1
390,63017,2,1,400,trial.validspatial,819,1
390,63017,2,2,400,trial.validspatial,1059,1
390,63017,2,1,0,trial.doublecue,1107,1
390,63017,2,2,400,trial.validspatial,932,1
390,63017,2,2,400,trial.invalid,1028,1
390,63017,2,2,800,trial.doublecue,838,1
390,63017,1,2,400,trial.doublecue,890,1
390,63017,1,2,0,trial.validspatial,899,1
390,63017,1,2,NaN,trial.nocue,837,1
390,63017,1,1,800,trial.invalid,777,1
390,63017,2,2,800,trial.validspatial,768,1
390,63017,2,1,800,trial.validspatial,728,1
390,63017,2,1,0,trial.validspatial,852,1
390,63017,2,2,NaN,trial.nocue,1153,1
390,63017,2,2,800,trial.validspatial,786,1
390,63017,1,1,400,trial.validspatial,1700,0
390,63017,1,2,800,trial.invalid,1700,0
390,63017,2,2,0,trial.validspatial,1700,0
390,63017,2,2,800,trial.validspatial,1700,0
390,63017,1,1,800,trial.validspatial,673,1
390,63017,2,1,NaN,trial.nocue,1125,1
390,63017,1,2,NaN,trial.nocue,1101,1
390,63017,1,2,800,trial.validspatial,898,1
390,63017,1,2,0,trial.validspatial,1137,1
390,63017,2,2,0,trial.invalid,1602,1
390,63017,1,1,NaN,trial.nocue,809,1
390,63017,2,2,800,trial.validspatial,1021,1
390,63017,2,1,800,trial.validspatial,830,1
390,63017,2,1,0,trial.validspatial,900,1
390,63017,1,1,800,trial.doublecue,958,1
390,63017,2,2,800,trial.invalid,884,1
390,63017,1,2,400,trial.validspatial,993,1
390,63017,2,1,800,trial.validspatial,847,1
390,63017,1,2,400,trial.invalid,1063,1
390,63017,1,1,800,trial.validspatial,1115,1
390,63017,2,2,400,trial.doublecue,938,1
390,63017,1,1,0,trial.validspatial,1082,1
390,63017,2,1,NaN,trial.nocue,790,1
390,63017,2,1,400,trial.invalid,876,1
390,63017,1,2,800,trial.invalid,1046,1
390,63017,1,2,0,trial.doublecue,1106,1
390,63017,1,1,400,trial.validspatial,945,1
390,63017,1,2,400,trial.validspatial,890,1
390,63017,1,1,0,trial.doublecue,816,1
390,63017,1,1,0,trial.doublecue,903,1
390,63017,1,2,NaN,trial.nocue,848,1
390,63017,2,1,400,trial.doublecue,1024,1
390,63017,2,2,400,trial.validspatial,869,1
390,63017,2,2,800,trial.doublecue,1198,1
390,63017,2,2,NaN,trial.nocue,1083,1
390,63017,1,2,NaN,trial.nocue,1222,1
390,63017,1,2,0,trial.doublecue,1050,1
390,63017,2,1,800,trial.invalid,1536,1
390,63017,1,2,0,trial.validspatial,1135,1
390,63017,1,1,0,trial.validspatial,810,1
390,63017,2,1,0,trial.validspatial,862,1
390,63017,1,1,400,trial.invalid,874,1
390,63017,1,2,800,trial.doublecue,1037,1
390,63017,2,2,0,trial.validspatial,1299,1
390,63017,2,2,0,trial.invalid,1061,1
390,63017,1,1,0,trial.validspatial,897,1
390,63017,1,1,400,trial.invalid,804,1
390,63017,2,1,800,trial.validspatial,839,1
390,63017,2,2,400,trial.doublecue,1131,1
390,63017,2,1,0,trial.doublecue,865,1
390,63017,2,2,400,trial.validspatial,843,1
390,63017,1,1,NaN,trial.nocue,838,1
390,63017,2,1,0,trial.invalid,915,1
390,63017,1,2,800,trial.validspatial,813,1
390,63017,1,2,800,trial.doublecue,998,1
390,63017,2,1,400,trial.validspatial,712,1
390,63017,1,1,800,trial.validspatial,711,1
390,63017,1,2,800,trial.validspatial,659,1
390,63017,1,1,0,trial.validspatial,718,1
390,63017,1,2,400,trial.validspatial,774,1
390,63017,2,1,400,trial.invalid,832,1
390,63017,2,1,0,trial.invalid,943,1
390,63017,2,2,NaN,trial.nocue,1197,1
390,63017,1,1,800,trial.validspatial,802,1
390,63017,2,2,400,trial.validspatial,926,1
390,63017,2,1,NaN,trial.nocue,896,1
390,63017,1,1,400,trial.validspatial,801,1
390,63017,1,2,NaN,trial.nocue,1110,1
390,63017,1,2,0,trial.validspatial,918,1
390,63017,1,2,800,trial.validspatial,865,1
390,63017,1,1,0,trial.validspatial,848,1
390,63017,1,1,400,trial.validspatial,707,1
390,63017,1,1,0,trial.validspatial,902,1
390,63017,1,2,0,trial.invalid,945,1
390,63017,1,2,800,trial.validspatial,794,1
390,63017,1,2,400,trial.validspatial,892,1
390,63017,1,2,400,trial.doublecue,1273,1
390,63017,2,2,400,trial.validspatial,918,1
390,63017,2,1,400,trial.doublecue,1136,1
390,63017,2,1,0,trial.validspatial,866,1
390,63017,2,1,400,trial.validspatial,517,1
390,63017,1,2,800,trial.validspatial,950,1
390,63017,1,1,800,trial.invalid,1180,1
390,63017,2,1,400,trial.validspatial,792,1
390,63017,2,1,800,trial.validspatial,939,1
390,63017,2,2,0,trial.validspatial,902,1
390,63017,1,2,0,trial.validspatial,1172,1
390,63017,1,1,400,trial.validspatial,622,1
390,63017,1,1,NaN,trial.nocue,684,1
390,63017,1,2,0,trial.validspatial,1377,0
390,63017,1,1,NaN,trial.nocue,776,1
390,63017,2,2,0,trial.validspatial,759,1
390,63017,2,1,800,trial.invalid,898,1
390,63017,2,2,NaN,trial.nocue,1272,1
390,63017,1,2,400,trial.invalid,933,1
390,63017,2,2,0,trial.doublecue,947,1
390,63017,1,2,NaN,trial.nocue,964,1
390,63017,1,1,400,trial.validspatial,597,1
390,63017,1,1,800,trial.validspatial,664,1
390,63017,2,1,NaN,trial.nocue,823,1
390,63017,1,1,800,trial.doublecue,790,1
390,63017,2,2,0,trial.doublecue,1157,1
390,63017,1,1,0,trial.invalid,802,1
390,63017,1,1,0,trial.invalid,702,1
390,63017,2,1,0,trial.validspatial,850,1
390,63017,2,1,0,trial.validspatial,667,1
390,63017,1,1,400,trial.doublecue,722,1
390,63017,2,2,800,trial.validspatial,1095,1
390,63017,2,2,800,trial.validspatial,881,1
390,63017,2,2,0,trial.validspatial,979,1
390,63017,1,2,400,trial.validspatial,832,1
390,63017,2,2,800,trial.invalid,960,1
390,63017,1,2,0,trial.invalid,977,1
390,63017,2,1,400,trial.validspatial,772,1
390,63017,2,1,400,trial.validspatial,821,1
390,63017,2,1,NaN,trial.nocue,904,1
390,63017,2,2,NaN,trial.nocue,915,1
390,63017,2,1,NaN,trial.nocue,853,1
390,63017,1,1,800,trial.validspatial,730,1
390,63017,1,1,NaN,trial.nocue,814,1
390,63017,2,1,800,trial.doublecue,778,1
390,63017,2,2,NaN,trial.nocue,1097,1
390,63017,1,2,400,trial.validspatial,927,1
390,63017,1,1,400,trial.doublecue,723,1
390,63017,2,2,400,trial.invalid,1064,1
390,63017,1,1,NaN,trial.nocue,623,1
390,63017,2,1,800,trial.validspatial,877,1
390,63017,2,2,0,trial.validspatial,844,1
390,63017,2,1,800,trial.doublecue,810,1
390,63017,2,1,400,trial.validspatial,631,1
390,63017,2,2,400,trial.validspatial,1040,1
390,63017,2,1,0,trial.doublecue,831,1
390,63017,2,2,400,trial.validspatial,808,1
390,63017,2,2,400,trial.invalid,968,1
390,63017,2,2,800,trial.doublecue,785,1
390,63017,1,2,400,trial.doublecue,1173,1
390,63017,1,2,0,trial.validspatial,902,1
390,63017,1,2,NaN,trial.nocue,864,1
390,63017,1,1,800,trial.invalid,708,1
390,63017,2,2,800,trial.validspatial,739,1
390,63017,2,1,800,trial.validspatial,547,1
390,63017,2,1,0,trial.validspatial,767,1
390,63017,2,2,NaN,trial.nocue,1091,1
390,63017,2,2,800,trial.validspatial,869,1
390,63017,1,1,400,trial.validspatial,1700,0
390,63017,1,2,800,trial.invalid,900,1
390,63017,2,2,0,trial.validspatial,1144,1
390,63017,2,2,800,trial.validspatial,897,1
390,63017,1,1,800,trial.validspatial,987,1
390,63017,2,1,NaN,trial.nocue,952,1
390,63017,1,2,NaN,trial.nocue,987,1
390,63017,1,2,800,trial.validspatial,789,1
390,63017,1,2,0,trial.validspatial,1000,1
390,63017,2,2,0,trial.invalid,739,1
390,63017,1,1,NaN,trial.nocue,819,1
390,63017,2,2,800,trial.validspatial,889,1
390,63017,2,1,800,trial.validspatial,942,1
390,63017,2,1,0,trial.validspatial,760,1
390,63017,1,1,800,trial.doublecue,947,1
390,63017,2,2,800,trial.invalid,946,1
390,63017,1,2,400,trial.validspatial,588,1
390,63017,2,1,800,trial.validspatial,987,1
390,63017,1,2,400,trial.invalid,831,1
390,63017,1,1,800,trial.validspatial,862,1
390,63017,2,2,400,trial.doublecue,854,1
390,63017,1,1,0,trial.validspatial,865,1
390,63017,2,1,NaN,trial.nocue,1462,0
390,63017,2,1,400,trial.invalid,861,1
390,63017,1,2,800,trial.invalid,852,1
390,63017,1,2,0,trial.doublecue,1108,1
390,63017,1,1,400,trial.validspatial,836,1
390,63017,1,2,400,trial.validspatial,719,1
390,63017,1,1,0,trial.doublecue,1094,1
390,63017,1,1,0,trial.doublecue,861,1
390,63017,1,2,NaN,trial.nocue,1197,1
390,63017,2,1,400,trial.doublecue,866,1
390,63017,2,2,400,trial.validspatial,766,1
390,63017,2,2,800,trial.doublecue,852,1
390,63017,2,2,NaN,trial.nocue,1006,1
390,63017,1,2,NaN,trial.nocue,704,1
390,63017,1,2,0,trial.doublecue,933,1
390,63017,2,1,800,trial.invalid,927,1
390,63017,1,2,0,trial.validspatial,993,1
390,63017,1,1,0,trial.validspatial,838,1
390,63017,2,1,0,trial.validspatial,885,1
390,63017,1,1,400,trial.invalid,949,1
390,63017,1,2,800,trial.doublecue,848,1
390,63017,2,2,0,trial.validspatial,802,1
390,63017,2,2,0,trial.invalid,997,1
390,63017,1,1,0,trial.validspatial,833,1
390,63017,1,1,400,trial.invalid,825,1
390,63017,2,1,800,trial.validspatial,550,1
390,63017,2,2,400,trial.doublecue,625,1
390,63017,2,1,0,trial.doublecue,773,1
390,63017,2,2,400,trial.validspatial,1053,1
390,63017,1,1,NaN,trial.nocue,1083,1
390,63017,2,1,0,trial.invalid,637,1
390,63017,1,2,800,trial.validspatial,922,1
390,63017,1,2,800,trial.doublecue,778,1
390,63017,2,1,400,trial.validspatial,872,1
390,63017,1,1,800,trial.validspatial,1022,1
390,63017,1,2,800,trial.validspatial,892,1
390,63017,1,1,0,trial.validspatial,515,1
390,63017,1,2,400,trial.validspatial,859,1
390,63017,2,1,400,trial.invalid,818,1
390,63017,2,1,0,trial.invalid,820,1
390,63017,2,2,NaN,trial.nocue,1019,1
390,63017,1,1,800,trial.validspatial,836,1
390,63017,2,2,400,trial.validspatial,760,1
390,63017,2,1,NaN,trial.nocue,833,1
390,63017,1,1,400,trial.validspatial,891,1
390,63017,1,2,NaN,trial.nocue,782,1
390,63017,1,2,0,trial.validspatial,806,1
390,63017,1,2,800,trial.validspatial,654,1
390,63017,1,1,0,trial.validspatial,1282,1
390,63017,1,1,400,trial.validspatial,991,1
