subject,date,location_congruence_val,flanker_congruence_val,cue_target_interval,cue_condition,latency,values.correct
440,80817,1,1,0,trial.validspatial,536,1
440,80817,1,2,0,trial.invalid,101,1
440,80817,1,2,800,trial.validspatial,11,1
440,80817,1,2,400,trial.validspatial,1549,1
440,80817,1,2,400,trial.doublecue,239,0
440,80817,2,2,400,trial.validspatial,445,0
440,80817,2,1,400,trial.doublecue,380,0
440,80817,2,1,0,trial.validspatial,515,0
440,80817,2,1,400,trial.validspatial,527,0
440,80817,1,2,800,trial.validspatial,304,1
440,80817,1,1,800,trial.invalid,583,1
440,80817,2,1,400,trial.validspatial,553,0
440,80817,2,1,800,trial.validspatial,298,0
440,80817,2,2,0,trial.validspatial,506,0
440,80817,1,2,0,trial.validspatial,542,1
440,80817,1,1,400,trial.validspatial,730,1
440,80817,1,1,NaN,trial.nocue,696,1
440,80817,1,2,0,trial.validspatial,1036,1
440,80817,1,1,NaN,trial.nocue,530,1
440,80817,2,2,0,trial.validspatial,1008,0
440,80817,2,1,800,trial.invalid,571,0
440,80817,2,2,NaN,trial.nocue,1409,0
440,80817,1,2,400,trial.invalid,77,0
440,80817,2,2,0,trial.doublecue,469,0
440,80817,1,2,NaN,trial.nocue,695,1
440,80817,1,1,400,trial.validspatial,445,1
440,80817,1,1,800,trial.validspatial,521,1
440,80817,2,1,NaN,trial.nocue,541,1
440,80817,1,1,800,trial.doublecue,382,1
440,80817,2,2,0,trial.doublecue,477,0
440,80817,1,1,0,trial.invalid,430,1
440,80817,1,1,0,trial.invalid,625,1
440,80817,2,1,0,trial.validspatial,980,1
440,80817,2,1,0,trial.validspatial,558,1
440,80817,1,1,400,trial.doublecue,459,1
440,80817,2,2,800,trial.validspatial,285,0
440,80817,2,2,800,trial.validspatial,493,0
440,80817,2,2,0,trial.validspatial,774,0
440,80817,1,2,400,trial.validspatial,687,1
440,80817,2,2,800,trial.invalid,503,0
440,80817,1,2,0,trial.invalid,484,1
440,80817,2,1,400,trial.validspatial,697,0
440,80817,2,1,400,trial.validspatial,605,1
440,80817,2,1,NaN,trial.nocue,466,0
440,80817,2,2,NaN,trial.nocue,977,0
440,80817,2,1,NaN,trial.nocue,584,1
440,80817,1,1,800,trial.validspatial,543,1
440,80817,1,1,NaN,trial.nocue,407,1
440,80817,2,1,800,trial.doublecue,612,1
440,80817,2,2,NaN,trial.nocue,693,0
440,80817,1,2,400,trial.validspatial,572,0
440,80817,1,1,400,trial.doublecue,442,1
440,80817,2,2,400,trial.invalid,472,0
440,80817,1,1,NaN,trial.nocue,494,1
440,80817,2,1,800,trial.validspatial,455,0
440,80817,2,2,0,trial.validspatial,378,0
440,80817,2,1,800,trial.doublecue,516,1
440,80817,2,1,400,trial.validspatial,726,1
440,80817,2,2,400,trial.validspatial,571,0
440,80817,2,1,0,trial.doublecue,653,1
440,80817,2,2,400,trial.validspatial,983,1
440,80817,2,2,400,trial.invalid,1512,1
440,80817,2,2,800,trial.doublecue,554,0
440,80817,1,2,400,trial.doublecue,871,1
440,80817,1,2,0,trial.validspatial,623,1
440,80817,1,2,NaN,trial.nocue,447,1
440,80817,1,1,800,trial.invalid,313,1
440,80817,2,2,800,trial.validspatial,381,0
440,80817,2,1,800,trial.validspatial,359,1
440,80817,2,1,0,trial.validspatial,626,0
440,80817,2,2,NaN,trial.nocue,667,0
440,80817,2,2,800,trial.validspatial,384,0
440,80817,1,1,400,trial.validspatial,82,1
440,80817,1,2,800,trial.invalid,151,1
440,80817,2,2,0,trial.validspatial,514,0
440,80817,2,2,800,trial.validspatial,437,1
440,80817,1,1,800,trial.validspatial,496,1
440,80817,2,1,NaN,trial.nocue,540,0
440,80817,1,2,NaN,trial.nocue,387,0
440,80817,1,2,800,trial.validspatial,693,1
440,80817,1,2,0,trial.validspatial,572,1
440,80817,2,2,0,trial.invalid,666,0
440,80817,1,1,NaN,trial.nocue,584,1
440,80817,2,2,800,trial.validspatial,395,0
440,80817,2,1,800,trial.validspatial,431,0
440,80817,2,1,0,trial.validspatial,403,0
440,80817,1,1,800,trial.doublecue,413,1
440,80817,2,2,800,trial.invalid,627,0
440,80817,1,2,400,trial.validspatial,430,1
440,80817,2,1,800,trial.validspatial,487,0
440,80817,1,2,400,trial.invalid,520,1
440,80817,1,1,800,trial.validspatial,849,1
440,80817,2,2,400,trial.doublecue,438,0
440,80817,1,1,0,trial.validspatial,726,0
440,80817,2,1,NaN,trial.nocue,771,0
440,80817,2,1,400,trial.invalid,446,0
440,80817,1,2,800,trial.invalid,452,1
440,80817,1,2,0,trial.doublecue,555,1
440,80817,1,1,400,trial.validspatial,447,1
440,80817,1,2,400,trial.validspatial,120,1
440,80817,1,1,0,trial.doublecue,444,1
440,80817,1,1,0,trial.doublecue,665,1
440,80817,1,2,NaN,trial.nocue,551,1
440,80817,2,1,400,trial.doublecue,510,0
440,80817,2,2,400,trial.validspatial,444,0
440,80817,2,2,800,trial.doublecue,497,0
440,80817,2,2,NaN,trial.nocue,460,0
440,80817,1,2,NaN,trial.nocue,503,1
440,80817,1,2,0,trial.doublecue,738,1
440,80817,2,1,800,trial.invalid,437,0
440,80817,1,2,0,trial.validspatial,400,1
440,80817,1,1,0,trial.validspatial,578,1
440,80817,2,1,0,trial.validspatial,540,0
440,80817,1,1,400,trial.invalid,525,1
440,80817,1,2,800,trial.doublecue,455,1
440,80817,2,2,0,trial.validspatial,568,0
440,80817,2,2,0,trial.invalid,748,0
440,80817,1,1,0,trial.validspatial,400,1
440,80817,1,1,400,trial.invalid,453,1
440,80817,2,1,800,trial.validspatial,324,0
440,80817,2,2,400,trial.doublecue,385,0
440,80817,2,1,0,trial.doublecue,426,0
440,80817,2,2,400,trial.validspatial,516,0
440,80817,1,1,NaN,trial.nocue,555,1
440,80817,2,1,0,trial.invalid,422,0
440,80817,1,2,800,trial.validspatial,308,0
440,80817,1,2,800,trial.doublecue,364,1
440,80817,2,1,400,trial.validspatial,429,0
440,80817,1,1,800,trial.validspatial,540,1
440,80817,1,2,800,trial.validspatial,558,1
440,80817,1,1,0,trial.validspatial,210,1
440,80817,1,2,400,trial.validspatial,364,0
440,80817,2,1,400,trial.invalid,426,0
440,80817,2,1,0,trial.invalid,576,0
440,80817,2,2,NaN,trial.nocue,397,0
440,80817,1,1,800,trial.validspatial,671,1
440,80817,2,2,400,trial.validspatial,338,0
440,80817,2,1,NaN,trial.nocue,470,0
440,80817,1,1,400,trial.validspatial,356,1
440,80817,1,2,NaN,trial.nocue,467,1
440,80817,1,2,0,trial.validspatial,405,1
440,80817,1,2,800,trial.validspatial,506,1
440,80817,1,1,0,trial.validspatial,636,1
440,80817,1,1,400,trial.validspatial,441,1
440,80817,1,1,0,trial.validspatial,505,1
440,80817,1,2,0,trial.invalid,614,1
440,80817,1,2,800,trial.validspatial,279,1
440,80817,1,2,400,trial.validspatial,586,0
440,80817,1,2,400,trial.doublecue,444,1
440,80817,2,2,400,trial.validspatial,714,0
440,80817,2,1,400,trial.doublecue,455,0
440,80817,2,1,0,trial.validspatial,496,0
440,80817,2,1,400,trial.validspatial,1700,0
440,80817,1,2,800,trial.validspatial,417,1
440,80817,1,1,800,trial.invalid,455,1
440,80817,2,1,400,trial.validspatial,475,0
440,80817,2,1,800,trial.validspatial,523,0
440,80817,2,2,0,trial.validspatial,539,0
440,80817,1,2,0,trial.validspatial,623,1
440,80817,1,1,400,trial.validspatial,623,1
440,80817,1,1,NaN,trial.nocue,444,0
440,80817,1,2,0,trial.validspatial,450,1
440,80817,1,1,NaN,trial.nocue,444,1
440,80817,2,2,0,trial.validspatial,429,0
440,80817,2,1,800,trial.invalid,428,0
440,80817,2,2,NaN,trial.nocue,450,0
440,80817,1,2,400,trial.invalid,450,1
440,80817,2,2,0,trial.doublecue,538,0
440,80817,1,2,NaN,trial.nocue,497,1
440,80817,1,1,400,trial.validspatial,407,1
440,80817,1,1,800,trial.validspatial,371,1
440,80817,2,1,NaN,trial.nocue,424,0
440,80817,1,1,800,trial.doublecue,474,1
440,80817,2,2,0,trial.doublecue,761,0
440,80817,1,1,0,trial.invalid,438,1
440,80817,1,1,0,trial.invalid,474,1
440,80817,2,1,0,trial.validspatial,664,1
440,80817,2,1,0,trial.validspatial,701,1
440,80817,1,1,400,trial.doublecue,623,1
440,80817,2,2,800,trial.validspatial,400,0
440,80817,2,2,800,trial.validspatial,704,0
440,80817,2,2,0,trial.validspatial,874,0
440,80817,1,2,400,trial.validspatial,642,1
440,80817,2,2,800,trial.invalid,649,0
440,80817,1,2,0,trial.invalid,662,1
440,80817,2,1,400,trial.validspatial,580,1
440,80817,2,1,400,trial.validspatial,711,1
440,80817,2,1,NaN,trial.nocue,702,0
440,80817,2,2,NaN,trial.nocue,581,0
440,80817,2,1,NaN,trial.nocue,957,1
440,80817,1,1,800,trial.validspatial,1164,1
440,80817,1,1,NaN,trial.nocue,484,1
440,80817,2,1,800,trial.doublecue,655,1
440,80817,2,2,NaN,trial.nocue,498,0
440,80817,1,2,400,trial.validspatial,536,1
440,80817,1,1,400,trial.doublecue,582,1
440,80817,2,2,400,trial.invalid,452,0
440,80817,1,1,NaN,trial.nocue,522,1
440,80817,2,1,800,trial.validspatial,595,1
440,80817,2,2,0,trial.validspatial,564,0
440,80817,2,1,800,trial.doublecue,594,1
440,80817,2,1,400,trial.validspatial,500,1
440,80817,2,2,400,trial.validspatial,1700,0
440,80817,2,1,0,trial.doublecue,683,1
440,80817,2,2,400,trial.validspatial,1700,0
440,80817,2,2,400,trial.invalid,727,0
440,80817,2,2,800,trial.doublecue,1593,1
440,80817,1,2,400,trial.doublecue,582,0
440,80817,1,2,0,trial.validspatial,1700,0
440,80817,1,2,NaN,trial.nocue,580,1
440,80817,1,1,800,trial.invalid,273,0
440,80817,2,2,800,trial.validspatial,1366,1
440,80817,2,1,800,trial.validspatial,638,1
440,80817,2,1,0,trial.validspatial,921,1
440,80817,2,2,NaN,trial.nocue,551,0
440,80817,2,2,800,trial.validspatial,619,0
440,80817,1,1,400,trial.validspatial,1700,0
440,80817,1,2,800,trial.invalid,719,1
440,80817,2,2,0,trial.validspatial,1700,0
440,80817,2,2,800,trial.validspatial,623,0
440,80817,1,1,800,trial.validspatial,1520,0
440,80817,2,1,NaN,trial.nocue,914,0
440,80817,1,2,NaN,trial.nocue,526,0
440,80817,1,2,800,trial.validspatial,875,0
440,80817,1,2,0,trial.validspatial,514,0
440,80817,2,2,0,trial.invalid,466,0
440,80817,1,1,NaN,trial.nocue,501,1
440,80817,2,2,800,trial.validspatial,778,0
440,80817,2,1,800,trial.validspatial,604,0
440,80817,2,1,0,trial.validspatial,396,0
440,80817,1,1,800,trial.doublecue,653,0
440,80817,2,2,800,trial.invalid,790,1
440,80817,1,2,400,trial.validspatial,700,0
440,80817,2,1,800,trial.validspatial,474,1
440,80817,1,2,400,trial.invalid,478,1
440,80817,1,1,800,trial.validspatial,408,1
440,80817,2,2,400,trial.doublecue,489,0
440,80817,1,1,0,trial.validspatial,472,0
440,80817,2,1,NaN,trial.nocue,686,0
440,80817,2,1,400,trial.invalid,534,1
440,80817,1,2,800,trial.invalid,781,1
440,80817,1,2,0,trial.doublecue,494,0
440,80817,1,1,400,trial.validspatial,422,1
440,80817,1,2,400,trial.validspatial,353,1
440,80817,1,1,0,trial.doublecue,550,0
440,80817,1,1,0,trial.doublecue,536,1
440,80817,1,2,NaN,trial.nocue,726,0
440,80817,2,1,400,trial.doublecue,753,1
440,80817,2,2,400,trial.validspatial,511,1
440,80817,2,2,800,trial.doublecue,622,1
440,80817,2,2,NaN,trial.nocue,1024,1
440,80817,1,2,NaN,trial.nocue,775,1
440,80817,1,2,0,trial.doublecue,632,0
440,80817,2,1,800,trial.invalid,502,0
440,80817,1,2,0,trial.validspatial,543,0
440,80817,1,1,0,trial.validspatial,685,0
440,80817,2,1,0,trial.validspatial,645,1
440,80817,1,1,400,trial.invalid,338,1
440,80817,1,2,800,trial.doublecue,424,0
440,80817,2,2,0,trial.validspatial,510,0
440,80817,2,2,0,trial.invalid,596,0
440,80817,1,1,0,trial.validspatial,436,0
440,80817,1,1,400,trial.invalid,384,0
440,80817,2,1,800,trial.validspatial,52,0
440,80817,2,2,400,trial.doublecue,302,1
440,80817,2,1,0,trial.doublecue,347,0
440,80817,2,2,400,trial.validspatial,334,0
440,80817,1,1,NaN,trial.nocue,118,1
440,80817,2,1,0,trial.invalid,486,0
440,80817,1,2,800,trial.validspatial,562,1
440,80817,1,2,800,trial.doublecue,359,1
440,80817,2,1,400,trial.validspatial,370,0
440,80817,1,1,800,trial.validspatial,1268,1
440,80817,1,2,800,trial.validspatial,843,0
440,80817,1,1,0,trial.validspatial,493,0
440,80817,1,2,400,trial.validspatial,529,0
440,80817,2,1,400,trial.invalid,532,0
440,80817,2,1,0,trial.invalid,456,0
440,80817,2,2,NaN,trial.nocue,491,0
440,80817,1,1,800,trial.validspatial,573,0
440,80817,2,2,400,trial.validspatial,489,0
440,80817,2,1,NaN,trial.nocue,720,1
440,80817,1,1,400,trial.validspatial,709,1
440,80817,1,2,NaN,trial.nocue,392,1
440,80817,1,2,0,trial.validspatial,460,0
440,80817,1,2,800,trial.validspatial,453,0
440,80817,1,1,0,trial.validspatial,369,0
440,80817,1,1,400,trial.validspatial,403,0
