subject,date,location_congruence_val,flanker_congruence_val,cue_target_interval,cue_condition,latency,values.correct
277,61317,1,1,0,trial.validspatial,1700,0
277,61317,1,2,0,trial.invalid,1700,0
277,61317,1,2,800,trial.validspatial,1215,1
277,61317,1,2,400,trial.validspatial,863,1
277,61317,1,2,400,trial.doublecue,1122,1
277,61317,2,2,400,trial.validspatial,828,1
277,61317,2,1,400,trial.doublecue,866,1
277,61317,2,1,0,trial.validspatial,563,1
277,61317,2,1,400,trial.validspatial,499,1
277,61317,1,2,800,trial.validspatial,643,1
277,61317,1,1,800,trial.invalid,991,1
277,61317,2,1,400,trial.validspatial,799,1
277,61317,2,1,800,trial.validspatial,778,1
277,61317,2,2,0,trial.validspatial,914,1
277,61317,1,2,0,trial.validspatial,870,1
277,61317,1,1,400,trial.validspatial,726,1
277,61317,1,1,NaN,trial.nocue,771,1
277,61317,1,2,0,trial.validspatial,716,1
277,61317,1,1,NaN,trial.nocue,834,1
277,61317,2,2,0,trial.validspatial,775,1
277,61317,2,1,800,trial.invalid,737,1
277,61317,2,2,NaN,trial.nocue,740,1
277,61317,1,2,400,trial.invalid,839,1
277,61317,2,2,0,trial.doublecue,788,1
277,61317,1,2,NaN,trial.nocue,747,1
277,61317,1,1,400,trial.validspatial,501,1
277,61317,1,1,800,trial.validspatial,594,1
277,61317,2,1,NaN,trial.nocue,718,1
277,61317,1,1,800,trial.doublecue,547,1
277,61317,2,2,0,trial.doublecue,855,1
277,61317,1,1,0,trial.invalid,723,1
277,61317,1,1,0,trial.invalid,620,1
277,61317,2,1,0,trial.validspatial,555,1
277,61317,2,1,0,trial.validspatial,430,1
277,61317,1,1,400,trial.doublecue,564,1
277,61317,2,2,800,trial.validspatial,528,1
277,61317,2,2,800,trial.validspatial,568,1
277,61317,2,2,0,trial.validspatial,712,1
277,61317,1,2,400,trial.validspatial,434,0
277,61317,2,2,800,trial.invalid,719,1
277,61317,1,2,0,trial.invalid,862,1
277,61317,2,1,400,trial.validspatial,579,1
277,61317,2,1,400,trial.validspatial,500,1
277,61317,2,1,NaN,trial.nocue,690,1
277,61317,2,2,NaN,trial.nocue,847,1
277,61317,2,1,NaN,trial.nocue,638,1
277,61317,1,1,800,trial.validspatial,459,1
277,61317,1,1,NaN,trial.nocue,582,1
277,61317,2,1,800,trial.doublecue,608,1
277,61317,2,2,NaN,trial.nocue,550,0
277,61317,1,2,400,trial.validspatial,610,1
277,61317,1,1,400,trial.doublecue,699,1
277,61317,2,2,400,trial.invalid,773,1
277,61317,1,1,NaN,trial.nocue,666,1
277,61317,2,1,800,trial.validspatial,500,1
277,61317,2,2,0,trial.validspatial,636,1
277,61317,2,1,800,trial.doublecue,531,1
277,61317,2,1,400,trial.validspatial,437,1
277,61317,2,2,400,trial.validspatial,750,1
277,61317,2,1,0,trial.doublecue,580,1
277,61317,2,2,400,trial.validspatial,574,1
277,61317,2,2,400,trial.invalid,835,1
277,61317,2,2,800,trial.doublecue,562,1
277,61317,1,2,400,trial.doublecue,699,1
277,61317,1,2,0,trial.validspatial,807,1
277,61317,1,2,NaN,trial.nocue,730,1
277,61317,1,1,800,trial.invalid,451,1
277,61317,2,2,800,trial.validspatial,510,1
277,61317,2,1,800,trial.validspatial,413,1
277,61317,2,1,0,trial.validspatial,593,1
277,61317,2,2,NaN,trial.nocue,740,1
277,61317,2,2,800,trial.validspatial,567,1
277,61317,1,1,400,trial.validspatial,499,1
277,61317,1,2,800,trial.invalid,724,1
277,61317,2,2,0,trial.validspatial,735,1
277,61317,2,2,800,trial.validspatial,500,1
277,61317,1,1,800,trial.validspatial,500,1
277,61317,2,1,NaN,trial.nocue,547,1
277,61317,1,2,NaN,trial.nocue,724,1
277,61317,1,2,800,trial.validspatial,651,1
277,61317,1,2,0,trial.validspatial,729,1
277,61317,2,2,0,trial.invalid,719,1
277,61317,1,1,NaN,trial.nocue,789,1
277,61317,2,2,800,trial.validspatial,534,1
277,61317,2,1,800,trial.validspatial,500,1
277,61317,2,1,0,trial.validspatial,551,1
277,61317,1,1,800,trial.doublecue,630,1
277,61317,2,2,800,trial.invalid,813,1
277,61317,1,2,400,trial.validspatial,631,1
277,61317,2,1,800,trial.validspatial,500,1
277,61317,1,2,400,trial.invalid,968,1
277,61317,1,1,800,trial.validspatial,554,1
277,61317,2,2,400,trial.doublecue,735,1
277,61317,1,1,0,trial.validspatial,644,1
277,61317,2,1,NaN,trial.nocue,675,1
277,61317,2,1,400,trial.invalid,767,1
277,61317,1,2,800,trial.invalid,774,1
277,61317,1,2,0,trial.doublecue,874,1
277,61317,1,1,400,trial.validspatial,501,1
277,61317,1,2,400,trial.validspatial,633,1
277,61317,1,1,0,trial.doublecue,625,1
277,61317,1,1,0,trial.doublecue,530,1
277,61317,1,2,NaN,trial.nocue,754,1
277,61317,2,1,400,trial.doublecue,648,1
277,61317,2,2,400,trial.validspatial,506,1
277,61317,2,2,800,trial.doublecue,690,1
277,61317,2,2,NaN,trial.nocue,573,1
277,61317,1,2,NaN,trial.nocue,706,1
277,61317,1,2,0,trial.doublecue,597,1
277,61317,2,1,800,trial.invalid,687,1
277,61317,1,2,0,trial.validspatial,755,1
277,61317,1,1,0,trial.validspatial,573,1
277,61317,2,1,0,trial.validspatial,499,1
277,61317,1,1,400,trial.invalid,705,1
277,61317,1,2,800,trial.doublecue,553,1
277,61317,2,2,0,trial.validspatial,710,1
277,61317,2,2,0,trial.invalid,757,1
277,61317,1,1,0,trial.validspatial,648,1
277,61317,1,1,400,trial.invalid,669,1
277,61317,2,1,800,trial.validspatial,558,1
277,61317,2,2,400,trial.doublecue,809,1
277,61317,2,1,0,trial.doublecue,763,1
277,61317,2,2,400,trial.validspatial,650,1
277,61317,1,1,NaN,trial.nocue,713,1
277,61317,2,1,0,trial.invalid,756,1
277,61317,1,2,800,trial.validspatial,765,1
277,61317,1,2,800,trial.doublecue,788,1
277,61317,2,1,400,trial.validspatial,500,1
277,61317,1,1,800,trial.validspatial,500,1
277,61317,1,2,800,trial.validspatial,584,1
277,61317,1,1,0,trial.validspatial,706,1
277,61317,1,2,400,trial.validspatial,865,1
277,61317,2,1,400,trial.invalid,712,1
277,61317,2,1,0,trial.invalid,658,1
277,61317,2,2,NaN,trial.nocue,758,1
277,61317,1,1,800,trial.validspatial,502,1
277,61317,2,2,400,trial.validspatial,546,1
277,61317,2,1,NaN,trial.nocue,841,1
277,61317,1,1,400,trial.validspatial,525,1
277,61317,1,2,NaN,trial.nocue,778,1
277,61317,1,2,0,trial.validspatial,703,1
277,61317,1,2,800,trial.validspatial,584,1
277,61317,1,1,0,trial.validspatial,572,1
277,61317,1,1,400,trial.validspatial,439,1
277,61317,1,1,0,trial.validspatial,710,1
277,61317,1,2,0,trial.invalid,557,0
277,61317,1,2,800,trial.validspatial,744,1
277,61317,1,2,400,trial.validspatial,623,1
277,61317,1,2,400,trial.doublecue,460,1
277,61317,2,2,400,trial.validspatial,637,1
277,61317,2,1,400,trial.doublecue,573,1
277,61317,2,1,0,trial.validspatial,670,1
277,61317,2,1,400,trial.validspatial,515,1
277,61317,1,2,800,trial.validspatial,586,1
277,61317,1,1,800,trial.invalid,703,1
277,61317,2,1,400,trial.validspatial,550,1
277,61317,2,1,800,trial.validspatial,458,1
277,61317,2,2,0,trial.validspatial,743,1
277,61317,1,2,0,trial.validspatial,725,1
277,61317,1,1,400,trial.validspatial,500,1
277,61317,1,1,NaN,trial.nocue,500,1
277,61317,1,2,0,trial.validspatial,529,1
277,61317,1,1,NaN,trial.nocue,577,1
277,61317,2,2,0,trial.validspatial,728,1
277,61317,2,1,800,trial.invalid,578,1
277,61317,2,2,NaN,trial.nocue,901,1
277,61317,1,2,400,trial.invalid,864,1
277,61317,2,2,0,trial.doublecue,901,1
277,61317,1,2,NaN,trial.nocue,643,1
277,61317,1,1,400,trial.validspatial,554,1
277,61317,1,1,800,trial.validspatial,502,1
277,61317,2,1,NaN,trial.nocue,611,1
277,61317,1,1,800,trial.doublecue,588,1
277,61317,2,2,0,trial.doublecue,601,0
277,61317,1,1,0,trial.invalid,615,1
277,61317,1,1,0,trial.invalid,597,1
277,61317,2,1,0,trial.validspatial,597,1
277,61317,2,1,0,trial.validspatial,499,1
277,61317,1,1,400,trial.doublecue,575,1
277,61317,2,2,800,trial.validspatial,539,1
277,61317,2,2,800,trial.validspatial,531,1
277,61317,2,2,0,trial.validspatial,698,1
277,61317,1,2,400,trial.validspatial,507,1
277,61317,2,2,800,trial.invalid,749,1
277,61317,1,2,0,trial.invalid,549,0
277,61317,2,1,400,trial.validspatial,502,1
277,61317,2,1,400,trial.validspatial,507,1
277,61317,2,1,NaN,trial.nocue,574,1
277,61317,2,2,NaN,trial.nocue,561,1
277,61317,2,1,NaN,trial.nocue,657,1
277,61317,1,1,800,trial.validspatial,455,1
277,61317,1,1,NaN,trial.nocue,563,1
277,61317,2,1,800,trial.doublecue,532,1
277,61317,2,2,NaN,trial.nocue,688,1
277,61317,1,2,400,trial.validspatial,749,1
277,61317,1,1,400,trial.doublecue,499,1
277,61317,2,2,400,trial.invalid,768,1
277,61317,1,1,NaN,trial.nocue,500,1
277,61317,2,1,800,trial.validspatial,504,1
277,61317,2,2,0,trial.validspatial,620,1
277,61317,2,1,800,trial.doublecue,652,1
277,61317,2,1,400,trial.validspatial,448,1
277,61317,2,2,400,trial.validspatial,598,1
277,61317,2,1,0,trial.doublecue,507,1
277,61317,2,2,400,trial.validspatial,550,1
277,61317,2,2,400,trial.invalid,751,1
277,61317,2,2,800,trial.doublecue,510,1
277,61317,1,2,400,trial.doublecue,644,1
277,61317,1,2,0,trial.validspatial,726,1
277,61317,1,2,NaN,trial.nocue,806,1
277,61317,1,1,800,trial.invalid,660,1
277,61317,2,2,800,trial.validspatial,667,1
277,61317,2,1,800,trial.validspatial,500,1
277,61317,2,1,0,trial.validspatial,596,1
277,61317,2,2,NaN,trial.nocue,609,1
277,61317,2,2,800,trial.validspatial,513,1
277,61317,1,1,400,trial.validspatial,1700,0
277,61317,1,2,800,trial.invalid,586,1
277,61317,2,2,0,trial.validspatial,565,0
277,61317,2,2,800,trial.validspatial,511,1
277,61317,1,1,800,trial.validspatial,757,1
277,61317,2,1,NaN,trial.nocue,823,1
277,61317,1,2,NaN,trial.nocue,556,1
277,61317,1,2,800,trial.validspatial,592,1
277,61317,1,2,0,trial.validspatial,507,1
277,61317,2,2,0,trial.invalid,497,1
277,61317,1,1,NaN,trial.nocue,611,1
277,61317,2,2,800,trial.validspatial,598,1
277,61317,2,1,800,trial.validspatial,497,1
277,61317,2,1,0,trial.validspatial,433,1
277,61317,1,1,800,trial.doublecue,722,1
277,61317,2,2,800,trial.invalid,694,1
277,61317,1,2,400,trial.validspatial,500,1
277,61317,2,1,800,trial.validspatial,562,1
277,61317,1,2,400,trial.invalid,612,1
277,61317,1,1,800,trial.validspatial,604,1
277,61317,2,2,400,trial.doublecue,642,1
277,61317,1,1,0,trial.validspatial,649,1
277,61317,2,1,NaN,trial.nocue,701,1
277,61317,2,1,400,trial.invalid,624,0
277,61317,1,2,800,trial.invalid,741,1
277,61317,1,2,0,trial.doublecue,627,1
277,61317,1,1,400,trial.validspatial,499,1
277,61317,1,2,400,trial.validspatial,500,1
277,61317,1,1,0,trial.doublecue,591,1
277,61317,1,1,0,trial.doublecue,556,1
277,61317,1,2,NaN,trial.nocue,505,0
277,61317,2,1,400,trial.doublecue,634,1
277,61317,2,2,400,trial.validspatial,500,1
277,61317,2,2,800,trial.doublecue,702,1
277,61317,2,2,NaN,trial.nocue,519,1
277,61317,1,2,NaN,trial.nocue,621,1
277,61317,1,2,0,trial.doublecue,616,1
277,61317,2,1,800,trial.invalid,608,1
277,61317,1,2,0,trial.validspatial,800,1
277,61317,1,1,0,trial.validspatial,570,1
277,61317,2,1,0,trial.validspatial,712,1
277,61317,1,1,400,trial.invalid,773,1
277,61317,1,2,800,trial.doublecue,500,1
277,61317,2,2,0,trial.validspatial,446,1
277,61317,2,2,0,trial.invalid,448,1
277,61317,1,1,0,trial.validspatial,776,1
277,61317,1,1,400,trial.invalid,512,1
277,61317,2,1,800,trial.validspatial,450,1
277,61317,2,2,400,trial.doublecue,619,1
277,61317,2,1,0,trial.doublecue,503,1
277,61317,2,2,400,trial.validspatial,818,1
277,61317,1,1,NaN,trial.nocue,551,1
277,61317,2,1,0,trial.invalid,591,1
277,61317,1,2,800,trial.validspatial,570,0
277,61317,1,2,800,trial.doublecue,503,1
277,61317,2,1,400,trial.validspatial,499,1
277,61317,1,1,800,trial.validspatial,527,1
277,61317,1,2,800,trial.validspatial,500,1
277,61317,1,1,0,trial.validspatial,501,1
277,61317,1,2,400,trial.validspatial,524,1
277,61317,2,1,400,trial.invalid,498,1
277,61317,2,1,0,trial.invalid,565,1
277,61317,2,2,NaN,trial.nocue,693,1
277,61317,1,1,800,trial.validspatial,542,1
277,61317,2,2,400,trial.validspatial,536,1
277,61317,2,1,NaN,trial.nocue,639,1
277,61317,1,1,400,trial.validspatial,667,1
277,61317,1,2,NaN,trial.nocue,706,1
277,61317,1,2,0,trial.validspatial,500,1
277,61317,1,2,800,trial.validspatial,445,1
277,61317,1,1,0,trial.validspatial,501,1
277,61317,1,1,400,trial.validspatial,449,0
