subject,date,location_congruence_val,flanker_congruence_val,cue_target_interval,cue_condition,latency,values.correct
10,21217,1,1,0,trial.validspatial,559,1
10,21217,1,2,0,trial.invalid,761,1
10,21217,1,2,800,trial.validspatial,505,1
10,21217,1,2,400,trial.validspatial,597,1
10,21217,1,2,400,trial.doublecue,470,0
10,21217,2,2,400,trial.validspatial,580,1
10,21217,2,1,400,trial.doublecue,442,1
10,21217,2,1,0,trial.validspatial,405,1
10,21217,2,1,400,trial.validspatial,254,1
10,21217,1,2,800,trial.validspatial,451,1
10,21217,1,1,800,trial.invalid,501,1
10,21217,2,1,400,trial.validspatial,458,1
10,21217,2,1,800,trial.validspatial,341,1
10,21217,2,2,0,trial.validspatial,552,1
10,21217,1,2,0,trial.validspatial,537,1
10,21217,1,1,400,trial.validspatial,350,1
10,21217,1,1,NaN,trial.nocue,391,1
10,21217,1,2,0,trial.validspatial,420,0
10,21217,1,1,NaN,trial.nocue,458,1
10,21217,2,2,0,trial.validspatial,340,0
10,21217,2,1,800,trial.invalid,587,0
10,21217,2,2,NaN,trial.nocue,838,1
10,21217,1,2,400,trial.invalid,582,1
10,21217,2,2,0,trial.doublecue,1700,0
10,21217,1,2,NaN,trial.nocue,383,0
10,21217,1,1,400,trial.validspatial,266,1
10,21217,1,1,800,trial.validspatial,292,1
10,21217,2,1,NaN,trial.nocue,402,1
10,21217,1,1,800,trial.doublecue,341,1
10,21217,2,2,0,trial.doublecue,371,0
10,21217,1,1,0,trial.invalid,490,1
10,21217,1,1,0,trial.invalid,369,1
10,21217,2,1,0,trial.validspatial,413,1
10,21217,2,1,0,trial.validspatial,342,1
10,21217,1,1,400,trial.doublecue,356,1
10,21217,2,2,800,trial.validspatial,2,1
10,21217,2,2,800,trial.validspatial,49,1
10,21217,2,2,0,trial.validspatial,72,1
10,21217,1,2,400,trial.validspatial,3,0
10,21217,2,2,800,trial.invalid,137,0
10,21217,1,2,0,trial.invalid,66,1
10,21217,2,1,400,trial.validspatial,76,1
10,21217,2,1,400,trial.validspatial,626,0
10,21217,2,1,NaN,trial.nocue,55,0
10,21217,2,2,NaN,trial.nocue,38,1
10,21217,2,1,NaN,trial.nocue,18,0
10,21217,1,1,800,trial.validspatial,41,0
10,21217,1,1,NaN,trial.nocue,32,0
10,21217,2,1,800,trial.doublecue,173,1
10,21217,2,2,NaN,trial.nocue,1700,0
10,21217,1,2,400,trial.validspatial,1700,0
10,21217,1,1,400,trial.doublecue,1700,0
10,21217,2,2,400,trial.invalid,1700,0
10,21217,1,1,NaN,trial.nocue,1700,0
10,21217,2,1,800,trial.validspatial,1700,0
10,21217,2,2,0,trial.validspatial,1700,0
10,21217,2,1,800,trial.doublecue,1700,0
10,21217,2,1,400,trial.validspatial,1700,0
10,21217,2,2,400,trial.validspatial,1700,0
10,21217,2,1,0,trial.doublecue,1700,0
10,21217,2,2,400,trial.validspatial,1700,0
10,21217,2,2,400,trial.invalid,1700,0
10,21217,2,2,800,trial.doublecue,1700,0
10,21217,1,2,400,trial.doublecue,1700,0
10,21217,1,2,0,trial.validspatial,1700,0
10,21217,1,2,NaN,trial.nocue,1700,0
10,21217,1,1,800,trial.invalid,1700,0
10,21217,2,2,800,trial.validspatial,1700,0
10,21217,2,1,800,trial.validspatial,1700,0
10,21217,2,1,0,trial.validspatial,1700,0
10,21217,2,2,NaN,trial.nocue,1700,0
10,21217,2,2,800,trial.validspatial,1700,0
10,21217,1,1,400,trial.validspatial,1700,0
10,21217,1,2,800,trial.invalid,1700,0
10,21217,2,2,0,trial.validspatial,1700,0
10,21217,2,2,800,trial.validspatial,1700,0
10,21217,1,1,800,trial.validspatial,1700,0
10,21217,2,1,NaN,trial.nocue,1700,0
10,21217,1,2,NaN,trial.nocue,1700,0
10,21217,1,2,800,trial.validspatial,1700,0
10,21217,1,2,0,trial.validspatial,1700,0
10,21217,2,2,0,trial.invalid,1700,0
10,21217,1,1,NaN,trial.nocue,1700,0
10,21217,2,2,800,trial.validspatial,1700,0
10,21217,2,1,800,trial.validspatial,1700,0
10,21217,2,1,0,trial.validspatial,1700,0
10,21217,1,1,800,trial.doublecue,1700,0
10,21217,2,2,800,trial.invalid,1700,0
10,21217,1,2,400,trial.validspatial,1700,0
10,21217,2,1,800,trial.validspatial,1700,0
10,21217,1,2,400,trial.invalid,1700,0
10,21217,1,1,800,trial.validspatial,1700,0
10,21217,2,2,400,trial.doublecue,1700,0
10,21217,1,1,0,trial.validspatial,1700,0
10,21217,2,1,NaN,trial.nocue,1700,0
10,21217,2,1,400,trial.invalid,1700,0
10,21217,1,2,800,trial.invalid,1700,0
10,21217,1,2,0,trial.doublecue,1700,0
10,21217,1,1,400,trial.validspatial,1700,0
10,21217,1,2,400,trial.validspatial,1700,0
10,21217,1,1,0,trial.doublecue,1700,0
10,21217,1,1,0,trial.doublecue,1700,0
10,21217,1,2,NaN,trial.nocue,1700,0
10,21217,2,1,400,trial.doublecue,1700,0
10,21217,2,2,400,trial.validspatial,1700,0
10,21217,2,2,800,trial.doublecue,1700,0
10,21217,2,2,NaN,trial.nocue,1700,0
10,21217,1,2,NaN,trial.nocue,1700,0
10,21217,1,2,0,trial.doublecue,1700,0
10,21217,2,1,800,trial.invalid,1700,0
10,21217,1,2,0,trial.validspatial,1700,0
10,21217,1,1,0,trial.validspatial,1700,0
10,21217,2,1,0,trial.validspatial,1700,0
10,21217,1,1,400,trial.invalid,1700,0
10,21217,1,2,800,trial.doublecue,1700,0
10,21217,2,2,0,trial.validspatial,1700,0
10,21217,2,2,0,trial.invalid,1700,0
10,21217,1,1,0,trial.validspatial,1700,0
10,21217,1,1,400,trial.invalid,1700,0
10,21217,2,1,800,trial.validspatial,1700,0
10,21217,2,2,400,trial.doublecue,1700,0
10,21217,2,1,0,trial.doublecue,1700,0
10,21217,2,2,400,trial.validspatial,1700,0
10,21217,1,1,NaN,trial.nocue,1700,0
10,21217,2,1,0,trial.invalid,1700,0
10,21217,1,2,800,trial.validspatial,1700,0
10,21217,1,2,800,trial.doublecue,1700,0
10,21217,2,1,400,trial.validspatial,1700,0
10,21217,1,1,800,trial.validspatial,1700,0
10,21217,1,2,800,trial.validspatial,1700,0
10,21217,1,1,0,trial.validspatial,1700,0
10,21217,1,2,400,trial.validspatial,1700,0
10,21217,2,1,400,trial.invalid,1700,0
10,21217,2,1,0,trial.invalid,1700,0
10,21217,2,2,NaN,trial.nocue,1700,0
10,21217,1,1,800,trial.validspatial,1700,0
10,21217,2,2,400,trial.validspatial,1700,0
10,21217,2,1,NaN,trial.nocue,1700,0
10,21217,1,1,400,trial.validspatial,1700,0
10,21217,1,2,NaN,trial.nocue,1700,0
10,21217,1,2,0,trial.validspatial,1700,0
10,21217,1,2,800,trial.validspatial,1700,0
10,21217,1,1,0,trial.validspatial,1700,0
10,21217,1,1,400,trial.validspatial,1700,0
10,21217,1,1,0,trial.validspatial,1700,0
10,21217,1,2,0,trial.invalid,1700,0
10,21217,1,2,800,trial.validspatial,1700,0
10,21217,1,2,400,trial.validspatial,1700,0
10,21217,1,2,400,trial.doublecue,1700,0
10,21217,2,2,400,trial.validspatial,1700,0
10,21217,2,1,400,trial.doublecue,1700,0
10,21217,2,1,0,trial.validspatial,1700,0
10,21217,2,1,400,trial.validspatial,1700,0
10,21217,1,2,800,trial.validspatial,1700,0
10,21217,1,1,800,trial.invalid,1700,0
10,21217,2,1,400,trial.validspatial,1700,0
10,21217,2,1,800,trial.validspatial,1700,0
10,21217,2,2,0,trial.validspatial,1700,0
10,21217,1,2,0,trial.validspatial,1700,0
10,21217,1,1,400,trial.validspatial,1700,0
10,21217,1,1,NaN,trial.nocue,1700,0
10,21217,1,2,0,trial.validspatial,1700,0
10,21217,1,1,NaN,trial.nocue,1700,0
10,21217,2,2,0,trial.validspatial,1700,0
10,21217,2,1,800,trial.invalid,1700,0
10,21217,2,2,NaN,trial.nocue,1700,0
10,21217,1,2,400,trial.invalid,1700,0
10,21217,2,2,0,trial.doublecue,1700,0
10,21217,1,2,NaN,trial.nocue,1700,0
10,21217,1,1,400,trial.validspatial,1700,0
10,21217,1,1,800,trial.validspatial,1700,0
10,21217,2,1,NaN,trial.nocue,1700,0
10,21217,1,1,800,trial.doublecue,1700,0
10,21217,2,2,0,trial.doublecue,1700,0
10,21217,1,1,0,trial.invalid,1700,0
10,21217,1,1,0,trial.invalid,1700,0
10,21217,2,1,0,trial.validspatial,1700,0
10,21217,2,1,0,trial.validspatial,1700,0
10,21217,1,1,400,trial.doublecue,1700,0
10,21217,2,2,800,trial.validspatial,1700,0
10,21217,2,2,800,trial.validspatial,1700,0
10,21217,2,2,0,trial.validspatial,1700,0
10,21217,1,2,400,trial.validspatial,1700,0
10,21217,2,2,800,trial.invalid,1700,0
10,21217,1,2,0,trial.invalid,1700,0
10,21217,2,1,400,trial.validspatial,1700,0
10,21217,2,1,400,trial.validspatial,1700,0
10,21217,2,1,NaN,trial.nocue,1700,0
10,21217,2,2,NaN,trial.nocue,1700,0
10,21217,2,1,NaN,trial.nocue,1700,0
10,21217,1,1,800,trial.validspatial,1700,0
10,21217,1,1,NaN,trial.nocue,1700,0
10,21217,2,1,800,trial.doublecue,1700,0
10,21217,2,2,NaN,trial.nocue,1700,0
10,21217,1,2,400,trial.validspatial,1700,0
10,21217,1,1,400,trial.doublecue,1700,0
10,21217,2,2,400,trial.invalid,1700,0
10,21217,1,1,NaN,trial.nocue,1700,0
10,21217,2,1,800,trial.validspatial,1700,0
10,21217,2,2,0,trial.validspatial,1700,0
10,21217,2,1,800,trial.doublecue,1700,0
10,21217,2,1,400,trial.validspatial,1700,0
10,21217,2,2,400,trial.validspatial,1700,0
10,21217,2,1,0,trial.doublecue,1700,0
10,21217,2,2,400,trial.validspatial,1700,0
10,21217,2,2,400,trial.invalid,1700,0
10,21217,2,2,800,trial.doublecue,1700,0
10,21217,1,2,400,trial.doublecue,1700,0
10,21217,1,2,0,trial.validspatial,1700,0
10,21217,1,2,NaN,trial.nocue,1700,0
10,21217,1,1,800,trial.invalid,1700,0
10,21217,2,2,800,trial.validspatial,1700,0
10,21217,2,1,800,trial.validspatial,1700,0
10,21217,2,1,0,trial.validspatial,1700,0
10,21217,2,2,NaN,trial.nocue,1700,0
10,21217,2,2,800,trial.validspatial,1700,0
10,21217,1,1,400,trial.validspatial,1700,0
10,21217,1,2,800,trial.invalid,1700,0
10,21217,2,2,0,trial.validspatial,1700,0
10,21217,2,2,800,trial.validspatial,1700,0
10,21217,1,1,800,trial.validspatial,1700,0
10,21217,2,1,NaN,trial.nocue,1700,0
10,21217,1,2,NaN,trial.nocue,1700,0
10,21217,1,2,800,trial.validspatial,1700,0
10,21217,1,2,0,trial.validspatial,1700,0
10,21217,2,2,0,trial.invalid,1700,0
10,21217,1,1,NaN,trial.nocue,1700,0
10,21217,2,2,800,trial.validspatial,1700,0
10,21217,2,1,800,trial.validspatial,1700,0
10,21217,2,1,0,trial.validspatial,1700,0
10,21217,1,1,800,trial.doublecue,1700,0
10,21217,2,2,800,trial.invalid,1700,0
10,21217,1,2,400,trial.validspatial,1700,0
10,21217,2,1,800,trial.validspatial,1700,0
10,21217,1,2,400,trial.invalid,1700,0
10,21217,1,1,800,trial.validspatial,1700,0
10,21217,2,2,400,trial.doublecue,1700,0
10,21217,1,1,0,trial.validspatial,1700,0
10,21217,2,1,NaN,trial.nocue,1700,0
10,21217,2,1,400,trial.invalid,1700,0
10,21217,1,2,800,trial.invalid,1700,0
10,21217,1,2,0,trial.doublecue,1700,0
10,21217,1,1,400,trial.validspatial,1700,0
10,21217,1,2,400,trial.validspatial,1700,0
10,21217,1,1,0,trial.doublecue,1700,0
10,21217,1,1,0,trial.doublecue,1700,0
10,21217,1,2,NaN,trial.nocue,1700,0
10,21217,2,1,400,trial.doublecue,1700,0
10,21217,2,2,400,trial.validspatial,1700,0
10,21217,2,2,800,trial.doublecue,1700,0
10,21217,2,2,NaN,trial.nocue,1700,0
10,21217,1,2,NaN,trial.nocue,1700,0
10,21217,1,2,0,trial.doublecue,1700,0
10,21217,2,1,800,trial.invalid,1700,0
10,21217,1,2,0,trial.validspatial,1700,0
10,21217,1,1,0,trial.validspatial,1700,0
10,21217,2,1,0,trial.validspatial,1700,0
10,21217,1,1,400,trial.invalid,1700,0
10,21217,1,2,800,trial.doublecue,1700,0
10,21217,2,2,0,trial.validspatial,1700,0
10,21217,2,2,0,trial.invalid,1700,0
10,21217,1,1,0,trial.validspatial,1700,0
10,21217,1,1,400,trial.invalid,1700,0
10,21217,2,1,800,trial.validspatial,1700,0
10,21217,2,2,400,trial.doublecue,1700,0
10,21217,2,1,0,trial.doublecue,1700,0
10,21217,2,2,400,trial.validspatial,1700,0
10,21217,1,1,NaN,trial.nocue,1700,0
10,21217,2,1,0,trial.invalid,1700,0
10,21217,1,2,800,trial.validspatial,1700,0
10,21217,1,2,800,trial.doublecue,1700,0
10,21217,2,1,400,trial.validspatial,1700,0
10,21217,1,1,800,trial.validspatial,1700,0
10,21217,1,2,800,trial.validspatial,1700,0
10,21217,1,1,0,trial.validspatial,1700,0
10,21217,1,2,400,trial.validspatial,1700,0
10,21217,2,1,400,trial.invalid,1700,0
10,21217,2,1,0,trial.invalid,1700,0
10,21217,2,2,NaN,trial.nocue,1700,0
10,21217,1,1,800,trial.validspatial,1700,0
10,21217,2,2,400,trial.validspatial,1700,0
10,21217,2,1,NaN,trial.nocue,1700,0
10,21217,1,1,400,trial.validspatial,1700,0
10,21217,1,2,NaN,trial.nocue,1700,0
10,21217,1,2,0,trial.validspatial,1700,0
10,21217,1,2,800,trial.validspatial,1700,0
10,21217,1,1,0,trial.validspatial,1700,0
10,21217,1,1,400,trial.validspatial,1700,0
