subject,date,location_congruence_val,flanker_congruence_val,cue_target_interval,cue_condition,latency,values.correct
99,40117,1,1,0,trial.validspatial,1152,1
99,40117,1,2,0,trial.invalid,944,1
99,40117,1,2,800,trial.validspatial,601,1
99,40117,1,2,400,trial.validspatial,748,1
99,40117,1,2,400,trial.doublecue,844,1
99,40117,2,2,400,trial.validspatial,764,1
99,40117,2,1,400,trial.doublecue,684,1
99,40117,2,1,0,trial.validspatial,819,1
99,40117,2,1,400,trial.validspatial,534,1
99,40117,1,2,800,trial.validspatial,699,1
99,40117,1,1,800,trial.invalid,637,1
99,40117,2,1,400,trial.validspatial,511,1
99,40117,2,1,800,trial.validspatial,526,1
99,40117,2,2,0,trial.validspatial,741,1
99,40117,1,2,0,trial.validspatial,681,1
99,40117,1,1,400,trial.validspatial,398,1
99,40117,1,1,NaN,trial.nocue,570,1
99,40117,1,2,0,trial.validspatial,650,1
99,40117,1,1,NaN,trial.nocue,700,1
99,40117,2,2,0,trial.validspatial,749,1
99,40117,2,1,800,trial.invalid,641,1
99,40117,2,2,NaN,trial.nocue,780,1
99,40117,1,2,400,trial.invalid,830,0
99,40117,2,2,0,trial.doublecue,709,1
99,40117,1,2,NaN,trial.nocue,688,1
99,40117,1,1,400,trial.validspatial,1311,1
99,40117,1,1,800,trial.validspatial,679,1
99,40117,2,1,NaN,trial.nocue,544,1
99,40117,1,1,800,trial.doublecue,462,1
99,40117,2,2,0,trial.doublecue,876,1
99,40117,1,1,0,trial.invalid,554,1
99,40117,1,1,0,trial.invalid,797,1
99,40117,2,1,0,trial.validspatial,546,1
99,40117,2,1,0,trial.validspatial,663,1
99,40117,1,1,400,trial.doublecue,629,1
99,40117,2,2,800,trial.validspatial,647,1
99,40117,2,2,800,trial.validspatial,527,1
99,40117,2,2,0,trial.validspatial,663,1
99,40117,1,2,400,trial.validspatial,1149,0
99,40117,2,2,800,trial.invalid,567,1
99,40117,1,2,0,trial.invalid,722,1
99,40117,2,1,400,trial.validspatial,523,1
99,40117,2,1,400,trial.validspatial,457,1
99,40117,2,1,NaN,trial.nocue,593,1
99,40117,2,2,NaN,trial.nocue,771,1
99,40117,2,1,NaN,trial.nocue,511,1
99,40117,1,1,800,trial.validspatial,538,1
99,40117,1,1,NaN,trial.nocue,667,1
99,40117,2,1,800,trial.doublecue,516,1
99,40117,2,2,NaN,trial.nocue,566,1
99,40117,1,2,400,trial.validspatial,562,1
99,40117,1,1,400,trial.doublecue,620,1
99,40117,2,2,400,trial.invalid,730,1
99,40117,1,1,NaN,trial.nocue,640,1
99,40117,2,1,800,trial.validspatial,582,1
99,40117,2,2,0,trial.validspatial,873,1
99,40117,2,1,800,trial.doublecue,581,1
99,40117,2,1,400,trial.validspatial,525,1
99,40117,2,2,400,trial.validspatial,549,1
99,40117,2,1,0,trial.doublecue,1044,1
99,40117,2,2,400,trial.validspatial,572,1
99,40117,2,2,400,trial.invalid,793,1
99,40117,2,2,800,trial.doublecue,400,0
99,40117,1,2,400,trial.doublecue,805,1
99,40117,1,2,0,trial.validspatial,746,1
99,40117,1,2,NaN,trial.nocue,729,1
99,40117,1,1,800,trial.invalid,575,1
99,40117,2,2,800,trial.validspatial,534,1
99,40117,2,1,800,trial.validspatial,540,1
99,40117,2,1,0,trial.validspatial,637,1
99,40117,2,2,NaN,trial.nocue,688,1
99,40117,2,2,800,trial.validspatial,678,1
99,40117,1,1,400,trial.validspatial,690,1
99,40117,1,2,800,trial.invalid,811,1
99,40117,2,2,0,trial.validspatial,697,1
99,40117,2,2,800,trial.validspatial,609,1
99,40117,1,1,800,trial.validspatial,638,1
99,40117,2,1,NaN,trial.nocue,726,1
99,40117,1,2,NaN,trial.nocue,844,1
99,40117,1,2,800,trial.validspatial,523,1
99,40117,1,2,0,trial.validspatial,911,1
99,40117,2,2,0,trial.invalid,924,1
99,40117,1,1,NaN,trial.nocue,745,1
99,40117,2,2,800,trial.validspatial,485,1
99,40117,2,1,800,trial.validspatial,467,1
99,40117,2,1,0,trial.validspatial,529,1
99,40117,1,1,800,trial.doublecue,595,1
99,40117,2,2,800,trial.invalid,736,1
99,40117,1,2,400,trial.validspatial,585,1
99,40117,2,1,800,trial.validspatial,609,1
99,40117,1,2,400,trial.invalid,707,1
99,40117,1,1,800,trial.validspatial,501,1
99,40117,2,2,400,trial.doublecue,637,1
99,40117,1,1,0,trial.validspatial,839,1
99,40117,2,1,NaN,trial.nocue,935,1
99,40117,2,1,400,trial.invalid,657,1
99,40117,1,2,800,trial.invalid,809,1
99,40117,1,2,0,trial.doublecue,1464,1
99,40117,1,1,400,trial.validspatial,593,1
99,40117,1,2,400,trial.validspatial,520,1
99,40117,1,1,0,trial.doublecue,577,1
99,40117,1,1,0,trial.doublecue,582,1
99,40117,1,2,NaN,trial.nocue,560,1
99,40117,2,1,400,trial.doublecue,657,1
99,40117,2,2,400,trial.validspatial,623,1
99,40117,2,2,800,trial.doublecue,726,1
99,40117,2,2,NaN,trial.nocue,705,1
99,40117,1,2,NaN,trial.nocue,891,1
99,40117,1,2,0,trial.doublecue,1180,1
99,40117,2,1,800,trial.invalid,701,1
99,40117,1,2,0,trial.validspatial,697,1
99,40117,1,1,0,trial.validspatial,490,1
99,40117,2,1,0,trial.validspatial,709,1
99,40117,1,1,400,trial.invalid,733,1
99,40117,1,2,800,trial.doublecue,565,1
99,40117,2,2,0,trial.validspatial,983,1
99,40117,2,2,0,trial.invalid,630,1
99,40117,1,1,0,trial.validspatial,868,1
99,40117,1,1,400,trial.invalid,699,1
99,40117,2,1,800,trial.validspatial,618,1
99,40117,2,2,400,trial.doublecue,913,1
99,40117,2,1,0,trial.doublecue,630,1
99,40117,2,2,400,trial.validspatial,605,1
99,40117,1,1,NaN,trial.nocue,747,1
99,40117,2,1,0,trial.invalid,608,1
99,40117,1,2,800,trial.validspatial,690,1
99,40117,1,2,800,trial.doublecue,791,1
99,40117,2,1,400,trial.validspatial,650,1
99,40117,1,1,800,trial.validspatial,650,1
99,40117,1,2,800,trial.validspatial,698,1
99,40117,1,1,0,trial.validspatial,623,1
99,40117,1,2,400,trial.validspatial,569,1
99,40117,2,1,400,trial.invalid,735,1
99,40117,2,1,0,trial.invalid,555,1
99,40117,2,2,NaN,trial.nocue,871,1
99,40117,1,1,800,trial.validspatial,1357,1
99,40117,2,2,400,trial.validspatial,601,1
99,40117,2,1,NaN,trial.nocue,1224,1
99,40117,1,1,400,trial.validspatial,448,1
99,40117,1,2,NaN,trial.nocue,1108,1
99,40117,1,2,0,trial.validspatial,693,1
99,40117,1,2,800,trial.validspatial,519,1
99,40117,1,1,0,trial.validspatial,543,1
99,40117,1,1,400,trial.validspatial,446,1
99,40117,1,1,0,trial.validspatial,1700,0
99,40117,1,2,0,trial.invalid,1700,0
99,40117,1,2,800,trial.validspatial,1700,0
99,40117,1,2,400,trial.validspatial,1700,0
99,40117,1,2,400,trial.doublecue,1237,1
99,40117,2,2,400,trial.validspatial,549,1
99,40117,2,1,400,trial.doublecue,1461,1
99,40117,2,1,0,trial.validspatial,1700,0
99,40117,2,1,400,trial.validspatial,909,1
99,40117,1,2,800,trial.validspatial,536,1
99,40117,1,1,800,trial.invalid,639,1
99,40117,2,1,400,trial.validspatial,453,1
99,40117,2,1,800,trial.validspatial,451,1
99,40117,2,2,0,trial.validspatial,783,1
99,40117,1,2,0,trial.validspatial,717,1
99,40117,1,1,400,trial.validspatial,449,1
99,40117,1,1,NaN,trial.nocue,507,1
99,40117,1,2,0,trial.validspatial,681,1
99,40117,1,1,NaN,trial.nocue,690,1
99,40117,2,2,0,trial.validspatial,694,1
99,40117,2,1,800,trial.invalid,796,1
99,40117,2,2,NaN,trial.nocue,843,1
99,40117,1,2,400,trial.invalid,857,1
99,40117,2,2,0,trial.doublecue,674,1
99,40117,1,2,NaN,trial.nocue,727,1
99,40117,1,1,400,trial.validspatial,512,1
99,40117,1,1,800,trial.validspatial,393,1
99,40117,2,1,NaN,trial.nocue,698,1
99,40117,1,1,800,trial.doublecue,418,1
99,40117,2,2,0,trial.doublecue,915,1
99,40117,1,1,0,trial.invalid,556,1
99,40117,1,1,0,trial.invalid,663,1
99,40117,2,1,0,trial.validspatial,562,1
99,40117,2,1,0,trial.validspatial,583,1
99,40117,1,1,400,trial.doublecue,460,1
99,40117,2,2,800,trial.validspatial,768,1
99,40117,2,2,800,trial.validspatial,518,1
99,40117,2,2,0,trial.validspatial,645,1
99,40117,1,2,400,trial.validspatial,561,1
99,40117,2,2,800,trial.invalid,559,1
99,40117,1,2,0,trial.invalid,1045,1
99,40117,2,1,400,trial.validspatial,842,1
99,40117,2,1,400,trial.validspatial,525,1
99,40117,2,1,NaN,trial.nocue,780,1
99,40117,2,2,NaN,trial.nocue,713,1
99,40117,2,1,NaN,trial.nocue,561,1
99,40117,1,1,800,trial.validspatial,571,1
99,40117,1,1,NaN,trial.nocue,480,1
99,40117,2,1,800,trial.doublecue,1303,1
99,40117,2,2,NaN,trial.nocue,560,1
99,40117,1,2,400,trial.validspatial,581,1
99,40117,1,1,400,trial.doublecue,545,1
99,40117,2,2,400,trial.invalid,600,1
99,40117,1,1,NaN,trial.nocue,559,1
99,40117,2,1,800,trial.validspatial,455,1
99,40117,2,2,0,trial.validspatial,1085,1
99,40117,2,1,800,trial.doublecue,655,1
99,40117,2,1,400,trial.validspatial,479,1
99,40117,2,2,400,trial.validspatial,748,1
99,40117,2,1,0,trial.doublecue,664,1
99,40117,2,2,400,trial.validspatial,567,1
99,40117,2,2,400,trial.invalid,794,1
99,40117,2,2,800,trial.doublecue,551,1
99,40117,1,2,400,trial.doublecue,717,1
99,40117,1,2,0,trial.validspatial,695,1
99,40117,1,2,NaN,trial.nocue,852,1
99,40117,1,1,800,trial.invalid,606,1
99,40117,2,2,800,trial.validspatial,528,1
99,40117,2,1,800,trial.validspatial,424,1
99,40117,2,1,0,trial.validspatial,732,1
99,40117,2,2,NaN,trial.nocue,939,1
99,40117,2,2,800,trial.validspatial,513,1
99,40117,1,1,400,trial.validspatial,1700,0
99,40117,1,2,800,trial.invalid,552,1
99,40117,2,2,0,trial.validspatial,1156,0
99,40117,2,2,800,trial.validspatial,475,1
99,40117,1,1,800,trial.validspatial,553,1
99,40117,2,1,NaN,trial.nocue,531,1
99,40117,1,2,NaN,trial.nocue,481,1
99,40117,1,2,800,trial.validspatial,583,1
99,40117,1,2,0,trial.validspatial,562,1
99,40117,2,2,0,trial.invalid,424,1
99,40117,1,1,NaN,trial.nocue,555,1
99,40117,2,2,800,trial.validspatial,576,1
99,40117,2,1,800,trial.validspatial,475,1
99,40117,2,1,0,trial.validspatial,403,1
99,40117,1,1,800,trial.doublecue,942,1
99,40117,2,2,800,trial.invalid,728,1
99,40117,1,2,400,trial.validspatial,366,1
99,40117,2,1,800,trial.validspatial,514,1
99,40117,1,2,400,trial.invalid,585,1
99,40117,1,1,800,trial.validspatial,446,1
99,40117,2,2,400,trial.doublecue,746,1
99,40117,1,1,0,trial.validspatial,539,1
99,40117,2,1,NaN,trial.nocue,728,1
99,40117,2,1,400,trial.invalid,852,1
99,40117,1,2,800,trial.invalid,529,1
99,40117,1,2,0,trial.doublecue,672,1
99,40117,1,1,400,trial.validspatial,486,1
99,40117,1,2,400,trial.validspatial,496,1
99,40117,1,1,0,trial.doublecue,578,1
99,40117,1,1,0,trial.doublecue,596,1
99,40117,1,2,NaN,trial.nocue,705,0
99,40117,2,1,400,trial.doublecue,788,1
99,40117,2,2,400,trial.validspatial,762,1
99,40117,2,2,800,trial.doublecue,674,1
99,40117,2,2,NaN,trial.nocue,523,1
99,40117,1,2,NaN,trial.nocue,414,1
99,40117,1,2,0,trial.doublecue,510,1
99,40117,2,1,800,trial.invalid,469,1
99,40117,1,2,0,trial.validspatial,854,1
99,40117,1,1,0,trial.validspatial,521,1
99,40117,2,1,0,trial.validspatial,688,1
99,40117,1,1,400,trial.invalid,646,0
99,40117,1,2,800,trial.doublecue,494,1
99,40117,2,2,0,trial.validspatial,442,1
99,40117,2,2,0,trial.invalid,545,1
99,40117,1,1,0,trial.validspatial,717,1
99,40117,1,1,400,trial.invalid,517,1
99,40117,2,1,800,trial.validspatial,408,1
99,40117,2,2,400,trial.doublecue,469,1
99,40117,2,1,0,trial.doublecue,453,1
99,40117,2,2,400,trial.validspatial,702,1
99,40117,1,1,NaN,trial.nocue,495,1
99,40117,2,1,0,trial.invalid,547,1
99,40117,1,2,800,trial.validspatial,726,1
99,40117,1,2,800,trial.doublecue,601,1
99,40117,2,1,400,trial.validspatial,395,1
99,40117,1,1,800,trial.validspatial,753,1
99,40117,1,2,800,trial.validspatial,621,1
99,40117,1,1,0,trial.validspatial,443,1
99,40117,1,2,400,trial.validspatial,562,1
99,40117,2,1,400,trial.invalid,600,1
99,40117,2,1,0,trial.invalid,516,1
99,40117,2,2,NaN,trial.nocue,788,1
99,40117,1,1,800,trial.validspatial,737,1
99,40117,2,2,400,trial.validspatial,573,1
99,40117,2,1,NaN,trial.nocue,756,1
99,40117,1,1,400,trial.validspatial,735,1
99,40117,1,2,NaN,trial.nocue,604,1
99,40117,1,2,0,trial.validspatial,568,1
99,40117,1,2,800,trial.validspatial,432,1
99,40117,1,1,0,trial.validspatial,586,1
99,40117,1,1,400,trial.validspatial,783,1
