subject,date,location_congruence_val,flanker_congruence_val,cue_target_interval,cue_condition,latency,values.correct
226,62917,1,1,0,trial.validspatial,1089,1
226,62917,1,2,0,trial.invalid,684,1
226,62917,1,2,800,trial.validspatial,981,0
226,62917,1,2,400,trial.validspatial,1022,1
226,62917,1,2,400,trial.doublecue,910,0
226,62917,2,2,400,trial.validspatial,667,1
226,62917,2,1,400,trial.doublecue,1255,0
226,62917,2,1,0,trial.validspatial,723,0
226,62917,2,1,400,trial.validspatial,591,0
226,62917,1,2,800,trial.validspatial,721,0
226,62917,1,1,800,trial.invalid,1064,1
226,62917,2,1,400,trial.validspatial,558,0
226,62917,2,1,800,trial.validspatial,507,0
226,62917,2,2,0,trial.validspatial,1007,1
226,62917,1,2,0,trial.validspatial,933,0
226,62917,1,1,400,trial.validspatial,533,1
226,62917,1,1,NaN,trial.nocue,973,1
226,62917,1,2,0,trial.validspatial,1515,1
226,62917,1,1,NaN,trial.nocue,938,1
226,62917,2,2,0,trial.validspatial,786,1
226,62917,2,1,800,trial.invalid,583,0
226,62917,2,2,NaN,trial.nocue,980,1
226,62917,1,2,400,trial.invalid,1395,1
226,62917,2,2,0,trial.doublecue,962,1
226,62917,1,2,NaN,trial.nocue,979,1
226,62917,1,1,400,trial.validspatial,645,1
226,62917,1,1,800,trial.validspatial,585,1
226,62917,2,1,NaN,trial.nocue,849,0
226,62917,1,1,800,trial.doublecue,570,1
226,62917,2,2,0,trial.doublecue,1003,0
226,62917,1,1,0,trial.invalid,1016,1
226,62917,1,1,0,trial.invalid,890,1
226,62917,2,1,0,trial.validspatial,1656,1
226,62917,2,1,0,trial.validspatial,1458,1
226,62917,1,1,400,trial.doublecue,1700,0
226,62917,2,2,800,trial.validspatial,1106,1
226,62917,2,2,800,trial.validspatial,1055,1
226,62917,2,2,0,trial.validspatial,906,1
226,62917,1,2,400,trial.validspatial,868,1
226,62917,2,2,800,trial.invalid,1170,1
226,62917,1,2,0,trial.invalid,1420,1
226,62917,2,1,400,trial.validspatial,680,1
226,62917,2,1,400,trial.validspatial,601,1
226,62917,2,1,NaN,trial.nocue,1083,1
226,62917,2,2,NaN,trial.nocue,1278,1
226,62917,2,1,NaN,trial.nocue,698,1
226,62917,1,1,800,trial.validspatial,1700,0
226,62917,1,1,NaN,trial.nocue,902,0
226,62917,2,1,800,trial.doublecue,1700,0
226,62917,2,2,NaN,trial.nocue,1165,1
226,62917,1,2,400,trial.validspatial,996,1
226,62917,1,1,400,trial.doublecue,1009,1
226,62917,2,2,400,trial.invalid,1351,1
226,62917,1,1,NaN,trial.nocue,1115,1
226,62917,2,1,800,trial.validspatial,979,1
226,62917,2,2,0,trial.validspatial,1103,1
226,62917,2,1,800,trial.doublecue,965,0
226,62917,2,1,400,trial.validspatial,731,0
226,62917,2,2,400,trial.validspatial,1700,0
226,62917,2,1,0,trial.doublecue,1124,0
226,62917,2,2,400,trial.validspatial,1637,1
226,62917,2,2,400,trial.invalid,1252,1
226,62917,2,2,800,trial.doublecue,1261,1
226,62917,1,2,400,trial.doublecue,954,1
226,62917,1,2,0,trial.validspatial,1243,0
226,62917,1,2,NaN,trial.nocue,1315,0
226,62917,1,1,800,trial.invalid,990,0
226,62917,2,2,800,trial.validspatial,979,1
226,62917,2,1,800,trial.validspatial,1187,0
226,62917,2,1,0,trial.validspatial,1700,0
226,62917,2,2,NaN,trial.nocue,1174,0
226,62917,2,2,800,trial.validspatial,1048,0
226,62917,1,1,400,trial.validspatial,1054,1
226,62917,1,2,800,trial.invalid,1214,1
226,62917,2,2,0,trial.validspatial,1254,1
226,62917,2,2,800,trial.validspatial,756,1
226,62917,1,1,800,trial.validspatial,653,1
226,62917,2,1,NaN,trial.nocue,1049,0
226,62917,1,2,NaN,trial.nocue,1338,0
226,62917,1,2,800,trial.validspatial,842,0
226,62917,1,2,0,trial.validspatial,1355,1
226,62917,2,2,0,trial.invalid,1623,1
226,62917,1,1,NaN,trial.nocue,933,1
226,62917,2,2,800,trial.validspatial,1150,0
226,62917,2,1,800,trial.validspatial,672,1
226,62917,2,1,0,trial.validspatial,896,1
226,62917,1,1,800,trial.doublecue,1336,1
226,62917,2,2,800,trial.invalid,1040,1
226,62917,1,2,400,trial.validspatial,1142,1
226,62917,2,1,800,trial.validspatial,1209,1
226,62917,1,2,400,trial.invalid,1139,1
226,62917,1,1,800,trial.validspatial,1079,1
226,62917,2,2,400,trial.doublecue,1133,1
226,62917,1,1,0,trial.validspatial,1158,0
226,62917,2,1,NaN,trial.nocue,1513,0
226,62917,2,1,400,trial.invalid,1265,0
226,62917,1,2,800,trial.invalid,1700,0
226,62917,1,2,0,trial.doublecue,1700,0
226,62917,1,1,400,trial.validspatial,687,1
226,62917,1,2,400,trial.validspatial,1397,1
226,62917,1,1,0,trial.doublecue,926,1
226,62917,1,1,0,trial.doublecue,918,1
226,62917,1,2,NaN,trial.nocue,1700,0
226,62917,2,1,400,trial.doublecue,1700,0
226,62917,2,2,400,trial.validspatial,726,1
226,62917,2,2,800,trial.doublecue,1700,0
226,62917,2,2,NaN,trial.nocue,1171,1
226,62917,1,2,NaN,trial.nocue,1373,1
226,62917,1,2,0,trial.doublecue,1345,1
226,62917,2,1,800,trial.invalid,1498,1
226,62917,1,2,0,trial.validspatial,1700,0
226,62917,1,1,0,trial.validspatial,1700,0
226,62917,2,1,0,trial.validspatial,1237,0
226,62917,1,1,400,trial.invalid,1161,1
226,62917,1,2,800,trial.doublecue,1259,0
226,62917,2,2,0,trial.validspatial,1700,0
226,62917,2,2,0,trial.invalid,90,1
226,62917,1,1,0,trial.validspatial,808,1
226,62917,1,1,400,trial.invalid,829,1
226,62917,2,1,800,trial.validspatial,706,1
226,62917,2,2,400,trial.doublecue,1700,0
226,62917,2,1,0,trial.doublecue,1414,1
226,62917,2,2,400,trial.validspatial,1590,0
226,62917,1,1,NaN,trial.nocue,1700,0
226,62917,2,1,0,trial.invalid,858,0
226,62917,1,2,800,trial.validspatial,1008,1
226,62917,1,2,800,trial.doublecue,1247,1
226,62917,2,1,400,trial.validspatial,777,0
226,62917,1,1,800,trial.validspatial,1237,0
226,62917,1,2,800,trial.validspatial,1154,1
226,62917,1,1,0,trial.validspatial,966,1
226,62917,1,2,400,trial.validspatial,869,0
226,62917,2,1,400,trial.invalid,990,0
226,62917,2,1,0,trial.invalid,1700,0
226,62917,2,2,NaN,trial.nocue,1017,1
226,62917,1,1,800,trial.validspatial,701,0
226,62917,2,2,400,trial.validspatial,1155,1
226,62917,2,1,NaN,trial.nocue,867,1
226,62917,1,1,400,trial.validspatial,620,1
226,62917,1,2,NaN,trial.nocue,1088,1
226,62917,1,2,0,trial.validspatial,883,1
226,62917,1,2,800,trial.validspatial,934,1
226,62917,1,1,0,trial.validspatial,648,1
226,62917,1,1,400,trial.validspatial,762,1
226,62917,1,1,0,trial.validspatial,1700,0
226,62917,1,2,0,trial.invalid,919,1
226,62917,1,2,800,trial.validspatial,1208,0
226,62917,1,2,400,trial.validspatial,1169,1
226,62917,1,2,400,trial.doublecue,1214,1
226,62917,2,2,400,trial.validspatial,907,1
226,62917,2,1,400,trial.doublecue,1152,1
226,62917,2,1,0,trial.validspatial,1700,0
226,62917,2,1,400,trial.validspatial,1424,1
226,62917,1,2,800,trial.validspatial,977,0
226,62917,1,1,800,trial.invalid,1700,0
226,62917,2,1,400,trial.validspatial,1238,1
226,62917,2,1,800,trial.validspatial,844,1
226,62917,2,2,0,trial.validspatial,993,1
226,62917,1,2,0,trial.validspatial,1097,0
226,62917,1,1,400,trial.validspatial,537,1
226,62917,1,1,NaN,trial.nocue,665,1
226,62917,1,2,0,trial.validspatial,775,0
226,62917,1,1,NaN,trial.nocue,1129,1
226,62917,2,2,0,trial.validspatial,857,1
226,62917,2,1,800,trial.invalid,1474,0
226,62917,2,2,NaN,trial.nocue,1119,0
226,62917,1,2,400,trial.invalid,1700,0
226,62917,2,2,0,trial.doublecue,1361,1
226,62917,1,2,NaN,trial.nocue,1700,0
226,62917,1,1,400,trial.validspatial,921,1
226,62917,1,1,800,trial.validspatial,1152,1
226,62917,2,1,NaN,trial.nocue,1187,1
226,62917,1,1,800,trial.doublecue,883,1
226,62917,2,2,0,trial.doublecue,1700,0
226,62917,1,1,0,trial.invalid,928,1
226,62917,1,1,0,trial.invalid,683,1
226,62917,2,1,0,trial.validspatial,861,1
226,62917,2,1,0,trial.validspatial,1056,1
226,62917,1,1,400,trial.doublecue,1700,0
226,62917,2,2,800,trial.validspatial,1650,0
226,62917,2,2,800,trial.validspatial,1614,1
226,62917,2,2,0,trial.validspatial,1408,1
226,62917,1,2,400,trial.validspatial,1075,1
226,62917,2,2,800,trial.invalid,1700,0
226,62917,1,2,0,trial.invalid,1390,1
226,62917,2,1,400,trial.validspatial,1293,1
226,62917,2,1,400,trial.validspatial,662,1
226,62917,2,1,NaN,trial.nocue,1456,1
226,62917,2,2,NaN,trial.nocue,1700,0
226,62917,2,1,NaN,trial.nocue,1002,1
226,62917,1,1,800,trial.validspatial,1013,1
226,62917,1,1,NaN,trial.nocue,963,0
226,62917,2,1,800,trial.doublecue,1085,0
226,62917,2,2,NaN,trial.nocue,1352,0
226,62917,1,2,400,trial.validspatial,1423,0
226,62917,1,1,400,trial.doublecue,923,1
226,62917,2,2,400,trial.invalid,993,0
226,62917,1,1,NaN,trial.nocue,987,1
226,62917,2,1,800,trial.validspatial,1700,0
226,62917,2,2,0,trial.validspatial,1267,1
226,62917,2,1,800,trial.doublecue,952,0
226,62917,2,1,400,trial.validspatial,937,0
226,62917,2,2,400,trial.validspatial,1420,0
226,62917,2,1,0,trial.doublecue,782,0
226,62917,2,2,400,trial.validspatial,1166,1
226,62917,2,2,400,trial.invalid,1365,1
226,62917,2,2,800,trial.doublecue,1700,0
226,62917,1,2,400,trial.doublecue,1700,0
226,62917,1,2,0,trial.validspatial,1700,0
226,62917,1,2,NaN,trial.nocue,1700,0
226,62917,1,1,800,trial.invalid,1016,1
226,62917,2,2,800,trial.validspatial,1301,1
226,62917,2,1,800,trial.validspatial,1700,0
226,62917,2,1,0,trial.validspatial,710,1
226,62917,2,2,NaN,trial.nocue,1700,0
226,62917,2,2,800,trial.validspatial,1384,1
226,62917,1,1,400,trial.validspatial,1700,0
226,62917,1,2,800,trial.invalid,883,1
226,62917,2,2,0,trial.validspatial,1599,0
226,62917,2,2,800,trial.validspatial,1700,0
226,62917,1,1,800,trial.validspatial,1700,0
226,62917,2,1,NaN,trial.nocue,1700,0
226,62917,1,2,NaN,trial.nocue,1354,0
226,62917,1,2,800,trial.validspatial,864,0
226,62917,1,2,0,trial.validspatial,884,0
226,62917,2,2,0,trial.invalid,805,0
226,62917,1,1,NaN,trial.nocue,1520,1
226,62917,2,2,800,trial.validspatial,935,1
226,62917,2,1,800,trial.validspatial,733,1
226,62917,2,1,0,trial.validspatial,947,1
226,62917,1,1,800,trial.doublecue,1160,1
226,62917,2,2,800,trial.invalid,1593,1
226,62917,1,2,400,trial.validspatial,729,1
226,62917,2,1,800,trial.validspatial,968,1
226,62917,1,2,400,trial.invalid,1700,0
226,62917,1,1,800,trial.validspatial,740,1
226,62917,2,2,400,trial.doublecue,1066,1
226,62917,1,1,0,trial.validspatial,929,0
226,62917,2,1,NaN,trial.nocue,1358,0
226,62917,2,1,400,trial.invalid,1700,0
226,62917,1,2,800,trial.invalid,1640,1
226,62917,1,2,0,trial.doublecue,1700,0
226,62917,1,1,400,trial.validspatial,1249,0
226,62917,1,2,400,trial.validspatial,830,0
226,62917,1,1,0,trial.doublecue,1700,0
226,62917,1,1,0,trial.doublecue,1026,1
226,62917,1,2,NaN,trial.nocue,1700,0
226,62917,2,1,400,trial.doublecue,656,1
226,62917,2,2,400,trial.validspatial,1630,1
226,62917,2,2,800,trial.doublecue,948,1
226,62917,2,2,NaN,trial.nocue,1646,1
226,62917,1,2,NaN,trial.nocue,990,0
226,62917,1,2,0,trial.doublecue,1401,0
226,62917,2,1,800,trial.invalid,1700,0
226,62917,1,2,0,trial.validspatial,1700,0
226,62917,1,1,0,trial.validspatial,1214,0
226,62917,2,1,0,trial.validspatial,1517,1
226,62917,1,1,400,trial.invalid,1695,1
226,62917,1,2,800,trial.doublecue,1700,0
226,62917,2,2,0,trial.validspatial,885,1
226,62917,2,2,0,trial.invalid,1031,0
226,62917,1,1,0,trial.validspatial,1540,0
226,62917,1,1,400,trial.invalid,1700,0
226,62917,2,1,800,trial.validspatial,1700,0
226,62917,2,2,400,trial.doublecue,1700,0
226,62917,2,1,0,trial.doublecue,1064,1
226,62917,2,2,400,trial.validspatial,1700,0
226,62917,1,1,NaN,trial.nocue,858,1
226,62917,2,1,0,trial.invalid,868,1
226,62917,1,2,800,trial.validspatial,1700,0
226,62917,1,2,800,trial.doublecue,694,1
226,62917,2,1,400,trial.validspatial,758,1
226,62917,1,1,800,trial.validspatial,1700,0
226,62917,1,2,800,trial.validspatial,767,0
226,62917,1,1,0,trial.validspatial,961,0
226,62917,1,2,400,trial.validspatial,1274,0
226,62917,2,1,400,trial.invalid,884,0
226,62917,2,1,0,trial.invalid,1700,0
226,62917,2,2,NaN,trial.nocue,1700,0
226,62917,1,1,800,trial.validspatial,1629,1
226,62917,2,2,400,trial.validspatial,1201,1
226,62917,2,1,NaN,trial.nocue,1700,0
226,62917,1,1,400,trial.validspatial,1700,0
226,62917,1,2,NaN,trial.nocue,1139,0
226,62917,1,2,0,trial.validspatial,1700,0
226,62917,1,2,800,trial.validspatial,1438,1
226,62917,1,1,0,trial.validspatial,1476,1
226,62917,1,1,400,trial.validspatial,1700,0
