subject,date,location_congruence_val,flanker_congruence_val,cue_target_interval,cue_condition,latency,values.correct
252,112417,1,1,0,trial.validspatial,1700,0
252,112417,1,2,0,trial.invalid,1700,0
252,112417,1,2,800,trial.validspatial,1700,0
252,112417,1,2,400,trial.validspatial,1700,0
252,112417,1,2,400,trial.doublecue,1700,0
252,112417,2,2,400,trial.validspatial,1700,0
252,112417,2,1,400,trial.doublecue,1700,0
252,112417,2,1,0,trial.validspatial,1700,0
252,112417,2,1,400,trial.validspatial,1700,0
252,112417,1,2,800,trial.validspatial,1700,0
252,112417,1,1,800,trial.invalid,1700,0
252,112417,2,1,400,trial.validspatial,1700,0
252,112417,2,1,800,trial.validspatial,1700,0
252,112417,2,2,0,trial.validspatial,1700,0
252,112417,1,2,0,trial.validspatial,1572,1
252,112417,1,1,400,trial.validspatial,760,1
252,112417,1,1,NaN,trial.nocue,619,1
252,112417,1,2,0,trial.validspatial,812,1
252,112417,1,1,NaN,trial.nocue,1026,1
252,112417,2,2,0,trial.validspatial,762,1
252,112417,2,1,800,trial.invalid,779,1
252,112417,2,2,NaN,trial.nocue,808,1
252,112417,1,2,400,trial.invalid,1033,1
252,112417,2,2,0,trial.doublecue,700,1
252,112417,1,2,NaN,trial.nocue,765,1
252,112417,1,1,400,trial.validspatial,421,1
252,112417,1,1,800,trial.validspatial,479,1
252,112417,2,1,NaN,trial.nocue,613,1
252,112417,1,1,800,trial.doublecue,1088,1
252,112417,2,2,0,trial.doublecue,871,0
252,112417,1,1,0,trial.invalid,587,1
252,112417,1,1,0,trial.invalid,641,1
252,112417,2,1,0,trial.validspatial,475,1
252,112417,2,1,0,trial.validspatial,428,1
252,112417,1,1,400,trial.doublecue,417,1
252,112417,2,2,800,trial.validspatial,507,1
252,112417,2,2,800,trial.validspatial,337,0
252,112417,2,2,0,trial.validspatial,576,1
252,112417,1,2,400,trial.validspatial,884,1
252,112417,2,2,800,trial.invalid,851,1
252,112417,1,2,0,trial.invalid,726,0
252,112417,2,1,400,trial.validspatial,590,1
252,112417,2,1,400,trial.validspatial,454,1
252,112417,2,1,NaN,trial.nocue,502,1
252,112417,2,2,NaN,trial.nocue,609,1
252,112417,2,1,NaN,trial.nocue,696,1
252,112417,1,1,800,trial.validspatial,451,1
252,112417,1,1,NaN,trial.nocue,638,1
252,112417,2,1,800,trial.doublecue,583,1
252,112417,2,2,NaN,trial.nocue,874,1
252,112417,1,2,400,trial.validspatial,506,1
252,112417,1,1,400,trial.doublecue,737,1
252,112417,2,2,400,trial.invalid,1025,1
252,112417,1,1,NaN,trial.nocue,769,1
252,112417,2,1,800,trial.validspatial,551,1
252,112417,2,2,0,trial.validspatial,614,1
252,112417,2,1,800,trial.doublecue,699,1
252,112417,2,1,400,trial.validspatial,524,1
252,112417,2,2,400,trial.validspatial,813,1
252,112417,2,1,0,trial.doublecue,697,1
252,112417,2,2,400,trial.validspatial,589,1
252,112417,2,2,400,trial.invalid,830,1
252,112417,2,2,800,trial.doublecue,684,1
252,112417,1,2,400,trial.doublecue,690,1
252,112417,1,2,0,trial.validspatial,658,1
252,112417,1,2,NaN,trial.nocue,724,1
252,112417,1,1,800,trial.invalid,742,1
252,112417,2,2,800,trial.validspatial,559,1
252,112417,2,1,800,trial.validspatial,355,1
252,112417,2,1,0,trial.validspatial,552,1
252,112417,2,2,NaN,trial.nocue,730,1
252,112417,2,2,800,trial.validspatial,460,1
252,112417,1,1,400,trial.validspatial,589,1
252,112417,1,2,800,trial.invalid,1700,0
252,112417,2,2,0,trial.validspatial,830,1
252,112417,2,2,800,trial.validspatial,643,1
252,112417,1,1,800,trial.validspatial,999,1
252,112417,2,1,NaN,trial.nocue,575,1
252,112417,1,2,NaN,trial.nocue,1238,1
252,112417,1,2,800,trial.validspatial,597,0
252,112417,1,2,0,trial.validspatial,790,1
252,112417,2,2,0,trial.invalid,646,0
252,112417,1,1,NaN,trial.nocue,1306,1
252,112417,2,2,800,trial.validspatial,785,1
252,112417,2,1,800,trial.validspatial,525,1
252,112417,2,1,0,trial.validspatial,544,1
252,112417,1,1,800,trial.doublecue,1399,1
252,112417,2,2,800,trial.invalid,885,1
252,112417,1,2,400,trial.validspatial,606,1
252,112417,2,1,800,trial.validspatial,458,1
252,112417,1,2,400,trial.invalid,1012,1
252,112417,1,1,800,trial.validspatial,445,1
252,112417,2,2,400,trial.doublecue,711,1
252,112417,1,1,0,trial.validspatial,666,1
252,112417,2,1,NaN,trial.nocue,468,1
252,112417,2,1,400,trial.invalid,688,1
252,112417,1,2,800,trial.invalid,610,1
252,112417,1,2,0,trial.doublecue,809,1
252,112417,1,1,400,trial.validspatial,478,1
252,112417,1,2,400,trial.validspatial,567,1
252,112417,1,1,0,trial.doublecue,584,1
252,112417,1,1,0,trial.doublecue,482,1
252,112417,1,2,NaN,trial.nocue,1011,1
252,112417,2,1,400,trial.doublecue,562,1
252,112417,2,2,400,trial.validspatial,522,1
252,112417,2,2,800,trial.doublecue,660,1
252,112417,2,2,NaN,trial.nocue,637,1
252,112417,1,2,NaN,trial.nocue,606,1
252,112417,1,2,0,trial.doublecue,977,1
252,112417,2,1,800,trial.invalid,720,1
252,112417,1,2,0,trial.validspatial,606,1
252,112417,1,1,0,trial.validspatial,453,1
252,112417,2,1,0,trial.validspatial,539,1
252,112417,1,1,400,trial.invalid,1015,1
252,112417,1,2,800,trial.doublecue,1144,1
252,112417,2,2,0,trial.validspatial,903,1
252,112417,2,2,0,trial.invalid,970,1
252,112417,1,1,0,trial.validspatial,692,1
252,112417,1,1,400,trial.invalid,538,1
252,112417,2,1,800,trial.validspatial,621,1
252,112417,2,2,400,trial.doublecue,870,0
252,112417,2,1,0,trial.doublecue,562,1
252,112417,2,2,400,trial.validspatial,601,1
252,112417,1,1,NaN,trial.nocue,721,1
252,112417,2,1,0,trial.invalid,528,1
252,112417,1,2,800,trial.validspatial,756,1
252,112417,1,2,800,trial.doublecue,878,1
252,112417,2,1,400,trial.validspatial,687,1
252,112417,1,1,800,trial.validspatial,583,1
252,112417,1,2,800,trial.validspatial,548,1
252,112417,1,1,0,trial.validspatial,738,1
252,112417,1,2,400,trial.validspatial,837,1
252,112417,2,1,400,trial.invalid,852,1
252,112417,2,1,0,trial.invalid,625,1
252,112417,2,2,NaN,trial.nocue,758,1
252,112417,1,1,800,trial.validspatial,392,1
252,112417,2,2,400,trial.validspatial,595,1
252,112417,2,1,NaN,trial.nocue,837,1
252,112417,1,1,400,trial.validspatial,567,1
252,112417,1,2,NaN,trial.nocue,774,1
252,112417,1,2,0,trial.validspatial,770,1
252,112417,1,2,800,trial.validspatial,396,1
252,112417,1,1,0,trial.validspatial,595,1
252,112417,1,1,400,trial.validspatial,527,1
252,112417,1,1,0,trial.validspatial,686,1
252,112417,1,2,0,trial.invalid,757,0
252,112417,1,2,800,trial.validspatial,1080,1
252,112417,1,2,400,trial.validspatial,578,1
252,112417,1,2,400,trial.doublecue,816,1
252,112417,2,2,400,trial.validspatial,657,1
252,112417,2,1,400,trial.doublecue,672,1
252,112417,2,1,0,trial.validspatial,512,1
252,112417,2,1,400,trial.validspatial,504,1
252,112417,1,2,800,trial.validspatial,786,1
252,112417,1,1,800,trial.invalid,1244,1
252,112417,2,1,400,trial.validspatial,439,1
252,112417,2,1,800,trial.validspatial,616,1
252,112417,2,2,0,trial.validspatial,923,1
252,112417,1,2,0,trial.validspatial,938,1
252,112417,1,1,400,trial.validspatial,610,1
252,112417,1,1,NaN,trial.nocue,657,1
252,112417,1,2,0,trial.validspatial,773,1
252,112417,1,1,NaN,trial.nocue,772,1
252,112417,2,2,0,trial.validspatial,1700,0
252,112417,2,1,800,trial.invalid,1256,1
252,112417,2,2,NaN,trial.nocue,1556,1
252,112417,1,2,400,trial.invalid,1451,1
252,112417,2,2,0,trial.doublecue,1700,0
252,112417,1,2,NaN,trial.nocue,1268,1
252,112417,1,1,400,trial.validspatial,1048,1
252,112417,1,1,800,trial.validspatial,649,1
252,112417,2,1,NaN,trial.nocue,637,1
252,112417,1,1,800,trial.doublecue,907,1
252,112417,2,2,0,trial.doublecue,998,1
252,112417,1,1,0,trial.invalid,751,1
252,112417,1,1,0,trial.invalid,635,1
252,112417,2,1,0,trial.validspatial,604,1
252,112417,2,1,0,trial.validspatial,731,1
252,112417,1,1,400,trial.doublecue,1227,1
252,112417,2,2,800,trial.validspatial,813,1
252,112417,2,2,800,trial.validspatial,688,1
252,112417,2,2,0,trial.validspatial,1356,1
252,112417,1,2,400,trial.validspatial,324,0
252,112417,2,2,800,trial.invalid,1362,1
252,112417,1,2,0,trial.invalid,1700,0
252,112417,2,1,400,trial.validspatial,1469,1
252,112417,2,1,400,trial.validspatial,881,1
252,112417,2,1,NaN,trial.nocue,1348,1
252,112417,2,2,NaN,trial.nocue,815,1
252,112417,2,1,NaN,trial.nocue,1022,1
252,112417,1,1,800,trial.validspatial,338,1
252,112417,1,1,NaN,trial.nocue,604,1
252,112417,2,1,800,trial.doublecue,252,1
252,112417,2,2,NaN,trial.nocue,867,0
252,112417,1,2,400,trial.validspatial,518,0
252,112417,1,1,400,trial.doublecue,716,1
252,112417,2,2,400,trial.invalid,904,0
252,112417,1,1,NaN,trial.nocue,537,1
252,112417,2,1,800,trial.validspatial,1548,1
252,112417,2,2,0,trial.validspatial,748,1
252,112417,2,1,800,trial.doublecue,134,0
252,112417,2,1,400,trial.validspatial,481,1
252,112417,2,2,400,trial.validspatial,632,1
252,112417,2,1,0,trial.doublecue,615,1
252,112417,2,2,400,trial.validspatial,840,1
252,112417,2,2,400,trial.invalid,986,1
252,112417,2,2,800,trial.doublecue,676,1
252,112417,1,2,400,trial.doublecue,940,1
252,112417,1,2,0,trial.validspatial,756,1
252,112417,1,2,NaN,trial.nocue,684,1
252,112417,1,1,800,trial.invalid,714,1
252,112417,2,2,800,trial.validspatial,536,1
252,112417,2,1,800,trial.validspatial,460,1
252,112417,2,1,0,trial.validspatial,897,1
252,112417,2,2,NaN,trial.nocue,775,1
252,112417,2,2,800,trial.validspatial,899,1
252,112417,1,1,400,trial.validspatial,1700,0
252,112417,1,2,800,trial.invalid,579,1
252,112417,2,2,0,trial.validspatial,1293,1
252,112417,2,2,800,trial.validspatial,549,1
252,112417,1,1,800,trial.validspatial,686,1
252,112417,2,1,NaN,trial.nocue,842,1
252,112417,1,2,NaN,trial.nocue,557,1
252,112417,1,2,800,trial.validspatial,563,1
252,112417,1,2,0,trial.validspatial,901,1
252,112417,2,2,0,trial.invalid,595,1
252,112417,1,1,NaN,trial.nocue,1014,0
252,112417,2,2,800,trial.validspatial,582,1
252,112417,2,1,800,trial.validspatial,507,1
252,112417,2,1,0,trial.validspatial,409,1
252,112417,1,1,800,trial.doublecue,985,1
252,112417,2,2,800,trial.invalid,1337,1
252,112417,1,2,400,trial.validspatial,412,1
252,112417,2,1,800,trial.validspatial,633,1
252,112417,1,2,400,trial.invalid,1095,0
252,112417,1,1,800,trial.validspatial,1050,1
252,112417,2,2,400,trial.doublecue,513,1
252,112417,1,1,0,trial.validspatial,568,1
252,112417,2,1,NaN,trial.nocue,937,1
252,112417,2,1,400,trial.invalid,1073,1
252,112417,1,2,800,trial.invalid,1196,0
252,112417,1,2,0,trial.doublecue,1196,1
252,112417,1,1,400,trial.validspatial,526,1
252,112417,1,2,400,trial.validspatial,476,1
252,112417,1,1,0,trial.doublecue,1119,0
252,112417,1,1,0,trial.doublecue,521,1
252,112417,1,2,NaN,trial.nocue,1029,1
252,112417,2,1,400,trial.doublecue,724,1
252,112417,2,2,400,trial.validspatial,584,1
252,112417,2,2,800,trial.doublecue,588,1
252,112417,2,2,NaN,trial.nocue,515,1
252,112417,1,2,NaN,trial.nocue,533,1
252,112417,1,2,0,trial.doublecue,675,1
252,112417,2,1,800,trial.invalid,572,1
252,112417,1,2,0,trial.validspatial,812,1
252,112417,1,1,0,trial.validspatial,719,1
252,112417,2,1,0,trial.validspatial,828,1
252,112417,1,1,400,trial.invalid,939,1
252,112417,1,2,800,trial.doublecue,435,1
252,112417,2,2,0,trial.validspatial,474,1
252,112417,2,2,0,trial.invalid,984,1
252,112417,1,1,0,trial.validspatial,937,1
252,112417,1,1,400,trial.invalid,541,1
252,112417,2,1,800,trial.validspatial,503,1
252,112417,2,2,400,trial.doublecue,472,1
252,112417,2,1,0,trial.doublecue,675,1
252,112417,2,2,400,trial.validspatial,480,0
252,112417,1,1,NaN,trial.nocue,572,1
252,112417,2,1,0,trial.invalid,422,1
252,112417,1,2,800,trial.validspatial,844,1
252,112417,1,2,800,trial.doublecue,822,1
252,112417,2,1,400,trial.validspatial,476,1
252,112417,1,1,800,trial.validspatial,1423,0
252,112417,1,2,800,trial.validspatial,598,1
252,112417,1,1,0,trial.validspatial,477,1
252,112417,1,2,400,trial.validspatial,693,1
252,112417,2,1,400,trial.invalid,529,1
252,112417,2,1,0,trial.invalid,725,1
252,112417,2,2,NaN,trial.nocue,813,1
252,112417,1,1,800,trial.validspatial,509,1
252,112417,2,2,400,trial.validspatial,506,0
252,112417,2,1,NaN,trial.nocue,832,1
252,112417,1,1,400,trial.validspatial,765,1
252,112417,1,2,NaN,trial.nocue,815,1
252,112417,1,2,0,trial.validspatial,647,1
252,112417,1,2,800,trial.validspatial,535,1
252,112417,1,1,0,trial.validspatial,734,1
252,112417,1,1,400,trial.validspatial,971,1
