subject,date,location_congruence_val,flanker_congruence_val,cue_target_interval,cue_condition,latency,values.correct
711,81117,1,1,0,trial.validspatial,422,1
711,81117,1,2,0,trial.invalid,329,1
711,81117,1,2,800,trial.validspatial,369,1
711,81117,1,2,400,trial.validspatial,424,1
711,81117,1,2,400,trial.doublecue,47,0
711,81117,2,2,400,trial.validspatial,338,0
711,81117,2,1,400,trial.doublecue,301,0
711,81117,2,1,0,trial.validspatial,328,0
711,81117,2,1,400,trial.validspatial,529,0
711,81117,1,2,800,trial.validspatial,281,1
711,81117,1,1,800,trial.invalid,252,0
711,81117,2,1,400,trial.validspatial,406,0
711,81117,2,1,800,trial.validspatial,300,0
711,81117,2,2,0,trial.validspatial,264,0
711,81117,1,2,0,trial.validspatial,341,1
711,81117,1,1,400,trial.validspatial,227,1
711,81117,1,1,NaN,trial.nocue,343,1
711,81117,1,2,0,trial.validspatial,234,1
711,81117,1,1,NaN,trial.nocue,260,1
711,81117,2,2,0,trial.validspatial,225,0
711,81117,2,1,800,trial.invalid,384,0
711,81117,2,2,NaN,trial.nocue,303,0
711,81117,1,2,400,trial.invalid,1700,0
711,81117,2,2,0,trial.doublecue,399,0
711,81117,1,2,NaN,trial.nocue,345,1
711,81117,1,1,400,trial.validspatial,305,1
711,81117,1,1,800,trial.validspatial,79,0
711,81117,2,1,NaN,trial.nocue,335,0
711,81117,1,1,800,trial.doublecue,219,1
711,81117,2,2,0,trial.doublecue,429,0
711,81117,1,1,0,trial.invalid,308,1
711,81117,1,1,0,trial.invalid,301,1
711,81117,2,1,0,trial.validspatial,349,1
711,81117,2,1,0,trial.validspatial,292,0
711,81117,1,1,400,trial.doublecue,277,1
711,81117,2,2,800,trial.validspatial,257,0
711,81117,2,2,800,trial.validspatial,248,0
711,81117,2,2,0,trial.validspatial,348,0
711,81117,1,2,400,trial.validspatial,197,1
711,81117,2,2,800,trial.invalid,308,0
711,81117,1,2,0,trial.invalid,400,1
711,81117,2,1,400,trial.validspatial,217,0
711,81117,2,1,400,trial.validspatial,1700,0
711,81117,2,1,NaN,trial.nocue,330,0
711,81117,2,2,NaN,trial.nocue,316,0
711,81117,2,1,NaN,trial.nocue,346,0
711,81117,1,1,800,trial.validspatial,275,1
711,81117,1,1,NaN,trial.nocue,409,1
711,81117,2,1,800,trial.doublecue,317,0
711,81117,2,2,NaN,trial.nocue,353,0
711,81117,1,2,400,trial.validspatial,353,1
711,81117,1,1,400,trial.doublecue,361,1
711,81117,2,2,400,trial.invalid,308,0
711,81117,1,1,NaN,trial.nocue,506,1
711,81117,2,1,800,trial.validspatial,424,0
711,81117,2,2,0,trial.validspatial,296,0
711,81117,2,1,800,trial.doublecue,790,0
711,81117,2,1,400,trial.validspatial,234,0
711,81117,2,2,400,trial.validspatial,312,0
711,81117,2,1,0,trial.doublecue,306,0
711,81117,2,2,400,trial.validspatial,266,0
711,81117,2,2,400,trial.invalid,367,0
711,81117,2,2,800,trial.doublecue,201,0
711,81117,1,2,400,trial.doublecue,265,1
711,81117,1,2,0,trial.validspatial,346,1
711,81117,1,2,NaN,trial.nocue,474,1
711,81117,1,1,800,trial.invalid,391,1
711,81117,2,2,800,trial.validspatial,327,0
711,81117,2,1,800,trial.validspatial,286,0
711,81117,2,1,0,trial.validspatial,443,0
711,81117,2,2,NaN,trial.nocue,1700,0
711,81117,2,2,800,trial.validspatial,122,0
711,81117,1,1,400,trial.validspatial,252,1
711,81117,1,2,800,trial.invalid,293,1
711,81117,2,2,0,trial.validspatial,353,0
711,81117,2,2,800,trial.validspatial,461,0
711,81117,1,1,800,trial.validspatial,229,1
711,81117,2,1,NaN,trial.nocue,435,0
711,81117,1,2,NaN,trial.nocue,638,1
711,81117,1,2,800,trial.validspatial,254,1
711,81117,1,2,0,trial.validspatial,326,1
711,81117,2,2,0,trial.invalid,396,0
711,81117,1,1,NaN,trial.nocue,363,1
711,81117,2,2,800,trial.validspatial,276,0
711,81117,2,1,800,trial.validspatial,192,0
711,81117,2,1,0,trial.validspatial,279,0
711,81117,1,1,800,trial.doublecue,273,1
711,81117,2,2,800,trial.invalid,286,0
711,81117,1,2,400,trial.validspatial,229,1
711,81117,2,1,800,trial.validspatial,330,0
711,81117,1,2,400,trial.invalid,337,1
711,81117,1,1,800,trial.validspatial,256,1
711,81117,2,2,400,trial.doublecue,315,0
711,81117,1,1,0,trial.validspatial,289,1
711,81117,2,1,NaN,trial.nocue,273,0
711,81117,2,1,400,trial.invalid,336,0
711,81117,1,2,800,trial.invalid,325,1
711,81117,1,2,0,trial.doublecue,262,1
711,81117,1,1,400,trial.validspatial,212,1
711,81117,1,2,400,trial.validspatial,274,1
711,81117,1,1,0,trial.doublecue,370,1
711,81117,1,1,0,trial.doublecue,333,1
711,81117,1,2,NaN,trial.nocue,360,1
711,81117,2,1,400,trial.doublecue,283,0
711,81117,2,2,400,trial.validspatial,193,0
711,81117,2,2,800,trial.doublecue,261,0
711,81117,2,2,NaN,trial.nocue,399,0
711,81117,1,2,NaN,trial.nocue,251,1
711,81117,1,2,0,trial.doublecue,256,1
711,81117,2,1,800,trial.invalid,313,0
711,81117,1,2,0,trial.validspatial,223,1
711,81117,1,1,0,trial.validspatial,238,1
711,81117,2,1,0,trial.validspatial,306,0
711,81117,1,1,400,trial.invalid,347,1
711,81117,1,2,800,trial.doublecue,325,1
711,81117,2,2,0,trial.validspatial,317,0
711,81117,2,2,0,trial.invalid,288,0
711,81117,1,1,0,trial.validspatial,290,1
711,81117,1,1,400,trial.invalid,380,0
711,81117,2,1,800,trial.validspatial,384,0
711,81117,2,2,400,trial.doublecue,382,0
711,81117,2,1,0,trial.doublecue,411,0
711,81117,2,2,400,trial.validspatial,259,0
711,81117,1,1,NaN,trial.nocue,312,1
711,81117,2,1,0,trial.invalid,311,0
711,81117,1,2,800,trial.validspatial,303,1
711,81117,1,2,800,trial.doublecue,260,1
711,81117,2,1,400,trial.validspatial,328,0
711,81117,1,1,800,trial.validspatial,254,1
711,81117,1,2,800,trial.validspatial,264,1
711,81117,1,1,0,trial.validspatial,435,1
711,81117,1,2,400,trial.validspatial,309,1
711,81117,2,1,400,trial.invalid,355,0
711,81117,2,1,0,trial.invalid,449,0
711,81117,2,2,NaN,trial.nocue,485,0
711,81117,1,1,800,trial.validspatial,463,1
711,81117,2,2,400,trial.validspatial,1307,1
711,81117,2,1,NaN,trial.nocue,318,0
711,81117,1,1,400,trial.validspatial,303,1
711,81117,1,2,NaN,trial.nocue,319,1
711,81117,1,2,0,trial.validspatial,296,1
711,81117,1,2,800,trial.validspatial,610,1
711,81117,1,1,0,trial.validspatial,344,1
711,81117,1,1,400,trial.validspatial,253,1
711,81117,1,1,0,trial.validspatial,632,1
711,81117,1,2,0,trial.invalid,458,1
711,81117,1,2,800,trial.validspatial,247,0
711,81117,1,2,400,trial.validspatial,210,1
711,81117,1,2,400,trial.doublecue,337,1
711,81117,2,2,400,trial.validspatial,283,0
711,81117,2,1,400,trial.doublecue,351,0
711,81117,2,1,0,trial.validspatial,313,0
711,81117,2,1,400,trial.validspatial,280,0
711,81117,1,2,800,trial.validspatial,290,1
711,81117,1,1,800,trial.invalid,485,0
711,81117,2,1,400,trial.validspatial,326,0
711,81117,2,1,800,trial.validspatial,354,0
711,81117,2,2,0,trial.validspatial,312,0
711,81117,1,2,0,trial.validspatial,518,1
711,81117,1,1,400,trial.validspatial,434,1
711,81117,1,1,NaN,trial.nocue,409,1
711,81117,1,2,0,trial.validspatial,374,1
711,81117,1,1,NaN,trial.nocue,438,1
711,81117,2,2,0,trial.validspatial,281,0
711,81117,2,1,800,trial.invalid,375,0
711,81117,2,2,NaN,trial.nocue,421,0
711,81117,1,2,400,trial.invalid,329,1
711,81117,2,2,0,trial.doublecue,374,0
711,81117,1,2,NaN,trial.nocue,287,1
711,81117,1,1,400,trial.validspatial,1700,0
711,81117,1,1,800,trial.validspatial,581,1
711,81117,2,1,NaN,trial.nocue,408,0
711,81117,1,1,800,trial.doublecue,351,1
711,81117,2,2,0,trial.doublecue,346,0
711,81117,1,1,0,trial.invalid,454,1
711,81117,1,1,0,trial.invalid,362,1
711,81117,2,1,0,trial.validspatial,381,0
711,81117,2,1,0,trial.validspatial,501,0
711,81117,1,1,400,trial.doublecue,504,1
711,81117,2,2,800,trial.validspatial,464,0
711,81117,2,2,800,trial.validspatial,267,0
711,81117,2,2,0,trial.validspatial,338,0
711,81117,1,2,400,trial.validspatial,284,1
711,81117,2,2,800,trial.invalid,330,0
711,81117,1,2,0,trial.invalid,305,1
711,81117,2,1,400,trial.validspatial,281,0
711,81117,2,1,400,trial.validspatial,238,0
711,81117,2,1,NaN,trial.nocue,361,0
711,81117,2,2,NaN,trial.nocue,401,0
711,81117,2,1,NaN,trial.nocue,274,0
711,81117,1,1,800,trial.validspatial,361,1
711,81117,1,1,NaN,trial.nocue,1700,0
711,81117,2,1,800,trial.doublecue,231,0
711,81117,2,2,NaN,trial.nocue,286,0
711,81117,1,2,400,trial.validspatial,440,1
711,81117,1,1,400,trial.doublecue,302,1
711,81117,2,2,400,trial.invalid,811,1
711,81117,1,1,NaN,trial.nocue,734,1
711,81117,2,1,800,trial.validspatial,502,0
711,81117,2,2,0,trial.validspatial,357,0
711,81117,2,1,800,trial.doublecue,1700,0
711,81117,2,1,400,trial.validspatial,416,0
711,81117,2,2,400,trial.validspatial,275,1
711,81117,2,1,0,trial.doublecue,314,1
711,81117,2,2,400,trial.validspatial,1700,0
711,81117,2,2,400,trial.invalid,357,0
711,81117,2,2,800,trial.doublecue,686,1
711,81117,1,2,400,trial.doublecue,277,0
711,81117,1,2,0,trial.validspatial,366,1
711,81117,1,2,NaN,trial.nocue,586,1
711,81117,1,1,800,trial.invalid,347,0
711,81117,2,2,800,trial.validspatial,949,1
711,81117,2,1,800,trial.validspatial,326,0
711,81117,2,1,0,trial.validspatial,1700,0
711,81117,2,2,NaN,trial.nocue,1700,0
711,81117,2,2,800,trial.validspatial,378,0
711,81117,1,1,400,trial.validspatial,1700,0
711,81117,1,2,800,trial.invalid,339,0
711,81117,2,2,0,trial.validspatial,1304,0
711,81117,2,2,800,trial.validspatial,319,0
711,81117,1,1,800,trial.validspatial,815,1
711,81117,2,1,NaN,trial.nocue,1700,0
711,81117,1,2,NaN,trial.nocue,456,0
711,81117,1,2,800,trial.validspatial,326,0
711,81117,1,2,0,trial.validspatial,431,1
711,81117,2,2,0,trial.invalid,307,0
711,81117,1,1,NaN,trial.nocue,1700,0
711,81117,2,2,800,trial.validspatial,458,1
711,81117,2,1,800,trial.validspatial,879,0
711,81117,2,1,0,trial.validspatial,514,0
711,81117,1,1,800,trial.doublecue,612,0
711,81117,2,2,800,trial.invalid,1700,0
711,81117,1,2,400,trial.validspatial,275,1
711,81117,2,1,800,trial.validspatial,1700,0
711,81117,1,2,400,trial.invalid,240,0
711,81117,1,1,800,trial.validspatial,1149,0
711,81117,2,2,400,trial.doublecue,284,0
711,81117,1,1,0,trial.validspatial,1700,0
711,81117,2,1,NaN,trial.nocue,1593,1
711,81117,2,1,400,trial.invalid,354,1
711,81117,1,2,800,trial.invalid,511,0
711,81117,1,2,0,trial.doublecue,1700,0
711,81117,1,1,400,trial.validspatial,64,0
711,81117,1,2,400,trial.validspatial,1700,0
711,81117,1,1,0,trial.doublecue,340,0
711,81117,1,1,0,trial.doublecue,240,1
711,81117,1,2,NaN,trial.nocue,362,0
711,81117,2,1,400,trial.doublecue,775,1
711,81117,2,2,400,trial.validspatial,1700,0
711,81117,2,2,800,trial.doublecue,1700,0
711,81117,2,2,NaN,trial.nocue,280,1
711,81117,1,2,NaN,trial.nocue,796,1
711,81117,1,2,0,trial.doublecue,264,0
711,81117,2,1,800,trial.invalid,416,0
711,81117,1,2,0,trial.validspatial,401,0
711,81117,1,1,0,trial.validspatial,163,1
711,81117,2,1,0,trial.validspatial,363,0
711,81117,1,1,400,trial.invalid,585,1
711,81117,1,2,800,trial.doublecue,286,0
711,81117,2,2,0,trial.validspatial,254,0
711,81117,2,2,0,trial.invalid,400,0
711,81117,1,1,0,trial.validspatial,1018,0
711,81117,1,1,400,trial.invalid,240,0
711,81117,2,1,800,trial.validspatial,311,1
711,81117,2,2,400,trial.doublecue,346,1
711,81117,2,1,0,trial.doublecue,421,0
711,81117,2,2,400,trial.validspatial,428,0
711,81117,1,1,NaN,trial.nocue,206,1
711,81117,2,1,0,trial.invalid,451,1
711,81117,1,2,800,trial.validspatial,286,0
711,81117,1,2,800,trial.doublecue,392,1
711,81117,2,1,400,trial.validspatial,328,0
711,81117,1,1,800,trial.validspatial,517,0
711,81117,1,2,800,trial.validspatial,378,0
711,81117,1,1,0,trial.validspatial,236,0
711,81117,1,2,400,trial.validspatial,4,0
711,81117,2,1,400,trial.invalid,360,0
711,81117,2,1,0,trial.invalid,379,0
711,81117,2,2,NaN,trial.nocue,370,0
711,81117,1,1,800,trial.validspatial,450,0
711,81117,2,2,400,trial.validspatial,1125,1
711,81117,2,1,NaN,trial.nocue,576,1
711,81117,1,1,400,trial.validspatial,1700,0
711,81117,1,2,NaN,trial.nocue,339,1
711,81117,1,2,0,trial.validspatial,490,0
711,81117,1,2,800,trial.validspatial,615,0
711,81117,1,1,0,trial.validspatial,1700,0
711,81117,1,1,400,trial.validspatial,409,0
