subject,date,location_congruence_val,flanker_congruence_val,cue_target_interval,cue_condition,latency,values.correct
4,21317,1,1,0,trial.validspatial,647,1
4,21317,1,2,0,trial.invalid,546,1
4,21317,1,2,800,trial.validspatial,537,1
4,21317,1,2,400,trial.validspatial,285,1
4,21317,1,2,400,trial.doublecue,453,0
4,21317,2,2,400,trial.validspatial,464,0
4,21317,2,1,400,trial.doublecue,529,1
4,21317,2,1,0,trial.validspatial,513,1
4,21317,2,1,400,trial.validspatial,381,1
4,21317,1,2,800,trial.validspatial,439,1
4,21317,1,1,800,trial.invalid,413,1
4,21317,2,1,400,trial.validspatial,420,1
4,21317,2,1,800,trial.validspatial,364,1
4,21317,2,2,0,trial.validspatial,399,1
4,21317,1,2,0,trial.validspatial,499,1
4,21317,1,1,400,trial.validspatial,356,1
4,21317,1,1,NaN,trial.nocue,310,1
4,21317,1,2,0,trial.validspatial,436,1
4,21317,1,1,NaN,trial.nocue,415,1
4,21317,2,2,0,trial.validspatial,431,1
4,21317,2,1,800,trial.invalid,433,1
4,21317,2,2,NaN,trial.nocue,518,1
4,21317,1,2,400,trial.invalid,615,1
4,21317,2,2,0,trial.doublecue,422,1
4,21317,1,2,NaN,trial.nocue,368,1
4,21317,1,1,400,trial.validspatial,332,1
4,21317,1,1,800,trial.validspatial,326,1
4,21317,2,1,NaN,trial.nocue,427,1
4,21317,1,1,800,trial.doublecue,375,1
4,21317,2,2,0,trial.doublecue,452,0
4,21317,1,1,0,trial.invalid,454,1
4,21317,1,1,0,trial.invalid,569,1
4,21317,2,1,0,trial.validspatial,476,1
4,21317,2,1,0,trial.validspatial,450,1
4,21317,1,1,400,trial.doublecue,340,1
4,21317,2,2,800,trial.validspatial,343,1
4,21317,2,2,800,trial.validspatial,373,1
4,21317,2,2,0,trial.validspatial,428,1
4,21317,1,2,400,trial.validspatial,419,1
4,21317,2,2,800,trial.invalid,680,1
4,21317,1,2,0,trial.invalid,485,0
4,21317,2,1,400,trial.validspatial,490,1
4,21317,2,1,400,trial.validspatial,582,1
4,21317,2,1,NaN,trial.nocue,511,1
4,21317,2,2,NaN,trial.nocue,594,1
4,21317,2,1,NaN,trial.nocue,1398,0
4,21317,1,1,800,trial.validspatial,413,1
4,21317,1,1,NaN,trial.nocue,506,1
4,21317,2,1,800,trial.doublecue,551,1
4,21317,2,2,NaN,trial.nocue,559,1
4,21317,1,2,400,trial.validspatial,469,1
4,21317,1,1,400,trial.doublecue,549,1
4,21317,2,2,400,trial.invalid,608,1
4,21317,1,1,NaN,trial.nocue,495,1
4,21317,2,1,800,trial.validspatial,368,1
4,21317,2,2,0,trial.validspatial,462,1
4,21317,2,1,800,trial.doublecue,361,1
4,21317,2,1,400,trial.validspatial,478,1
4,21317,2,2,400,trial.validspatial,444,1
4,21317,2,1,0,trial.doublecue,430,1
4,21317,2,2,400,trial.validspatial,441,1
4,21317,2,2,400,trial.invalid,534,1
4,21317,2,2,800,trial.doublecue,963,1
4,21317,1,2,400,trial.doublecue,1700,0
4,21317,1,2,0,trial.validspatial,595,1
4,21317,1,2,NaN,trial.nocue,1282,1
4,21317,1,1,800,trial.invalid,566,1
4,21317,2,2,800,trial.validspatial,379,1
4,21317,2,1,800,trial.validspatial,394,1
4,21317,2,1,0,trial.validspatial,458,1
4,21317,2,2,NaN,trial.nocue,469,0
4,21317,2,2,800,trial.validspatial,414,1
4,21317,1,1,400,trial.validspatial,1700,0
4,21317,1,2,800,trial.invalid,1700,0
4,21317,2,2,0,trial.validspatial,560,1
4,21317,2,2,800,trial.validspatial,453,1
4,21317,1,1,800,trial.validspatial,408,1
4,21317,2,1,NaN,trial.nocue,393,1
4,21317,1,2,NaN,trial.nocue,529,1
4,21317,1,2,800,trial.validspatial,479,1
4,21317,1,2,0,trial.validspatial,536,1
4,21317,2,2,0,trial.invalid,604,1
4,21317,1,1,NaN,trial.nocue,552,1
4,21317,2,2,800,trial.validspatial,565,1
4,21317,2,1,800,trial.validspatial,357,1
4,21317,2,1,0,trial.validspatial,402,1
4,21317,1,1,800,trial.doublecue,482,1
4,21317,2,2,800,trial.invalid,537,1
4,21317,1,2,400,trial.validspatial,636,1
4,21317,2,1,800,trial.validspatial,380,1
4,21317,1,2,400,trial.invalid,554,1
4,21317,1,1,800,trial.validspatial,364,1
4,21317,2,2,400,trial.doublecue,597,1
4,21317,1,1,0,trial.validspatial,429,1
4,21317,2,1,NaN,trial.nocue,386,1
4,21317,2,1,400,trial.invalid,414,1
4,21317,1,2,800,trial.invalid,365,0
4,21317,1,2,0,trial.doublecue,465,0
4,21317,1,1,400,trial.validspatial,389,1
4,21317,1,2,400,trial.validspatial,422,1
4,21317,1,1,0,trial.doublecue,478,1
4,21317,1,1,0,trial.doublecue,360,1
4,21317,1,2,NaN,trial.nocue,518,1
4,21317,2,1,400,trial.doublecue,467,1
4,21317,2,2,400,trial.validspatial,669,1
4,21317,2,2,800,trial.doublecue,587,1
4,21317,2,2,NaN,trial.nocue,425,1
4,21317,1,2,NaN,trial.nocue,535,1
4,21317,1,2,0,trial.doublecue,426,0
4,21317,2,1,800,trial.invalid,451,1
4,21317,1,2,0,trial.validspatial,554,1
4,21317,1,1,0,trial.validspatial,415,1
4,21317,2,1,0,trial.validspatial,361,1
4,21317,1,1,400,trial.invalid,498,1
4,21317,1,2,800,trial.doublecue,566,1
4,21317,2,2,0,trial.validspatial,611,1
4,21317,2,2,0,trial.invalid,512,1
4,21317,1,1,0,trial.validspatial,406,1
4,21317,1,1,400,trial.invalid,402,1
4,21317,2,1,800,trial.validspatial,362,1
4,21317,2,2,400,trial.doublecue,484,0
4,21317,2,1,0,trial.doublecue,405,1
4,21317,2,2,400,trial.validspatial,421,1
4,21317,1,1,NaN,trial.nocue,398,1
4,21317,2,1,0,trial.invalid,420,1
4,21317,1,2,800,trial.validspatial,409,1
4,21317,1,2,800,trial.doublecue,423,1
4,21317,2,1,400,trial.validspatial,374,1
4,21317,1,1,800,trial.validspatial,369,1
4,21317,1,2,800,trial.validspatial,407,1
4,21317,1,1,0,trial.validspatial,362,1
4,21317,1,2,400,trial.validspatial,428,1
4,21317,2,1,400,trial.invalid,580,1
4,21317,2,1,0,trial.invalid,377,1
4,21317,2,2,NaN,trial.nocue,317,0
4,21317,1,1,800,trial.validspatial,351,1
4,21317,2,2,400,trial.validspatial,519,1
4,21317,2,1,NaN,trial.nocue,485,1
4,21317,1,1,400,trial.validspatial,369,1
4,21317,1,2,NaN,trial.nocue,517,1
4,21317,1,2,0,trial.validspatial,432,1
4,21317,1,2,800,trial.validspatial,479,1
4,21317,1,1,0,trial.validspatial,360,1
4,21317,1,1,400,trial.validspatial,349,1
4,21317,1,1,0,trial.validspatial,502,1
4,21317,1,2,0,trial.invalid,569,1
4,21317,1,2,800,trial.validspatial,416,1
4,21317,1,2,400,trial.validspatial,420,1
4,21317,1,2,400,trial.doublecue,424,0
4,21317,2,2,400,trial.validspatial,569,1
4,21317,2,1,400,trial.doublecue,340,1
4,21317,2,1,0,trial.validspatial,338,1
4,21317,2,1,400,trial.validspatial,327,1
4,21317,1,2,800,trial.validspatial,549,1
4,21317,1,1,800,trial.invalid,411,1
4,21317,2,1,400,trial.validspatial,314,1
4,21317,2,1,800,trial.validspatial,318,1
4,21317,2,2,0,trial.validspatial,350,0
4,21317,1,2,0,trial.validspatial,451,1
4,21317,1,1,400,trial.validspatial,386,1
4,21317,1,1,NaN,trial.nocue,380,1
4,21317,1,2,0,trial.validspatial,506,1
4,21317,1,1,NaN,trial.nocue,348,1
4,21317,2,2,0,trial.validspatial,444,1
4,21317,2,1,800,trial.invalid,485,1
4,21317,2,2,NaN,trial.nocue,477,0
4,21317,1,2,400,trial.invalid,499,0
4,21317,2,2,0,trial.doublecue,474,1
4,21317,1,2,NaN,trial.nocue,456,1
4,21317,1,1,400,trial.validspatial,362,1
4,21317,1,1,800,trial.validspatial,342,1
4,21317,2,1,NaN,trial.nocue,489,1
4,21317,1,1,800,trial.doublecue,342,1
4,21317,2,2,0,trial.doublecue,765,1
4,21317,1,1,0,trial.invalid,395,1
4,21317,1,1,0,trial.invalid,487,1
4,21317,2,1,0,trial.validspatial,391,1
4,21317,2,1,0,trial.validspatial,351,1
4,21317,1,1,400,trial.doublecue,401,1
4,21317,2,2,800,trial.validspatial,505,1
4,21317,2,2,800,trial.validspatial,429,1
4,21317,2,2,0,trial.validspatial,379,0
4,21317,1,2,400,trial.validspatial,377,0
4,21317,2,2,800,trial.invalid,369,0
4,21317,1,2,0,trial.invalid,422,0
4,21317,2,1,400,trial.validspatial,446,1
4,21317,2,1,400,trial.validspatial,434,1
4,21317,2,1,NaN,trial.nocue,433,1
4,21317,2,2,NaN,trial.nocue,396,0
4,21317,2,1,NaN,trial.nocue,443,1
4,21317,1,1,800,trial.validspatial,378,1
4,21317,1,1,NaN,trial.nocue,508,1
4,21317,2,1,800,trial.doublecue,388,1
4,21317,2,2,NaN,trial.nocue,498,1
4,21317,1,2,400,trial.validspatial,518,1
4,21317,1,1,400,trial.doublecue,352,1
4,21317,2,2,400,trial.invalid,450,0
4,21317,1,1,NaN,trial.nocue,440,1
4,21317,2,1,800,trial.validspatial,352,1
4,21317,2,2,0,trial.validspatial,419,1
4,21317,2,1,800,trial.doublecue,394,1
4,21317,2,1,400,trial.validspatial,412,1
4,21317,2,2,400,trial.validspatial,423,1
4,21317,2,1,0,trial.doublecue,391,1
4,21317,2,2,400,trial.validspatial,577,1
4,21317,2,2,400,trial.invalid,588,1
4,21317,2,2,800,trial.doublecue,529,1
4,21317,1,2,400,trial.doublecue,575,1
4,21317,1,2,0,trial.validspatial,474,1
4,21317,1,2,NaN,trial.nocue,416,0
4,21317,1,1,800,trial.invalid,506,1
4,21317,2,2,800,trial.validspatial,343,0
4,21317,2,1,800,trial.validspatial,540,1
4,21317,2,1,0,trial.validspatial,508,1
4,21317,2,2,NaN,trial.nocue,610,1
4,21317,2,2,800,trial.validspatial,412,0
4,21317,1,1,400,trial.validspatial,1700,0
4,21317,1,2,800,trial.invalid,424,1
4,21317,2,2,0,trial.validspatial,559,1
4,21317,2,2,800,trial.validspatial,488,1
4,21317,1,1,800,trial.validspatial,421,0
4,21317,2,1,NaN,trial.nocue,566,1
4,21317,1,2,NaN,trial.nocue,465,1
4,21317,1,2,800,trial.validspatial,535,1
4,21317,1,2,0,trial.validspatial,371,1
4,21317,2,2,0,trial.invalid,331,1
4,21317,1,1,NaN,trial.nocue,417,1
4,21317,2,2,800,trial.validspatial,468,1
4,21317,2,1,800,trial.validspatial,382,1
4,21317,2,1,0,trial.validspatial,328,1
4,21317,1,1,800,trial.doublecue,457,1
4,21317,2,2,800,trial.invalid,475,1
4,21317,1,2,400,trial.validspatial,384,1
4,21317,2,1,800,trial.validspatial,384,1
4,21317,1,2,400,trial.invalid,460,1
4,21317,1,1,800,trial.validspatial,447,1
4,21317,2,2,400,trial.doublecue,345,0
4,21317,1,1,0,trial.validspatial,448,1
4,21317,2,1,NaN,trial.nocue,529,1
4,21317,2,1,400,trial.invalid,613,1
4,21317,1,2,800,trial.invalid,598,1
4,21317,1,2,0,trial.doublecue,501,1
4,21317,1,1,400,trial.validspatial,364,1
4,21317,1,2,400,trial.validspatial,362,1
4,21317,1,1,0,trial.doublecue,384,1
4,21317,1,1,0,trial.doublecue,497,1
4,21317,1,2,NaN,trial.nocue,545,0
4,21317,2,1,400,trial.doublecue,427,1
4,21317,2,2,400,trial.validspatial,390,1
4,21317,2,2,800,trial.doublecue,436,1
4,21317,2,2,NaN,trial.nocue,403,1
4,21317,1,2,NaN,trial.nocue,432,1
4,21317,1,2,0,trial.doublecue,428,1
4,21317,2,1,800,trial.invalid,416,1
4,21317,1,2,0,trial.validspatial,466,1
4,21317,1,1,0,trial.validspatial,408,1
4,21317,2,1,0,trial.validspatial,414,0
4,21317,1,1,400,trial.invalid,602,1
4,21317,1,2,800,trial.doublecue,399,1
4,21317,2,2,0,trial.validspatial,440,1
4,21317,2,2,0,trial.invalid,520,1
4,21317,1,1,0,trial.validspatial,502,1
4,21317,1,1,400,trial.invalid,391,1
4,21317,2,1,800,trial.validspatial,444,1
4,21317,2,2,400,trial.doublecue,423,1
4,21317,2,1,0,trial.doublecue,402,1
4,21317,2,2,400,trial.validspatial,462,0
4,21317,1,1,NaN,trial.nocue,314,0
4,21317,2,1,0,trial.invalid,407,1
4,21317,1,2,800,trial.validspatial,565,1
4,21317,1,2,800,trial.doublecue,361,1
4,21317,2,1,400,trial.validspatial,340,1
4,21317,1,1,800,trial.validspatial,534,1
4,21317,1,2,800,trial.validspatial,342,1
4,21317,1,1,0,trial.validspatial,406,1
4,21317,1,2,400,trial.validspatial,439,1
4,21317,2,1,400,trial.invalid,385,1
4,21317,2,1,0,trial.invalid,422,1
4,21317,2,2,NaN,trial.nocue,557,1
4,21317,1,1,800,trial.validspatial,537,1
4,21317,2,2,400,trial.validspatial,361,0
4,21317,2,1,NaN,trial.nocue,498,1
4,21317,1,1,400,trial.validspatial,480,1
4,21317,1,2,NaN,trial.nocue,430,1
4,21317,1,2,0,trial.validspatial,450,1
4,21317,1,2,800,trial.validspatial,339,1
4,21317,1,1,0,trial.validspatial,465,1
4,21317,1,1,400,trial.validspatial,504,1
