subject,date,location_congruence_val,flanker_congruence_val,cue_target_interval,cue_condition,latency,values.correct
380,80817,1,1,0,trial.validspatial,708,1
380,80817,1,2,0,trial.invalid,1080,1
380,80817,1,2,800,trial.validspatial,785,1
380,80817,1,2,400,trial.validspatial,799,1
380,80817,1,2,400,trial.doublecue,1095,1
380,80817,2,2,400,trial.validspatial,1106,1
380,80817,2,1,400,trial.doublecue,881,1
380,80817,2,1,0,trial.validspatial,832,1
380,80817,2,1,400,trial.validspatial,1349,1
380,80817,1,2,800,trial.validspatial,1089,1
380,80817,1,1,800,trial.invalid,867,1
380,80817,2,1,400,trial.validspatial,968,0
380,80817,2,1,800,trial.validspatial,746,1
380,80817,2,2,0,trial.validspatial,948,1
380,80817,1,2,0,trial.validspatial,861,1
380,80817,1,1,400,trial.validspatial,849,1
380,80817,1,1,NaN,trial.nocue,931,1
380,80817,1,2,0,trial.validspatial,991,1
380,80817,1,1,NaN,trial.nocue,1249,0
380,80817,2,2,0,trial.validspatial,1041,1
380,80817,2,1,800,trial.invalid,1700,0
380,80817,2,2,NaN,trial.nocue,1397,1
380,80817,1,2,400,trial.invalid,1241,1
380,80817,2,2,0,trial.doublecue,889,1
380,80817,1,2,NaN,trial.nocue,881,1
380,80817,1,1,400,trial.validspatial,1217,1
380,80817,1,1,800,trial.validspatial,649,1
380,80817,2,1,NaN,trial.nocue,890,1
380,80817,1,1,800,trial.doublecue,833,1
380,80817,2,2,0,trial.doublecue,1607,1
380,80817,1,1,0,trial.invalid,671,1
380,80817,1,1,0,trial.invalid,1149,1
380,80817,2,1,0,trial.validspatial,854,1
380,80817,2,1,0,trial.validspatial,841,1
380,80817,1,1,400,trial.doublecue,1015,0
380,80817,2,2,800,trial.validspatial,871,1
380,80817,2,2,800,trial.validspatial,763,1
380,80817,2,2,0,trial.validspatial,752,1
380,80817,1,2,400,trial.validspatial,772,1
380,80817,2,2,800,trial.invalid,1241,1
380,80817,1,2,0,trial.invalid,1075,1
380,80817,2,1,400,trial.validspatial,712,1
380,80817,2,1,400,trial.validspatial,610,1
380,80817,2,1,NaN,trial.nocue,760,1
380,80817,2,2,NaN,trial.nocue,890,1
380,80817,2,1,NaN,trial.nocue,1123,0
380,80817,1,1,800,trial.validspatial,1056,1
380,80817,1,1,NaN,trial.nocue,766,1
380,80817,2,1,800,trial.doublecue,1132,1
380,80817,2,2,NaN,trial.nocue,932,1
380,80817,1,2,400,trial.validspatial,924,1
380,80817,1,1,400,trial.doublecue,1251,1
380,80817,2,2,400,trial.invalid,1083,1
380,80817,1,1,NaN,trial.nocue,727,1
380,80817,2,1,800,trial.validspatial,691,1
380,80817,2,2,0,trial.validspatial,886,1
380,80817,2,1,800,trial.doublecue,1369,0
380,80817,2,1,400,trial.validspatial,786,0
380,80817,2,2,400,trial.validspatial,1700,0
380,80817,2,1,0,trial.doublecue,925,1
380,80817,2,2,400,trial.validspatial,840,1
380,80817,2,2,400,trial.invalid,808,1
380,80817,2,2,800,trial.doublecue,707,1
380,80817,1,2,400,trial.doublecue,901,1
380,80817,1,2,0,trial.validspatial,1050,1
380,80817,1,2,NaN,trial.nocue,622,1
380,80817,1,1,800,trial.invalid,843,1
380,80817,2,2,800,trial.validspatial,839,1
380,80817,2,1,800,trial.validspatial,681,1
380,80817,2,1,0,trial.validspatial,959,1
380,80817,2,2,NaN,trial.nocue,1700,0
380,80817,2,2,800,trial.validspatial,801,1
380,80817,1,1,400,trial.validspatial,1596,1
380,80817,1,2,800,trial.invalid,1125,1
380,80817,2,2,0,trial.validspatial,1202,1
380,80817,2,2,800,trial.validspatial,1123,1
380,80817,1,1,800,trial.validspatial,772,1
380,80817,2,1,NaN,trial.nocue,714,1
380,80817,1,2,NaN,trial.nocue,818,1
380,80817,1,2,800,trial.validspatial,698,1
380,80817,1,2,0,trial.validspatial,1390,1
380,80817,2,2,0,trial.invalid,951,1
380,80817,1,1,NaN,trial.nocue,1700,0
380,80817,2,2,800,trial.validspatial,1360,1
380,80817,2,1,800,trial.validspatial,701,1
380,80817,2,1,0,trial.validspatial,1107,1
380,80817,1,1,800,trial.doublecue,897,1
380,80817,2,2,800,trial.invalid,1189,1
380,80817,1,2,400,trial.validspatial,1127,1
380,80817,2,1,800,trial.validspatial,877,1
380,80817,1,2,400,trial.invalid,985,1
380,80817,1,1,800,trial.validspatial,798,1
380,80817,2,2,400,trial.doublecue,831,1
380,80817,1,1,0,trial.validspatial,856,1
380,80817,2,1,NaN,trial.nocue,889,1
380,80817,2,1,400,trial.invalid,1025,1
380,80817,1,2,800,trial.invalid,1215,1
380,80817,1,2,0,trial.doublecue,836,1
380,80817,1,1,400,trial.validspatial,949,1
380,80817,1,2,400,trial.validspatial,1293,1
380,80817,1,1,0,trial.doublecue,784,1
380,80817,1,1,0,trial.doublecue,801,1
380,80817,1,2,NaN,trial.nocue,792,1
380,80817,2,1,400,trial.doublecue,809,1
380,80817,2,2,400,trial.validspatial,680,1
380,80817,2,2,800,trial.doublecue,1137,1
380,80817,2,2,NaN,trial.nocue,722,1
380,80817,1,2,NaN,trial.nocue,1157,0
380,80817,1,2,0,trial.doublecue,1134,0
380,80817,2,1,800,trial.invalid,1102,1
380,80817,1,2,0,trial.validspatial,838,1
380,80817,1,1,0,trial.validspatial,899,1
380,80817,2,1,0,trial.validspatial,963,1
380,80817,1,1,400,trial.invalid,878,1
380,80817,1,2,800,trial.doublecue,1547,1
380,80817,2,2,0,trial.validspatial,904,1
380,80817,2,2,0,trial.invalid,689,1
380,80817,1,1,0,trial.validspatial,744,1
380,80817,1,1,400,trial.invalid,1007,1
380,80817,2,1,800,trial.validspatial,835,1
380,80817,2,2,400,trial.doublecue,1386,1
380,80817,2,1,0,trial.doublecue,781,1
380,80817,2,2,400,trial.validspatial,724,1
380,80817,1,1,NaN,trial.nocue,808,1
380,80817,2,1,0,trial.invalid,984,1
380,80817,1,2,800,trial.validspatial,927,1
380,80817,1,2,800,trial.doublecue,1042,1
380,80817,2,1,400,trial.validspatial,788,1
380,80817,1,1,800,trial.validspatial,908,1
380,80817,1,2,800,trial.validspatial,1116,1
380,80817,1,1,0,trial.validspatial,798,1
380,80817,1,2,400,trial.validspatial,1062,1
380,80817,2,1,400,trial.invalid,909,1
380,80817,2,1,0,trial.invalid,968,1
380,80817,2,2,NaN,trial.nocue,873,1
380,80817,1,1,800,trial.validspatial,866,1
380,80817,2,2,400,trial.validspatial,796,1
380,80817,2,1,NaN,trial.nocue,786,1
380,80817,1,1,400,trial.validspatial,724,1
380,80817,1,2,NaN,trial.nocue,1064,1
380,80817,1,2,0,trial.validspatial,1017,1
380,80817,1,2,800,trial.validspatial,698,1
380,80817,1,1,0,trial.validspatial,716,1
380,80817,1,1,400,trial.validspatial,755,1
380,80817,1,1,0,trial.validspatial,1262,1
380,80817,1,2,0,trial.invalid,853,1
380,80817,1,2,800,trial.validspatial,690,1
380,80817,1,2,400,trial.validspatial,1700,0
380,80817,1,2,400,trial.doublecue,930,1
380,80817,2,2,400,trial.validspatial,664,1
380,80817,2,1,400,trial.doublecue,1171,1
380,80817,2,1,0,trial.validspatial,536,1
380,80817,2,1,400,trial.validspatial,792,1
380,80817,1,2,800,trial.validspatial,973,1
380,80817,1,1,800,trial.invalid,935,1
380,80817,2,1,400,trial.validspatial,642,1
380,80817,2,1,800,trial.validspatial,621,1
380,80817,2,2,0,trial.validspatial,792,1
380,80817,1,2,0,trial.validspatial,810,1
380,80817,1,1,400,trial.validspatial,623,1
380,80817,1,1,NaN,trial.nocue,625,1
380,80817,1,2,0,trial.validspatial,789,1
380,80817,1,1,NaN,trial.nocue,959,1
380,80817,2,2,0,trial.validspatial,790,1
380,80817,2,1,800,trial.invalid,751,1
380,80817,2,2,NaN,trial.nocue,847,1
380,80817,1,2,400,trial.invalid,1185,1
380,80817,2,2,0,trial.doublecue,760,1
380,80817,1,2,NaN,trial.nocue,777,1
380,80817,1,1,400,trial.validspatial,1315,1
380,80817,1,1,800,trial.validspatial,733,1
380,80817,2,1,NaN,trial.nocue,684,1
380,80817,1,1,800,trial.doublecue,721,1
380,80817,2,2,0,trial.doublecue,1002,1
380,80817,1,1,0,trial.invalid,756,1
380,80817,1,1,0,trial.invalid,891,1
380,80817,2,1,0,trial.validspatial,691,1
380,80817,2,1,0,trial.validspatial,1200,1
380,80817,1,1,400,trial.doublecue,683,1
380,80817,2,2,800,trial.validspatial,750,1
380,80817,2,2,800,trial.validspatial,687,1
380,80817,2,2,0,trial.validspatial,765,1
380,80817,1,2,400,trial.validspatial,958,1
380,80817,2,2,800,trial.invalid,828,1
380,80817,1,2,0,trial.invalid,1206,1
380,80817,2,1,400,trial.validspatial,644,1
380,80817,2,1,400,trial.validspatial,600,1
380,80817,2,1,NaN,trial.nocue,1245,1
380,80817,2,2,NaN,trial.nocue,1051,1
380,80817,2,1,NaN,trial.nocue,542,1
380,80817,1,1,800,trial.validspatial,1315,1
380,80817,1,1,NaN,trial.nocue,687,1
380,80817,2,1,800,trial.doublecue,736,1
380,80817,2,2,NaN,trial.nocue,1034,1
380,80817,1,2,400,trial.validspatial,879,1
380,80817,1,1,400,trial.doublecue,806,1
380,80817,2,2,400,trial.invalid,1000,1
380,80817,1,1,NaN,trial.nocue,769,1
380,80817,2,1,800,trial.validspatial,695,1
380,80817,2,2,0,trial.validspatial,893,1
380,80817,2,1,800,trial.doublecue,791,1
380,80817,2,1,400,trial.validspatial,468,1
380,80817,2,2,400,trial.validspatial,893,1
380,80817,2,1,0,trial.doublecue,1027,1
380,80817,2,2,400,trial.validspatial,646,1
380,80817,2,2,400,trial.invalid,820,1
380,80817,2,2,800,trial.doublecue,681,1
380,80817,1,2,400,trial.doublecue,819,1
380,80817,1,2,0,trial.validspatial,1061,1
380,80817,1,2,NaN,trial.nocue,764,1
380,80817,1,1,800,trial.invalid,837,1
380,80817,2,2,800,trial.validspatial,838,1
380,80817,2,1,800,trial.validspatial,585,1
380,80817,2,1,0,trial.validspatial,740,1
380,80817,2,2,NaN,trial.nocue,1005,1
380,80817,2,2,800,trial.validspatial,693,1
380,80817,1,1,400,trial.validspatial,1700,0
380,80817,1,2,800,trial.invalid,1210,1
380,80817,2,2,0,trial.validspatial,983,1
380,80817,2,2,800,trial.validspatial,649,1
380,80817,1,1,800,trial.validspatial,856,1
380,80817,2,1,NaN,trial.nocue,886,1
380,80817,1,2,NaN,trial.nocue,654,1
380,80817,1,2,800,trial.validspatial,675,1
380,80817,1,2,0,trial.validspatial,769,1
380,80817,2,2,0,trial.invalid,652,1
380,80817,1,1,NaN,trial.nocue,796,1
380,80817,2,2,800,trial.validspatial,673,1
380,80817,2,1,800,trial.validspatial,741,1
380,80817,2,1,0,trial.validspatial,1132,1
380,80817,1,1,800,trial.doublecue,694,1
380,80817,2,2,800,trial.invalid,725,1
380,80817,1,2,400,trial.validspatial,621,1
380,80817,2,1,800,trial.validspatial,538,1
380,80817,1,2,400,trial.invalid,833,1
380,80817,1,1,800,trial.validspatial,840,1
380,80817,2,2,400,trial.doublecue,769,1
380,80817,1,1,0,trial.validspatial,728,1
380,80817,2,1,NaN,trial.nocue,798,1
380,80817,2,1,400,trial.invalid,1019,1
380,80817,1,2,800,trial.invalid,677,1
380,80817,1,2,0,trial.doublecue,717,1
380,80817,1,1,400,trial.validspatial,885,1
380,80817,1,2,400,trial.validspatial,762,1
380,80817,1,1,0,trial.doublecue,680,1
380,80817,1,1,0,trial.doublecue,626,1
380,80817,1,2,NaN,trial.nocue,1019,1
380,80817,2,1,400,trial.doublecue,739,1
380,80817,2,2,400,trial.validspatial,883,1
380,80817,2,2,800,trial.doublecue,1069,1
380,80817,2,2,NaN,trial.nocue,573,1
380,80817,1,2,NaN,trial.nocue,928,1
380,80817,1,2,0,trial.doublecue,1668,1
380,80817,2,1,800,trial.invalid,670,1
380,80817,1,2,0,trial.validspatial,858,1
380,80817,1,1,0,trial.validspatial,702,1
380,80817,2,1,0,trial.validspatial,1117,1
380,80817,1,1,400,trial.invalid,1264,1
380,80817,1,2,800,trial.doublecue,658,1
380,80817,2,2,0,trial.validspatial,518,1
380,80817,2,2,0,trial.invalid,551,1
380,80817,1,1,0,trial.validspatial,894,1
380,80817,1,1,400,trial.invalid,626,1
380,80817,2,1,800,trial.validspatial,845,1
380,80817,2,2,400,trial.doublecue,763,1
380,80817,2,1,0,trial.doublecue,929,1
380,80817,2,2,400,trial.validspatial,995,1
380,80817,1,1,NaN,trial.nocue,851,1
380,80817,2,1,0,trial.invalid,796,1
380,80817,1,2,800,trial.validspatial,1700,0
380,80817,1,2,800,trial.doublecue,737,1
380,80817,2,1,400,trial.validspatial,518,1
380,80817,1,1,800,trial.validspatial,816,1
380,80817,1,2,800,trial.validspatial,753,1
380,80817,1,1,0,trial.validspatial,833,1
380,80817,1,2,400,trial.validspatial,856,1
380,80817,2,1,400,trial.invalid,857,1
380,80817,2,1,0,trial.invalid,853,1
380,80817,2,2,NaN,trial.nocue,834,1
380,80817,1,1,800,trial.validspatial,680,1
380,80817,2,2,400,trial.validspatial,651,1
380,80817,2,1,NaN,trial.nocue,954,1
380,80817,1,1,400,trial.validspatial,655,1
380,80817,1,2,NaN,trial.nocue,894,1
380,80817,1,2,0,trial.validspatial,829,1
380,80817,1,2,800,trial.validspatial,569,1
380,80817,1,1,0,trial.validspatial,995,1
380,80817,1,1,400,trial.validspatial,1073,1
