subject,date,location_congruence_val,flanker_congruence_val,cue_target_interval,cue_condition,latency,values.correct
157,62917,1,1,0,trial.validspatial,1527,1
157,62917,1,2,0,trial.invalid,1050,0
157,62917,1,2,800,trial.validspatial,801,1
157,62917,1,2,400,trial.validspatial,967,0
157,62917,1,2,400,trial.doublecue,498,1
157,62917,2,2,400,trial.validspatial,675,0
157,62917,2,1,400,trial.doublecue,433,0
157,62917,2,1,0,trial.validspatial,474,0
157,62917,2,1,400,trial.validspatial,380,0
157,62917,1,2,800,trial.validspatial,372,1
157,62917,1,1,800,trial.invalid,489,1
157,62917,2,1,400,trial.validspatial,355,0
157,62917,2,1,800,trial.validspatial,452,0
157,62917,2,2,0,trial.validspatial,539,0
157,62917,1,2,0,trial.validspatial,469,1
157,62917,1,1,400,trial.validspatial,507,1
157,62917,1,1,NaN,trial.nocue,471,1
157,62917,1,2,0,trial.validspatial,443,1
157,62917,1,1,NaN,trial.nocue,555,1
157,62917,2,2,0,trial.validspatial,503,0
157,62917,2,1,800,trial.invalid,480,0
157,62917,2,2,NaN,trial.nocue,436,0
157,62917,1,2,400,trial.invalid,464,1
157,62917,2,2,0,trial.doublecue,629,0
157,62917,1,2,NaN,trial.nocue,707,1
157,62917,1,1,400,trial.validspatial,434,1
157,62917,1,1,800,trial.validspatial,475,1
157,62917,2,1,NaN,trial.nocue,584,0
157,62917,1,1,800,trial.doublecue,387,1
157,62917,2,2,0,trial.doublecue,513,0
157,62917,1,1,0,trial.invalid,489,1
157,62917,1,1,0,trial.invalid,392,1
157,62917,2,1,0,trial.validspatial,409,0
157,62917,2,1,0,trial.validspatial,437,0
157,62917,1,1,400,trial.doublecue,395,1
157,62917,2,2,800,trial.validspatial,461,0
157,62917,2,2,800,trial.validspatial,445,0
157,62917,2,2,0,trial.validspatial,501,0
157,62917,1,2,400,trial.validspatial,427,1
157,62917,2,2,800,trial.invalid,361,0
157,62917,1,2,0,trial.invalid,464,1
157,62917,2,1,400,trial.validspatial,357,0
157,62917,2,1,400,trial.validspatial,373,0
157,62917,2,1,NaN,trial.nocue,584,0
157,62917,2,2,NaN,trial.nocue,481,0
157,62917,2,1,NaN,trial.nocue,377,0
157,62917,1,1,800,trial.validspatial,456,1
157,62917,1,1,NaN,trial.nocue,522,1
157,62917,2,1,800,trial.doublecue,371,0
157,62917,2,2,NaN,trial.nocue,399,0
157,62917,1,2,400,trial.validspatial,485,1
157,62917,1,1,400,trial.doublecue,445,1
157,62917,2,2,400,trial.invalid,424,0
157,62917,1,1,NaN,trial.nocue,477,1
157,62917,2,1,800,trial.validspatial,689,0
157,62917,2,2,0,trial.validspatial,412,0
157,62917,2,1,800,trial.doublecue,421,0
157,62917,2,1,400,trial.validspatial,425,0
157,62917,2,2,400,trial.validspatial,391,0
157,62917,2,1,0,trial.doublecue,564,0
157,62917,2,2,400,trial.validspatial,522,0
157,62917,2,2,400,trial.invalid,464,0
157,62917,2,2,800,trial.doublecue,400,0
157,62917,1,2,400,trial.doublecue,459,1
157,62917,1,2,0,trial.validspatial,370,1
157,62917,1,2,NaN,trial.nocue,439,1
157,62917,1,1,800,trial.invalid,501,1
157,62917,2,2,800,trial.validspatial,712,0
157,62917,2,1,800,trial.validspatial,438,0
157,62917,2,1,0,trial.validspatial,449,0
157,62917,2,2,NaN,trial.nocue,392,0
157,62917,2,2,800,trial.validspatial,1609,0
157,62917,1,1,400,trial.validspatial,375,1
157,62917,1,2,800,trial.invalid,459,1
157,62917,2,2,0,trial.validspatial,1503,0
157,62917,2,2,800,trial.validspatial,1220,0
157,62917,1,1,800,trial.validspatial,449,1
157,62917,2,1,NaN,trial.nocue,723,0
157,62917,1,2,NaN,trial.nocue,464,1
157,62917,1,2,800,trial.validspatial,436,1
157,62917,1,2,0,trial.validspatial,1250,1
157,62917,2,2,0,trial.invalid,464,0
157,62917,1,1,NaN,trial.nocue,1555,1
157,62917,2,2,800,trial.validspatial,1700,0
157,62917,2,1,800,trial.validspatial,467,0
157,62917,2,1,0,trial.validspatial,335,0
157,62917,1,1,800,trial.doublecue,397,1
157,62917,2,2,800,trial.invalid,474,0
157,62917,1,2,400,trial.validspatial,437,1
157,62917,2,1,800,trial.validspatial,386,0
157,62917,1,2,400,trial.invalid,423,1
157,62917,1,1,800,trial.validspatial,417,1
157,62917,2,2,400,trial.doublecue,454,0
157,62917,1,1,0,trial.validspatial,340,1
157,62917,2,1,NaN,trial.nocue,499,0
157,62917,2,1,400,trial.invalid,455,0
157,62917,1,2,800,trial.invalid,440,1
157,62917,1,2,0,trial.doublecue,451,1
157,62917,1,1,400,trial.validspatial,596,1
157,62917,1,2,400,trial.validspatial,602,1
157,62917,1,1,0,trial.doublecue,382,1
157,62917,1,1,0,trial.doublecue,575,1
157,62917,1,2,NaN,trial.nocue,534,1
157,62917,2,1,400,trial.doublecue,394,0
157,62917,2,2,400,trial.validspatial,469,0
157,62917,2,2,800,trial.doublecue,637,0
157,62917,2,2,NaN,trial.nocue,439,0
157,62917,1,2,NaN,trial.nocue,392,1
157,62917,1,2,0,trial.doublecue,530,1
157,62917,2,1,800,trial.invalid,476,0
157,62917,1,2,0,trial.validspatial,648,1
157,62917,1,1,0,trial.validspatial,557,1
157,62917,2,1,0,trial.validspatial,461,0
157,62917,1,1,400,trial.invalid,427,1
157,62917,1,2,800,trial.doublecue,389,1
157,62917,2,2,0,trial.validspatial,544,0
157,62917,2,2,0,trial.invalid,462,0
157,62917,1,1,0,trial.validspatial,510,1
157,62917,1,1,400,trial.invalid,547,1
157,62917,2,1,800,trial.validspatial,539,0
157,62917,2,2,400,trial.doublecue,445,0
157,62917,2,1,0,trial.doublecue,393,0
157,62917,2,2,400,trial.validspatial,390,0
157,62917,1,1,NaN,trial.nocue,422,1
157,62917,2,1,0,trial.invalid,473,0
157,62917,1,2,800,trial.validspatial,348,1
157,62917,1,2,800,trial.doublecue,1571,1
157,62917,2,1,400,trial.validspatial,1049,0
157,62917,1,1,800,trial.validspatial,446,1
157,62917,1,2,800,trial.validspatial,288,1
157,62917,1,1,0,trial.validspatial,378,1
157,62917,1,2,400,trial.validspatial,391,1
157,62917,2,1,400,trial.invalid,399,0
157,62917,2,1,0,trial.invalid,548,0
157,62917,2,2,NaN,trial.nocue,373,0
157,62917,1,1,800,trial.validspatial,324,1
157,62917,2,2,400,trial.validspatial,399,0
157,62917,2,1,NaN,trial.nocue,400,0
157,62917,1,1,400,trial.validspatial,431,1
157,62917,1,2,NaN,trial.nocue,451,1
157,62917,1,2,0,trial.validspatial,368,1
157,62917,1,2,800,trial.validspatial,469,1
157,62917,1,1,0,trial.validspatial,642,1
157,62917,1,1,400,trial.validspatial,405,1
157,62917,1,1,0,trial.validspatial,1120,1
157,62917,1,2,0,trial.invalid,514,1
157,62917,1,2,800,trial.validspatial,374,1
157,62917,1,2,400,trial.validspatial,350,1
157,62917,1,2,400,trial.doublecue,426,1
157,62917,2,2,400,trial.validspatial,404,0
157,62917,2,1,400,trial.doublecue,419,0
157,62917,2,1,0,trial.validspatial,404,1
157,62917,2,1,400,trial.validspatial,386,0
157,62917,1,2,800,trial.validspatial,369,1
157,62917,1,1,800,trial.invalid,366,1
157,62917,2,1,400,trial.validspatial,353,0
157,62917,2,1,800,trial.validspatial,345,0
157,62917,2,2,0,trial.validspatial,394,0
157,62917,1,2,0,trial.validspatial,419,1
157,62917,1,1,400,trial.validspatial,592,1
157,62917,1,1,NaN,trial.nocue,549,1
157,62917,1,2,0,trial.validspatial,447,1
157,62917,1,1,NaN,trial.nocue,439,1
157,62917,2,2,0,trial.validspatial,424,0
157,62917,2,1,800,trial.invalid,382,0
157,62917,2,2,NaN,trial.nocue,506,0
157,62917,1,2,400,trial.invalid,690,1
157,62917,2,2,0,trial.doublecue,462,0
157,62917,1,2,NaN,trial.nocue,705,1
157,62917,1,1,400,trial.validspatial,399,1
157,62917,1,1,800,trial.validspatial,416,1
157,62917,2,1,NaN,trial.nocue,557,0
157,62917,1,1,800,trial.doublecue,345,1
157,62917,2,2,0,trial.doublecue,471,0
157,62917,1,1,0,trial.invalid,1558,1
157,62917,1,1,0,trial.invalid,880,1
157,62917,2,1,0,trial.validspatial,1700,0
157,62917,2,1,0,trial.validspatial,437,0
157,62917,1,1,400,trial.doublecue,298,1
157,62917,2,2,800,trial.validspatial,308,0
157,62917,2,2,800,trial.validspatial,340,0
157,62917,2,2,0,trial.validspatial,554,0
157,62917,1,2,400,trial.validspatial,374,1
157,62917,2,2,800,trial.invalid,380,0
157,62917,1,2,0,trial.invalid,394,1
157,62917,2,1,400,trial.validspatial,455,0
157,62917,2,1,400,trial.validspatial,367,0
157,62917,2,1,NaN,trial.nocue,514,0
157,62917,2,2,NaN,trial.nocue,473,0
157,62917,2,1,NaN,trial.nocue,400,0
157,62917,1,1,800,trial.validspatial,391,1
157,62917,1,1,NaN,trial.nocue,497,1
157,62917,2,1,800,trial.doublecue,587,0
157,62917,2,2,NaN,trial.nocue,383,0
157,62917,1,2,400,trial.validspatial,396,1
157,62917,1,1,400,trial.doublecue,429,1
157,62917,2,2,400,trial.invalid,392,0
157,62917,1,1,NaN,trial.nocue,389,1
157,62917,2,1,800,trial.validspatial,41,0
157,62917,2,2,0,trial.validspatial,494,0
157,62917,2,1,800,trial.doublecue,406,0
157,62917,2,1,400,trial.validspatial,450,0
157,62917,2,2,400,trial.validspatial,433,0
157,62917,2,1,0,trial.doublecue,534,0
157,62917,2,2,400,trial.validspatial,387,0
157,62917,2,2,400,trial.invalid,490,0
157,62917,2,2,800,trial.doublecue,361,0
157,62917,1,2,400,trial.doublecue,420,1
157,62917,1,2,0,trial.validspatial,435,1
157,62917,1,2,NaN,trial.nocue,400,1
157,62917,1,1,800,trial.invalid,47,0
157,62917,2,2,800,trial.validspatial,428,0
157,62917,2,1,800,trial.validspatial,1250,0
157,62917,2,1,0,trial.validspatial,372,0
157,62917,2,2,NaN,trial.nocue,324,0
157,62917,2,2,800,trial.validspatial,413,0
157,62917,1,1,400,trial.validspatial,1700,0
157,62917,1,2,800,trial.invalid,1388,1
157,62917,2,2,0,trial.validspatial,558,1
157,62917,2,2,800,trial.validspatial,404,1
157,62917,1,1,800,trial.validspatial,332,1
157,62917,2,1,NaN,trial.nocue,351,1
157,62917,1,2,NaN,trial.nocue,369,0
157,62917,1,2,800,trial.validspatial,409,0
157,62917,1,2,0,trial.validspatial,449,0
157,62917,2,2,0,trial.invalid,407,0
157,62917,1,1,NaN,trial.nocue,671,1
157,62917,2,2,800,trial.validspatial,386,1
157,62917,2,1,800,trial.validspatial,413,0
157,62917,2,1,0,trial.validspatial,366,0
157,62917,1,1,800,trial.doublecue,671,0
157,62917,2,2,800,trial.invalid,678,1
157,62917,1,2,400,trial.validspatial,410,1
157,62917,2,1,800,trial.validspatial,423,1
157,62917,1,2,400,trial.invalid,371,1
157,62917,1,1,800,trial.validspatial,499,1
157,62917,2,2,400,trial.doublecue,388,0
157,62917,1,1,0,trial.validspatial,403,0
157,62917,2,1,NaN,trial.nocue,574,0
157,62917,2,1,400,trial.invalid,425,1
157,62917,1,2,800,trial.invalid,430,0
157,62917,1,2,0,trial.doublecue,425,1
157,62917,1,1,400,trial.validspatial,327,1
157,62917,1,2,400,trial.validspatial,440,1
157,62917,1,1,0,trial.doublecue,373,0
157,62917,1,1,0,trial.doublecue,386,1
157,62917,1,2,NaN,trial.nocue,479,0
157,62917,2,1,400,trial.doublecue,527,1
157,62917,2,2,400,trial.validspatial,327,1
157,62917,2,2,800,trial.doublecue,496,0
157,62917,2,2,NaN,trial.nocue,436,0
157,62917,1,2,NaN,trial.nocue,353,1
157,62917,1,2,0,trial.doublecue,325,0
157,62917,2,1,800,trial.invalid,373,0
157,62917,1,2,0,trial.validspatial,453,0
157,62917,1,1,0,trial.validspatial,332,1
157,62917,2,1,0,trial.validspatial,314,0
157,62917,1,1,400,trial.invalid,425,1
157,62917,1,2,800,trial.doublecue,430,0
157,62917,2,2,0,trial.validspatial,430,0
157,62917,2,2,0,trial.invalid,712,0
157,62917,1,1,0,trial.validspatial,302,0
157,62917,1,1,400,trial.invalid,606,0
157,62917,2,1,800,trial.validspatial,361,1
157,62917,2,2,400,trial.doublecue,459,1
157,62917,2,1,0,trial.doublecue,294,0
157,62917,2,2,400,trial.validspatial,507,0
157,62917,1,1,NaN,trial.nocue,463,1
157,62917,2,1,0,trial.invalid,448,1
157,62917,1,2,800,trial.validspatial,403,0
157,62917,1,2,800,trial.doublecue,480,1
157,62917,2,1,400,trial.validspatial,332,0
157,62917,1,1,800,trial.validspatial,577,0
157,62917,1,2,800,trial.validspatial,484,0
157,62917,1,1,0,trial.validspatial,392,0
157,62917,1,2,400,trial.validspatial,326,0
157,62917,2,1,400,trial.invalid,427,0
157,62917,2,1,0,trial.invalid,326,0
157,62917,2,2,NaN,trial.nocue,357,0
157,62917,1,1,800,trial.validspatial,405,0
157,62917,2,2,400,trial.validspatial,616,1
157,62917,2,1,NaN,trial.nocue,406,1
157,62917,1,1,400,trial.validspatial,476,1
157,62917,1,2,NaN,trial.nocue,378,1
157,62917,1,2,0,trial.validspatial,423,0
157,62917,1,2,800,trial.validspatial,565,0
157,62917,1,1,0,trial.validspatial,584,0
157,62917,1,1,400,trial.validspatial,435,0
