subject,date,location_congruence_val,flanker_congruence_val,cue_target_interval,cue_condition,latency,values.correct
437,80817,1,1,0,trial.validspatial,1660,1
437,80817,1,2,0,trial.invalid,1700,0
437,80817,1,2,800,trial.validspatial,783,1
437,80817,1,2,400,trial.validspatial,862,1
437,80817,1,2,400,trial.doublecue,1177,1
437,80817,2,2,400,trial.validspatial,1532,1
437,80817,2,1,400,trial.doublecue,840,1
437,80817,2,1,0,trial.validspatial,775,1
437,80817,2,1,400,trial.validspatial,508,1
437,80817,1,2,800,trial.validspatial,607,0
437,80817,1,1,800,trial.invalid,679,1
437,80817,2,1,400,trial.validspatial,1700,0
437,80817,2,1,800,trial.validspatial,811,1
437,80817,2,2,0,trial.validspatial,1015,1
437,80817,1,2,0,trial.validspatial,631,1
437,80817,1,1,400,trial.validspatial,667,1
437,80817,1,1,NaN,trial.nocue,1281,1
437,80817,1,2,0,trial.validspatial,847,1
437,80817,1,1,NaN,trial.nocue,444,1
437,80817,2,2,0,trial.validspatial,589,1
437,80817,2,1,800,trial.invalid,742,1
437,80817,2,2,NaN,trial.nocue,884,1
437,80817,1,2,400,trial.invalid,904,1
437,80817,2,2,0,trial.doublecue,652,1
437,80817,1,2,NaN,trial.nocue,895,1
437,80817,1,1,400,trial.validspatial,671,1
437,80817,1,1,800,trial.validspatial,520,1
437,80817,2,1,NaN,trial.nocue,686,1
437,80817,1,1,800,trial.doublecue,868,1
437,80817,2,2,0,trial.doublecue,1104,0
437,80817,1,1,0,trial.invalid,1007,1
437,80817,1,1,0,trial.invalid,1137,1
437,80817,2,1,0,trial.validspatial,1389,1
437,80817,2,1,0,trial.validspatial,1367,1
437,80817,1,1,400,trial.doublecue,1384,1
437,80817,2,2,800,trial.validspatial,971,1
437,80817,2,2,800,trial.validspatial,1334,1
437,80817,2,2,0,trial.validspatial,1169,1
437,80817,1,2,400,trial.validspatial,1352,1
437,80817,2,2,800,trial.invalid,915,1
437,80817,1,2,0,trial.invalid,1024,1
437,80817,2,1,400,trial.validspatial,669,1
437,80817,2,1,400,trial.validspatial,1005,1
437,80817,2,1,NaN,trial.nocue,1700,0
437,80817,2,2,NaN,trial.nocue,1333,1
437,80817,2,1,NaN,trial.nocue,1700,0
437,80817,1,1,800,trial.validspatial,452,1
437,80817,1,1,NaN,trial.nocue,1700,0
437,80817,2,1,800,trial.doublecue,844,1
437,80817,2,2,NaN,trial.nocue,918,1
437,80817,1,2,400,trial.validspatial,666,0
437,80817,1,1,400,trial.doublecue,451,1
437,80817,2,2,400,trial.invalid,512,0
437,80817,1,1,NaN,trial.nocue,506,1
437,80817,2,1,800,trial.validspatial,479,1
437,80817,2,2,0,trial.validspatial,641,1
437,80817,2,1,800,trial.doublecue,501,1
437,80817,2,1,400,trial.validspatial,626,1
437,80817,2,2,400,trial.validspatial,624,1
437,80817,2,1,0,trial.doublecue,664,1
437,80817,2,2,400,trial.validspatial,645,1
437,80817,2,2,400,trial.invalid,640,0
437,80817,2,2,800,trial.doublecue,492,0
437,80817,1,2,400,trial.doublecue,626,0
437,80817,1,2,0,trial.validspatial,617,1
437,80817,1,2,NaN,trial.nocue,1174,1
437,80817,1,1,800,trial.invalid,507,1
437,80817,2,2,800,trial.validspatial,977,1
437,80817,2,1,800,trial.validspatial,519,1
437,80817,2,1,0,trial.validspatial,1700,0
437,80817,2,2,NaN,trial.nocue,700,1
437,80817,2,2,800,trial.validspatial,859,1
437,80817,1,1,400,trial.validspatial,1700,0
437,80817,1,2,800,trial.invalid,1700,0
437,80817,2,2,0,trial.validspatial,1700,0
437,80817,2,2,800,trial.validspatial,1700,0
437,80817,1,1,800,trial.validspatial,1700,0
437,80817,2,1,NaN,trial.nocue,1700,0
437,80817,1,2,NaN,trial.nocue,1700,0
437,80817,1,2,800,trial.validspatial,1700,0
437,80817,1,2,0,trial.validspatial,1700,0
437,80817,2,2,0,trial.invalid,1700,0
437,80817,1,1,NaN,trial.nocue,1063,1
437,80817,2,2,800,trial.validspatial,611,1
437,80817,2,1,800,trial.validspatial,490,1
437,80817,2,1,0,trial.validspatial,558,1
437,80817,1,1,800,trial.doublecue,542,1
437,80817,2,2,800,trial.invalid,471,0
437,80817,1,2,400,trial.validspatial,653,1
437,80817,2,1,800,trial.validspatial,620,1
437,80817,1,2,400,trial.invalid,722,0
437,80817,1,1,800,trial.validspatial,492,1
437,80817,2,2,400,trial.doublecue,618,0
437,80817,1,1,0,trial.validspatial,509,1
437,80817,2,1,NaN,trial.nocue,613,1
437,80817,2,1,400,trial.invalid,653,1
437,80817,1,2,800,trial.invalid,1304,1
437,80817,1,2,0,trial.doublecue,1356,1
437,80817,1,1,400,trial.validspatial,543,1
437,80817,1,2,400,trial.validspatial,531,0
437,80817,1,1,0,trial.doublecue,439,1
437,80817,1,1,0,trial.doublecue,559,1
437,80817,1,2,NaN,trial.nocue,1700,0
437,80817,2,1,400,trial.doublecue,460,1
437,80817,2,2,400,trial.validspatial,696,1
437,80817,2,2,800,trial.doublecue,405,0
437,80817,2,2,NaN,trial.nocue,518,1
437,80817,1,2,NaN,trial.nocue,591,1
437,80817,1,2,0,trial.doublecue,646,1
437,80817,2,1,800,trial.invalid,706,1
437,80817,1,2,0,trial.validspatial,679,1
437,80817,1,1,0,trial.validspatial,569,1
437,80817,2,1,0,trial.validspatial,648,1
437,80817,1,1,400,trial.invalid,614,1
437,80817,1,2,800,trial.doublecue,619,1
437,80817,2,2,0,trial.validspatial,652,1
437,80817,2,2,0,trial.invalid,1199,1
437,80817,1,1,0,trial.validspatial,586,1
437,80817,1,1,400,trial.invalid,1192,1
437,80817,2,1,800,trial.validspatial,670,1
437,80817,2,2,400,trial.doublecue,597,0
437,80817,2,1,0,trial.doublecue,787,1
437,80817,2,2,400,trial.validspatial,670,0
437,80817,1,1,NaN,trial.nocue,529,1
437,80817,2,1,0,trial.invalid,739,1
437,80817,1,2,800,trial.validspatial,589,1
437,80817,1,2,800,trial.doublecue,731,1
437,80817,2,1,400,trial.validspatial,475,1
437,80817,1,1,800,trial.validspatial,505,1
437,80817,1,2,800,trial.validspatial,589,1
437,80817,1,1,0,trial.validspatial,618,1
437,80817,1,2,400,trial.validspatial,427,0
437,80817,2,1,400,trial.invalid,678,1
437,80817,2,1,0,trial.invalid,678,1
437,80817,2,2,NaN,trial.nocue,1700,0
437,80817,1,1,800,trial.validspatial,458,1
437,80817,2,2,400,trial.validspatial,1052,1
437,80817,2,1,NaN,trial.nocue,1700,0
437,80817,1,1,400,trial.validspatial,533,1
437,80817,1,2,NaN,trial.nocue,970,1
437,80817,1,2,0,trial.validspatial,903,1
437,80817,1,2,800,trial.validspatial,529,1
437,80817,1,1,0,trial.validspatial,493,1
437,80817,1,1,400,trial.validspatial,399,1
437,80817,1,1,0,trial.validspatial,508,1
437,80817,1,2,0,trial.invalid,601,1
437,80817,1,2,800,trial.validspatial,665,0
437,80817,1,2,400,trial.validspatial,473,1
437,80817,1,2,400,trial.doublecue,717,1
437,80817,2,2,400,trial.validspatial,790,1
437,80817,2,1,400,trial.doublecue,461,1
437,80817,2,1,0,trial.validspatial,525,1
437,80817,2,1,400,trial.validspatial,482,1
437,80817,1,2,800,trial.validspatial,979,1
437,80817,1,1,800,trial.invalid,604,1
437,80817,2,1,400,trial.validspatial,532,1
437,80817,2,1,800,trial.validspatial,489,1
437,80817,2,2,0,trial.validspatial,934,1
437,80817,1,2,0,trial.validspatial,993,1
437,80817,1,1,400,trial.validspatial,448,1
437,80817,1,1,NaN,trial.nocue,694,1
437,80817,1,2,0,trial.validspatial,852,1
437,80817,1,1,NaN,trial.nocue,490,1
437,80817,2,2,0,trial.validspatial,792,1
437,80817,2,1,800,trial.invalid,707,1
437,80817,2,2,NaN,trial.nocue,1700,0
437,80817,1,2,400,trial.invalid,596,1
437,80817,2,2,0,trial.doublecue,601,1
437,80817,1,2,NaN,trial.nocue,585,0
437,80817,1,1,400,trial.validspatial,522,1
437,80817,1,1,800,trial.validspatial,604,1
437,80817,2,1,NaN,trial.nocue,587,0
437,80817,1,1,800,trial.doublecue,498,1
437,80817,2,2,0,trial.doublecue,508,0
437,80817,1,1,0,trial.invalid,615,1
437,80817,1,1,0,trial.invalid,445,1
437,80817,2,1,0,trial.validspatial,489,1
437,80817,2,1,0,trial.validspatial,516,0
437,80817,1,1,400,trial.doublecue,465,1
437,80817,2,2,800,trial.validspatial,664,0
437,80817,2,2,800,trial.validspatial,522,0
437,80817,2,2,0,trial.validspatial,602,0
437,80817,1,2,400,trial.validspatial,422,0
437,80817,2,2,800,trial.invalid,547,0
437,80817,1,2,0,trial.invalid,1016,1
437,80817,2,1,400,trial.validspatial,1100,1
437,80817,2,1,400,trial.validspatial,467,1
437,80817,2,1,NaN,trial.nocue,531,1
437,80817,2,2,NaN,trial.nocue,847,1
437,80817,2,1,NaN,trial.nocue,569,1
437,80817,1,1,800,trial.validspatial,498,1
437,80817,1,1,NaN,trial.nocue,479,1
437,80817,2,1,800,trial.doublecue,690,1
437,80817,2,2,NaN,trial.nocue,710,0
437,80817,1,2,400,trial.validspatial,621,1
437,80817,1,1,400,trial.doublecue,411,1
437,80817,2,2,400,trial.invalid,764,0
437,80817,1,1,NaN,trial.nocue,606,1
437,80817,2,1,800,trial.validspatial,459,1
437,80817,2,2,0,trial.validspatial,479,0
437,80817,2,1,800,trial.doublecue,602,1
437,80817,2,1,400,trial.validspatial,415,1
437,80817,2,2,400,trial.validspatial,358,0
437,80817,2,1,0,trial.doublecue,548,1
437,80817,2,2,400,trial.validspatial,488,1
437,80817,2,2,400,trial.invalid,1700,0
437,80817,2,2,800,trial.doublecue,529,0
437,80817,1,2,400,trial.doublecue,538,0
437,80817,1,2,0,trial.validspatial,488,1
437,80817,1,2,NaN,trial.nocue,527,0
437,80817,1,1,800,trial.invalid,1700,0
437,80817,2,2,800,trial.validspatial,609,1
437,80817,2,1,800,trial.validspatial,768,1
437,80817,2,1,0,trial.validspatial,611,1
437,80817,2,2,NaN,trial.nocue,450,0
437,80817,2,2,800,trial.validspatial,379,0
437,80817,1,1,400,trial.validspatial,1700,0
437,80817,1,2,800,trial.invalid,708,1
437,80817,2,2,0,trial.validspatial,957,1
437,80817,2,2,800,trial.validspatial,520,1
437,80817,1,1,800,trial.validspatial,700,1
437,80817,2,1,NaN,trial.nocue,733,1
437,80817,1,2,NaN,trial.nocue,491,0
437,80817,1,2,800,trial.validspatial,550,1
437,80817,1,2,0,trial.validspatial,532,1
437,80817,2,2,0,trial.invalid,1069,1
437,80817,1,1,NaN,trial.nocue,1605,1
437,80817,2,2,800,trial.validspatial,602,1
437,80817,2,1,800,trial.validspatial,487,1
437,80817,2,1,0,trial.validspatial,496,1
437,80817,1,1,800,trial.doublecue,576,1
437,80817,2,2,800,trial.invalid,733,1
437,80817,1,2,400,trial.validspatial,423,1
437,80817,2,1,800,trial.validspatial,751,1
437,80817,1,2,400,trial.invalid,750,1
437,80817,1,1,800,trial.validspatial,451,1
437,80817,2,2,400,trial.doublecue,434,1
437,80817,1,1,0,trial.validspatial,637,1
437,80817,2,1,NaN,trial.nocue,752,0
437,80817,2,1,400,trial.invalid,813,1
437,80817,1,2,800,trial.invalid,532,0
437,80817,1,2,0,trial.doublecue,478,0
437,80817,1,1,400,trial.validspatial,475,1
437,80817,1,2,400,trial.validspatial,598,1
437,80817,1,1,0,trial.doublecue,812,1
437,80817,1,1,0,trial.doublecue,719,1
437,80817,1,2,NaN,trial.nocue,599,0
437,80817,2,1,400,trial.doublecue,513,1
437,80817,2,2,400,trial.validspatial,631,1
437,80817,2,2,800,trial.doublecue,784,1
437,80817,2,2,NaN,trial.nocue,457,1
437,80817,1,2,NaN,trial.nocue,440,1
437,80817,1,2,0,trial.doublecue,450,0
437,80817,2,1,800,trial.invalid,515,0
437,80817,1,2,0,trial.validspatial,532,0
437,80817,1,1,0,trial.validspatial,467,0
437,80817,2,1,0,trial.validspatial,563,0
437,80817,1,1,400,trial.invalid,731,1
437,80817,1,2,800,trial.doublecue,431,1
437,80817,2,2,0,trial.validspatial,508,1
437,80817,2,2,0,trial.invalid,512,1
437,80817,1,1,0,trial.validspatial,873,1
437,80817,1,1,400,trial.invalid,681,1
437,80817,2,1,800,trial.validspatial,467,1
437,80817,2,2,400,trial.doublecue,458,1
437,80817,2,1,0,trial.doublecue,811,1
437,80817,2,2,400,trial.validspatial,656,1
437,80817,1,1,NaN,trial.nocue,764,1
437,80817,2,1,0,trial.invalid,551,1
437,80817,1,2,800,trial.validspatial,499,0
437,80817,1,2,800,trial.doublecue,482,1
437,80817,2,1,400,trial.validspatial,495,1
437,80817,1,1,800,trial.validspatial,784,1
437,80817,1,2,800,trial.validspatial,476,1
437,80817,1,1,0,trial.validspatial,724,1
437,80817,1,2,400,trial.validspatial,507,0
437,80817,2,1,400,trial.invalid,425,1
437,80817,2,1,0,trial.invalid,619,1
437,80817,2,2,NaN,trial.nocue,856,1
437,80817,1,1,800,trial.validspatial,661,1
437,80817,2,2,400,trial.validspatial,1301,0
437,80817,2,1,NaN,trial.nocue,936,1
437,80817,1,1,400,trial.validspatial,919,0
437,80817,1,2,NaN,trial.nocue,601,1
437,80817,1,2,0,trial.validspatial,522,0
437,80817,1,2,800,trial.validspatial,391,1
437,80817,1,1,0,trial.validspatial,592,1
437,80817,1,1,400,trial.validspatial,1642,1
