subject,date,location_congruence_val,flanker_congruence_val,cue_target_interval,cue_condition,latency,values.correct
259,113017,1,1,0,trial.validspatial,566,1
259,113017,1,2,0,trial.invalid,427,1
259,113017,1,2,800,trial.validspatial,436,1
259,113017,1,2,400,trial.validspatial,310,1
259,113017,1,2,400,trial.doublecue,763,1
259,113017,2,2,400,trial.validspatial,274,0
259,113017,2,1,400,trial.doublecue,308,0
259,113017,2,1,0,trial.validspatial,506,0
259,113017,2,1,400,trial.validspatial,343,0
259,113017,1,2,800,trial.validspatial,359,1
259,113017,1,1,800,trial.invalid,417,1
259,113017,2,1,400,trial.validspatial,323,0
259,113017,2,1,800,trial.validspatial,386,0
259,113017,2,2,0,trial.validspatial,423,0
259,113017,1,2,0,trial.validspatial,393,1
259,113017,1,1,400,trial.validspatial,313,1
259,113017,1,1,NaN,trial.nocue,410,1
259,113017,1,2,0,trial.validspatial,403,1
259,113017,1,1,NaN,trial.nocue,335,1
259,113017,2,2,0,trial.validspatial,346,0
259,113017,2,1,800,trial.invalid,380,0
259,113017,2,2,NaN,trial.nocue,351,0
259,113017,1,2,400,trial.invalid,320,1
259,113017,2,2,0,trial.doublecue,393,0
259,113017,1,2,NaN,trial.nocue,1041,1
259,113017,1,1,400,trial.validspatial,360,1
259,113017,1,1,800,trial.validspatial,400,1
259,113017,2,1,NaN,trial.nocue,461,0
259,113017,1,1,800,trial.doublecue,1299,1
259,113017,2,2,0,trial.doublecue,504,0
259,113017,1,1,0,trial.invalid,582,1
259,113017,1,1,0,trial.invalid,421,1
259,113017,2,1,0,trial.validspatial,395,0
259,113017,2,1,0,trial.validspatial,408,0
259,113017,1,1,400,trial.doublecue,303,1
259,113017,2,2,800,trial.validspatial,359,0
259,113017,2,2,800,trial.validspatial,380,0
259,113017,2,2,0,trial.validspatial,448,0
259,113017,1,2,400,trial.validspatial,359,1
259,113017,2,2,800,trial.invalid,409,0
259,113017,1,2,0,trial.invalid,663,1
259,113017,2,1,400,trial.validspatial,291,0
259,113017,2,1,400,trial.validspatial,336,0
259,113017,2,1,NaN,trial.nocue,618,0
259,113017,2,2,NaN,trial.nocue,451,0
259,113017,2,1,NaN,trial.nocue,398,0
259,113017,1,1,800,trial.validspatial,301,1
259,113017,1,1,NaN,trial.nocue,1324,1
259,113017,2,1,800,trial.doublecue,364,0
259,113017,2,2,NaN,trial.nocue,424,0
259,113017,1,2,400,trial.validspatial,368,1
259,113017,1,1,400,trial.doublecue,303,1
259,113017,2,2,400,trial.invalid,312,0
259,113017,1,1,NaN,trial.nocue,579,1
259,113017,2,1,800,trial.validspatial,1106,0
259,113017,2,2,0,trial.validspatial,390,0
259,113017,2,1,800,trial.doublecue,359,0
259,113017,2,1,400,trial.validspatial,328,0
259,113017,2,2,400,trial.validspatial,317,0
259,113017,2,1,0,trial.doublecue,474,0
259,113017,2,2,400,trial.validspatial,272,0
259,113017,2,2,400,trial.invalid,384,0
259,113017,2,2,800,trial.doublecue,335,0
259,113017,1,2,400,trial.doublecue,366,1
259,113017,1,2,0,trial.validspatial,1198,1
259,113017,1,2,NaN,trial.nocue,403,1
259,113017,1,1,800,trial.invalid,416,1
259,113017,2,2,800,trial.validspatial,313,0
259,113017,2,1,800,trial.validspatial,307,0
259,113017,2,1,0,trial.validspatial,404,0
259,113017,2,2,NaN,trial.nocue,478,0
259,113017,2,2,800,trial.validspatial,311,0
259,113017,1,1,400,trial.validspatial,967,1
259,113017,1,2,800,trial.invalid,1068,1
259,113017,2,2,0,trial.validspatial,402,0
259,113017,2,2,800,trial.validspatial,1034,0
259,113017,1,1,800,trial.validspatial,890,1
259,113017,2,1,NaN,trial.nocue,1352,0
259,113017,1,2,NaN,trial.nocue,1153,1
259,113017,1,2,800,trial.validspatial,1096,1
259,113017,1,2,0,trial.validspatial,493,1
259,113017,2,2,0,trial.invalid,234,1
259,113017,1,1,NaN,trial.nocue,436,1
259,113017,2,2,800,trial.validspatial,761,0
259,113017,2,1,800,trial.validspatial,1700,0
259,113017,2,1,0,trial.validspatial,205,0
259,113017,1,1,800,trial.doublecue,342,1
259,113017,2,2,800,trial.invalid,324,0
259,113017,1,2,400,trial.validspatial,255,1
259,113017,2,1,800,trial.validspatial,311,0
259,113017,1,2,400,trial.invalid,371,1
259,113017,1,1,800,trial.validspatial,268,1
259,113017,2,2,400,trial.doublecue,330,0
259,113017,1,1,0,trial.validspatial,959,1
259,113017,2,1,NaN,trial.nocue,1388,0
259,113017,2,1,400,trial.invalid,369,0
259,113017,1,2,800,trial.invalid,318,1
259,113017,1,2,0,trial.doublecue,414,1
259,113017,1,1,400,trial.validspatial,268,1
259,113017,1,2,400,trial.validspatial,272,1
259,113017,1,1,0,trial.doublecue,455,1
259,113017,1,1,0,trial.doublecue,376,1
259,113017,1,2,NaN,trial.nocue,504,1
259,113017,2,1,400,trial.doublecue,305,0
259,113017,2,2,400,trial.validspatial,248,0
259,113017,2,2,800,trial.doublecue,290,0
259,113017,2,2,NaN,trial.nocue,396,0
259,113017,1,2,NaN,trial.nocue,395,1
259,113017,1,2,0,trial.doublecue,1001,1
259,113017,2,1,800,trial.invalid,314,0
259,113017,1,2,0,trial.validspatial,434,1
259,113017,1,1,0,trial.validspatial,396,1
259,113017,2,1,0,trial.validspatial,377,0
259,113017,1,1,400,trial.invalid,319,1
259,113017,1,2,800,trial.doublecue,330,1
259,113017,2,2,0,trial.validspatial,416,0
259,113017,2,2,0,trial.invalid,393,0
259,113017,1,1,0,trial.validspatial,388,1
259,113017,1,1,400,trial.invalid,341,1
259,113017,2,1,800,trial.validspatial,327,0
259,113017,2,2,400,trial.doublecue,874,0
259,113017,2,1,0,trial.doublecue,385,0
259,113017,2,2,400,trial.validspatial,330,0
259,113017,1,1,NaN,trial.nocue,428,1
259,113017,2,1,0,trial.invalid,501,0
259,113017,1,2,800,trial.validspatial,356,1
259,113017,1,2,800,trial.doublecue,368,1
259,113017,2,1,400,trial.validspatial,282,0
259,113017,1,1,800,trial.validspatial,275,1
259,113017,1,2,800,trial.validspatial,303,1
259,113017,1,1,0,trial.validspatial,574,1
259,113017,1,2,400,trial.validspatial,296,1
259,113017,2,1,400,trial.invalid,341,0
259,113017,2,1,0,trial.invalid,442,0
259,113017,2,2,NaN,trial.nocue,390,0
259,113017,1,1,800,trial.validspatial,317,1
259,113017,2,2,400,trial.validspatial,302,0
259,113017,2,1,NaN,trial.nocue,399,0
259,113017,1,1,400,trial.validspatial,284,1
259,113017,1,2,NaN,trial.nocue,363,1
259,113017,1,2,0,trial.validspatial,1141,1
259,113017,1,2,800,trial.validspatial,368,1
259,113017,1,1,0,trial.validspatial,417,1
259,113017,1,1,400,trial.validspatial,326,1
259,113017,1,1,0,trial.validspatial,1103,1
259,113017,1,2,0,trial.invalid,1404,1
259,113017,1,2,800,trial.validspatial,921,1
259,113017,1,2,400,trial.validspatial,977,1
259,113017,1,2,400,trial.doublecue,1193,1
259,113017,2,2,400,trial.validspatial,846,0
259,113017,2,1,400,trial.doublecue,920,0
259,113017,2,1,0,trial.validspatial,435,0
259,113017,2,1,400,trial.validspatial,323,0
259,113017,1,2,800,trial.validspatial,265,1
259,113017,1,1,800,trial.invalid,394,1
259,113017,2,1,400,trial.validspatial,319,0
259,113017,2,1,800,trial.validspatial,282,0
259,113017,2,2,0,trial.validspatial,323,0
259,113017,1,2,0,trial.validspatial,325,1
259,113017,1,1,400,trial.validspatial,265,1
259,113017,1,1,NaN,trial.nocue,396,1
259,113017,1,2,0,trial.validspatial,346,1
259,113017,1,1,NaN,trial.nocue,376,1
259,113017,2,2,0,trial.validspatial,336,0
259,113017,2,1,800,trial.invalid,363,0
259,113017,2,2,NaN,trial.nocue,1303,0
259,113017,1,2,400,trial.invalid,1165,1
259,113017,2,2,0,trial.doublecue,388,0
259,113017,1,2,NaN,trial.nocue,409,1
259,113017,1,1,400,trial.validspatial,324,1
259,113017,1,1,800,trial.validspatial,378,1
259,113017,2,1,NaN,trial.nocue,445,0
259,113017,1,1,800,trial.doublecue,284,1
259,113017,2,2,0,trial.doublecue,1700,0
259,113017,1,1,0,trial.invalid,482,1
259,113017,1,1,0,trial.invalid,384,1
259,113017,2,1,0,trial.validspatial,381,0
259,113017,2,1,0,trial.validspatial,326,0
259,113017,1,1,400,trial.doublecue,303,1
259,113017,2,2,800,trial.validspatial,308,0
259,113017,2,2,800,trial.validspatial,324,0
259,113017,2,2,0,trial.validspatial,508,0
259,113017,1,2,400,trial.validspatial,320,1
259,113017,2,2,800,trial.invalid,306,0
259,113017,1,2,0,trial.invalid,1700,0
259,113017,2,1,400,trial.validspatial,320,0
259,113017,2,1,400,trial.validspatial,289,0
259,113017,2,1,NaN,trial.nocue,613,0
259,113017,2,2,NaN,trial.nocue,412,0
259,113017,2,1,NaN,trial.nocue,581,0
259,113017,1,1,800,trial.validspatial,333,1
259,113017,1,1,NaN,trial.nocue,446,1
259,113017,2,1,800,trial.doublecue,366,0
259,113017,2,2,NaN,trial.nocue,382,0
259,113017,1,2,400,trial.validspatial,479,1
259,113017,1,1,400,trial.doublecue,366,1
259,113017,2,2,400,trial.invalid,343,0
259,113017,1,1,NaN,trial.nocue,341,1
259,113017,2,1,800,trial.validspatial,318,0
259,113017,2,2,0,trial.validspatial,383,0
259,113017,2,1,800,trial.doublecue,382,0
259,113017,2,1,400,trial.validspatial,351,0
259,113017,2,2,400,trial.validspatial,298,0
259,113017,2,1,0,trial.doublecue,1195,0
259,113017,2,2,400,trial.validspatial,1066,0
259,113017,2,2,400,trial.invalid,1332,0
259,113017,2,2,800,trial.doublecue,982,0
259,113017,1,2,400,trial.doublecue,1213,1
259,113017,1,2,0,trial.validspatial,1107,1
259,113017,1,2,NaN,trial.nocue,531,1
259,113017,1,1,800,trial.invalid,969,1
259,113017,2,2,800,trial.validspatial,439,0
259,113017,2,1,800,trial.validspatial,291,0
259,113017,2,1,0,trial.validspatial,477,0
259,113017,2,2,NaN,trial.nocue,415,0
259,113017,2,2,800,trial.validspatial,1610,0
259,113017,1,1,400,trial.validspatial,1700,0
259,113017,1,2,800,trial.invalid,1108,1
259,113017,2,2,0,trial.validspatial,1700,0
259,113017,2,2,800,trial.validspatial,979,1
259,113017,1,1,800,trial.validspatial,1700,0
259,113017,2,1,NaN,trial.nocue,358,1
259,113017,1,2,NaN,trial.nocue,1051,0
259,113017,1,2,800,trial.validspatial,1000,0
259,113017,1,2,0,trial.validspatial,414,0
259,113017,2,2,0,trial.invalid,379,0
259,113017,1,1,NaN,trial.nocue,291,1
259,113017,2,2,800,trial.validspatial,1075,1
259,113017,2,1,800,trial.validspatial,319,0
259,113017,2,1,0,trial.validspatial,294,0
259,113017,1,1,800,trial.doublecue,393,0
259,113017,2,2,800,trial.invalid,317,1
259,113017,1,2,400,trial.validspatial,285,1
259,113017,2,1,800,trial.validspatial,389,1
259,113017,1,2,400,trial.invalid,932,1
259,113017,1,1,800,trial.validspatial,287,1
259,113017,2,2,400,trial.doublecue,317,0
259,113017,1,1,0,trial.validspatial,354,0
259,113017,2,1,NaN,trial.nocue,411,0
259,113017,2,1,400,trial.invalid,401,1
259,113017,1,2,800,trial.invalid,385,0
259,113017,1,2,0,trial.doublecue,345,1
259,113017,1,1,400,trial.validspatial,448,1
259,113017,1,2,400,trial.validspatial,419,1
259,113017,1,1,0,trial.doublecue,400,0
259,113017,1,1,0,trial.doublecue,394,1
259,113017,1,2,NaN,trial.nocue,468,0
259,113017,2,1,400,trial.doublecue,430,1
259,113017,2,2,400,trial.validspatial,1700,0
259,113017,2,2,800,trial.doublecue,511,0
259,113017,2,2,NaN,trial.nocue,354,0
259,113017,1,2,NaN,trial.nocue,920,1
259,113017,1,2,0,trial.doublecue,334,0
259,113017,2,1,800,trial.invalid,375,0
259,113017,1,2,0,trial.validspatial,470,0
259,113017,1,1,0,trial.validspatial,318,1
259,113017,2,1,0,trial.validspatial,892,0
259,113017,1,1,400,trial.invalid,411,1
259,113017,1,2,800,trial.doublecue,300,0
259,113017,2,2,0,trial.validspatial,325,0
259,113017,2,2,0,trial.invalid,609,0
259,113017,1,1,0,trial.validspatial,456,0
259,113017,1,1,400,trial.invalid,342,0
259,113017,2,1,800,trial.validspatial,298,1
259,113017,2,2,400,trial.doublecue,395,1
259,113017,2,1,0,trial.doublecue,355,0
259,113017,2,2,400,trial.validspatial,384,0
259,113017,1,1,NaN,trial.nocue,344,1
259,113017,2,1,0,trial.invalid,297,1
259,113017,1,2,800,trial.validspatial,434,0
259,113017,1,2,800,trial.doublecue,325,1
259,113017,2,1,400,trial.validspatial,335,0
259,113017,1,1,800,trial.validspatial,388,0
259,113017,1,2,800,trial.validspatial,344,0
259,113017,1,1,0,trial.validspatial,298,0
259,113017,1,2,400,trial.validspatial,307,0
259,113017,2,1,400,trial.invalid,409,0
259,113017,2,1,0,trial.invalid,279,0
259,113017,2,2,NaN,trial.nocue,332,0
259,113017,1,1,800,trial.validspatial,339,0
259,113017,2,2,400,trial.validspatial,359,1
259,113017,2,1,NaN,trial.nocue,424,1
259,113017,1,1,400,trial.validspatial,460,1
259,113017,1,2,NaN,trial.nocue,388,1
259,113017,1,2,0,trial.validspatial,272,0
259,113017,1,2,800,trial.validspatial,296,0
259,113017,1,1,0,trial.validspatial,395,0
259,113017,1,1,400,trial.validspatial,359,0
