subject,date,location_congruence_val,flanker_congruence_val,cue_target_interval,cue_condition,latency,values.correct
122,110517,1,1,0,trial.validspatial,647,1
122,110517,1,2,0,trial.invalid,708,0
122,110517,1,2,800,trial.validspatial,608,1
122,110517,1,2,400,trial.validspatial,593,1
122,110517,1,2,400,trial.doublecue,855,0
122,110517,2,2,400,trial.validspatial,508,0
122,110517,2,1,400,trial.doublecue,493,1
122,110517,2,1,0,trial.validspatial,615,1
122,110517,2,1,400,trial.validspatial,436,1
122,110517,1,2,800,trial.validspatial,600,1
122,110517,1,1,800,trial.invalid,638,1
122,110517,2,1,400,trial.validspatial,474,1
122,110517,2,1,800,trial.validspatial,439,1
122,110517,2,2,0,trial.validspatial,783,1
122,110517,1,2,0,trial.validspatial,670,1
122,110517,1,1,400,trial.validspatial,583,1
122,110517,1,1,NaN,trial.nocue,518,1
122,110517,1,2,0,trial.validspatial,793,1
122,110517,1,1,NaN,trial.nocue,752,1
122,110517,2,2,0,trial.validspatial,655,1
122,110517,2,1,800,trial.invalid,607,1
122,110517,2,2,NaN,trial.nocue,704,1
122,110517,1,2,400,trial.invalid,816,1
122,110517,2,2,0,trial.doublecue,613,1
122,110517,1,2,NaN,trial.nocue,745,1
122,110517,1,1,400,trial.validspatial,513,1
122,110517,1,1,800,trial.validspatial,470,1
122,110517,2,1,NaN,trial.nocue,797,1
122,110517,1,1,800,trial.doublecue,565,1
122,110517,2,2,0,trial.doublecue,633,1
122,110517,1,1,0,trial.invalid,777,1
122,110517,1,1,0,trial.invalid,502,1
122,110517,2,1,0,trial.validspatial,602,1
122,110517,2,1,0,trial.validspatial,542,1
122,110517,1,1,400,trial.doublecue,545,1
122,110517,2,2,800,trial.validspatial,600,1
122,110517,2,2,800,trial.validspatial,570,1
122,110517,2,2,0,trial.validspatial,608,1
122,110517,1,2,400,trial.validspatial,570,1
122,110517,2,2,800,trial.invalid,699,1
122,110517,1,2,0,trial.invalid,904,1
122,110517,2,1,400,trial.validspatial,573,1
122,110517,2,1,400,trial.validspatial,567,1
122,110517,2,1,NaN,trial.nocue,625,1
122,110517,2,2,NaN,trial.nocue,753,1
122,110517,2,1,NaN,trial.nocue,553,1
122,110517,1,1,800,trial.validspatial,705,1
122,110517,1,1,NaN,trial.nocue,556,1
122,110517,2,1,800,trial.doublecue,560,1
122,110517,2,2,NaN,trial.nocue,816,1
122,110517,1,2,400,trial.validspatial,621,1
122,110517,1,1,400,trial.doublecue,561,1
122,110517,2,2,400,trial.invalid,718,1
122,110517,1,1,NaN,trial.nocue,951,1
122,110517,2,1,800,trial.validspatial,685,1
122,110517,2,2,0,trial.validspatial,665,1
122,110517,2,1,800,trial.doublecue,630,1
122,110517,2,1,400,trial.validspatial,531,1
122,110517,2,2,400,trial.validspatial,612,1
122,110517,2,1,0,trial.doublecue,569,1
122,110517,2,2,400,trial.validspatial,678,1
122,110517,2,2,400,trial.invalid,886,1
122,110517,2,2,800,trial.doublecue,729,1
122,110517,1,2,400,trial.doublecue,733,1
122,110517,1,2,0,trial.validspatial,627,1
122,110517,1,2,NaN,trial.nocue,600,1
122,110517,1,1,800,trial.invalid,785,1
122,110517,2,2,800,trial.validspatial,656,1
122,110517,2,1,800,trial.validspatial,528,1
122,110517,2,1,0,trial.validspatial,570,1
122,110517,2,2,NaN,trial.nocue,753,1
122,110517,2,2,800,trial.validspatial,589,1
122,110517,1,1,400,trial.validspatial,546,1
122,110517,1,2,800,trial.invalid,746,1
122,110517,2,2,0,trial.validspatial,741,1
122,110517,2,2,800,trial.validspatial,647,1
122,110517,1,1,800,trial.validspatial,710,1
122,110517,2,1,NaN,trial.nocue,625,1
122,110517,1,2,NaN,trial.nocue,721,1
122,110517,1,2,800,trial.validspatial,672,1
122,110517,1,2,0,trial.validspatial,709,1
122,110517,2,2,0,trial.invalid,716,1
122,110517,1,1,NaN,trial.nocue,746,1
122,110517,2,2,800,trial.validspatial,576,1
122,110517,2,1,800,trial.validspatial,547,1
122,110517,2,1,0,trial.validspatial,534,1
122,110517,1,1,800,trial.doublecue,531,1
122,110517,2,2,800,trial.invalid,433,0
122,110517,1,2,400,trial.validspatial,582,1
122,110517,2,1,800,trial.validspatial,478,1
122,110517,1,2,400,trial.invalid,789,1
122,110517,1,1,800,trial.validspatial,547,1
122,110517,2,2,400,trial.doublecue,712,1
122,110517,1,1,0,trial.validspatial,534,1
122,110517,2,1,NaN,trial.nocue,525,1
122,110517,2,1,400,trial.invalid,658,1
122,110517,1,2,800,trial.invalid,782,1
122,110517,1,2,0,trial.doublecue,567,1
122,110517,1,1,400,trial.validspatial,497,1
122,110517,1,2,400,trial.validspatial,737,1
122,110517,1,1,0,trial.doublecue,559,1
122,110517,1,1,0,trial.doublecue,534,1
122,110517,1,2,NaN,trial.nocue,846,1
122,110517,2,1,400,trial.doublecue,457,1
122,110517,2,2,400,trial.validspatial,662,1
122,110517,2,2,800,trial.doublecue,642,1
122,110517,2,2,NaN,trial.nocue,784,1
122,110517,1,2,NaN,trial.nocue,737,1
122,110517,1,2,0,trial.doublecue,756,1
122,110517,2,1,800,trial.invalid,646,1
122,110517,1,2,0,trial.validspatial,721,1
122,110517,1,1,0,trial.validspatial,620,1
122,110517,2,1,0,trial.validspatial,625,1
122,110517,1,1,400,trial.invalid,738,1
122,110517,1,2,800,trial.doublecue,631,1
122,110517,2,2,0,trial.validspatial,650,1
122,110517,2,2,0,trial.invalid,935,1
122,110517,1,1,0,trial.validspatial,772,1
122,110517,1,1,400,trial.invalid,632,1
122,110517,2,1,800,trial.validspatial,597,1
122,110517,2,2,400,trial.doublecue,657,1
122,110517,2,1,0,trial.doublecue,548,1
122,110517,2,2,400,trial.validspatial,592,1
122,110517,1,1,NaN,trial.nocue,643,1
122,110517,2,1,0,trial.invalid,686,1
122,110517,1,2,800,trial.validspatial,656,1
122,110517,1,2,800,trial.doublecue,802,1
122,110517,2,1,400,trial.validspatial,546,1
122,110517,1,1,800,trial.validspatial,642,1
122,110517,1,2,800,trial.validspatial,630,1
122,110517,1,1,0,trial.validspatial,638,1
122,110517,1,2,400,trial.validspatial,614,1
122,110517,2,1,400,trial.invalid,680,1
122,110517,2,1,0,trial.invalid,605,1
122,110517,2,2,NaN,trial.nocue,829,1
122,110517,1,1,800,trial.validspatial,606,1
122,110517,2,2,400,trial.validspatial,609,1
122,110517,2,1,NaN,trial.nocue,907,1
122,110517,1,1,400,trial.validspatial,581,1
122,110517,1,2,NaN,trial.nocue,980,1
122,110517,1,2,0,trial.validspatial,735,1
122,110517,1,2,800,trial.validspatial,565,1
122,110517,1,1,0,trial.validspatial,569,1
122,110517,1,1,400,trial.validspatial,503,1
122,110517,1,1,0,trial.validspatial,512,1
122,110517,1,2,0,trial.invalid,723,0
122,110517,1,2,800,trial.validspatial,654,1
122,110517,1,2,400,trial.validspatial,702,1
122,110517,1,2,400,trial.doublecue,845,1
122,110517,2,2,400,trial.validspatial,689,1
122,110517,2,1,400,trial.doublecue,619,1
122,110517,2,1,0,trial.validspatial,612,1
122,110517,2,1,400,trial.validspatial,501,1
122,110517,1,2,800,trial.validspatial,655,1
122,110517,1,1,800,trial.invalid,590,1
122,110517,2,1,400,trial.validspatial,553,1
122,110517,2,1,800,trial.validspatial,574,1
122,110517,2,2,0,trial.validspatial,685,1
122,110517,1,2,0,trial.validspatial,841,1
122,110517,1,1,400,trial.validspatial,629,1
122,110517,1,1,NaN,trial.nocue,653,1
122,110517,1,2,0,trial.validspatial,784,1
122,110517,1,1,NaN,trial.nocue,582,1
122,110517,2,2,0,trial.validspatial,726,1
122,110517,2,1,800,trial.invalid,588,1
122,110517,2,2,NaN,trial.nocue,766,1
122,110517,1,2,400,trial.invalid,894,1
122,110517,2,2,0,trial.doublecue,747,1
122,110517,1,2,NaN,trial.nocue,758,1
122,110517,1,1,400,trial.validspatial,550,1
122,110517,1,1,800,trial.validspatial,499,1
122,110517,2,1,NaN,trial.nocue,594,1
122,110517,1,1,800,trial.doublecue,553,1
122,110517,2,2,0,trial.doublecue,765,1
122,110517,1,1,0,trial.invalid,634,1
122,110517,1,1,0,trial.invalid,529,1
122,110517,2,1,0,trial.validspatial,704,1
122,110517,2,1,0,trial.validspatial,567,1
122,110517,1,1,400,trial.doublecue,548,1
122,110517,2,2,800,trial.validspatial,611,1
122,110517,2,2,800,trial.validspatial,566,1
122,110517,2,2,0,trial.validspatial,652,1
122,110517,1,2,400,trial.validspatial,695,1
122,110517,2,2,800,trial.invalid,680,1
122,110517,1,2,0,trial.invalid,805,1
122,110517,2,1,400,trial.validspatial,563,1
122,110517,2,1,400,trial.validspatial,573,1
122,110517,2,1,NaN,trial.nocue,575,1
122,110517,2,2,NaN,trial.nocue,917,1
122,110517,2,1,NaN,trial.nocue,573,1
122,110517,1,1,800,trial.validspatial,525,1
122,110517,1,1,NaN,trial.nocue,585,1
122,110517,2,1,800,trial.doublecue,605,1
122,110517,2,2,NaN,trial.nocue,524,0
122,110517,1,2,400,trial.validspatial,682,1
122,110517,1,1,400,trial.doublecue,573,1
122,110517,2,2,400,trial.invalid,698,1
122,110517,1,1,NaN,trial.nocue,771,1
122,110517,2,1,800,trial.validspatial,577,1
122,110517,2,2,0,trial.validspatial,725,1
122,110517,2,1,800,trial.doublecue,565,1
122,110517,2,1,400,trial.validspatial,538,1
122,110517,2,2,400,trial.validspatial,595,1
122,110517,2,1,0,trial.doublecue,545,1
122,110517,2,2,400,trial.validspatial,684,1
122,110517,2,2,400,trial.invalid,804,1
122,110517,2,2,800,trial.doublecue,760,1
122,110517,1,2,400,trial.doublecue,627,1
122,110517,1,2,0,trial.validspatial,681,1
122,110517,1,2,NaN,trial.nocue,753,1
122,110517,1,1,800,trial.invalid,888,1
122,110517,2,2,800,trial.validspatial,622,1
122,110517,2,1,800,trial.validspatial,527,1
122,110517,2,1,0,trial.validspatial,736,1
122,110517,2,2,NaN,trial.nocue,830,1
122,110517,2,2,800,trial.validspatial,794,1
122,110517,1,1,400,trial.validspatial,1700,0
122,110517,1,2,800,trial.invalid,534,1
122,110517,2,2,0,trial.validspatial,826,1
122,110517,2,2,800,trial.validspatial,639,1
122,110517,1,1,800,trial.validspatial,567,1
122,110517,2,1,NaN,trial.nocue,781,1
122,110517,1,2,NaN,trial.nocue,697,1
122,110517,1,2,800,trial.validspatial,579,1
122,110517,1,2,0,trial.validspatial,652,1
122,110517,2,2,0,trial.invalid,542,1
122,110517,1,1,NaN,trial.nocue,616,1
122,110517,2,2,800,trial.validspatial,607,1
122,110517,2,1,800,trial.validspatial,539,1
122,110517,2,1,0,trial.validspatial,528,1
122,110517,1,1,800,trial.doublecue,655,1
122,110517,2,2,800,trial.invalid,809,1
122,110517,1,2,400,trial.validspatial,661,1
122,110517,2,1,800,trial.validspatial,669,1
122,110517,1,2,400,trial.invalid,648,0
122,110517,1,1,800,trial.validspatial,626,1
122,110517,2,2,400,trial.doublecue,684,1
122,110517,1,1,0,trial.validspatial,649,1
122,110517,2,1,NaN,trial.nocue,724,1
122,110517,2,1,400,trial.invalid,882,1
122,110517,1,2,800,trial.invalid,695,1
122,110517,1,2,0,trial.doublecue,857,1
122,110517,1,1,400,trial.validspatial,576,1
122,110517,1,2,400,trial.validspatial,532,1
122,110517,1,1,0,trial.doublecue,619,1
122,110517,1,1,0,trial.doublecue,578,1
122,110517,1,2,NaN,trial.nocue,718,1
122,110517,2,1,400,trial.doublecue,682,1
122,110517,2,2,400,trial.validspatial,611,1
122,110517,2,2,800,trial.doublecue,565,1
122,110517,2,2,NaN,trial.nocue,615,1
122,110517,1,2,NaN,trial.nocue,590,1
122,110517,1,2,0,trial.doublecue,573,1
122,110517,2,1,800,trial.invalid,575,1
122,110517,1,2,0,trial.validspatial,590,1
122,110517,1,1,0,trial.validspatial,598,1
122,110517,2,1,0,trial.validspatial,664,1
122,110517,1,1,400,trial.invalid,836,1
122,110517,1,2,800,trial.doublecue,553,1
122,110517,2,2,0,trial.validspatial,540,1
122,110517,2,2,0,trial.invalid,541,1
122,110517,1,1,0,trial.validspatial,1186,1
122,110517,1,1,400,trial.invalid,555,1
122,110517,2,1,800,trial.validspatial,498,1
122,110517,2,2,400,trial.doublecue,606,1
122,110517,2,1,0,trial.doublecue,578,1
122,110517,2,2,400,trial.validspatial,722,1
122,110517,1,1,NaN,trial.nocue,663,0
122,110517,2,1,0,trial.invalid,755,1
122,110517,1,2,800,trial.validspatial,848,1
122,110517,1,2,800,trial.doublecue,673,1
122,110517,2,1,400,trial.validspatial,583,1
122,110517,1,1,800,trial.validspatial,731,1
122,110517,1,2,800,trial.validspatial,547,1
122,110517,1,1,0,trial.validspatial,720,1
122,110517,1,2,400,trial.validspatial,602,1
122,110517,2,1,400,trial.invalid,583,1
122,110517,2,1,0,trial.invalid,508,0
122,110517,2,2,NaN,trial.nocue,947,1
122,110517,1,1,800,trial.validspatial,631,1
122,110517,2,2,400,trial.validspatial,794,1
122,110517,2,1,NaN,trial.nocue,729,1
122,110517,1,1,400,trial.validspatial,810,1
122,110517,1,2,NaN,trial.nocue,666,1
122,110517,1,2,0,trial.validspatial,737,1
122,110517,1,2,800,trial.validspatial,514,1
122,110517,1,1,0,trial.validspatial,899,1
122,110517,1,1,400,trial.validspatial,665,1
