subject,date,location_congruence_val,flanker_congruence_val,cue_target_interval,cue_condition,latency,values.correct
56,102417,1,1,0,trial.validspatial,1700,0
56,102417,1,2,0,trial.invalid,211,0
56,102417,1,2,800,trial.validspatial,1700,0
56,102417,1,2,400,trial.validspatial,1338,1
56,102417,1,2,400,trial.doublecue,1301,1
56,102417,2,2,400,trial.validspatial,971,1
56,102417,2,1,400,trial.doublecue,899,1
56,102417,2,1,0,trial.validspatial,890,1
56,102417,2,1,400,trial.validspatial,576,1
56,102417,1,2,800,trial.validspatial,846,1
56,102417,1,1,800,trial.invalid,909,1
56,102417,2,1,400,trial.validspatial,899,1
56,102417,2,1,800,trial.validspatial,866,1
56,102417,2,2,0,trial.validspatial,882,1
56,102417,1,2,0,trial.validspatial,887,1
56,102417,1,1,400,trial.validspatial,837,1
56,102417,1,1,NaN,trial.nocue,908,1
56,102417,1,2,0,trial.validspatial,1077,1
56,102417,1,1,NaN,trial.nocue,867,1
56,102417,2,2,0,trial.validspatial,855,1
56,102417,2,1,800,trial.invalid,798,1
56,102417,2,2,NaN,trial.nocue,1104,1
56,102417,1,2,400,trial.invalid,824,1
56,102417,2,2,0,trial.doublecue,829,1
56,102417,1,2,NaN,trial.nocue,1002,1
56,102417,1,1,400,trial.validspatial,664,1
56,102417,1,1,800,trial.validspatial,717,1
56,102417,2,1,NaN,trial.nocue,858,1
56,102417,1,1,800,trial.doublecue,706,1
56,102417,2,2,0,trial.doublecue,770,1
56,102417,1,1,0,trial.invalid,730,1
56,102417,1,1,0,trial.invalid,672,1
56,102417,2,1,0,trial.validspatial,565,1
56,102417,2,1,0,trial.validspatial,738,1
56,102417,1,1,400,trial.doublecue,662,1
56,102417,2,2,800,trial.validspatial,789,1
56,102417,2,2,800,trial.validspatial,635,1
56,102417,2,2,0,trial.validspatial,664,1
56,102417,1,2,400,trial.validspatial,680,1
56,102417,2,2,800,trial.invalid,861,1
56,102417,1,2,0,trial.invalid,836,1
56,102417,2,1,400,trial.validspatial,541,1
56,102417,2,1,400,trial.validspatial,625,1
56,102417,2,1,NaN,trial.nocue,705,1
56,102417,2,2,NaN,trial.nocue,744,1
56,102417,2,1,NaN,trial.nocue,799,1
56,102417,1,1,800,trial.validspatial,528,1
56,102417,1,1,NaN,trial.nocue,565,1
56,102417,2,1,800,trial.doublecue,565,1
56,102417,2,2,NaN,trial.nocue,823,1
56,102417,1,2,400,trial.validspatial,679,1
56,102417,1,1,400,trial.doublecue,845,1
56,102417,2,2,400,trial.invalid,1060,1
56,102417,1,1,NaN,trial.nocue,639,1
56,102417,2,1,800,trial.validspatial,509,1
56,102417,2,2,0,trial.validspatial,1119,1
56,102417,2,1,800,trial.doublecue,799,1
56,102417,2,1,400,trial.validspatial,559,1
56,102417,2,2,400,trial.validspatial,812,1
56,102417,2,1,0,trial.doublecue,764,1
56,102417,2,2,400,trial.validspatial,942,1
56,102417,2,2,400,trial.invalid,933,1
56,102417,2,2,800,trial.doublecue,656,1
56,102417,1,2,400,trial.doublecue,1108,1
56,102417,1,2,0,trial.validspatial,882,1
56,102417,1,2,NaN,trial.nocue,716,1
56,102417,1,1,800,trial.invalid,814,1
56,102417,2,2,800,trial.validspatial,766,1
56,102417,2,1,800,trial.validspatial,563,1
56,102417,2,1,0,trial.validspatial,924,1
56,102417,2,2,NaN,trial.nocue,889,1
56,102417,2,2,800,trial.validspatial,676,1
56,102417,1,1,400,trial.validspatial,607,1
56,102417,1,2,800,trial.invalid,1013,1
56,102417,2,2,0,trial.validspatial,797,1
56,102417,2,2,800,trial.validspatial,705,1
56,102417,1,1,800,trial.validspatial,654,1
56,102417,2,1,NaN,trial.nocue,643,1
56,102417,1,2,NaN,trial.nocue,773,1
56,102417,1,2,800,trial.validspatial,787,1
56,102417,1,2,0,trial.validspatial,717,1
56,102417,2,2,0,trial.invalid,548,1
56,102417,1,1,NaN,trial.nocue,757,1
56,102417,2,2,800,trial.validspatial,666,1
56,102417,2,1,800,trial.validspatial,833,1
56,102417,2,1,0,trial.validspatial,556,1
56,102417,1,1,800,trial.doublecue,492,1
56,102417,2,2,800,trial.invalid,946,1
56,102417,1,2,400,trial.validspatial,589,1
56,102417,2,1,800,trial.validspatial,480,1
56,102417,1,2,400,trial.invalid,858,1
56,102417,1,1,800,trial.validspatial,625,1
56,102417,2,2,400,trial.doublecue,751,1
56,102417,1,1,0,trial.validspatial,483,1
56,102417,2,1,NaN,trial.nocue,609,1
56,102417,2,1,400,trial.invalid,687,1
56,102417,1,2,800,trial.invalid,1039,1
56,102417,1,2,0,trial.doublecue,651,1
56,102417,1,1,400,trial.validspatial,586,1
56,102417,1,2,400,trial.validspatial,1071,1
56,102417,1,1,0,trial.doublecue,613,1
56,102417,1,1,0,trial.doublecue,570,1
56,102417,1,2,NaN,trial.nocue,830,1
56,102417,2,1,400,trial.doublecue,757,1
56,102417,2,2,400,trial.validspatial,891,1
56,102417,2,2,800,trial.doublecue,652,1
56,102417,2,2,NaN,trial.nocue,996,1
56,102417,1,2,NaN,trial.nocue,899,1
56,102417,1,2,0,trial.doublecue,857,1
56,102417,2,1,800,trial.invalid,809,1
56,102417,1,2,0,trial.validspatial,985,1
56,102417,1,1,0,trial.validspatial,689,1
56,102417,2,1,0,trial.validspatial,1041,1
56,102417,1,1,400,trial.invalid,1155,1
56,102417,1,2,800,trial.doublecue,833,1
56,102417,2,2,0,trial.validspatial,733,1
56,102417,2,2,0,trial.invalid,945,1
56,102417,1,1,0,trial.validspatial,530,1
56,102417,1,1,400,trial.invalid,716,1
56,102417,2,1,800,trial.validspatial,761,1
56,102417,2,2,400,trial.doublecue,639,1
56,102417,2,1,0,trial.doublecue,795,1
56,102417,2,2,400,trial.validspatial,801,1
56,102417,1,1,NaN,trial.nocue,590,1
56,102417,2,1,0,trial.invalid,518,1
56,102417,1,2,800,trial.validspatial,717,1
56,102417,1,2,800,trial.doublecue,640,1
56,102417,2,1,400,trial.validspatial,777,1
56,102417,1,1,800,trial.validspatial,639,1
56,102417,1,2,800,trial.validspatial,525,1
56,102417,1,1,0,trial.validspatial,516,1
56,102417,1,2,400,trial.validspatial,934,1
56,102417,2,1,400,trial.invalid,775,1
56,102417,2,1,0,trial.invalid,710,1
56,102417,2,2,NaN,trial.nocue,1097,1
56,102417,1,1,800,trial.validspatial,485,1
56,102417,2,2,400,trial.validspatial,816,1
56,102417,2,1,NaN,trial.nocue,728,1
56,102417,1,1,400,trial.validspatial,810,1
56,102417,1,2,NaN,trial.nocue,647,1
56,102417,1,2,0,trial.validspatial,625,1
56,102417,1,2,800,trial.validspatial,601,1
56,102417,1,1,0,trial.validspatial,688,1
56,102417,1,1,400,trial.validspatial,454,1
56,102417,1,1,0,trial.validspatial,647,1
56,102417,1,2,0,trial.invalid,1088,1
56,102417,1,2,800,trial.validspatial,986,1
56,102417,1,2,400,trial.validspatial,626,1
56,102417,1,2,400,trial.doublecue,526,1
56,102417,2,2,400,trial.validspatial,704,1
56,102417,2,1,400,trial.doublecue,667,1
56,102417,2,1,0,trial.validspatial,597,1
56,102417,2,1,400,trial.validspatial,517,1
56,102417,1,2,800,trial.validspatial,767,1
56,102417,1,1,800,trial.invalid,653,1
56,102417,2,1,400,trial.validspatial,501,1
56,102417,2,1,800,trial.validspatial,502,1
56,102417,2,2,0,trial.validspatial,782,1
56,102417,1,2,0,trial.validspatial,851,1
56,102417,1,1,400,trial.validspatial,589,1
56,102417,1,1,NaN,trial.nocue,473,1
56,102417,1,2,0,trial.validspatial,911,1
56,102417,1,1,NaN,trial.nocue,628,1
56,102417,2,2,0,trial.validspatial,993,1
56,102417,2,1,800,trial.invalid,743,1
56,102417,2,2,NaN,trial.nocue,854,1
56,102417,1,2,400,trial.invalid,720,1
56,102417,2,2,0,trial.doublecue,844,1
56,102417,1,2,NaN,trial.nocue,750,1
56,102417,1,1,400,trial.validspatial,473,1
56,102417,1,1,800,trial.validspatial,581,1
56,102417,2,1,NaN,trial.nocue,422,0
56,102417,1,1,800,trial.doublecue,583,1
56,102417,2,2,0,trial.doublecue,605,0
56,102417,1,1,0,trial.invalid,774,1
56,102417,1,1,0,trial.invalid,496,1
56,102417,2,1,0,trial.validspatial,501,1
56,102417,2,1,0,trial.validspatial,638,1
56,102417,1,1,400,trial.doublecue,370,1
56,102417,2,2,800,trial.validspatial,909,1
56,102417,2,2,800,trial.validspatial,691,1
56,102417,2,2,0,trial.validspatial,699,1
56,102417,1,2,400,trial.validspatial,608,1
56,102417,2,2,800,trial.invalid,760,1
56,102417,1,2,0,trial.invalid,710,1
56,102417,2,1,400,trial.validspatial,672,1
56,102417,2,1,400,trial.validspatial,559,1
56,102417,2,1,NaN,trial.nocue,895,1
56,102417,2,2,NaN,trial.nocue,1228,1
56,102417,2,1,NaN,trial.nocue,754,1
56,102417,1,1,800,trial.validspatial,442,1
56,102417,1,1,NaN,trial.nocue,524,1
56,102417,2,1,800,trial.doublecue,655,1
56,102417,2,2,NaN,trial.nocue,953,1
56,102417,1,2,400,trial.validspatial,626,1
56,102417,1,1,400,trial.doublecue,714,1
56,102417,2,2,400,trial.invalid,885,1
56,102417,1,1,NaN,trial.nocue,761,1
56,102417,2,1,800,trial.validspatial,631,1
56,102417,2,2,0,trial.validspatial,1288,0
56,102417,2,1,800,trial.doublecue,717,1
56,102417,2,1,400,trial.validspatial,542,1
56,102417,2,2,400,trial.validspatial,458,0
56,102417,2,1,0,trial.doublecue,605,1
56,102417,2,2,400,trial.validspatial,1190,1
56,102417,2,2,400,trial.invalid,862,1
56,102417,2,2,800,trial.doublecue,1049,1
56,102417,1,2,400,trial.doublecue,852,1
56,102417,1,2,0,trial.validspatial,1374,1
56,102417,1,2,NaN,trial.nocue,725,1
56,102417,1,1,800,trial.invalid,698,1
56,102417,2,2,800,trial.validspatial,648,1
56,102417,2,1,800,trial.validspatial,394,1
56,102417,2,1,0,trial.validspatial,905,1
56,102417,2,2,NaN,trial.nocue,729,1
56,102417,2,2,800,trial.validspatial,605,1
56,102417,1,1,400,trial.validspatial,1700,0
56,102417,1,2,800,trial.invalid,1237,1
56,102417,2,2,0,trial.validspatial,1022,1
56,102417,2,2,800,trial.validspatial,686,1
56,102417,1,1,800,trial.validspatial,1240,1
56,102417,2,1,NaN,trial.nocue,732,1
56,102417,1,2,NaN,trial.nocue,1010,1
56,102417,1,2,800,trial.validspatial,570,1
56,102417,1,2,0,trial.validspatial,508,1
56,102417,2,2,0,trial.invalid,652,1
56,102417,1,1,NaN,trial.nocue,817,1
56,102417,2,2,800,trial.validspatial,774,1
56,102417,2,1,800,trial.validspatial,533,1
56,102417,2,1,0,trial.validspatial,524,1
56,102417,1,1,800,trial.doublecue,840,1
56,102417,2,2,800,trial.invalid,854,1
56,102417,1,2,400,trial.validspatial,609,1
56,102417,2,1,800,trial.validspatial,589,1
56,102417,1,2,400,trial.invalid,791,1
56,102417,1,1,800,trial.validspatial,517,1
56,102417,2,2,400,trial.doublecue,911,1
56,102417,1,1,0,trial.validspatial,811,1
56,102417,2,1,NaN,trial.nocue,700,1
56,102417,2,1,400,trial.invalid,732,1
56,102417,1,2,800,trial.invalid,1074,1
56,102417,1,2,0,trial.doublecue,756,1
56,102417,1,1,400,trial.validspatial,443,1
56,102417,1,2,400,trial.validspatial,390,1
56,102417,1,1,0,trial.doublecue,384,0
56,102417,1,1,0,trial.doublecue,632,1
56,102417,1,2,NaN,trial.nocue,936,1
56,102417,2,1,400,trial.doublecue,695,1
56,102417,2,2,400,trial.validspatial,449,1
56,102417,2,2,800,trial.doublecue,538,1
56,102417,2,2,NaN,trial.nocue,493,1
56,102417,1,2,NaN,trial.nocue,443,1
56,102417,1,2,0,trial.doublecue,715,1
56,102417,2,1,800,trial.invalid,702,1
56,102417,1,2,0,trial.validspatial,692,1
56,102417,1,1,0,trial.validspatial,647,0
56,102417,2,1,0,trial.validspatial,771,1
56,102417,1,1,400,trial.invalid,805,1
56,102417,1,2,800,trial.doublecue,538,1
56,102417,2,2,0,trial.validspatial,567,1
56,102417,2,2,0,trial.invalid,608,1
56,102417,1,1,0,trial.validspatial,849,1
56,102417,1,1,400,trial.invalid,683,1
56,102417,2,1,800,trial.validspatial,452,1
56,102417,2,2,400,trial.doublecue,593,1
56,102417,2,1,0,trial.doublecue,446,0
56,102417,2,2,400,trial.validspatial,843,1
56,102417,1,1,NaN,trial.nocue,622,1
56,102417,2,1,0,trial.invalid,783,1
56,102417,1,2,800,trial.validspatial,684,1
56,102417,1,2,800,trial.doublecue,622,1
56,102417,2,1,400,trial.validspatial,564,1
56,102417,1,1,800,trial.validspatial,839,1
56,102417,1,2,800,trial.validspatial,539,1
56,102417,1,1,0,trial.validspatial,389,1
56,102417,1,2,400,trial.validspatial,434,0
56,102417,2,1,400,trial.invalid,663,1
56,102417,2,1,0,trial.invalid,688,1
56,102417,2,2,NaN,trial.nocue,1018,1
56,102417,1,1,800,trial.validspatial,462,1
56,102417,2,2,400,trial.validspatial,755,1
56,102417,2,1,NaN,trial.nocue,708,1
56,102417,1,1,400,trial.validspatial,530,1
56,102417,1,2,NaN,trial.nocue,646,1
56,102417,1,2,0,trial.validspatial,737,1
56,102417,1,2,800,trial.validspatial,527,1
56,102417,1,1,0,trial.validspatial,606,0
56,102417,1,1,400,trial.validspatial,492,0
