subject,date,location_congruence_val,flanker_congruence_val,cue_target_interval,cue_condition,latency,values.correct
72,40117,1,1,0,trial.validspatial,559,1
72,40117,1,2,0,trial.invalid,805,1
72,40117,1,2,800,trial.validspatial,675,1
72,40117,1,2,400,trial.validspatial,601,1
72,40117,1,2,400,trial.doublecue,459,1
72,40117,2,2,400,trial.validspatial,441,0
72,40117,2,1,400,trial.doublecue,392,0
72,40117,2,1,0,trial.validspatial,512,1
72,40117,2,1,400,trial.validspatial,403,0
72,40117,1,2,800,trial.validspatial,399,1
72,40117,1,1,800,trial.invalid,766,1
72,40117,2,1,400,trial.validspatial,515,1
72,40117,2,1,800,trial.validspatial,504,0
72,40117,2,2,0,trial.validspatial,967,0
72,40117,1,2,0,trial.validspatial,558,0
72,40117,1,1,400,trial.validspatial,428,1
72,40117,1,1,NaN,trial.nocue,491,1
72,40117,1,2,0,trial.validspatial,694,0
72,40117,1,1,NaN,trial.nocue,745,1
72,40117,2,2,0,trial.validspatial,759,1
72,40117,2,1,800,trial.invalid,522,1
72,40117,2,2,NaN,trial.nocue,663,1
72,40117,1,2,400,trial.invalid,556,1
72,40117,2,2,0,trial.doublecue,538,0
72,40117,1,2,NaN,trial.nocue,434,1
72,40117,1,1,400,trial.validspatial,795,0
72,40117,1,1,800,trial.validspatial,605,1
72,40117,2,1,NaN,trial.nocue,809,0
72,40117,1,1,800,trial.doublecue,418,1
72,40117,2,2,0,trial.doublecue,577,0
72,40117,1,1,0,trial.invalid,383,1
72,40117,1,1,0,trial.invalid,603,1
72,40117,2,1,0,trial.validspatial,694,1
72,40117,2,1,0,trial.validspatial,620,1
72,40117,1,1,400,trial.doublecue,501,1
72,40117,2,2,800,trial.validspatial,453,0
72,40117,2,2,800,trial.validspatial,621,0
72,40117,2,2,0,trial.validspatial,543,0
72,40117,1,2,400,trial.validspatial,510,0
72,40117,2,2,800,trial.invalid,621,0
72,40117,1,2,0,trial.invalid,601,0
72,40117,2,1,400,trial.validspatial,381,1
72,40117,2,1,400,trial.validspatial,403,1
72,40117,2,1,NaN,trial.nocue,594,1
72,40117,2,2,NaN,trial.nocue,564,1
72,40117,2,1,NaN,trial.nocue,509,0
72,40117,1,1,800,trial.validspatial,458,1
72,40117,1,1,NaN,trial.nocue,420,1
72,40117,2,1,800,trial.doublecue,450,0
72,40117,2,2,NaN,trial.nocue,620,1
72,40117,1,2,400,trial.validspatial,395,0
72,40117,1,1,400,trial.doublecue,490,1
72,40117,2,2,400,trial.invalid,622,0
72,40117,1,1,NaN,trial.nocue,475,1
72,40117,2,1,800,trial.validspatial,332,0
72,40117,2,2,0,trial.validspatial,375,0
72,40117,2,1,800,trial.doublecue,539,1
72,40117,2,1,400,trial.validspatial,461,1
72,40117,2,2,400,trial.validspatial,443,0
72,40117,2,1,0,trial.doublecue,464,1
72,40117,2,2,400,trial.validspatial,539,1
72,40117,2,2,400,trial.invalid,701,0
72,40117,2,2,800,trial.doublecue,359,0
72,40117,1,2,400,trial.doublecue,469,0
72,40117,1,2,0,trial.validspatial,366,1
72,40117,1,2,NaN,trial.nocue,369,1
72,40117,1,1,800,trial.invalid,675,1
72,40117,2,2,800,trial.validspatial,326,0
72,40117,2,1,800,trial.validspatial,271,0
72,40117,2,1,0,trial.validspatial,716,0
72,40117,2,2,NaN,trial.nocue,368,0
72,40117,2,2,800,trial.validspatial,334,0
72,40117,1,1,400,trial.validspatial,441,1
72,40117,1,2,800,trial.invalid,455,1
72,40117,2,2,0,trial.validspatial,441,0
72,40117,2,2,800,trial.validspatial,400,0
72,40117,1,1,800,trial.validspatial,351,1
72,40117,2,1,NaN,trial.nocue,413,0
72,40117,1,2,NaN,trial.nocue,446,1
72,40117,1,2,800,trial.validspatial,448,1
72,40117,1,2,0,trial.validspatial,513,0
72,40117,2,2,0,trial.invalid,373,0
72,40117,1,1,NaN,trial.nocue,708,1
72,40117,2,2,800,trial.validspatial,358,0
72,40117,2,1,800,trial.validspatial,330,0
72,40117,2,1,0,trial.validspatial,496,1
72,40117,1,1,800,trial.doublecue,433,1
72,40117,2,2,800,trial.invalid,399,0
72,40117,1,2,400,trial.validspatial,523,1
72,40117,2,1,800,trial.validspatial,243,0
72,40117,1,2,400,trial.invalid,662,0
72,40117,1,1,800,trial.validspatial,661,1
72,40117,2,2,400,trial.doublecue,444,0
72,40117,1,1,0,trial.validspatial,404,1
72,40117,2,1,NaN,trial.nocue,464,1
72,40117,2,1,400,trial.invalid,573,1
72,40117,1,2,800,trial.invalid,514,0
72,40117,1,2,0,trial.doublecue,527,0
72,40117,1,1,400,trial.validspatial,419,1
72,40117,1,2,400,trial.validspatial,485,0
72,40117,1,1,0,trial.doublecue,407,1
72,40117,1,1,0,trial.doublecue,390,1
72,40117,1,2,NaN,trial.nocue,619,0
72,40117,2,1,400,trial.doublecue,414,0
72,40117,2,2,400,trial.validspatial,557,0
72,40117,2,2,800,trial.doublecue,496,0
72,40117,2,2,NaN,trial.nocue,379,0
72,40117,1,2,NaN,trial.nocue,429,1
72,40117,1,2,0,trial.doublecue,402,1
72,40117,2,1,800,trial.invalid,428,0
72,40117,1,2,0,trial.validspatial,488,1
72,40117,1,1,0,trial.validspatial,494,1
72,40117,2,1,0,trial.validspatial,554,1
72,40117,1,1,400,trial.invalid,516,1
72,40117,1,2,800,trial.doublecue,494,0
72,40117,2,2,0,trial.validspatial,502,1
72,40117,2,2,0,trial.invalid,356,0
72,40117,1,1,0,trial.validspatial,402,1
72,40117,1,1,400,trial.invalid,424,1
72,40117,2,1,800,trial.validspatial,472,1
72,40117,2,2,400,trial.doublecue,460,0
72,40117,2,1,0,trial.doublecue,469,1
72,40117,2,2,400,trial.validspatial,448,0
72,40117,1,1,NaN,trial.nocue,392,1
72,40117,2,1,0,trial.invalid,557,1
72,40117,1,2,800,trial.validspatial,460,1
72,40117,1,2,800,trial.doublecue,542,0
72,40117,2,1,400,trial.validspatial,470,1
72,40117,1,1,800,trial.validspatial,349,1
72,40117,1,2,800,trial.validspatial,393,1
72,40117,1,1,0,trial.validspatial,423,1
72,40117,1,2,400,trial.validspatial,402,0
72,40117,2,1,400,trial.invalid,736,1
72,40117,2,1,0,trial.invalid,565,1
72,40117,2,2,NaN,trial.nocue,506,0
72,40117,1,1,800,trial.validspatial,477,1
72,40117,2,2,400,trial.validspatial,456,1
72,40117,2,1,NaN,trial.nocue,565,0
72,40117,1,1,400,trial.validspatial,482,1
72,40117,1,2,NaN,trial.nocue,608,0
72,40117,1,2,0,trial.validspatial,513,0
72,40117,1,2,800,trial.validspatial,672,1
72,40117,1,1,0,trial.validspatial,595,1
72,40117,1,1,400,trial.validspatial,415,1
72,40117,1,1,0,trial.validspatial,606,1
72,40117,1,2,0,trial.invalid,509,0
72,40117,1,2,800,trial.validspatial,597,1
72,40117,1,2,400,trial.validspatial,527,0
72,40117,1,2,400,trial.doublecue,681,0
72,40117,2,2,400,trial.validspatial,589,1
72,40117,2,1,400,trial.doublecue,513,1
72,40117,2,1,0,trial.validspatial,510,1
72,40117,2,1,400,trial.validspatial,537,1
72,40117,1,2,800,trial.validspatial,538,0
72,40117,1,1,800,trial.invalid,560,1
72,40117,2,1,400,trial.validspatial,482,1
72,40117,2,1,800,trial.validspatial,474,1
72,40117,2,2,0,trial.validspatial,539,0
72,40117,1,2,0,trial.validspatial,527,0
72,40117,1,1,400,trial.validspatial,459,1
72,40117,1,1,NaN,trial.nocue,475,1
72,40117,1,2,0,trial.validspatial,511,0
72,40117,1,1,NaN,trial.nocue,521,1
72,40117,2,2,0,trial.validspatial,741,1
72,40117,2,1,800,trial.invalid,575,1
72,40117,2,2,NaN,trial.nocue,885,1
72,40117,1,2,400,trial.invalid,905,1
72,40117,2,2,0,trial.doublecue,703,1
72,40117,1,2,NaN,trial.nocue,862,1
72,40117,1,1,400,trial.validspatial,476,1
72,40117,1,1,800,trial.validspatial,472,1
72,40117,2,1,NaN,trial.nocue,533,1
72,40117,1,1,800,trial.doublecue,545,1
72,40117,2,2,0,trial.doublecue,564,0
72,40117,1,1,0,trial.invalid,513,1
72,40117,1,1,0,trial.invalid,526,1
72,40117,2,1,0,trial.validspatial,501,1
72,40117,2,1,0,trial.validspatial,507,1
72,40117,1,1,400,trial.doublecue,484,1
72,40117,2,2,800,trial.validspatial,588,1
72,40117,2,2,800,trial.validspatial,673,1
72,40117,2,2,0,trial.validspatial,747,1
72,40117,1,2,400,trial.validspatial,587,1
72,40117,2,2,800,trial.invalid,618,1
72,40117,1,2,0,trial.invalid,520,0
72,40117,2,1,400,trial.validspatial,471,1
72,40117,2,1,400,trial.validspatial,484,1
72,40117,2,1,NaN,trial.nocue,593,1
72,40117,2,2,NaN,trial.nocue,685,1
72,40117,2,1,NaN,trial.nocue,509,1
72,40117,1,1,800,trial.validspatial,450,1
72,40117,1,1,NaN,trial.nocue,564,1
72,40117,2,1,800,trial.doublecue,472,1
72,40117,2,2,NaN,trial.nocue,586,1
72,40117,1,2,400,trial.validspatial,625,1
72,40117,1,1,400,trial.doublecue,630,1
72,40117,2,2,400,trial.invalid,539,0
72,40117,1,1,NaN,trial.nocue,672,1
72,40117,2,1,800,trial.validspatial,441,1
72,40117,2,2,0,trial.validspatial,667,1
72,40117,2,1,800,trial.doublecue,519,1
72,40117,2,1,400,trial.validspatial,450,1
72,40117,2,2,400,trial.validspatial,672,1
72,40117,2,1,0,trial.doublecue,650,1
72,40117,2,2,400,trial.validspatial,748,1
72,40117,2,2,400,trial.invalid,894,1
72,40117,2,2,800,trial.doublecue,600,1
72,40117,1,2,400,trial.doublecue,652,1
72,40117,1,2,0,trial.validspatial,780,1
72,40117,1,2,NaN,trial.nocue,723,1
72,40117,1,1,800,trial.invalid,727,1
72,40117,2,2,800,trial.validspatial,554,1
72,40117,2,1,800,trial.validspatial,426,1
72,40117,2,1,0,trial.validspatial,670,1
72,40117,2,2,NaN,trial.nocue,1080,1
72,40117,2,2,800,trial.validspatial,581,1
72,40117,1,1,400,trial.validspatial,1700,0
72,40117,1,2,800,trial.invalid,608,1
72,40117,2,2,0,trial.validspatial,975,1
72,40117,2,2,800,trial.validspatial,474,1
72,40117,1,1,800,trial.validspatial,621,1
72,40117,2,1,NaN,trial.nocue,846,1
72,40117,1,2,NaN,trial.nocue,578,1
72,40117,1,2,800,trial.validspatial,599,1
72,40117,1,2,0,trial.validspatial,539,1
72,40117,2,2,0,trial.invalid,536,1
72,40117,1,1,NaN,trial.nocue,562,1
72,40117,2,2,800,trial.validspatial,551,1
72,40117,2,1,800,trial.validspatial,433,1
72,40117,2,1,0,trial.validspatial,499,1
72,40117,1,1,800,trial.doublecue,707,1
72,40117,2,2,800,trial.invalid,719,1
72,40117,1,2,400,trial.validspatial,458,1
72,40117,2,1,800,trial.validspatial,482,1
72,40117,1,2,400,trial.invalid,702,1
72,40117,1,1,800,trial.validspatial,657,1
72,40117,2,2,400,trial.doublecue,586,1
72,40117,1,1,0,trial.validspatial,517,1
72,40117,2,1,NaN,trial.nocue,1700,0
72,40117,2,1,400,trial.invalid,815,1
72,40117,1,2,800,trial.invalid,646,1
72,40117,1,2,0,trial.doublecue,634,1
72,40117,1,1,400,trial.validspatial,457,1
72,40117,1,2,400,trial.validspatial,381,1
72,40117,1,1,0,trial.doublecue,571,1
72,40117,1,1,0,trial.doublecue,452,1
72,40117,1,2,NaN,trial.nocue,660,1
72,40117,2,1,400,trial.doublecue,493,1
72,40117,2,2,400,trial.validspatial,489,1
72,40117,2,2,800,trial.doublecue,488,1
72,40117,2,2,NaN,trial.nocue,478,1
72,40117,1,2,NaN,trial.nocue,440,1
72,40117,1,2,0,trial.doublecue,609,1
72,40117,2,1,800,trial.invalid,568,1
72,40117,1,2,0,trial.validspatial,530,1
72,40117,1,1,0,trial.validspatial,607,1
72,40117,2,1,0,trial.validspatial,640,0
72,40117,1,1,400,trial.invalid,549,0
72,40117,1,2,800,trial.doublecue,461,1
72,40117,2,2,0,trial.validspatial,540,1
72,40117,2,2,0,trial.invalid,625,1
72,40117,1,1,0,trial.validspatial,782,1
72,40117,1,1,400,trial.invalid,558,1
72,40117,2,1,800,trial.validspatial,429,1
72,40117,2,2,400,trial.doublecue,431,1
72,40117,2,1,0,trial.doublecue,461,1
72,40117,2,2,400,trial.validspatial,664,1
72,40117,1,1,NaN,trial.nocue,598,1
72,40117,2,1,0,trial.invalid,573,1
72,40117,1,2,800,trial.validspatial,530,0
72,40117,1,2,800,trial.doublecue,487,1
72,40117,2,1,400,trial.validspatial,416,1
72,40117,1,1,800,trial.validspatial,435,0
72,40117,1,2,800,trial.validspatial,567,1
72,40117,1,1,0,trial.validspatial,416,1
72,40117,1,2,400,trial.validspatial,679,1
72,40117,2,1,400,trial.invalid,490,1
72,40117,2,1,0,trial.invalid,445,1
72,40117,2,2,NaN,trial.nocue,832,1
72,40117,1,1,800,trial.validspatial,523,1
72,40117,2,2,400,trial.validspatial,615,1
72,40117,2,1,NaN,trial.nocue,736,1
72,40117,1,1,400,trial.validspatial,805,1
72,40117,1,2,NaN,trial.nocue,563,1
72,40117,1,2,0,trial.validspatial,486,1
72,40117,1,2,800,trial.validspatial,406,1
72,40117,1,1,0,trial.validspatial,538,1
72,40117,1,1,400,trial.validspatial,878,1
