subject,date,location_congruence_val,flanker_congruence_val,cue_target_interval,cue_condition,latency,values.correct
25,21317,1,1,0,trial.validspatial,668,1
25,21317,1,2,0,trial.invalid,1440,1
25,21317,1,2,800,trial.validspatial,817,0
25,21317,1,2,400,trial.validspatial,1219,0
25,21317,1,2,400,trial.doublecue,920,1
25,21317,2,2,400,trial.validspatial,1323,0
25,21317,2,1,400,trial.doublecue,1308,1
25,21317,2,1,0,trial.validspatial,1407,1
25,21317,2,1,400,trial.validspatial,1194,1
25,21317,1,2,800,trial.validspatial,1260,1
25,21317,1,1,800,trial.invalid,1522,1
25,21317,2,1,400,trial.validspatial,1102,1
25,21317,2,1,800,trial.validspatial,802,1
25,21317,2,2,0,trial.validspatial,963,1
25,21317,1,2,0,trial.validspatial,1082,1
25,21317,1,1,400,trial.validspatial,827,1
25,21317,1,1,NaN,trial.nocue,1642,1
25,21317,1,2,0,trial.validspatial,871,1
25,21317,1,1,NaN,trial.nocue,949,1
25,21317,2,2,0,trial.validspatial,916,1
25,21317,2,1,800,trial.invalid,641,1
25,21317,2,2,NaN,trial.nocue,1436,0
25,21317,1,2,400,trial.invalid,970,1
25,21317,2,2,0,trial.doublecue,968,1
25,21317,1,2,NaN,trial.nocue,1145,1
25,21317,1,1,400,trial.validspatial,834,1
25,21317,1,1,800,trial.validspatial,188,0
25,21317,2,1,NaN,trial.nocue,875,1
25,21317,1,1,800,trial.doublecue,842,1
25,21317,2,2,0,trial.doublecue,1289,1
25,21317,1,1,0,trial.invalid,1087,1
25,21317,1,1,0,trial.invalid,1051,1
25,21317,2,1,0,trial.validspatial,1105,1
25,21317,2,1,0,trial.validspatial,1226,1
25,21317,1,1,400,trial.doublecue,1228,1
25,21317,2,2,800,trial.validspatial,1130,1
25,21317,2,2,800,trial.validspatial,532,1
25,21317,2,2,0,trial.validspatial,510,1
25,21317,1,2,400,trial.validspatial,656,1
25,21317,2,2,800,trial.invalid,1063,1
25,21317,1,2,0,trial.invalid,1255,1
25,21317,2,1,400,trial.validspatial,1090,1
25,21317,2,1,400,trial.validspatial,979,1
25,21317,2,1,NaN,trial.nocue,1182,1
25,21317,2,2,NaN,trial.nocue,1001,1
25,21317,2,1,NaN,trial.nocue,906,1
25,21317,1,1,800,trial.validspatial,1206,1
25,21317,1,1,NaN,trial.nocue,1218,1
25,21317,2,1,800,trial.doublecue,565,1
25,21317,2,2,NaN,trial.nocue,1116,1
25,21317,1,2,400,trial.validspatial,794,1
25,21317,1,1,400,trial.doublecue,661,1
25,21317,2,2,400,trial.invalid,1179,1
25,21317,1,1,NaN,trial.nocue,1258,1
25,21317,2,1,800,trial.validspatial,976,1
25,21317,2,2,0,trial.validspatial,1038,1
25,21317,2,1,800,trial.doublecue,1132,1
25,21317,2,1,400,trial.validspatial,1082,1
25,21317,2,2,400,trial.validspatial,1194,1
25,21317,2,1,0,trial.doublecue,1313,1
25,21317,2,2,400,trial.validspatial,1011,1
25,21317,2,2,400,trial.invalid,811,1
25,21317,2,2,800,trial.doublecue,805,1
25,21317,1,2,400,trial.doublecue,1080,1
25,21317,1,2,0,trial.validspatial,1066,1
25,21317,1,2,NaN,trial.nocue,1043,1
25,21317,1,1,800,trial.invalid,934,1
25,21317,2,2,800,trial.validspatial,565,1
25,21317,2,1,800,trial.validspatial,1269,1
25,21317,2,1,0,trial.validspatial,1434,1
25,21317,2,2,NaN,trial.nocue,1181,1
25,21317,2,2,800,trial.validspatial,758,1
25,21317,1,1,400,trial.validspatial,500,1
25,21317,1,2,800,trial.invalid,1122,1
25,21317,2,2,0,trial.validspatial,1015,1
25,21317,2,2,800,trial.validspatial,1022,1
25,21317,1,1,800,trial.validspatial,805,1
25,21317,2,1,NaN,trial.nocue,945,1
25,21317,1,2,NaN,trial.nocue,1377,1
25,21317,1,2,800,trial.validspatial,846,1
25,21317,1,2,0,trial.validspatial,942,1
25,21317,2,2,0,trial.invalid,1358,1
25,21317,1,1,NaN,trial.nocue,1174,1
25,21317,2,2,800,trial.validspatial,897,1
25,21317,2,1,800,trial.validspatial,922,1
25,21317,2,1,0,trial.validspatial,945,1
25,21317,1,1,800,trial.doublecue,1147,1
25,21317,2,2,800,trial.invalid,1297,1
25,21317,1,2,400,trial.validspatial,1174,1
25,21317,2,1,800,trial.validspatial,876,1
25,21317,1,2,400,trial.invalid,1099,1
25,21317,1,1,800,trial.validspatial,1015,1
25,21317,2,2,400,trial.doublecue,916,1
25,21317,1,1,0,trial.validspatial,1460,1
25,21317,2,1,NaN,trial.nocue,1048,1
25,21317,2,1,400,trial.invalid,1438,0
25,21317,1,2,800,trial.invalid,207,0
25,21317,1,2,0,trial.doublecue,1445,0
25,21317,1,1,400,trial.validspatial,1700,0
25,21317,1,2,400,trial.validspatial,1277,1
25,21317,1,1,0,trial.doublecue,899,1
25,21317,1,1,0,trial.doublecue,1378,1
25,21317,1,2,NaN,trial.nocue,1428,1
25,21317,2,1,400,trial.doublecue,1213,1
25,21317,2,2,400,trial.validspatial,744,1
25,21317,2,2,800,trial.doublecue,1033,1
25,21317,2,2,NaN,trial.nocue,1206,1
25,21317,1,2,NaN,trial.nocue,1201,1
25,21317,1,2,0,trial.doublecue,1317,1
25,21317,2,1,800,trial.invalid,1179,1
25,21317,1,2,0,trial.validspatial,1700,0
25,21317,1,1,0,trial.validspatial,1205,1
25,21317,2,1,0,trial.validspatial,1112,1
25,21317,1,1,400,trial.invalid,1155,1
25,21317,1,2,800,trial.doublecue,878,1
25,21317,2,2,0,trial.validspatial,1149,1
25,21317,2,2,0,trial.invalid,1038,1
25,21317,1,1,0,trial.validspatial,1043,1
25,21317,1,1,400,trial.invalid,853,1
25,21317,2,1,800,trial.validspatial,712,1
25,21317,2,2,400,trial.doublecue,1140,1
25,21317,2,1,0,trial.doublecue,1337,1
25,21317,2,2,400,trial.validspatial,1107,1
25,21317,1,1,NaN,trial.nocue,1046,1
25,21317,2,1,0,trial.invalid,1131,1
25,21317,1,2,800,trial.validspatial,1252,1
25,21317,1,2,800,trial.doublecue,1077,1
25,21317,2,1,400,trial.validspatial,1103,1
25,21317,1,1,800,trial.validspatial,949,1
25,21317,1,2,800,trial.validspatial,1700,0
25,21317,1,1,0,trial.validspatial,1475,0
25,21317,1,2,400,trial.validspatial,1069,1
25,21317,2,1,400,trial.invalid,1294,1
25,21317,2,1,0,trial.invalid,1102,1
25,21317,2,2,NaN,trial.nocue,1244,1
25,21317,1,1,800,trial.validspatial,1700,0
25,21317,2,2,400,trial.validspatial,1092,1
25,21317,2,1,NaN,trial.nocue,1485,1
25,21317,1,1,400,trial.validspatial,1270,1
25,21317,1,2,NaN,trial.nocue,1163,1
25,21317,1,2,0,trial.validspatial,1291,1
25,21317,1,2,800,trial.validspatial,1309,1
25,21317,1,1,0,trial.validspatial,1316,1
25,21317,1,1,400,trial.validspatial,854,1
25,21317,1,1,0,trial.validspatial,927,1
25,21317,1,2,0,trial.invalid,1235,1
25,21317,1,2,800,trial.validspatial,932,1
25,21317,1,2,400,trial.validspatial,1013,1
25,21317,1,2,400,trial.doublecue,1315,1
25,21317,2,2,400,trial.validspatial,1006,1
25,21317,2,1,400,trial.doublecue,1119,1
25,21317,2,1,0,trial.validspatial,1202,1
25,21317,2,1,400,trial.validspatial,1109,1
25,21317,1,2,800,trial.validspatial,1700,0
25,21317,1,1,800,trial.invalid,917,1
25,21317,2,1,400,trial.validspatial,897,1
25,21317,2,1,800,trial.validspatial,1371,1
25,21317,2,2,0,trial.validspatial,902,1
25,21317,1,2,0,trial.validspatial,1060,1
25,21317,1,1,400,trial.validspatial,950,1
25,21317,1,1,NaN,trial.nocue,1148,1
25,21317,1,2,0,trial.validspatial,1305,1
25,21317,1,1,NaN,trial.nocue,1700,0
25,21317,2,2,0,trial.validspatial,934,1
25,21317,2,1,800,trial.invalid,1026,1
25,21317,2,2,NaN,trial.nocue,1246,1
25,21317,1,2,400,trial.invalid,1292,1
25,21317,2,2,0,trial.doublecue,900,1
25,21317,1,2,NaN,trial.nocue,1028,1
25,21317,1,1,400,trial.validspatial,1700,0
25,21317,1,1,800,trial.validspatial,1119,1
25,21317,2,1,NaN,trial.nocue,1700,0
25,21317,1,1,800,trial.doublecue,596,1
25,21317,2,2,0,trial.doublecue,1700,0
25,21317,1,1,0,trial.invalid,1700,0
25,21317,1,1,0,trial.invalid,1188,1
25,21317,2,1,0,trial.validspatial,1018,1
25,21317,2,1,0,trial.validspatial,1020,1
25,21317,1,1,400,trial.doublecue,862,1
25,21317,2,2,800,trial.validspatial,1131,1
25,21317,2,2,800,trial.validspatial,1205,1
25,21317,2,2,0,trial.validspatial,1700,0
25,21317,1,2,400,trial.validspatial,1050,1
25,21317,2,2,800,trial.invalid,1090,1
25,21317,1,2,0,trial.invalid,1242,1
25,21317,2,1,400,trial.validspatial,861,1
25,21317,2,1,400,trial.validspatial,1271,1
25,21317,2,1,NaN,trial.nocue,1603,1
25,21317,2,2,NaN,trial.nocue,1014,1
25,21317,2,1,NaN,trial.nocue,1248,0
25,21317,1,1,800,trial.validspatial,963,1
25,21317,1,1,NaN,trial.nocue,942,1
25,21317,2,1,800,trial.doublecue,874,1
25,21317,2,2,NaN,trial.nocue,1466,1
25,21317,1,2,400,trial.validspatial,1128,1
25,21317,1,1,400,trial.doublecue,1131,1
25,21317,2,2,400,trial.invalid,1416,0
25,21317,1,1,NaN,trial.nocue,1102,1
25,21317,2,1,800,trial.validspatial,1324,1
25,21317,2,2,0,trial.validspatial,1219,0
25,21317,2,1,800,trial.doublecue,1425,1
25,21317,2,1,400,trial.validspatial,799,1
25,21317,2,2,400,trial.validspatial,975,1
25,21317,2,1,0,trial.doublecue,1286,1
25,21317,2,2,400,trial.validspatial,1039,1
25,21317,2,2,400,trial.invalid,1007,1
25,21317,2,2,800,trial.doublecue,992,1
25,21317,1,2,400,trial.doublecue,1004,1
25,21317,1,2,0,trial.validspatial,1204,1
25,21317,1,2,NaN,trial.nocue,1479,1
25,21317,1,1,800,trial.invalid,1066,1
25,21317,2,2,800,trial.validspatial,953,1
25,21317,2,1,800,trial.validspatial,1700,0
25,21317,2,1,0,trial.validspatial,1700,0
25,21317,2,2,NaN,trial.nocue,1337,1
25,21317,2,2,800,trial.validspatial,1700,0
25,21317,1,1,400,trial.validspatial,1700,0
25,21317,1,2,800,trial.invalid,1145,1
25,21317,2,2,0,trial.validspatial,1286,1
25,21317,2,2,800,trial.validspatial,1398,1
25,21317,1,1,800,trial.validspatial,1671,0
25,21317,2,1,NaN,trial.nocue,1044,1
25,21317,1,2,NaN,trial.nocue,947,1
25,21317,1,2,800,trial.validspatial,1290,1
25,21317,1,2,0,trial.validspatial,1245,1
25,21317,2,2,0,trial.invalid,1072,1
25,21317,1,1,NaN,trial.nocue,1700,0
25,21317,2,2,800,trial.validspatial,768,1
25,21317,2,1,800,trial.validspatial,1203,1
25,21317,2,1,0,trial.validspatial,854,1
25,21317,1,1,800,trial.doublecue,1700,0
25,21317,2,2,800,trial.invalid,1231,1
25,21317,1,2,400,trial.validspatial,1672,1
25,21317,2,1,800,trial.validspatial,1700,0
25,21317,1,2,400,trial.invalid,68,1
25,21317,1,1,800,trial.validspatial,1119,1
25,21317,2,2,400,trial.doublecue,1126,1
25,21317,1,1,0,trial.validspatial,810,1
25,21317,2,1,NaN,trial.nocue,1190,1
25,21317,2,1,400,trial.invalid,788,1
25,21317,1,2,800,trial.invalid,779,1
25,21317,1,2,0,trial.doublecue,660,1
25,21317,1,1,400,trial.validspatial,588,1
25,21317,1,2,400,trial.validspatial,615,1
25,21317,1,1,0,trial.doublecue,981,1
25,21317,1,1,0,trial.doublecue,708,1
25,21317,1,2,NaN,trial.nocue,1131,1
25,21317,2,1,400,trial.doublecue,808,1
25,21317,2,2,400,trial.validspatial,644,1
25,21317,2,2,800,trial.doublecue,966,1
25,21317,2,2,NaN,trial.nocue,503,0
25,21317,1,2,NaN,trial.nocue,623,1
25,21317,1,2,0,trial.doublecue,941,1
25,21317,2,1,800,trial.invalid,862,1
25,21317,1,2,0,trial.validspatial,1183,1
25,21317,1,1,0,trial.validspatial,764,1
25,21317,2,1,0,trial.validspatial,1043,1
25,21317,1,1,400,trial.invalid,995,1
25,21317,1,2,800,trial.doublecue,695,1
25,21317,2,2,0,trial.validspatial,761,1
25,21317,2,2,0,trial.invalid,820,1
25,21317,1,1,0,trial.validspatial,687,1
25,21317,1,1,400,trial.invalid,744,1
25,21317,2,1,800,trial.validspatial,651,1
25,21317,2,2,400,trial.doublecue,630,1
25,21317,2,1,0,trial.doublecue,530,1
25,21317,2,2,400,trial.validspatial,986,1
25,21317,1,1,NaN,trial.nocue,792,1
25,21317,2,1,0,trial.invalid,675,1
25,21317,1,2,800,trial.validspatial,1015,1
25,21317,1,2,800,trial.doublecue,543,1
25,21317,2,1,400,trial.validspatial,596,1
25,21317,1,1,800,trial.validspatial,1075,1
25,21317,1,2,800,trial.validspatial,553,1
25,21317,1,1,0,trial.validspatial,543,1
25,21317,1,2,400,trial.validspatial,840,1
25,21317,2,1,400,trial.invalid,582,1
25,21317,2,1,0,trial.invalid,617,1
25,21317,2,2,NaN,trial.nocue,816,1
25,21317,1,1,800,trial.validspatial,585,1
25,21317,2,2,400,trial.validspatial,1045,1
25,21317,2,1,NaN,trial.nocue,926,1
25,21317,1,1,400,trial.validspatial,664,1
25,21317,1,2,NaN,trial.nocue,735,1
25,21317,1,2,0,trial.validspatial,895,1
25,21317,1,2,800,trial.validspatial,534,1
25,21317,1,1,0,trial.validspatial,1018,1
25,21317,1,1,400,trial.validspatial,1030,1
