subject,date,location_congruence_val,flanker_congruence_val,cue_target_interval,cue_condition,latency,values.correct
132,40117,1,1,0,trial.validspatial,736,1
132,40117,1,2,0,trial.invalid,1700,0
132,40117,1,2,800,trial.validspatial,700,0
132,40117,1,2,400,trial.validspatial,498,0
132,40117,1,2,400,trial.doublecue,1700,0
132,40117,2,2,400,trial.validspatial,607,1
132,40117,2,1,400,trial.doublecue,590,1
132,40117,2,1,0,trial.validspatial,703,1
132,40117,2,1,400,trial.validspatial,570,1
132,40117,1,2,800,trial.validspatial,724,1
132,40117,1,1,800,trial.invalid,731,1
132,40117,2,1,400,trial.validspatial,705,1
132,40117,2,1,800,trial.validspatial,530,1
132,40117,2,2,0,trial.validspatial,424,0
132,40117,1,2,0,trial.validspatial,747,1
132,40117,1,1,400,trial.validspatial,605,1
132,40117,1,1,NaN,trial.nocue,663,1
132,40117,1,2,0,trial.validspatial,697,1
132,40117,1,1,NaN,trial.nocue,697,1
132,40117,2,2,0,trial.validspatial,570,0
132,40117,2,1,800,trial.invalid,551,1
132,40117,2,2,NaN,trial.nocue,480,0
132,40117,1,2,400,trial.invalid,1281,1
132,40117,2,2,0,trial.doublecue,586,0
132,40117,1,2,NaN,trial.nocue,439,0
132,40117,1,1,400,trial.validspatial,630,1
132,40117,1,1,800,trial.validspatial,576,1
132,40117,2,1,NaN,trial.nocue,794,1
132,40117,1,1,800,trial.doublecue,713,1
132,40117,2,2,0,trial.doublecue,1045,1
132,40117,1,1,0,trial.invalid,782,1
132,40117,1,1,0,trial.invalid,834,1
132,40117,2,1,0,trial.validspatial,745,1
132,40117,2,1,0,trial.validspatial,677,1
132,40117,1,1,400,trial.doublecue,540,1
132,40117,2,2,800,trial.validspatial,762,1
132,40117,2,2,800,trial.validspatial,655,1
132,40117,2,2,0,trial.validspatial,864,1
132,40117,1,2,400,trial.validspatial,808,1
132,40117,2,2,800,trial.invalid,882,1
132,40117,1,2,0,trial.invalid,929,1
132,40117,2,1,400,trial.validspatial,591,1
132,40117,2,1,400,trial.validspatial,488,1
132,40117,2,1,NaN,trial.nocue,745,1
132,40117,2,2,NaN,trial.nocue,801,1
132,40117,2,1,NaN,trial.nocue,840,1
132,40117,1,1,800,trial.validspatial,507,1
132,40117,1,1,NaN,trial.nocue,572,1
132,40117,2,1,800,trial.doublecue,758,1
132,40117,2,2,NaN,trial.nocue,1285,0
132,40117,1,2,400,trial.validspatial,996,1
132,40117,1,1,400,trial.doublecue,750,1
132,40117,2,2,400,trial.invalid,572,0
132,40117,1,1,NaN,trial.nocue,711,1
132,40117,2,1,800,trial.validspatial,622,1
132,40117,2,2,0,trial.validspatial,964,1
132,40117,2,1,800,trial.doublecue,879,1
132,40117,2,1,400,trial.validspatial,418,1
132,40117,2,2,400,trial.validspatial,1322,1
132,40117,2,1,0,trial.doublecue,666,1
132,40117,2,2,400,trial.validspatial,839,1
132,40117,2,2,400,trial.invalid,974,1
132,40117,2,2,800,trial.doublecue,577,1
132,40117,1,2,400,trial.doublecue,754,1
132,40117,1,2,0,trial.validspatial,842,1
132,40117,1,2,NaN,trial.nocue,762,1
132,40117,1,1,800,trial.invalid,617,1
132,40117,2,2,800,trial.validspatial,1097,1
132,40117,2,1,800,trial.validspatial,507,1
132,40117,2,1,0,trial.validspatial,674,1
132,40117,2,2,NaN,trial.nocue,951,1
132,40117,2,2,800,trial.validspatial,805,1
132,40117,1,1,400,trial.validspatial,1041,1
132,40117,1,2,800,trial.invalid,1019,1
132,40117,2,2,0,trial.validspatial,857,1
132,40117,2,2,800,trial.validspatial,703,1
132,40117,1,1,800,trial.validspatial,837,1
132,40117,2,1,NaN,trial.nocue,716,1
132,40117,1,2,NaN,trial.nocue,676,1
132,40117,1,2,800,trial.validspatial,816,1
132,40117,1,2,0,trial.validspatial,892,1
132,40117,2,2,0,trial.invalid,992,1
132,40117,1,1,NaN,trial.nocue,589,1
132,40117,2,2,800,trial.validspatial,764,1
132,40117,2,1,800,trial.validspatial,670,1
132,40117,2,1,0,trial.validspatial,757,1
132,40117,1,1,800,trial.doublecue,907,1
132,40117,2,2,800,trial.invalid,948,1
132,40117,1,2,400,trial.validspatial,561,1
132,40117,2,1,800,trial.validspatial,551,0
132,40117,1,2,400,trial.invalid,1029,1
132,40117,1,1,800,trial.validspatial,598,1
132,40117,2,2,400,trial.doublecue,699,1
132,40117,1,1,0,trial.validspatial,664,1
132,40117,2,1,NaN,trial.nocue,925,0
132,40117,2,1,400,trial.invalid,1068,1
132,40117,1,2,800,trial.invalid,1685,1
132,40117,1,2,0,trial.doublecue,1096,1
132,40117,1,1,400,trial.validspatial,957,1
132,40117,1,2,400,trial.validspatial,703,1
132,40117,1,1,0,trial.doublecue,817,1
132,40117,1,1,0,trial.doublecue,664,1
132,40117,1,2,NaN,trial.nocue,635,1
132,40117,2,1,400,trial.doublecue,869,1
132,40117,2,2,400,trial.validspatial,1700,0
132,40117,2,2,800,trial.doublecue,876,1
132,40117,2,2,NaN,trial.nocue,652,1
132,40117,1,2,NaN,trial.nocue,730,1
132,40117,1,2,0,trial.doublecue,839,1
132,40117,2,1,800,trial.invalid,900,1
132,40117,1,2,0,trial.validspatial,1066,1
132,40117,1,1,0,trial.validspatial,699,1
132,40117,2,1,0,trial.validspatial,884,1
132,40117,1,1,400,trial.invalid,1045,1
132,40117,1,2,800,trial.doublecue,846,1
132,40117,2,2,0,trial.validspatial,828,1
132,40117,2,2,0,trial.invalid,1047,1
132,40117,1,1,0,trial.validspatial,604,0
132,40117,1,1,400,trial.invalid,609,1
132,40117,2,1,800,trial.validspatial,666,1
132,40117,2,2,400,trial.doublecue,1030,1
132,40117,2,1,0,trial.doublecue,768,0
132,40117,2,2,400,trial.validspatial,670,1
132,40117,1,1,NaN,trial.nocue,711,1
132,40117,2,1,0,trial.invalid,709,1
132,40117,1,2,800,trial.validspatial,979,1
132,40117,1,2,800,trial.doublecue,710,1
132,40117,2,1,400,trial.validspatial,921,1
132,40117,1,1,800,trial.validspatial,976,1
132,40117,1,2,800,trial.validspatial,859,1
132,40117,1,1,0,trial.validspatial,539,1
132,40117,1,2,400,trial.validspatial,740,1
132,40117,2,1,400,trial.invalid,806,1
132,40117,2,1,0,trial.invalid,829,1
132,40117,2,2,NaN,trial.nocue,695,1
132,40117,1,1,800,trial.validspatial,682,1
132,40117,2,2,400,trial.validspatial,854,1
132,40117,2,1,NaN,trial.nocue,1700,0
132,40117,1,1,400,trial.validspatial,774,1
132,40117,1,2,NaN,trial.nocue,877,1
132,40117,1,2,0,trial.validspatial,830,1
132,40117,1,2,800,trial.validspatial,663,1
132,40117,1,1,0,trial.validspatial,702,1
132,40117,1,1,400,trial.validspatial,534,1
132,40117,1,1,0,trial.validspatial,904,1
132,40117,1,2,0,trial.invalid,1154,1
132,40117,1,2,800,trial.validspatial,840,1
132,40117,1,2,400,trial.validspatial,637,1
132,40117,1,2,400,trial.doublecue,734,1
132,40117,2,2,400,trial.validspatial,420,0
132,40117,2,1,400,trial.doublecue,547,1
132,40117,2,1,0,trial.validspatial,1021,0
132,40117,2,1,400,trial.validspatial,1160,1
132,40117,1,2,800,trial.validspatial,1019,1
132,40117,1,1,800,trial.invalid,748,1
132,40117,2,1,400,trial.validspatial,887,1
132,40117,2,1,800,trial.validspatial,522,1
132,40117,2,2,0,trial.validspatial,915,1
132,40117,1,2,0,trial.validspatial,786,1
132,40117,1,1,400,trial.validspatial,1081,1
132,40117,1,1,NaN,trial.nocue,594,1
132,40117,1,2,0,trial.validspatial,864,1
132,40117,1,1,NaN,trial.nocue,883,1
132,40117,2,2,0,trial.validspatial,571,0
132,40117,2,1,800,trial.invalid,748,1
132,40117,2,2,NaN,trial.nocue,836,1
132,40117,1,2,400,trial.invalid,882,1
132,40117,2,2,0,trial.doublecue,767,1
132,40117,1,2,NaN,trial.nocue,942,1
132,40117,1,1,400,trial.validspatial,444,1
132,40117,1,1,800,trial.validspatial,534,1
132,40117,2,1,NaN,trial.nocue,699,1
132,40117,1,1,800,trial.doublecue,476,1
132,40117,2,2,0,trial.doublecue,674,0
132,40117,1,1,0,trial.invalid,1150,1
132,40117,1,1,0,trial.invalid,705,1
132,40117,2,1,0,trial.validspatial,714,1
132,40117,2,1,0,trial.validspatial,571,1
132,40117,1,1,400,trial.doublecue,586,1
132,40117,2,2,800,trial.validspatial,795,1
132,40117,2,2,800,trial.validspatial,913,1
132,40117,2,2,0,trial.validspatial,795,1
132,40117,1,2,400,trial.validspatial,981,1
132,40117,2,2,800,trial.invalid,904,1
132,40117,1,2,0,trial.invalid,1089,1
132,40117,2,1,400,trial.validspatial,1015,1
132,40117,2,1,400,trial.validspatial,671,1
132,40117,2,1,NaN,trial.nocue,707,1
132,40117,2,2,NaN,trial.nocue,809,1
132,40117,2,1,NaN,trial.nocue,904,1
132,40117,1,1,800,trial.validspatial,561,1
132,40117,1,1,NaN,trial.nocue,629,1
132,40117,2,1,800,trial.doublecue,673,1
132,40117,2,2,NaN,trial.nocue,1536,1
132,40117,1,2,400,trial.validspatial,649,1
132,40117,1,1,400,trial.doublecue,591,1
132,40117,2,2,400,trial.invalid,1048,1
132,40117,1,1,NaN,trial.nocue,894,1
132,40117,2,1,800,trial.validspatial,585,0
132,40117,2,2,0,trial.validspatial,1700,0
132,40117,2,1,800,trial.doublecue,1133,1
132,40117,2,1,400,trial.validspatial,657,1
132,40117,2,2,400,trial.validspatial,963,1
132,40117,2,1,0,trial.doublecue,628,0
132,40117,2,2,400,trial.validspatial,789,1
132,40117,2,2,400,trial.invalid,905,1
132,40117,2,2,800,trial.doublecue,1183,1
132,40117,1,2,400,trial.doublecue,1331,0
132,40117,1,2,0,trial.validspatial,1051,1
132,40117,1,2,NaN,trial.nocue,962,1
132,40117,1,1,800,trial.invalid,732,1
132,40117,2,2,800,trial.validspatial,1060,1
132,40117,2,1,800,trial.validspatial,546,1
132,40117,2,1,0,trial.validspatial,891,1
132,40117,2,2,NaN,trial.nocue,1023,1
132,40117,2,2,800,trial.validspatial,866,1
132,40117,1,1,400,trial.validspatial,1700,0
132,40117,1,2,800,trial.invalid,1058,1
132,40117,2,2,0,trial.validspatial,1043,1
132,40117,2,2,800,trial.validspatial,933,1
132,40117,1,1,800,trial.validspatial,876,1
132,40117,2,1,NaN,trial.nocue,802,1
132,40117,1,2,NaN,trial.nocue,625,1
132,40117,1,2,800,trial.validspatial,556,1
132,40117,1,2,0,trial.validspatial,713,1
132,40117,2,2,0,trial.invalid,529,1
132,40117,1,1,NaN,trial.nocue,863,1
132,40117,2,2,800,trial.validspatial,797,1
132,40117,2,1,800,trial.validspatial,627,1
132,40117,2,1,0,trial.validspatial,493,1
132,40117,1,1,800,trial.doublecue,839,1
132,40117,2,2,800,trial.invalid,1167,1
132,40117,1,2,400,trial.validspatial,703,1
132,40117,2,1,800,trial.validspatial,802,1
132,40117,1,2,400,trial.invalid,780,1
132,40117,1,1,800,trial.validspatial,778,1
132,40117,2,2,400,trial.doublecue,1129,1
132,40117,1,1,0,trial.validspatial,705,1
132,40117,2,1,NaN,trial.nocue,1135,1
132,40117,2,1,400,trial.invalid,924,1
132,40117,1,2,800,trial.invalid,1158,1
132,40117,1,2,0,trial.doublecue,833,1
132,40117,1,1,400,trial.validspatial,539,1
132,40117,1,2,400,trial.validspatial,453,1
132,40117,1,1,0,trial.doublecue,857,1
132,40117,1,1,0,trial.doublecue,629,0
132,40117,1,2,NaN,trial.nocue,968,1
132,40117,2,1,400,trial.doublecue,491,1
132,40117,2,2,400,trial.validspatial,573,1
132,40117,2,2,800,trial.doublecue,717,1
132,40117,2,2,NaN,trial.nocue,659,1
132,40117,1,2,NaN,trial.nocue,441,1
132,40117,1,2,0,trial.doublecue,1119,1
132,40117,2,1,800,trial.invalid,1137,0
132,40117,1,2,0,trial.validspatial,740,1
132,40117,1,1,0,trial.validspatial,905,1
132,40117,2,1,0,trial.validspatial,647,0
132,40117,1,1,400,trial.invalid,1051,1
132,40117,1,2,800,trial.doublecue,524,1
132,40117,2,2,0,trial.validspatial,630,1
132,40117,2,2,0,trial.invalid,875,1
132,40117,1,1,0,trial.validspatial,984,1
132,40117,1,1,400,trial.invalid,822,1
132,40117,2,1,800,trial.validspatial,615,1
132,40117,2,2,400,trial.doublecue,627,1
132,40117,2,1,0,trial.doublecue,1032,1
132,40117,2,2,400,trial.validspatial,1019,1
132,40117,1,1,NaN,trial.nocue,806,1
132,40117,2,1,0,trial.invalid,939,1
132,40117,1,2,800,trial.validspatial,940,1
132,40117,1,2,800,trial.doublecue,777,1
132,40117,2,1,400,trial.validspatial,658,1
132,40117,1,1,800,trial.validspatial,1303,1
132,40117,1,2,800,trial.validspatial,974,1
132,40117,1,1,0,trial.validspatial,546,1
132,40117,1,2,400,trial.validspatial,885,1
132,40117,2,1,400,trial.invalid,1086,1
132,40117,2,1,0,trial.invalid,866,1
132,40117,2,2,NaN,trial.nocue,963,1
132,40117,1,1,800,trial.validspatial,763,1
132,40117,2,2,400,trial.validspatial,972,1
132,40117,2,1,NaN,trial.nocue,1160,1
132,40117,1,1,400,trial.validspatial,859,1
132,40117,1,2,NaN,trial.nocue,652,1
132,40117,1,2,0,trial.validspatial,827,1
132,40117,1,2,800,trial.validspatial,593,1
132,40117,1,1,0,trial.validspatial,815,1
132,40117,1,1,400,trial.validspatial,679,1
