subject,date,location_congruence_val,flanker_congruence_val,cue_target_interval,cue_condition,latency,values.correct
147,110717,1,1,0,trial.validspatial,1700,0
147,110717,1,2,0,trial.invalid,1700,0
147,110717,1,2,800,trial.validspatial,808,0
147,110717,1,2,400,trial.validspatial,1612,1
147,110717,1,2,400,trial.doublecue,1398,1
147,110717,2,2,400,trial.validspatial,943,1
147,110717,2,1,400,trial.doublecue,1000,1
147,110717,2,1,0,trial.validspatial,1211,1
147,110717,2,1,400,trial.validspatial,377,1
147,110717,1,2,800,trial.validspatial,941,1
147,110717,1,1,800,trial.invalid,1060,1
147,110717,2,1,400,trial.validspatial,729,1
147,110717,2,1,800,trial.validspatial,1189,1
147,110717,2,2,0,trial.validspatial,1000,1
147,110717,1,2,0,trial.validspatial,1144,1
147,110717,1,1,400,trial.validspatial,1029,1
147,110717,1,1,NaN,trial.nocue,925,1
147,110717,1,2,0,trial.validspatial,1188,1
147,110717,1,1,NaN,trial.nocue,892,1
147,110717,2,2,0,trial.validspatial,1020,1
147,110717,2,1,800,trial.invalid,1036,1
147,110717,2,2,NaN,trial.nocue,1215,1
147,110717,1,2,400,trial.invalid,1158,1
147,110717,2,2,0,trial.doublecue,934,1
147,110717,1,2,NaN,trial.nocue,1001,1
147,110717,1,1,400,trial.validspatial,971,1
147,110717,1,1,800,trial.validspatial,559,1
147,110717,2,1,NaN,trial.nocue,998,1
147,110717,1,1,800,trial.doublecue,980,1
147,110717,2,2,0,trial.doublecue,1148,1
147,110717,1,1,0,trial.invalid,901,1
147,110717,1,1,0,trial.invalid,795,1
147,110717,2,1,0,trial.validspatial,725,1
147,110717,2,1,0,trial.validspatial,766,1
147,110717,1,1,400,trial.doublecue,619,1
147,110717,2,2,800,trial.validspatial,960,1
147,110717,2,2,800,trial.validspatial,899,1
147,110717,2,2,0,trial.validspatial,1700,0
147,110717,1,2,400,trial.validspatial,1022,1
147,110717,2,2,800,trial.invalid,998,1
147,110717,1,2,0,trial.invalid,999,1
147,110717,2,1,400,trial.validspatial,788,1
147,110717,2,1,400,trial.validspatial,558,1
147,110717,2,1,NaN,trial.nocue,958,1
147,110717,2,2,NaN,trial.nocue,1043,1
147,110717,2,1,NaN,trial.nocue,613,1
147,110717,1,1,800,trial.validspatial,765,1
147,110717,1,1,NaN,trial.nocue,498,1
147,110717,2,1,800,trial.doublecue,767,1
147,110717,2,2,NaN,trial.nocue,1223,1
147,110717,1,2,400,trial.validspatial,1262,1
147,110717,1,1,400,trial.doublecue,945,1
147,110717,2,2,400,trial.invalid,1186,1
147,110717,1,1,NaN,trial.nocue,920,1
147,110717,2,1,800,trial.validspatial,629,1
147,110717,2,2,0,trial.validspatial,784,1
147,110717,2,1,800,trial.doublecue,908,0
147,110717,2,1,400,trial.validspatial,592,1
147,110717,2,2,400,trial.validspatial,681,1
147,110717,2,1,0,trial.doublecue,721,1
147,110717,2,2,400,trial.validspatial,1025,1
147,110717,2,2,400,trial.invalid,1036,1
147,110717,2,2,800,trial.doublecue,824,1
147,110717,1,2,400,trial.doublecue,878,1
147,110717,1,2,0,trial.validspatial,1632,1
147,110717,1,2,NaN,trial.nocue,885,1
147,110717,1,1,800,trial.invalid,1003,1
147,110717,2,2,800,trial.validspatial,1074,1
147,110717,2,1,800,trial.validspatial,611,1
147,110717,2,1,0,trial.validspatial,888,1
147,110717,2,2,NaN,trial.nocue,1207,1
147,110717,2,2,800,trial.validspatial,1564,1
147,110717,1,1,400,trial.validspatial,1700,0
147,110717,1,2,800,trial.invalid,1154,1
147,110717,2,2,0,trial.validspatial,1135,1
147,110717,2,2,800,trial.validspatial,929,1
147,110717,1,1,800,trial.validspatial,1082,1
147,110717,2,1,NaN,trial.nocue,928,1
147,110717,1,2,NaN,trial.nocue,1700,0
147,110717,1,2,800,trial.validspatial,1271,1
147,110717,1,2,0,trial.validspatial,1344,1
147,110717,2,2,0,trial.invalid,1298,1
147,110717,1,1,NaN,trial.nocue,989,1
147,110717,2,2,800,trial.validspatial,1369,1
147,110717,2,1,800,trial.validspatial,980,1
147,110717,2,1,0,trial.validspatial,988,1
147,110717,1,1,800,trial.doublecue,833,1
147,110717,2,2,800,trial.invalid,1283,1
147,110717,1,2,400,trial.validspatial,1026,1
147,110717,2,1,800,trial.validspatial,671,1
147,110717,1,2,400,trial.invalid,1438,1
147,110717,1,1,800,trial.validspatial,986,1
147,110717,2,2,400,trial.doublecue,1289,1
147,110717,1,1,0,trial.validspatial,954,1
147,110717,2,1,NaN,trial.nocue,697,1
147,110717,2,1,400,trial.invalid,832,1
147,110717,1,2,800,trial.invalid,1245,1
147,110717,1,2,0,trial.doublecue,1323,1
147,110717,1,1,400,trial.validspatial,643,1
147,110717,1,2,400,trial.validspatial,1221,1
147,110717,1,1,0,trial.doublecue,668,1
147,110717,1,1,0,trial.doublecue,753,1
147,110717,1,2,NaN,trial.nocue,1324,1
147,110717,2,1,400,trial.doublecue,710,1
147,110717,2,2,400,trial.validspatial,1101,1
147,110717,2,2,800,trial.doublecue,1257,1
147,110717,2,2,NaN,trial.nocue,1047,1
147,110717,1,2,NaN,trial.nocue,1091,1
147,110717,1,2,0,trial.doublecue,1700,0
147,110717,2,1,800,trial.invalid,944,1
147,110717,1,2,0,trial.validspatial,1390,1
147,110717,1,1,0,trial.validspatial,749,1
147,110717,2,1,0,trial.validspatial,873,1
147,110717,1,1,400,trial.invalid,966,1
147,110717,1,2,800,trial.doublecue,1234,1
147,110717,2,2,0,trial.validspatial,1088,1
147,110717,2,2,0,trial.invalid,1092,1
147,110717,1,1,0,trial.validspatial,947,1
147,110717,1,1,400,trial.invalid,1039,1
147,110717,2,1,800,trial.validspatial,730,1
147,110717,2,2,400,trial.doublecue,1184,1
147,110717,2,1,0,trial.doublecue,1016,1
147,110717,2,2,400,trial.validspatial,862,1
147,110717,1,1,NaN,trial.nocue,769,1
147,110717,2,1,0,trial.invalid,935,1
147,110717,1,2,800,trial.validspatial,1146,1
147,110717,1,2,800,trial.doublecue,700,1
147,110717,2,1,400,trial.validspatial,802,1
147,110717,1,1,800,trial.validspatial,822,1
147,110717,1,2,800,trial.validspatial,986,1
147,110717,1,1,0,trial.validspatial,671,1
147,110717,1,2,400,trial.validspatial,1084,1
147,110717,2,1,400,trial.invalid,1050,0
147,110717,2,1,0,trial.invalid,1386,1
147,110717,2,2,NaN,trial.nocue,985,1
147,110717,1,1,800,trial.validspatial,827,1
147,110717,2,2,400,trial.validspatial,749,1
147,110717,2,1,NaN,trial.nocue,657,1
147,110717,1,1,400,trial.validspatial,819,1
147,110717,1,2,NaN,trial.nocue,1234,1
147,110717,1,2,0,trial.validspatial,1249,1
147,110717,1,2,800,trial.validspatial,1036,1
147,110717,1,1,0,trial.validspatial,740,1
147,110717,1,1,400,trial.validspatial,647,1
147,110717,1,1,0,trial.validspatial,859,1
147,110717,1,2,0,trial.invalid,1081,1
147,110717,1,2,800,trial.validspatial,1045,1
147,110717,1,2,400,trial.validspatial,1331,1
147,110717,1,2,400,trial.doublecue,1150,1
147,110717,2,2,400,trial.validspatial,1284,1
147,110717,2,1,400,trial.doublecue,902,1
147,110717,2,1,0,trial.validspatial,640,1
147,110717,2,1,400,trial.validspatial,711,1
147,110717,1,2,800,trial.validspatial,1675,1
147,110717,1,1,800,trial.invalid,1106,1
147,110717,2,1,400,trial.validspatial,703,1
147,110717,2,1,800,trial.validspatial,618,1
147,110717,2,2,0,trial.validspatial,1237,1
147,110717,1,2,0,trial.validspatial,1093,1
147,110717,1,1,400,trial.validspatial,994,1
147,110717,1,1,NaN,trial.nocue,786,1
147,110717,1,2,0,trial.validspatial,1700,0
147,110717,1,1,NaN,trial.nocue,712,1
147,110717,2,2,0,trial.validspatial,1165,1
147,110717,2,1,800,trial.invalid,1083,1
147,110717,2,2,NaN,trial.nocue,1098,1
147,110717,1,2,400,trial.invalid,1186,1
147,110717,2,2,0,trial.doublecue,1105,1
147,110717,1,2,NaN,trial.nocue,996,1
147,110717,1,1,400,trial.validspatial,782,1
147,110717,1,1,800,trial.validspatial,506,1
147,110717,2,1,NaN,trial.nocue,882,1
147,110717,1,1,800,trial.doublecue,544,1
147,110717,2,2,0,trial.doublecue,1089,1
147,110717,1,1,0,trial.invalid,1256,1
147,110717,1,1,0,trial.invalid,782,1
147,110717,2,1,0,trial.validspatial,657,1
147,110717,2,1,0,trial.validspatial,887,1
147,110717,1,1,400,trial.doublecue,668,1
147,110717,2,2,800,trial.validspatial,953,1
147,110717,2,2,800,trial.validspatial,908,1
147,110717,2,2,0,trial.validspatial,919,1
147,110717,1,2,400,trial.validspatial,879,1
147,110717,2,2,800,trial.invalid,986,1
147,110717,1,2,0,trial.invalid,1040,0
147,110717,2,1,400,trial.validspatial,605,1
147,110717,2,1,400,trial.validspatial,761,1
147,110717,2,1,NaN,trial.nocue,903,1
147,110717,2,2,NaN,trial.nocue,1268,1
147,110717,2,1,NaN,trial.nocue,543,1
147,110717,1,1,800,trial.validspatial,908,1
147,110717,1,1,NaN,trial.nocue,697,1
147,110717,2,1,800,trial.doublecue,790,1
147,110717,2,2,NaN,trial.nocue,1165,1
147,110717,1,2,400,trial.validspatial,1309,1
147,110717,1,1,400,trial.doublecue,648,1
147,110717,2,2,400,trial.invalid,1191,1
147,110717,1,1,NaN,trial.nocue,1103,1
147,110717,2,1,800,trial.validspatial,596,1
147,110717,2,2,0,trial.validspatial,1115,1
147,110717,2,1,800,trial.doublecue,699,1
147,110717,2,1,400,trial.validspatial,714,1
147,110717,2,2,400,trial.validspatial,1101,1
147,110717,2,1,0,trial.doublecue,1034,1
147,110717,2,2,400,trial.validspatial,1292,1
147,110717,2,2,400,trial.invalid,1086,1
147,110717,2,2,800,trial.doublecue,1114,1
147,110717,1,2,400,trial.doublecue,1112,1
147,110717,1,2,0,trial.validspatial,1290,1
147,110717,1,2,NaN,trial.nocue,1089,1
147,110717,1,1,800,trial.invalid,1253,1
147,110717,2,2,800,trial.validspatial,915,1
147,110717,2,1,800,trial.validspatial,919,1
147,110717,2,1,0,trial.validspatial,947,1
147,110717,2,2,NaN,trial.nocue,1658,1
147,110717,2,2,800,trial.validspatial,1062,1
147,110717,1,1,400,trial.validspatial,1700,0
147,110717,1,2,800,trial.invalid,788,1
147,110717,2,2,0,trial.validspatial,1235,1
147,110717,2,2,800,trial.validspatial,1086,1
147,110717,1,1,800,trial.validspatial,1225,1
147,110717,2,1,NaN,trial.nocue,1039,1
147,110717,1,2,NaN,trial.nocue,1069,1
147,110717,1,2,800,trial.validspatial,1101,1
147,110717,1,2,0,trial.validspatial,785,1
147,110717,2,2,0,trial.invalid,629,1
147,110717,1,1,NaN,trial.nocue,1153,1
147,110717,2,2,800,trial.validspatial,960,1
147,110717,2,1,800,trial.validspatial,701,1
147,110717,2,1,0,trial.validspatial,688,1
147,110717,1,1,800,trial.doublecue,1155,1
147,110717,2,2,800,trial.invalid,985,1
147,110717,1,2,400,trial.validspatial,733,1
147,110717,2,1,800,trial.validspatial,472,1
147,110717,1,2,400,trial.invalid,1063,1
147,110717,1,1,800,trial.validspatial,911,1
147,110717,2,2,400,trial.doublecue,1176,1
147,110717,1,1,0,trial.validspatial,901,1
147,110717,2,1,NaN,trial.nocue,1004,1
147,110717,2,1,400,trial.invalid,1253,1
147,110717,1,2,800,trial.invalid,819,1
147,110717,1,2,0,trial.doublecue,1005,1
147,110717,1,1,400,trial.validspatial,871,1
147,110717,1,2,400,trial.validspatial,531,1
147,110717,1,1,0,trial.doublecue,859,1
147,110717,1,1,0,trial.doublecue,657,1
147,110717,1,2,NaN,trial.nocue,1234,1
147,110717,2,1,400,trial.doublecue,633,1
147,110717,2,2,400,trial.validspatial,802,1
147,110717,2,2,800,trial.doublecue,700,1
147,110717,2,2,NaN,trial.nocue,876,1
147,110717,1,2,NaN,trial.nocue,681,1
147,110717,1,2,0,trial.doublecue,1023,1
147,110717,2,1,800,trial.invalid,873,1
147,110717,1,2,0,trial.validspatial,861,1
147,110717,1,1,0,trial.validspatial,1525,1
147,110717,2,1,0,trial.validspatial,1054,1
147,110717,1,1,400,trial.invalid,1382,1
147,110717,1,2,800,trial.doublecue,691,1
147,110717,2,2,0,trial.validspatial,687,1
147,110717,2,2,0,trial.invalid,773,1
147,110717,1,1,0,trial.validspatial,1002,1
147,110717,1,1,400,trial.invalid,964,1
147,110717,2,1,800,trial.validspatial,924,1
147,110717,2,2,400,trial.doublecue,984,1
147,110717,2,1,0,trial.doublecue,726,1
147,110717,2,2,400,trial.validspatial,1164,1
147,110717,1,1,NaN,trial.nocue,748,1
147,110717,2,1,0,trial.invalid,617,1
147,110717,1,2,800,trial.validspatial,1054,1
147,110717,1,2,800,trial.doublecue,910,1
147,110717,2,1,400,trial.validspatial,676,1
147,110717,1,1,800,trial.validspatial,994,1
147,110717,1,2,800,trial.validspatial,626,1
147,110717,1,1,0,trial.validspatial,624,1
147,110717,1,2,400,trial.validspatial,1089,1
147,110717,2,1,400,trial.invalid,960,1
147,110717,2,1,0,trial.invalid,1170,1
147,110717,2,2,NaN,trial.nocue,1052,1
147,110717,1,1,800,trial.validspatial,1271,1
147,110717,2,2,400,trial.validspatial,973,1
147,110717,2,1,NaN,trial.nocue,1151,1
147,110717,1,1,400,trial.validspatial,851,1
147,110717,1,2,NaN,trial.nocue,915,1
147,110717,1,2,0,trial.validspatial,954,1
147,110717,1,2,800,trial.validspatial,699,1
147,110717,1,1,0,trial.validspatial,865,1
147,110717,1,1,400,trial.validspatial,1385,1
