subject,date,location_congruence_val,flanker_congruence_val,cue_target_interval,cue_condition,latency,values.correct
89,80717,1,1,0,trial.validspatial,951,1
89,80717,1,2,0,trial.invalid,643,0
89,80717,1,2,800,trial.validspatial,397,1
89,80717,1,2,400,trial.validspatial,462,0
89,80717,1,2,400,trial.doublecue,821,1
89,80717,2,2,400,trial.validspatial,545,1
89,80717,2,1,400,trial.doublecue,539,1
89,80717,2,1,0,trial.validspatial,533,1
89,80717,2,1,400,trial.validspatial,464,1
89,80717,1,2,800,trial.validspatial,466,1
89,80717,1,1,800,trial.invalid,593,1
89,80717,2,1,400,trial.validspatial,430,1
89,80717,2,1,800,trial.validspatial,466,1
89,80717,2,2,0,trial.validspatial,572,0
89,80717,1,2,0,trial.validspatial,626,1
89,80717,1,1,400,trial.validspatial,406,1
89,80717,1,1,NaN,trial.nocue,614,1
89,80717,1,2,0,trial.validspatial,635,1
89,80717,1,1,NaN,trial.nocue,676,1
89,80717,2,2,0,trial.validspatial,587,1
89,80717,2,1,800,trial.invalid,599,1
89,80717,2,2,NaN,trial.nocue,580,1
89,80717,1,2,400,trial.invalid,738,1
89,80717,2,2,0,trial.doublecue,593,1
89,80717,1,2,NaN,trial.nocue,626,1
89,80717,1,1,400,trial.validspatial,515,1
89,80717,1,1,800,trial.validspatial,517,1
89,80717,2,1,NaN,trial.nocue,539,1
89,80717,1,1,800,trial.doublecue,570,1
89,80717,2,2,0,trial.doublecue,649,1
89,80717,1,1,0,trial.invalid,553,1
89,80717,1,1,0,trial.invalid,508,1
89,80717,2,1,0,trial.validspatial,504,1
89,80717,2,1,0,trial.validspatial,479,1
89,80717,1,1,400,trial.doublecue,382,1
89,80717,2,2,800,trial.validspatial,476,1
89,80717,2,2,800,trial.validspatial,423,1
89,80717,2,2,0,trial.validspatial,505,1
89,80717,1,2,400,trial.validspatial,451,1
89,80717,2,2,800,trial.invalid,556,0
89,80717,1,2,0,trial.invalid,644,1
89,80717,2,1,400,trial.validspatial,473,1
89,80717,2,1,400,trial.validspatial,452,1
89,80717,2,1,NaN,trial.nocue,576,1
89,80717,2,2,NaN,trial.nocue,580,1
89,80717,2,1,NaN,trial.nocue,533,1
89,80717,1,1,800,trial.validspatial,375,1
89,80717,1,1,NaN,trial.nocue,604,1
89,80717,2,1,800,trial.doublecue,480,1
89,80717,2,2,NaN,trial.nocue,607,1
89,80717,1,2,400,trial.validspatial,470,1
89,80717,1,1,400,trial.doublecue,458,1
89,80717,2,2,400,trial.invalid,592,1
89,80717,1,1,NaN,trial.nocue,591,1
89,80717,2,1,800,trial.validspatial,437,1
89,80717,2,2,0,trial.validspatial,604,1
89,80717,2,1,800,trial.doublecue,540,1
89,80717,2,1,400,trial.validspatial,417,1
89,80717,2,2,400,trial.validspatial,554,1
89,80717,2,1,0,trial.doublecue,513,1
89,80717,2,2,400,trial.validspatial,392,0
89,80717,2,2,400,trial.invalid,681,1
89,80717,2,2,800,trial.doublecue,634,1
89,80717,1,2,400,trial.doublecue,582,1
89,80717,1,2,0,trial.validspatial,582,1
89,80717,1,2,NaN,trial.nocue,777,1
89,80717,1,1,800,trial.invalid,533,1
89,80717,2,2,800,trial.validspatial,459,1
89,80717,2,1,800,trial.validspatial,500,1
89,80717,2,1,0,trial.validspatial,521,1
89,80717,2,2,NaN,trial.nocue,651,0
89,80717,2,2,800,trial.validspatial,485,1
89,80717,1,1,400,trial.validspatial,890,1
89,80717,1,2,800,trial.invalid,689,1
89,80717,2,2,0,trial.validspatial,726,1
89,80717,2,2,800,trial.validspatial,675,1
89,80717,1,1,800,trial.validspatial,482,1
89,80717,2,1,NaN,trial.nocue,559,1
89,80717,1,2,NaN,trial.nocue,646,1
89,80717,1,2,800,trial.validspatial,491,1
89,80717,1,2,0,trial.validspatial,612,1
89,80717,2,2,0,trial.invalid,758,1
89,80717,1,1,NaN,trial.nocue,580,1
89,80717,2,2,800,trial.validspatial,848,1
89,80717,2,1,800,trial.validspatial,418,1
89,80717,2,1,0,trial.validspatial,489,1
89,80717,1,1,800,trial.doublecue,624,1
89,80717,2,2,800,trial.invalid,623,1
89,80717,1,2,400,trial.validspatial,507,1
89,80717,2,1,800,trial.validspatial,482,1
89,80717,1,2,400,trial.invalid,810,1
89,80717,1,1,800,trial.validspatial,501,1
89,80717,2,2,400,trial.doublecue,627,1
89,80717,1,1,0,trial.validspatial,539,1
89,80717,2,1,NaN,trial.nocue,542,1
89,80717,2,1,400,trial.invalid,572,1
89,80717,1,2,800,trial.invalid,765,1
89,80717,1,2,0,trial.doublecue,634,1
89,80717,1,1,400,trial.validspatial,467,1
89,80717,1,2,400,trial.validspatial,468,1
89,80717,1,1,0,trial.doublecue,604,1
89,80717,1,1,0,trial.doublecue,572,1
89,80717,1,2,NaN,trial.nocue,606,1
89,80717,2,1,400,trial.doublecue,487,1
89,80717,2,2,400,trial.validspatial,468,1
89,80717,2,2,800,trial.doublecue,558,1
89,80717,2,2,NaN,trial.nocue,604,1
89,80717,1,2,NaN,trial.nocue,582,1
89,80717,1,2,0,trial.doublecue,1700,0
89,80717,2,1,800,trial.invalid,545,1
89,80717,1,2,0,trial.validspatial,614,1
89,80717,1,1,0,trial.validspatial,532,1
89,80717,2,1,0,trial.validspatial,510,1
89,80717,1,1,400,trial.invalid,534,1
89,80717,1,2,800,trial.doublecue,617,1
89,80717,2,2,0,trial.validspatial,542,1
89,80717,2,2,0,trial.invalid,622,1
89,80717,1,1,0,trial.validspatial,493,1
89,80717,1,1,400,trial.invalid,572,1
89,80717,2,1,800,trial.validspatial,423,1
89,80717,2,2,400,trial.doublecue,589,1
89,80717,2,1,0,trial.doublecue,601,1
89,80717,2,2,400,trial.validspatial,444,1
89,80717,1,1,NaN,trial.nocue,432,1
89,80717,2,1,0,trial.invalid,502,1
89,80717,1,2,800,trial.validspatial,484,1
89,80717,1,2,800,trial.doublecue,734,1
89,80717,2,1,400,trial.validspatial,534,1
89,80717,1,1,800,trial.validspatial,500,1
89,80717,1,2,800,trial.validspatial,456,1
89,80717,1,1,0,trial.validspatial,692,1
89,80717,1,2,400,trial.validspatial,427,1
89,80717,2,1,400,trial.invalid,637,1
89,80717,2,1,0,trial.invalid,556,1
89,80717,2,2,NaN,trial.nocue,578,1
89,80717,1,1,800,trial.validspatial,398,1
89,80717,2,2,400,trial.validspatial,491,1
89,80717,2,1,NaN,trial.nocue,509,1
89,80717,1,1,400,trial.validspatial,454,1
89,80717,1,2,NaN,trial.nocue,508,1
89,80717,1,2,0,trial.validspatial,707,1
89,80717,1,2,800,trial.validspatial,467,1
89,80717,1,1,0,trial.validspatial,443,1
89,80717,1,1,400,trial.validspatial,394,1
89,80717,1,1,0,trial.validspatial,517,1
89,80717,1,2,0,trial.invalid,671,1
89,80717,1,2,800,trial.validspatial,587,1
89,80717,1,2,400,trial.validspatial,508,1
89,80717,1,2,400,trial.doublecue,546,0
89,80717,2,2,400,trial.validspatial,486,1
89,80717,2,1,400,trial.doublecue,608,1
89,80717,2,1,0,trial.validspatial,530,1
89,80717,2,1,400,trial.validspatial,444,1
89,80717,1,2,800,trial.validspatial,582,1
89,80717,1,1,800,trial.invalid,493,1
89,80717,2,1,400,trial.validspatial,433,1
89,80717,2,1,800,trial.validspatial,389,1
89,80717,2,2,0,trial.validspatial,576,1
89,80717,1,2,0,trial.validspatial,518,1
89,80717,1,1,400,trial.validspatial,422,1
89,80717,1,1,NaN,trial.nocue,430,1
89,80717,1,2,0,trial.validspatial,539,1
89,80717,1,1,NaN,trial.nocue,680,1
89,80717,2,2,0,trial.validspatial,532,1
89,80717,2,1,800,trial.invalid,582,1
89,80717,2,2,NaN,trial.nocue,611,1
89,80717,1,2,400,trial.invalid,707,1
89,80717,2,2,0,trial.doublecue,602,1
89,80717,1,2,NaN,trial.nocue,643,1
89,80717,1,1,400,trial.validspatial,460,1
89,80717,1,1,800,trial.validspatial,464,1
89,80717,2,1,NaN,trial.nocue,479,1
89,80717,1,1,800,trial.doublecue,415,1
89,80717,2,2,0,trial.doublecue,495,0
89,80717,1,1,0,trial.invalid,529,1
89,80717,1,1,0,trial.invalid,507,1
89,80717,2,1,0,trial.validspatial,496,1
89,80717,2,1,0,trial.validspatial,542,1
89,80717,1,1,400,trial.doublecue,463,1
89,80717,2,2,800,trial.validspatial,581,1
89,80717,2,2,800,trial.validspatial,463,1
89,80717,2,2,0,trial.validspatial,545,1
89,80717,1,2,400,trial.validspatial,501,1
89,80717,2,2,800,trial.invalid,644,1
89,80717,1,2,0,trial.invalid,892,1
89,80717,2,1,400,trial.validspatial,503,1
89,80717,2,1,400,trial.validspatial,432,1
89,80717,2,1,NaN,trial.nocue,469,1
89,80717,2,2,NaN,trial.nocue,629,1
89,80717,2,1,NaN,trial.nocue,447,1
89,80717,1,1,800,trial.validspatial,448,1
89,80717,1,1,NaN,trial.nocue,597,1
89,80717,2,1,800,trial.doublecue,520,1
89,80717,2,2,NaN,trial.nocue,632,1
89,80717,1,2,400,trial.validspatial,510,1
89,80717,1,1,400,trial.doublecue,529,1
89,80717,2,2,400,trial.invalid,574,1
89,80717,1,1,NaN,trial.nocue,542,1
89,80717,2,1,800,trial.validspatial,443,1
89,80717,2,2,0,trial.validspatial,595,1
89,80717,2,1,800,trial.doublecue,522,1
89,80717,2,1,400,trial.validspatial,415,1
89,80717,2,2,400,trial.validspatial,488,1
89,80717,2,1,0,trial.doublecue,512,1
89,80717,2,2,400,trial.validspatial,583,1
89,80717,2,2,400,trial.invalid,646,1
89,80717,2,2,800,trial.doublecue,544,1
89,80717,1,2,400,trial.doublecue,500,1
89,80717,1,2,0,trial.validspatial,572,1
89,80717,1,2,NaN,trial.nocue,574,1
89,80717,1,1,800,trial.invalid,625,1
89,80717,2,2,800,trial.validspatial,456,1
89,80717,2,1,800,trial.validspatial,593,1
89,80717,2,1,0,trial.validspatial,461,1
89,80717,2,2,NaN,trial.nocue,623,1
89,80717,2,2,800,trial.validspatial,432,1
89,80717,1,1,400,trial.validspatial,1700,0
89,80717,1,2,800,trial.invalid,496,1
89,80717,2,2,0,trial.validspatial,649,1
89,80717,2,2,800,trial.validspatial,493,1
89,80717,1,1,800,trial.validspatial,446,1
89,80717,2,1,NaN,trial.nocue,565,1
89,80717,1,2,NaN,trial.nocue,456,1
89,80717,1,2,800,trial.validspatial,467,1
89,80717,1,2,0,trial.validspatial,439,1
89,80717,2,2,0,trial.invalid,431,1
89,80717,1,1,NaN,trial.nocue,441,1
89,80717,2,2,800,trial.validspatial,608,1
89,80717,2,1,800,trial.validspatial,557,1
89,80717,2,1,0,trial.validspatial,383,1
89,80717,1,1,800,trial.doublecue,578,1
89,80717,2,2,800,trial.invalid,569,1
89,80717,1,2,400,trial.validspatial,403,1
89,80717,2,1,800,trial.validspatial,434,1
89,80717,1,2,400,trial.invalid,544,1
89,80717,1,1,800,trial.validspatial,438,1
89,80717,2,2,400,trial.doublecue,641,1
89,80717,1,1,0,trial.validspatial,608,1
89,80717,2,1,NaN,trial.nocue,620,1
89,80717,2,1,400,trial.invalid,627,1
89,80717,1,2,800,trial.invalid,619,1
89,80717,1,2,0,trial.doublecue,589,1
89,80717,1,1,400,trial.validspatial,477,1
89,80717,1,2,400,trial.validspatial,409,1
89,80717,1,1,0,trial.doublecue,536,1
89,80717,1,1,0,trial.doublecue,454,1
89,80717,1,2,NaN,trial.nocue,487,0
89,80717,2,1,400,trial.doublecue,537,1
89,80717,2,2,400,trial.validspatial,539,1
89,80717,2,2,800,trial.doublecue,537,1
89,80717,2,2,NaN,trial.nocue,505,1
89,80717,1,2,NaN,trial.nocue,432,1
89,80717,1,2,0,trial.doublecue,446,1
89,80717,2,1,800,trial.invalid,481,1
89,80717,1,2,0,trial.validspatial,548,1
89,80717,1,1,0,trial.validspatial,551,1
89,80717,2,1,0,trial.validspatial,558,1
89,80717,1,1,400,trial.invalid,758,1
89,80717,1,2,800,trial.doublecue,456,1
89,80717,2,2,0,trial.validspatial,451,1
89,80717,2,2,0,trial.invalid,583,1
89,80717,1,1,0,trial.validspatial,643,1
89,80717,1,1,400,trial.invalid,541,1
89,80717,2,1,800,trial.validspatial,416,1
89,80717,2,2,400,trial.doublecue,436,1
89,80717,2,1,0,trial.doublecue,545,1
89,80717,2,2,400,trial.validspatial,560,1
89,80717,1,1,NaN,trial.nocue,503,1
89,80717,2,1,0,trial.invalid,425,1
89,80717,1,2,800,trial.validspatial,615,1
89,80717,1,2,800,trial.doublecue,478,1
89,80717,2,1,400,trial.validspatial,477,1
89,80717,1,1,800,trial.validspatial,645,1
89,80717,1,2,800,trial.validspatial,574,1
89,80717,1,1,0,trial.validspatial,436,1
89,80717,1,2,400,trial.validspatial,485,1
89,80717,2,1,400,trial.invalid,548,1
89,80717,2,1,0,trial.invalid,468,1
89,80717,2,2,NaN,trial.nocue,693,1
89,80717,1,1,800,trial.validspatial,519,1
89,80717,2,2,400,trial.validspatial,547,1
89,80717,2,1,NaN,trial.nocue,571,1
89,80717,1,1,400,trial.validspatial,525,1
89,80717,1,2,NaN,trial.nocue,558,1
89,80717,1,2,0,trial.validspatial,573,1
89,80717,1,2,800,trial.validspatial,484,1
89,80717,1,1,0,trial.validspatial,538,1
89,80717,1,1,400,trial.validspatial,877,1
