subject,date,location_congruence_val,flanker_congruence_val,cue_target_interval,cue_condition,latency,values.correct
632,80817,1,1,0,trial.validspatial,1355,1
632,80817,1,2,0,trial.invalid,837,1
632,80817,1,2,800,trial.validspatial,739,1
632,80817,1,2,400,trial.validspatial,876,1
632,80817,1,2,400,trial.doublecue,900,1
632,80817,2,2,400,trial.validspatial,541,0
632,80817,2,1,400,trial.doublecue,890,0
632,80817,2,1,0,trial.validspatial,625,1
632,80817,2,1,400,trial.validspatial,517,1
632,80817,1,2,800,trial.validspatial,866,1
632,80817,1,1,800,trial.invalid,819,1
632,80817,2,1,400,trial.validspatial,778,1
632,80817,2,1,800,trial.validspatial,484,1
632,80817,2,2,0,trial.validspatial,949,1
632,80817,1,2,0,trial.validspatial,540,0
632,80817,1,1,400,trial.validspatial,755,1
632,80817,1,1,NaN,trial.nocue,550,1
632,80817,1,2,0,trial.validspatial,662,1
632,80817,1,1,NaN,trial.nocue,672,1
632,80817,2,2,0,trial.validspatial,1039,1
632,80817,2,1,800,trial.invalid,639,1
632,80817,2,2,NaN,trial.nocue,816,1
632,80817,1,2,400,trial.invalid,1700,0
632,80817,2,2,0,trial.doublecue,1700,0
632,80817,1,2,NaN,trial.nocue,1328,1
632,80817,1,1,400,trial.validspatial,604,1
632,80817,1,1,800,trial.validspatial,503,1
632,80817,2,1,NaN,trial.nocue,1278,1
632,80817,1,1,800,trial.doublecue,1350,1
632,80817,2,2,0,trial.doublecue,1372,1
632,80817,1,1,0,trial.invalid,737,1
632,80817,1,1,0,trial.invalid,572,1
632,80817,2,1,0,trial.validspatial,507,1
632,80817,2,1,0,trial.validspatial,483,1
632,80817,1,1,400,trial.doublecue,547,1
632,80817,2,2,800,trial.validspatial,639,1
632,80817,2,2,800,trial.validspatial,506,1
632,80817,2,2,0,trial.validspatial,842,1
632,80817,1,2,400,trial.validspatial,638,1
632,80817,2,2,800,trial.invalid,913,1
632,80817,1,2,0,trial.invalid,886,1
632,80817,2,1,400,trial.validspatial,764,1
632,80817,2,1,400,trial.validspatial,530,1
632,80817,2,1,NaN,trial.nocue,877,1
632,80817,2,2,NaN,trial.nocue,1169,1
632,80817,2,1,NaN,trial.nocue,817,1
632,80817,1,1,800,trial.validspatial,828,1
632,80817,1,1,NaN,trial.nocue,914,1
632,80817,2,1,800,trial.doublecue,925,1
632,80817,2,2,NaN,trial.nocue,1049,1
632,80817,1,2,400,trial.validspatial,850,1
632,80817,1,1,400,trial.doublecue,933,1
632,80817,2,2,400,trial.invalid,718,1
632,80817,1,1,NaN,trial.nocue,1153,1
632,80817,2,1,800,trial.validspatial,1233,1
632,80817,2,2,0,trial.validspatial,1044,1
632,80817,2,1,800,trial.doublecue,1700,0
632,80817,2,1,400,trial.validspatial,672,1
632,80817,2,2,400,trial.validspatial,809,1
632,80817,2,1,0,trial.doublecue,696,1
632,80817,2,2,400,trial.validspatial,1367,1
632,80817,2,2,400,trial.invalid,1086,1
632,80817,2,2,800,trial.doublecue,703,1
632,80817,1,2,400,trial.doublecue,821,1
632,80817,1,2,0,trial.validspatial,970,1
632,80817,1,2,NaN,trial.nocue,805,1
632,80817,1,1,800,trial.invalid,584,1
632,80817,2,2,800,trial.validspatial,842,1
632,80817,2,1,800,trial.validspatial,478,1
632,80817,2,1,0,trial.validspatial,996,1
632,80817,2,2,NaN,trial.nocue,886,1
632,80817,2,2,800,trial.validspatial,731,1
632,80817,1,1,400,trial.validspatial,677,1
632,80817,1,2,800,trial.invalid,1090,1
632,80817,2,2,0,trial.validspatial,1682,0
632,80817,2,2,800,trial.validspatial,1327,1
632,80817,1,1,800,trial.validspatial,637,1
632,80817,2,1,NaN,trial.nocue,1089,1
632,80817,1,2,NaN,trial.nocue,1344,1
632,80817,1,2,800,trial.validspatial,989,1
632,80817,1,2,0,trial.validspatial,893,1
632,80817,2,2,0,trial.invalid,1700,0
632,80817,1,1,NaN,trial.nocue,782,1
632,80817,2,2,800,trial.validspatial,1024,1
632,80817,2,1,800,trial.validspatial,555,1
632,80817,2,1,0,trial.validspatial,728,1
632,80817,1,1,800,trial.doublecue,586,1
632,80817,2,2,800,trial.invalid,1025,1
632,80817,1,2,400,trial.validspatial,636,1
632,80817,2,1,800,trial.validspatial,607,1
632,80817,1,2,400,trial.invalid,812,1
632,80817,1,1,800,trial.validspatial,724,1
632,80817,2,2,400,trial.doublecue,992,1
632,80817,1,1,0,trial.validspatial,580,1
632,80817,2,1,NaN,trial.nocue,686,1
632,80817,2,1,400,trial.invalid,666,1
632,80817,1,2,800,trial.invalid,869,1
632,80817,1,2,0,trial.doublecue,811,1
632,80817,1,1,400,trial.validspatial,579,1
632,80817,1,2,400,trial.validspatial,715,1
632,80817,1,1,0,trial.doublecue,509,1
632,80817,1,1,0,trial.doublecue,454,1
632,80817,1,2,NaN,trial.nocue,836,1
632,80817,2,1,400,trial.doublecue,644,1
632,80817,2,2,400,trial.validspatial,584,1
632,80817,2,2,800,trial.doublecue,705,1
632,80817,2,2,NaN,trial.nocue,981,1
632,80817,1,2,NaN,trial.nocue,608,1
632,80817,1,2,0,trial.doublecue,573,1
632,80817,2,1,800,trial.invalid,699,1
632,80817,1,2,0,trial.validspatial,456,0
632,80817,1,1,0,trial.validspatial,595,1
632,80817,2,1,0,trial.validspatial,717,1
632,80817,1,1,400,trial.invalid,686,1
632,80817,1,2,800,trial.doublecue,1078,1
632,80817,2,2,0,trial.validspatial,852,1
632,80817,2,2,0,trial.invalid,845,1
632,80817,1,1,0,trial.validspatial,632,1
632,80817,1,1,400,trial.invalid,651,1
632,80817,2,1,800,trial.validspatial,733,1
632,80817,2,2,400,trial.doublecue,852,1
632,80817,2,1,0,trial.doublecue,845,1
632,80817,2,2,400,trial.validspatial,561,1
632,80817,1,1,NaN,trial.nocue,642,1
632,80817,2,1,0,trial.invalid,590,1
632,80817,1,2,800,trial.validspatial,809,1
632,80817,1,2,800,trial.doublecue,982,1
632,80817,2,1,400,trial.validspatial,523,1
632,80817,1,1,800,trial.validspatial,542,1
632,80817,1,2,800,trial.validspatial,557,1
632,80817,1,1,0,trial.validspatial,513,1
632,80817,1,2,400,trial.validspatial,531,1
632,80817,2,1,400,trial.invalid,777,1
632,80817,2,1,0,trial.invalid,630,1
632,80817,2,2,NaN,trial.nocue,724,1
632,80817,1,1,800,trial.validspatial,451,1
632,80817,2,2,400,trial.validspatial,536,1
632,80817,2,1,NaN,trial.nocue,713,1
632,80817,1,1,400,trial.validspatial,755,1
632,80817,1,2,NaN,trial.nocue,649,1
632,80817,1,2,0,trial.validspatial,784,1
632,80817,1,2,800,trial.validspatial,682,1
632,80817,1,1,0,trial.validspatial,689,1
632,80817,1,1,400,trial.validspatial,425,1
632,80817,1,1,0,trial.validspatial,650,1
632,80817,1,2,0,trial.invalid,765,1
632,80817,1,2,800,trial.validspatial,470,1
632,80817,1,2,400,trial.validspatial,558,1
632,80817,1,2,400,trial.doublecue,870,1
632,80817,2,2,400,trial.validspatial,550,1
632,80817,2,1,400,trial.doublecue,755,1
632,80817,2,1,0,trial.validspatial,726,1
632,80817,2,1,400,trial.validspatial,489,1
632,80817,1,2,800,trial.validspatial,648,1
632,80817,1,1,800,trial.invalid,678,1
632,80817,2,1,400,trial.validspatial,484,1
632,80817,2,1,800,trial.validspatial,399,1
632,80817,2,2,0,trial.validspatial,865,1
632,80817,1,2,0,trial.validspatial,920,1
632,80817,1,1,400,trial.validspatial,604,1
632,80817,1,1,NaN,trial.nocue,544,1
632,80817,1,2,0,trial.validspatial,677,1
632,80817,1,1,NaN,trial.nocue,616,1
632,80817,2,2,0,trial.validspatial,777,1
632,80817,2,1,800,trial.invalid,700,1
632,80817,2,2,NaN,trial.nocue,857,1
632,80817,1,2,400,trial.invalid,622,1
632,80817,2,2,0,trial.doublecue,941,1
632,80817,1,2,NaN,trial.nocue,662,1
632,80817,1,1,400,trial.validspatial,447,1
632,80817,1,1,800,trial.validspatial,435,1
632,80817,2,1,NaN,trial.nocue,642,1
632,80817,1,1,800,trial.doublecue,585,0
632,80817,2,2,0,trial.doublecue,1072,1
632,80817,1,1,0,trial.invalid,518,1
632,80817,1,1,0,trial.invalid,592,1
632,80817,2,1,0,trial.validspatial,594,1
632,80817,2,1,0,trial.validspatial,518,1
632,80817,1,1,400,trial.doublecue,426,1
632,80817,2,2,800,trial.validspatial,742,1
632,80817,2,2,800,trial.validspatial,509,1
632,80817,2,2,0,trial.validspatial,716,1
632,80817,1,2,400,trial.validspatial,534,1
632,80817,2,2,800,trial.invalid,668,1
632,80817,1,2,0,trial.invalid,829,1
632,80817,2,1,400,trial.validspatial,806,1
632,80817,2,1,400,trial.validspatial,484,1
632,80817,2,1,NaN,trial.nocue,511,1
632,80817,2,2,NaN,trial.nocue,967,1
632,80817,2,1,NaN,trial.nocue,707,1
632,80817,1,1,800,trial.validspatial,634,1
632,80817,1,1,NaN,trial.nocue,544,1
632,80817,2,1,800,trial.doublecue,528,1
632,80817,2,2,NaN,trial.nocue,820,1
632,80817,1,2,400,trial.validspatial,590,1
632,80817,1,1,400,trial.doublecue,809,1
632,80817,2,2,400,trial.invalid,750,1
632,80817,1,1,NaN,trial.nocue,764,1
632,80817,2,1,800,trial.validspatial,403,1
632,80817,2,2,0,trial.validspatial,901,1
632,80817,2,1,800,trial.doublecue,492,1
632,80817,2,1,400,trial.validspatial,471,1
632,80817,2,2,400,trial.validspatial,545,1
632,80817,2,1,0,trial.doublecue,483,1
632,80817,2,2,400,trial.validspatial,574,1
632,80817,2,2,400,trial.invalid,949,1
632,80817,2,2,800,trial.doublecue,766,1
632,80817,1,2,400,trial.doublecue,738,1
632,80817,1,2,0,trial.validspatial,772,1
632,80817,1,2,NaN,trial.nocue,837,1
632,80817,1,1,800,trial.invalid,715,1
632,80817,2,2,800,trial.validspatial,644,1
632,80817,2,1,800,trial.validspatial,575,1
632,80817,2,1,0,trial.validspatial,459,1
632,80817,2,2,NaN,trial.nocue,794,1
632,80817,2,2,800,trial.validspatial,504,1
632,80817,1,1,400,trial.validspatial,1700,0
632,80817,1,2,800,trial.invalid,678,1
632,80817,2,2,0,trial.validspatial,873,1
632,80817,2,2,800,trial.validspatial,450,1
632,80817,1,1,800,trial.validspatial,524,1
632,80817,2,1,NaN,trial.nocue,730,1
632,80817,1,2,NaN,trial.nocue,518,1
632,80817,1,2,800,trial.validspatial,463,1
632,80817,1,2,0,trial.validspatial,556,1
632,80817,2,2,0,trial.invalid,646,1
632,80817,1,1,NaN,trial.nocue,592,1
632,80817,2,2,800,trial.validspatial,637,1
632,80817,2,1,800,trial.validspatial,429,1
632,80817,2,1,0,trial.validspatial,501,1
632,80817,1,1,800,trial.doublecue,696,1
632,80817,2,2,800,trial.invalid,715,1
632,80817,1,2,400,trial.validspatial,499,1
632,80817,2,1,800,trial.validspatial,533,1
632,80817,1,2,400,trial.invalid,623,1
632,80817,1,1,800,trial.validspatial,564,1
632,80817,2,2,400,trial.doublecue,694,1
632,80817,1,1,0,trial.validspatial,551,1
632,80817,2,1,NaN,trial.nocue,716,1
632,80817,2,1,400,trial.invalid,752,1
632,80817,1,2,800,trial.invalid,481,0
632,80817,1,2,0,trial.doublecue,761,1
632,80817,1,1,400,trial.validspatial,435,1
632,80817,1,2,400,trial.validspatial,439,1
632,80817,1,1,0,trial.doublecue,732,1
632,80817,1,1,0,trial.doublecue,534,1
632,80817,1,2,NaN,trial.nocue,685,1
632,80817,2,1,400,trial.doublecue,477,1
632,80817,2,2,400,trial.validspatial,499,1
632,80817,2,2,800,trial.doublecue,667,1
632,80817,2,2,NaN,trial.nocue,489,1
632,80817,1,2,NaN,trial.nocue,415,1
632,80817,1,2,0,trial.doublecue,709,1
632,80817,2,1,800,trial.invalid,568,1
632,80817,1,2,0,trial.validspatial,594,1
632,80817,1,1,0,trial.validspatial,671,1
632,80817,2,1,0,trial.validspatial,686,1
632,80817,1,1,400,trial.invalid,886,1
632,80817,1,2,800,trial.doublecue,441,1
632,80817,2,2,0,trial.validspatial,547,1
632,80817,2,2,0,trial.invalid,551,1
632,80817,1,1,0,trial.validspatial,897,1
632,80817,1,1,400,trial.invalid,885,1
632,80817,2,1,800,trial.validspatial,465,1
632,80817,2,2,400,trial.doublecue,508,1
632,80817,2,1,0,trial.doublecue,575,1
632,80817,2,2,400,trial.validspatial,814,1
632,80817,1,1,NaN,trial.nocue,669,1
632,80817,2,1,0,trial.invalid,704,1
632,80817,1,2,800,trial.validspatial,828,1
632,80817,1,2,800,trial.doublecue,650,1
632,80817,2,1,400,trial.validspatial,672,1
632,80817,1,1,800,trial.validspatial,704,1
632,80817,1,2,800,trial.validspatial,547,1
632,80817,1,1,0,trial.validspatial,393,1
632,80817,1,2,400,trial.validspatial,441,0
632,80817,2,1,400,trial.invalid,583,1
632,80817,2,1,0,trial.invalid,532,1
632,80817,2,2,NaN,trial.nocue,748,1
632,80817,1,1,800,trial.validspatial,701,1
632,80817,2,2,400,trial.validspatial,617,1
632,80817,2,1,NaN,trial.nocue,809,1
632,80817,1,1,400,trial.validspatial,843,1
632,80817,1,2,NaN,trial.nocue,720,1
632,80817,1,2,0,trial.validspatial,565,1
632,80817,1,2,800,trial.validspatial,453,1
632,80817,1,1,0,trial.validspatial,579,1
632,80817,1,1,400,trial.validspatial,882,1
