subject,date,location_congruence_val,flanker_congruence_val,cue_target_interval,cue_condition,latency,values.correct
565,63017,1,1,0,trial.validspatial,508,1
565,63017,1,2,0,trial.invalid,1468,1
565,63017,1,2,800,trial.validspatial,605,1
565,63017,1,2,400,trial.validspatial,526,1
565,63017,1,2,400,trial.doublecue,816,1
565,63017,2,2,400,trial.validspatial,601,1
565,63017,2,1,400,trial.doublecue,666,1
565,63017,2,1,0,trial.validspatial,456,1
565,63017,2,1,400,trial.validspatial,401,1
565,63017,1,2,800,trial.validspatial,491,1
565,63017,1,1,800,trial.invalid,453,1
565,63017,2,1,400,trial.validspatial,422,1
565,63017,2,1,800,trial.validspatial,391,1
565,63017,2,2,0,trial.validspatial,530,1
565,63017,1,2,0,trial.validspatial,518,1
565,63017,1,1,400,trial.validspatial,313,1
565,63017,1,1,NaN,trial.nocue,401,1
565,63017,1,2,0,trial.validspatial,551,0
565,63017,1,1,NaN,trial.nocue,511,1
565,63017,2,2,0,trial.validspatial,575,1
565,63017,2,1,800,trial.invalid,656,1
565,63017,2,2,NaN,trial.nocue,731,1
565,63017,1,2,400,trial.invalid,651,0
565,63017,2,2,0,trial.doublecue,609,1
565,63017,1,2,NaN,trial.nocue,695,1
565,63017,1,1,400,trial.validspatial,414,1
565,63017,1,1,800,trial.validspatial,468,1
565,63017,2,1,NaN,trial.nocue,568,1
565,63017,1,1,800,trial.doublecue,530,1
565,63017,2,2,0,trial.doublecue,519,0
565,63017,1,1,0,trial.invalid,476,1
565,63017,1,1,0,trial.invalid,731,1
565,63017,2,1,0,trial.validspatial,595,1
565,63017,2,1,0,trial.validspatial,567,1
565,63017,1,1,400,trial.doublecue,570,1
565,63017,2,2,800,trial.validspatial,586,1
565,63017,2,2,800,trial.validspatial,446,1
565,63017,2,2,0,trial.validspatial,659,1
565,63017,1,2,400,trial.validspatial,612,1
565,63017,2,2,800,trial.invalid,670,1
565,63017,1,2,0,trial.invalid,623,0
565,63017,2,1,400,trial.validspatial,468,1
565,63017,2,1,400,trial.validspatial,383,1
565,63017,2,1,NaN,trial.nocue,394,1
565,63017,2,2,NaN,trial.nocue,628,1
565,63017,2,1,NaN,trial.nocue,484,1
565,63017,1,1,800,trial.validspatial,425,1
565,63017,1,1,NaN,trial.nocue,505,1
565,63017,2,1,800,trial.doublecue,555,1
565,63017,2,2,NaN,trial.nocue,481,0
565,63017,1,2,400,trial.validspatial,553,1
565,63017,1,1,400,trial.doublecue,581,1
565,63017,2,2,400,trial.invalid,535,0
565,63017,1,1,NaN,trial.nocue,424,1
565,63017,2,1,800,trial.validspatial,457,1
565,63017,2,2,0,trial.validspatial,691,1
565,63017,2,1,800,trial.doublecue,554,1
565,63017,2,1,400,trial.validspatial,433,1
565,63017,2,2,400,trial.validspatial,494,1
565,63017,2,1,0,trial.doublecue,513,1
565,63017,2,2,400,trial.validspatial,552,1
565,63017,2,2,400,trial.invalid,705,1
565,63017,2,2,800,trial.doublecue,491,1
565,63017,1,2,400,trial.doublecue,524,1
565,63017,1,2,0,trial.validspatial,451,1
565,63017,1,2,NaN,trial.nocue,665,1
565,63017,1,1,800,trial.invalid,580,1
565,63017,2,2,800,trial.validspatial,439,1
565,63017,2,1,800,trial.validspatial,434,1
565,63017,2,1,0,trial.validspatial,534,1
565,63017,2,2,NaN,trial.nocue,946,1
565,63017,2,2,800,trial.validspatial,463,1
565,63017,1,1,400,trial.validspatial,410,1
565,63017,1,2,800,trial.invalid,1009,1
565,63017,2,2,0,trial.validspatial,634,1
565,63017,2,2,800,trial.validspatial,433,1
565,63017,1,1,800,trial.validspatial,470,1
565,63017,2,1,NaN,trial.nocue,562,1
565,63017,1,2,NaN,trial.nocue,610,1
565,63017,1,2,800,trial.validspatial,475,1
565,63017,1,2,0,trial.validspatial,630,1
565,63017,2,2,0,trial.invalid,911,1
565,63017,1,1,NaN,trial.nocue,647,1
565,63017,2,2,800,trial.validspatial,571,1
565,63017,2,1,800,trial.validspatial,363,1
565,63017,2,1,0,trial.validspatial,460,1
565,63017,1,1,800,trial.doublecue,510,1
565,63017,2,2,800,trial.invalid,642,0
565,63017,1,2,400,trial.validspatial,483,1
565,63017,2,1,800,trial.validspatial,496,1
565,63017,1,2,400,trial.invalid,559,0
565,63017,1,1,800,trial.validspatial,395,1
565,63017,2,2,400,trial.doublecue,550,1
565,63017,1,1,0,trial.validspatial,539,1
565,63017,2,1,NaN,trial.nocue,549,1
565,63017,2,1,400,trial.invalid,489,1
565,63017,1,2,800,trial.invalid,417,0
565,63017,1,2,0,trial.doublecue,756,0
565,63017,1,1,400,trial.validspatial,422,1
565,63017,1,2,400,trial.validspatial,607,0
565,63017,1,1,0,trial.doublecue,684,1
565,63017,1,1,0,trial.doublecue,430,1
565,63017,1,2,NaN,trial.nocue,499,0
565,63017,2,1,400,trial.doublecue,619,1
565,63017,2,2,400,trial.validspatial,507,1
565,63017,2,2,800,trial.doublecue,642,1
565,63017,2,2,NaN,trial.nocue,497,1
565,63017,1,2,NaN,trial.nocue,545,0
565,63017,1,2,0,trial.doublecue,582,1
565,63017,2,1,800,trial.invalid,768,1
565,63017,1,2,0,trial.validspatial,593,1
565,63017,1,1,0,trial.validspatial,409,1
565,63017,2,1,0,trial.validspatial,449,1
565,63017,1,1,400,trial.invalid,644,1
565,63017,1,2,800,trial.doublecue,486,1
565,63017,2,2,0,trial.validspatial,545,0
565,63017,2,2,0,trial.invalid,562,0
565,63017,1,1,0,trial.validspatial,583,1
565,63017,1,1,400,trial.invalid,623,1
565,63017,2,1,800,trial.validspatial,475,1
565,63017,2,2,400,trial.doublecue,724,1
565,63017,2,1,0,trial.doublecue,575,1
565,63017,2,2,400,trial.validspatial,565,1
565,63017,1,1,NaN,trial.nocue,622,1
565,63017,2,1,0,trial.invalid,763,1
565,63017,1,2,800,trial.validspatial,545,1
565,63017,1,2,800,trial.doublecue,683,1
565,63017,2,1,400,trial.validspatial,411,1
565,63017,1,1,800,trial.validspatial,443,1
565,63017,1,2,800,trial.validspatial,562,1
565,63017,1,1,0,trial.validspatial,691,1
565,63017,1,2,400,trial.validspatial,676,1
565,63017,2,1,400,trial.invalid,681,1
565,63017,2,1,0,trial.invalid,523,1
565,63017,2,2,NaN,trial.nocue,562,1
565,63017,1,1,800,trial.validspatial,450,1
565,63017,2,2,400,trial.validspatial,472,1
565,63017,2,1,NaN,trial.nocue,630,1
565,63017,1,1,400,trial.validspatial,466,1
565,63017,1,2,NaN,trial.nocue,594,1
565,63017,1,2,0,trial.validspatial,953,1
565,63017,1,2,800,trial.validspatial,427,1
565,63017,1,1,0,trial.validspatial,413,1
565,63017,1,1,400,trial.validspatial,313,1
565,63017,1,1,0,trial.validspatial,373,1
565,63017,1,2,0,trial.invalid,821,1
565,63017,1,2,800,trial.validspatial,558,1
565,63017,1,2,400,trial.validspatial,412,1
565,63017,1,2,400,trial.doublecue,607,1
565,63017,2,2,400,trial.validspatial,455,0
565,63017,2,1,400,trial.doublecue,533,1
565,63017,2,1,0,trial.validspatial,544,1
565,63017,2,1,400,trial.validspatial,476,1
565,63017,1,2,800,trial.validspatial,691,1
565,63017,1,1,800,trial.invalid,565,1
565,63017,2,1,400,trial.validspatial,359,0
565,63017,2,1,800,trial.validspatial,507,1
565,63017,2,2,0,trial.validspatial,638,1
565,63017,1,2,0,trial.validspatial,494,1
565,63017,1,1,400,trial.validspatial,374,1
565,63017,1,1,NaN,trial.nocue,438,1
565,63017,1,2,0,trial.validspatial,579,1
565,63017,1,1,NaN,trial.nocue,510,1
565,63017,2,2,0,trial.validspatial,352,0
565,63017,2,1,800,trial.invalid,604,1
565,63017,2,2,NaN,trial.nocue,694,1
565,63017,1,2,400,trial.invalid,744,1
565,63017,2,2,0,trial.doublecue,502,0
565,63017,1,2,NaN,trial.nocue,595,0
565,63017,1,1,400,trial.validspatial,418,1
565,63017,1,1,800,trial.validspatial,437,1
565,63017,2,1,NaN,trial.nocue,654,1
565,63017,1,1,800,trial.doublecue,748,1
565,63017,2,2,0,trial.doublecue,838,1
565,63017,1,1,0,trial.invalid,549,1
565,63017,1,1,0,trial.invalid,600,1
565,63017,2,1,0,trial.validspatial,580,1
565,63017,2,1,0,trial.validspatial,566,1
565,63017,1,1,400,trial.doublecue,634,1
565,63017,2,2,800,trial.validspatial,439,0
565,63017,2,2,800,trial.validspatial,502,1
565,63017,2,2,0,trial.validspatial,643,1
565,63017,1,2,400,trial.validspatial,438,1
565,63017,2,2,800,trial.invalid,673,1
565,63017,1,2,0,trial.invalid,883,1
565,63017,2,1,400,trial.validspatial,460,1
565,63017,2,1,400,trial.validspatial,481,1
565,63017,2,1,NaN,trial.nocue,562,1
565,63017,2,2,NaN,trial.nocue,893,1
565,63017,2,1,NaN,trial.nocue,645,1
565,63017,1,1,800,trial.validspatial,443,1
565,63017,1,1,NaN,trial.nocue,558,1
565,63017,2,1,800,trial.doublecue,606,1
565,63017,2,2,NaN,trial.nocue,847,1
565,63017,1,2,400,trial.validspatial,462,0
565,63017,1,1,400,trial.doublecue,655,1
565,63017,2,2,400,trial.invalid,524,0
565,63017,1,1,NaN,trial.nocue,537,1
565,63017,2,1,800,trial.validspatial,470,1
565,63017,2,2,0,trial.validspatial,616,1
565,63017,2,1,800,trial.doublecue,526,1
565,63017,2,1,400,trial.validspatial,422,1
565,63017,2,2,400,trial.validspatial,726,1
565,63017,2,1,0,trial.doublecue,434,1
565,63017,2,2,400,trial.validspatial,511,1
565,63017,2,2,400,trial.invalid,951,1
565,63017,2,2,800,trial.doublecue,437,1
565,63017,1,2,400,trial.doublecue,467,1
565,63017,1,2,0,trial.validspatial,577,1
565,63017,1,2,NaN,trial.nocue,776,1
565,63017,1,1,800,trial.invalid,563,1
565,63017,2,2,800,trial.validspatial,479,1
565,63017,2,1,800,trial.validspatial,360,1
565,63017,2,1,0,trial.validspatial,498,1
565,63017,2,2,NaN,trial.nocue,750,0
565,63017,2,2,800,trial.validspatial,551,1
565,63017,1,1,400,trial.validspatial,1700,0
565,63017,1,2,800,trial.invalid,491,1
565,63017,2,2,0,trial.validspatial,896,1
565,63017,2,2,800,trial.validspatial,444,0
565,63017,1,1,800,trial.validspatial,594,1
565,63017,2,1,NaN,trial.nocue,730,1
565,63017,1,2,NaN,trial.nocue,567,1
565,63017,1,2,800,trial.validspatial,575,1
565,63017,1,2,0,trial.validspatial,448,1
565,63017,2,2,0,trial.invalid,458,1
565,63017,1,1,NaN,trial.nocue,726,1
565,63017,2,2,800,trial.validspatial,560,1
565,63017,2,1,800,trial.validspatial,400,1
565,63017,2,1,0,trial.validspatial,492,1
565,63017,1,1,800,trial.doublecue,626,1
565,63017,2,2,800,trial.invalid,536,1
565,63017,1,2,400,trial.validspatial,394,1
565,63017,2,1,800,trial.validspatial,400,1
565,63017,1,2,400,trial.invalid,545,1
565,63017,1,1,800,trial.validspatial,554,1
565,63017,2,2,400,trial.doublecue,508,0
565,63017,1,1,0,trial.validspatial,666,1
565,63017,2,1,NaN,trial.nocue,851,1
565,63017,2,1,400,trial.invalid,716,1
565,63017,1,2,800,trial.invalid,681,1
565,63017,1,2,0,trial.doublecue,707,1
565,63017,1,1,400,trial.validspatial,440,1
565,63017,1,2,400,trial.validspatial,420,1
565,63017,1,1,0,trial.doublecue,628,1
565,63017,1,1,0,trial.doublecue,463,1
565,63017,1,2,NaN,trial.nocue,874,1
565,63017,2,1,400,trial.doublecue,627,1
565,63017,2,2,400,trial.validspatial,783,1
565,63017,2,2,800,trial.doublecue,649,1
565,63017,2,2,NaN,trial.nocue,462,1
565,63017,1,2,NaN,trial.nocue,592,1
565,63017,1,2,0,trial.doublecue,538,1
565,63017,2,1,800,trial.invalid,496,1
565,63017,1,2,0,trial.validspatial,1003,1
565,63017,1,1,0,trial.validspatial,759,1
565,63017,2,1,0,trial.validspatial,710,1
565,63017,1,1,400,trial.invalid,654,0
565,63017,1,2,800,trial.doublecue,439,1
565,63017,2,2,0,trial.validspatial,529,1
565,63017,2,2,0,trial.invalid,690,1
565,63017,1,1,0,trial.validspatial,803,1
565,63017,1,1,400,trial.invalid,760,1
565,63017,2,1,800,trial.validspatial,388,1
565,63017,2,2,400,trial.doublecue,555,1
565,63017,2,1,0,trial.doublecue,606,1
565,63017,2,2,400,trial.validspatial,531,0
565,63017,1,1,NaN,trial.nocue,635,1
565,63017,2,1,0,trial.invalid,448,1
565,63017,1,2,800,trial.validspatial,1015,1
565,63017,1,2,800,trial.doublecue,615,1
565,63017,2,1,400,trial.validspatial,494,1
565,63017,1,1,800,trial.validspatial,1045,1
565,63017,1,2,800,trial.validspatial,590,1
565,63017,1,1,0,trial.validspatial,426,1
565,63017,1,2,400,trial.validspatial,720,1
565,63017,2,1,400,trial.invalid,585,1
565,63017,2,1,0,trial.invalid,459,1
565,63017,2,2,NaN,trial.nocue,675,1
565,63017,1,1,800,trial.validspatial,719,1
565,63017,2,2,400,trial.validspatial,576,1
565,63017,2,1,NaN,trial.nocue,658,1
565,63017,1,1,400,trial.validspatial,827,1
565,63017,1,2,NaN,trial.nocue,543,1
565,63017,1,2,0,trial.validspatial,521,1
565,63017,1,2,800,trial.validspatial,823,1
565,63017,1,1,0,trial.validspatial,664,1
565,63017,1,1,400,trial.validspatial,677,1
