subject,date,location_congruence_val,flanker_congruence_val,cue_target_interval,cue_condition,latency,values.correct
19,101917,1,1,0,trial.validspatial,1447,1
19,101917,1,2,0,trial.invalid,1299,0
19,101917,1,2,800,trial.validspatial,739,0
19,101917,1,2,400,trial.validspatial,756,0
19,101917,1,2,400,trial.doublecue,1700,0
19,101917,2,2,400,trial.validspatial,748,0
19,101917,2,1,400,trial.doublecue,1045,0
19,101917,2,1,0,trial.validspatial,1342,1
19,101917,2,1,400,trial.validspatial,1177,1
19,101917,1,2,800,trial.validspatial,890,0
19,101917,1,1,800,trial.invalid,1527,1
19,101917,2,1,400,trial.validspatial,979,1
19,101917,2,1,800,trial.validspatial,701,1
19,101917,2,2,0,trial.validspatial,1279,1
19,101917,1,2,0,trial.validspatial,1189,1
19,101917,1,1,400,trial.validspatial,726,1
19,101917,1,1,NaN,trial.nocue,589,1
19,101917,1,2,0,trial.validspatial,1700,0
19,101917,1,1,NaN,trial.nocue,1119,1
19,101917,2,2,0,trial.validspatial,1260,1
19,101917,2,1,800,trial.invalid,1231,1
19,101917,2,2,NaN,trial.nocue,1596,0
19,101917,1,2,400,trial.invalid,1700,0
19,101917,2,2,0,trial.doublecue,1700,0
19,101917,1,2,NaN,trial.nocue,1062,1
19,101917,1,1,400,trial.validspatial,727,1
19,101917,1,1,800,trial.validspatial,897,1
19,101917,2,1,NaN,trial.nocue,871,1
19,101917,1,1,800,trial.doublecue,789,1
19,101917,2,2,0,trial.doublecue,1411,1
19,101917,1,1,0,trial.invalid,784,1
19,101917,1,1,0,trial.invalid,835,1
19,101917,2,1,0,trial.validspatial,657,1
19,101917,2,1,0,trial.validspatial,806,1
19,101917,1,1,400,trial.doublecue,655,1
19,101917,2,2,800,trial.validspatial,1043,1
19,101917,2,2,800,trial.validspatial,869,1
19,101917,2,2,0,trial.validspatial,766,1
19,101917,1,2,400,trial.validspatial,681,1
19,101917,2,2,800,trial.invalid,1065,1
19,101917,1,2,0,trial.invalid,1127,1
19,101917,2,1,400,trial.validspatial,746,1
19,101917,2,1,400,trial.validspatial,531,1
19,101917,2,1,NaN,trial.nocue,1086,1
19,101917,2,2,NaN,trial.nocue,944,1
19,101917,2,1,NaN,trial.nocue,690,1
19,101917,1,1,800,trial.validspatial,658,1
19,101917,1,1,NaN,trial.nocue,556,1
19,101917,2,1,800,trial.doublecue,672,1
19,101917,2,2,NaN,trial.nocue,1006,1
19,101917,1,2,400,trial.validspatial,732,1
19,101917,1,1,400,trial.doublecue,678,1
19,101917,2,2,400,trial.invalid,1019,1
19,101917,1,1,NaN,trial.nocue,745,1
19,101917,2,1,800,trial.validspatial,830,1
19,101917,2,2,0,trial.validspatial,916,1
19,101917,2,1,800,trial.doublecue,929,1
19,101917,2,1,400,trial.validspatial,598,1
19,101917,2,2,400,trial.validspatial,893,1
19,101917,2,1,0,trial.doublecue,620,1
19,101917,2,2,400,trial.validspatial,1071,1
19,101917,2,2,400,trial.invalid,821,1
19,101917,2,2,800,trial.doublecue,830,1
19,101917,1,2,400,trial.doublecue,770,1
19,101917,1,2,0,trial.validspatial,1010,1
19,101917,1,2,NaN,trial.nocue,852,1
19,101917,1,1,800,trial.invalid,798,1
19,101917,2,2,800,trial.validspatial,788,1
19,101917,2,1,800,trial.validspatial,644,1
19,101917,2,1,0,trial.validspatial,711,1
19,101917,2,2,NaN,trial.nocue,1273,1
19,101917,2,2,800,trial.validspatial,698,1
19,101917,1,1,400,trial.validspatial,687,1
19,101917,1,2,800,trial.invalid,1211,1
19,101917,2,2,0,trial.validspatial,1169,1
19,101917,2,2,800,trial.validspatial,727,1
19,101917,1,1,800,trial.validspatial,941,1
19,101917,2,1,NaN,trial.nocue,825,1
19,101917,1,2,NaN,trial.nocue,983,1
19,101917,1,2,800,trial.validspatial,1347,0
19,101917,1,2,0,trial.validspatial,1331,0
19,101917,2,2,0,trial.invalid,1282,0
19,101917,1,1,NaN,trial.nocue,785,1
19,101917,2,2,800,trial.validspatial,1700,0
19,101917,2,1,800,trial.validspatial,957,0
19,101917,2,1,0,trial.validspatial,738,1
19,101917,1,1,800,trial.doublecue,642,1
19,101917,2,2,800,trial.invalid,1408,1
19,101917,1,2,400,trial.validspatial,763,1
19,101917,2,1,800,trial.validspatial,1602,1
19,101917,1,2,400,trial.invalid,1263,1
19,101917,1,1,800,trial.validspatial,707,1
19,101917,2,2,400,trial.doublecue,696,1
19,101917,1,1,0,trial.validspatial,799,1
19,101917,2,1,NaN,trial.nocue,746,1
19,101917,2,1,400,trial.invalid,816,1
19,101917,1,2,800,trial.invalid,1217,1
19,101917,1,2,0,trial.doublecue,1125,1
19,101917,1,1,400,trial.validspatial,588,1
19,101917,1,2,400,trial.validspatial,1699,1
19,101917,1,1,0,trial.doublecue,825,1
19,101917,1,1,0,trial.doublecue,616,1
19,101917,1,2,NaN,trial.nocue,1330,1
19,101917,2,1,400,trial.doublecue,922,0
19,101917,2,2,400,trial.validspatial,1102,1
19,101917,2,2,800,trial.doublecue,1278,1
19,101917,2,2,NaN,trial.nocue,1026,1
19,101917,1,2,NaN,trial.nocue,964,1
19,101917,1,2,0,trial.doublecue,1615,0
19,101917,2,1,800,trial.invalid,838,1
19,101917,1,2,0,trial.validspatial,1147,1
19,101917,1,1,0,trial.validspatial,1320,1
19,101917,2,1,0,trial.validspatial,641,1
19,101917,1,1,400,trial.invalid,719,1
19,101917,1,2,800,trial.doublecue,1001,1
19,101917,2,2,0,trial.validspatial,1086,1
19,101917,2,2,0,trial.invalid,1590,1
19,101917,1,1,0,trial.validspatial,794,1
19,101917,1,1,400,trial.invalid,548,1
19,101917,2,1,800,trial.validspatial,623,1
19,101917,2,2,400,trial.doublecue,1283,0
19,101917,2,1,0,trial.doublecue,767,1
19,101917,2,2,400,trial.validspatial,944,0
19,101917,1,1,NaN,trial.nocue,698,1
19,101917,2,1,0,trial.invalid,646,1
19,101917,1,2,800,trial.validspatial,1042,1
19,101917,1,2,800,trial.doublecue,1452,1
19,101917,2,1,400,trial.validspatial,859,1
19,101917,1,1,800,trial.validspatial,681,1
19,101917,1,2,800,trial.validspatial,1037,1
19,101917,1,1,0,trial.validspatial,752,1
19,101917,1,2,400,trial.validspatial,896,1
19,101917,2,1,400,trial.invalid,745,1
19,101917,2,1,0,trial.invalid,520,1
19,101917,2,2,NaN,trial.nocue,923,1
19,101917,1,1,800,trial.validspatial,471,1
19,101917,2,2,400,trial.validspatial,787,1
19,101917,2,1,NaN,trial.nocue,748,1
19,101917,1,1,400,trial.validspatial,597,1
19,101917,1,2,NaN,trial.nocue,1097,1
19,101917,1,2,0,trial.validspatial,728,1
19,101917,1,2,800,trial.validspatial,664,1
19,101917,1,1,0,trial.validspatial,734,1
19,101917,1,1,400,trial.validspatial,526,1
19,101917,1,1,0,trial.validspatial,703,1
19,101917,1,2,0,trial.invalid,1570,1
19,101917,1,2,800,trial.validspatial,801,1
19,101917,1,2,400,trial.validspatial,880,1
19,101917,1,2,400,trial.doublecue,902,1
19,101917,2,2,400,trial.validspatial,744,1
19,101917,2,1,400,trial.doublecue,617,1
19,101917,2,1,0,trial.validspatial,650,1
19,101917,2,1,400,trial.validspatial,545,1
19,101917,1,2,800,trial.validspatial,1657,0
19,101917,1,1,800,trial.invalid,839,1
19,101917,2,1,400,trial.validspatial,546,1
19,101917,2,1,800,trial.validspatial,517,1
19,101917,2,2,0,trial.validspatial,1046,1
19,101917,1,2,0,trial.validspatial,1172,1
19,101917,1,1,400,trial.validspatial,605,1
19,101917,1,1,NaN,trial.nocue,668,1
19,101917,1,2,0,trial.validspatial,767,0
19,101917,1,1,NaN,trial.nocue,596,1
19,101917,2,2,0,trial.validspatial,724,1
19,101917,2,1,800,trial.invalid,597,1
19,101917,2,2,NaN,trial.nocue,1106,1
19,101917,1,2,400,trial.invalid,990,1
19,101917,2,2,0,trial.doublecue,773,1
19,101917,1,2,NaN,trial.nocue,917,0
19,101917,1,1,400,trial.validspatial,613,1
19,101917,1,1,800,trial.validspatial,463,1
19,101917,2,1,NaN,trial.nocue,709,1
19,101917,1,1,800,trial.doublecue,579,1
19,101917,2,2,0,trial.doublecue,1322,0
19,101917,1,1,0,trial.invalid,678,1
19,101917,1,1,0,trial.invalid,638,1
19,101917,2,1,0,trial.validspatial,616,1
19,101917,2,1,0,trial.validspatial,570,1
19,101917,1,1,400,trial.doublecue,580,1
19,101917,2,2,800,trial.validspatial,1400,0
19,101917,2,2,800,trial.validspatial,1113,1
19,101917,2,2,0,trial.validspatial,794,0
19,101917,1,2,400,trial.validspatial,927,0
19,101917,2,2,800,trial.invalid,1700,0
19,101917,1,2,0,trial.invalid,1092,1
19,101917,2,1,400,trial.validspatial,631,1
19,101917,2,1,400,trial.validspatial,584,1
19,101917,2,1,NaN,trial.nocue,643,1
19,101917,2,2,NaN,trial.nocue,952,1
19,101917,2,1,NaN,trial.nocue,665,1
19,101917,1,1,800,trial.validspatial,496,1
19,101917,1,1,NaN,trial.nocue,547,1
19,101917,2,1,800,trial.doublecue,598,1
19,101917,2,2,NaN,trial.nocue,884,0
19,101917,1,2,400,trial.validspatial,777,1
19,101917,1,1,400,trial.doublecue,691,1
19,101917,2,2,400,trial.invalid,1008,0
19,101917,1,1,NaN,trial.nocue,623,1
19,101917,2,1,800,trial.validspatial,980,0
19,101917,2,2,0,trial.validspatial,1202,1
19,101917,2,1,800,trial.doublecue,815,1
19,101917,2,1,400,trial.validspatial,468,1
19,101917,2,2,400,trial.validspatial,438,0
19,101917,2,1,0,trial.doublecue,908,1
19,101917,2,2,400,trial.validspatial,829,1
19,101917,2,2,400,trial.invalid,821,1
19,101917,2,2,800,trial.doublecue,605,1
19,101917,1,2,400,trial.doublecue,944,0
19,101917,1,2,0,trial.validspatial,848,1
19,101917,1,2,NaN,trial.nocue,826,1
19,101917,1,1,800,trial.invalid,948,1
19,101917,2,2,800,trial.validspatial,675,1
19,101917,2,1,800,trial.validspatial,467,1
19,101917,2,1,0,trial.validspatial,576,1
19,101917,2,2,NaN,trial.nocue,1044,1
19,101917,2,2,800,trial.validspatial,773,1
19,101917,1,1,400,trial.validspatial,1700,0
19,101917,1,2,800,trial.invalid,675,1
19,101917,2,2,0,trial.validspatial,1362,1
19,101917,2,2,800,trial.validspatial,836,1
19,101917,1,1,800,trial.validspatial,955,1
19,101917,2,1,NaN,trial.nocue,737,1
19,101917,1,2,NaN,trial.nocue,796,1
19,101917,1,2,800,trial.validspatial,973,1
19,101917,1,2,0,trial.validspatial,599,1
19,101917,2,2,0,trial.invalid,643,1
19,101917,1,1,NaN,trial.nocue,1299,1
19,101917,2,2,800,trial.validspatial,897,1
19,101917,2,1,800,trial.validspatial,517,1
19,101917,2,1,0,trial.validspatial,518,1
19,101917,1,1,800,trial.doublecue,848,1
19,101917,2,2,800,trial.invalid,1078,1
19,101917,1,2,400,trial.validspatial,608,1
19,101917,2,1,800,trial.validspatial,598,1
19,101917,1,2,400,trial.invalid,1195,1
19,101917,1,1,800,trial.validspatial,761,1
19,101917,2,2,400,trial.doublecue,737,1
19,101917,1,1,0,trial.validspatial,585,1
19,101917,2,1,NaN,trial.nocue,1124,1
19,101917,2,1,400,trial.invalid,1097,1
19,101917,1,2,800,trial.invalid,776,1
19,101917,1,2,0,trial.doublecue,1271,1
19,101917,1,1,400,trial.validspatial,551,1
19,101917,1,2,400,trial.validspatial,601,1
19,101917,1,1,0,trial.doublecue,599,1
19,101917,1,1,0,trial.doublecue,614,1
19,101917,1,2,NaN,trial.nocue,1261,1
19,101917,2,1,400,trial.doublecue,690,1
19,101917,2,2,400,trial.validspatial,682,1
19,101917,2,2,800,trial.doublecue,644,1
19,101917,2,2,NaN,trial.nocue,648,1
19,101917,1,2,NaN,trial.nocue,645,1
19,101917,1,2,0,trial.doublecue,899,1
19,101917,2,1,800,trial.invalid,939,1
19,101917,1,2,0,trial.validspatial,859,1
19,101917,1,1,0,trial.validspatial,953,1
19,101917,2,1,0,trial.validspatial,1374,1
19,101917,1,1,400,trial.invalid,1021,1
19,101917,1,2,800,trial.doublecue,744,1
19,101917,2,2,0,trial.validspatial,617,1
19,101917,2,2,0,trial.invalid,740,1
19,101917,1,1,0,trial.validspatial,1293,1
19,101917,1,1,400,trial.invalid,718,1
19,101917,2,1,800,trial.validspatial,512,1
19,101917,2,2,400,trial.doublecue,531,1
19,101917,2,1,0,trial.doublecue,591,1
19,101917,2,2,400,trial.validspatial,1141,1
19,101917,1,1,NaN,trial.nocue,746,1
19,101917,2,1,0,trial.invalid,782,1
19,101917,1,2,800,trial.validspatial,1129,1
19,101917,1,2,800,trial.doublecue,759,1
19,101917,2,1,400,trial.validspatial,532,1
19,101917,1,1,800,trial.validspatial,939,1
19,101917,1,2,800,trial.validspatial,672,1
19,101917,1,1,0,trial.validspatial,517,1
19,101917,1,2,400,trial.validspatial,1060,1
19,101917,2,1,400,trial.invalid,674,1
19,101917,2,1,0,trial.invalid,855,1
19,101917,2,2,NaN,trial.nocue,822,1
19,101917,1,1,800,trial.validspatial,647,1
19,101917,2,2,400,trial.validspatial,1179,1
19,101917,2,1,NaN,trial.nocue,811,1
19,101917,1,1,400,trial.validspatial,869,1
19,101917,1,2,NaN,trial.nocue,840,1
19,101917,1,2,0,trial.validspatial,925,1
19,101917,1,2,800,trial.validspatial,493,1
19,101917,1,1,0,trial.validspatial,746,1
19,101917,1,1,400,trial.validspatial,1285,1
