subject,date,location_congruence_val,flanker_congruence_val,cue_target_interval,cue_condition,latency,values.correct
897,81117,1,1,0,trial.validspatial,1225,1
897,81117,1,2,0,trial.invalid,1700,0
897,81117,1,2,800,trial.validspatial,1010,1
897,81117,1,2,400,trial.validspatial,741,1
897,81117,1,2,400,trial.doublecue,1049,1
897,81117,2,2,400,trial.validspatial,1400,1
897,81117,2,1,400,trial.doublecue,1700,0
897,81117,2,1,0,trial.validspatial,964,1
897,81117,2,1,400,trial.validspatial,855,1
897,81117,1,2,800,trial.validspatial,1700,0
897,81117,1,1,800,trial.invalid,1033,1
897,81117,2,1,400,trial.validspatial,847,1
897,81117,2,1,800,trial.validspatial,1031,1
897,81117,2,2,0,trial.validspatial,829,1
897,81117,1,2,0,trial.validspatial,942,1
897,81117,1,1,400,trial.validspatial,831,1
897,81117,1,1,NaN,trial.nocue,769,1
897,81117,1,2,0,trial.validspatial,714,1
897,81117,1,1,NaN,trial.nocue,655,1
897,81117,2,2,0,trial.validspatial,1032,1
897,81117,2,1,800,trial.invalid,1040,1
897,81117,2,2,NaN,trial.nocue,1014,1
897,81117,1,2,400,trial.invalid,1078,1
897,81117,2,2,0,trial.doublecue,1245,1
897,81117,1,2,NaN,trial.nocue,1041,1
897,81117,1,1,400,trial.validspatial,872,1
897,81117,1,1,800,trial.validspatial,772,1
897,81117,2,1,NaN,trial.nocue,1018,1
897,81117,1,1,800,trial.doublecue,1388,1
897,81117,2,2,0,trial.doublecue,1080,1
897,81117,1,1,0,trial.invalid,785,1
897,81117,1,1,0,trial.invalid,855,1
897,81117,2,1,0,trial.validspatial,882,1
897,81117,2,1,0,trial.validspatial,845,1
897,81117,1,1,400,trial.doublecue,911,1
897,81117,2,2,800,trial.validspatial,983,1
897,81117,2,2,800,trial.validspatial,991,1
897,81117,2,2,0,trial.validspatial,1089,1
897,81117,1,2,400,trial.validspatial,986,1
897,81117,2,2,800,trial.invalid,1091,1
897,81117,1,2,0,trial.invalid,1128,1
897,81117,2,1,400,trial.validspatial,1431,1
897,81117,2,1,400,trial.validspatial,777,1
897,81117,2,1,NaN,trial.nocue,872,1
897,81117,2,2,NaN,trial.nocue,1095,1
897,81117,2,1,NaN,trial.nocue,805,1
897,81117,1,1,800,trial.validspatial,773,1
897,81117,1,1,NaN,trial.nocue,937,1
897,81117,2,1,800,trial.doublecue,854,1
897,81117,2,2,NaN,trial.nocue,1021,1
897,81117,1,2,400,trial.validspatial,849,1
897,81117,1,1,400,trial.doublecue,676,1
897,81117,2,2,400,trial.invalid,1700,0
897,81117,1,1,NaN,trial.nocue,1086,1
897,81117,2,1,800,trial.validspatial,900,1
897,81117,2,2,0,trial.validspatial,1197,1
897,81117,2,1,800,trial.doublecue,769,1
897,81117,2,1,400,trial.validspatial,819,1
897,81117,2,2,400,trial.validspatial,783,1
897,81117,2,1,0,trial.doublecue,899,1
897,81117,2,2,400,trial.validspatial,1164,1
897,81117,2,2,400,trial.invalid,1070,1
897,81117,2,2,800,trial.doublecue,966,1
897,81117,1,2,400,trial.doublecue,1149,1
897,81117,1,2,0,trial.validspatial,927,1
897,81117,1,2,NaN,trial.nocue,1179,1
897,81117,1,1,800,trial.invalid,870,1
897,81117,2,2,800,trial.validspatial,1147,1
897,81117,2,1,800,trial.validspatial,910,1
897,81117,2,1,0,trial.validspatial,984,1
897,81117,2,2,NaN,trial.nocue,1107,1
897,81117,2,2,800,trial.validspatial,1125,1
897,81117,1,1,400,trial.validspatial,1570,1
897,81117,1,2,800,trial.invalid,1700,0
897,81117,2,2,0,trial.validspatial,1142,1
897,81117,2,2,800,trial.validspatial,1700,0
897,81117,1,1,800,trial.validspatial,994,1
897,81117,2,1,NaN,trial.nocue,898,1
897,81117,1,2,NaN,trial.nocue,1038,1
897,81117,1,2,800,trial.validspatial,1170,1
897,81117,1,2,0,trial.validspatial,1355,1
897,81117,2,2,0,trial.invalid,1557,1
897,81117,1,1,NaN,trial.nocue,1178,1
897,81117,2,2,800,trial.validspatial,1304,1
897,81117,2,1,800,trial.validspatial,1514,1
897,81117,2,1,0,trial.validspatial,1029,1
897,81117,1,1,800,trial.doublecue,1316,1
897,81117,2,2,800,trial.invalid,1182,1
897,81117,1,2,400,trial.validspatial,1024,1
897,81117,2,1,800,trial.validspatial,929,1
897,81117,1,2,400,trial.invalid,1064,1
897,81117,1,1,800,trial.validspatial,919,1
897,81117,2,2,400,trial.doublecue,1225,1
897,81117,1,1,0,trial.validspatial,949,1
897,81117,2,1,NaN,trial.nocue,1056,1
897,81117,2,1,400,trial.invalid,794,1
897,81117,1,2,800,trial.invalid,1151,1
897,81117,1,2,0,trial.doublecue,970,1
897,81117,1,1,400,trial.validspatial,634,1
897,81117,1,2,400,trial.validspatial,1089,1
897,81117,1,1,0,trial.doublecue,783,1
897,81117,1,1,0,trial.doublecue,924,1
897,81117,1,2,NaN,trial.nocue,886,1
897,81117,2,1,400,trial.doublecue,783,1
897,81117,2,2,400,trial.validspatial,799,1
897,81117,2,2,800,trial.doublecue,1072,1
897,81117,2,2,NaN,trial.nocue,1068,1
897,81117,1,2,NaN,trial.nocue,1010,1
897,81117,1,2,0,trial.doublecue,1108,1
897,81117,2,1,800,trial.invalid,1700,0
897,81117,1,2,0,trial.validspatial,1700,0
897,81117,1,1,0,trial.validspatial,707,1
897,81117,2,1,0,trial.validspatial,695,1
897,81117,1,1,400,trial.invalid,787,1
897,81117,1,2,800,trial.doublecue,1408,1
897,81117,2,2,0,trial.validspatial,1700,0
897,81117,2,2,0,trial.invalid,1700,0
897,81117,1,1,0,trial.validspatial,815,1
897,81117,1,1,400,trial.invalid,709,1
897,81117,2,1,800,trial.validspatial,881,1
897,81117,2,2,400,trial.doublecue,972,1
897,81117,2,1,0,trial.doublecue,973,1
897,81117,2,2,400,trial.validspatial,986,1
897,81117,1,1,NaN,trial.nocue,597,1
897,81117,2,1,0,trial.invalid,1105,1
897,81117,1,2,800,trial.validspatial,1104,1
897,81117,1,2,800,trial.doublecue,927,1
897,81117,2,1,400,trial.validspatial,1158,1
897,81117,1,1,800,trial.validspatial,639,1
897,81117,1,2,800,trial.validspatial,760,1
897,81117,1,1,0,trial.validspatial,703,1
897,81117,1,2,400,trial.validspatial,657,1
897,81117,2,1,400,trial.invalid,1420,1
897,81117,2,1,0,trial.invalid,1060,1
897,81117,2,2,NaN,trial.nocue,1235,1
897,81117,1,1,800,trial.validspatial,917,1
897,81117,2,2,400,trial.validspatial,1337,1
897,81117,2,1,NaN,trial.nocue,848,1
897,81117,1,1,400,trial.validspatial,1052,1
897,81117,1,2,NaN,trial.nocue,1085,1
897,81117,1,2,0,trial.validspatial,821,1
897,81117,1,2,800,trial.validspatial,1700,0
897,81117,1,1,0,trial.validspatial,709,1
897,81117,1,1,400,trial.validspatial,519,1
897,81117,1,1,0,trial.validspatial,1128,1
897,81117,1,2,0,trial.invalid,1700,0
897,81117,1,2,800,trial.validspatial,1125,1
897,81117,1,2,400,trial.validspatial,906,1
897,81117,1,2,400,trial.doublecue,1158,1
897,81117,2,2,400,trial.validspatial,1535,1
897,81117,2,1,400,trial.doublecue,1700,0
897,81117,2,1,0,trial.validspatial,1022,1
897,81117,2,1,400,trial.validspatial,814,1
897,81117,1,2,800,trial.validspatial,1700,0
897,81117,1,1,800,trial.invalid,881,1
897,81117,2,1,400,trial.validspatial,950,1
897,81117,2,1,800,trial.validspatial,775,1
897,81117,2,2,0,trial.validspatial,1589,1
897,81117,1,2,0,trial.validspatial,1132,1
897,81117,1,1,400,trial.validspatial,687,1
897,81117,1,1,NaN,trial.nocue,827,1
897,81117,1,2,0,trial.validspatial,1454,1
897,81117,1,1,NaN,trial.nocue,1039,1
897,81117,2,2,0,trial.validspatial,1090,1
897,81117,2,1,800,trial.invalid,1700,0
897,81117,2,2,NaN,trial.nocue,1207,1
897,81117,1,2,400,trial.invalid,1540,1
897,81117,2,2,0,trial.doublecue,1195,1
897,81117,1,2,NaN,trial.nocue,1700,0
897,81117,1,1,400,trial.validspatial,638,1
897,81117,1,1,800,trial.validspatial,790,1
897,81117,2,1,NaN,trial.nocue,926,1
897,81117,1,1,800,trial.doublecue,850,1
897,81117,2,2,0,trial.doublecue,1302,1
897,81117,1,1,0,trial.invalid,729,1
897,81117,1,1,0,trial.invalid,773,1
897,81117,2,1,0,trial.validspatial,969,1
897,81117,2,1,0,trial.validspatial,636,1
897,81117,1,1,400,trial.doublecue,611,1
897,81117,2,2,800,trial.validspatial,899,1
897,81117,2,2,800,trial.validspatial,839,1
897,81117,2,2,0,trial.validspatial,1016,1
897,81117,1,2,400,trial.validspatial,1040,1
897,81117,2,2,800,trial.invalid,1658,1
897,81117,1,2,0,trial.invalid,1700,0
897,81117,2,1,400,trial.validspatial,1113,1
897,81117,2,1,400,trial.validspatial,683,1
897,81117,2,1,NaN,trial.nocue,1427,1
897,81117,2,2,NaN,trial.nocue,1130,1
897,81117,2,1,NaN,trial.nocue,872,1
897,81117,1,1,800,trial.validspatial,954,1
897,81117,1,1,NaN,trial.nocue,863,1
897,81117,2,1,800,trial.doublecue,848,1
897,81117,2,2,NaN,trial.nocue,1195,1
897,81117,1,2,400,trial.validspatial,1004,1
897,81117,1,1,400,trial.doublecue,701,1
897,81117,2,2,400,trial.invalid,1041,1
897,81117,1,1,NaN,trial.nocue,832,1
897,81117,2,1,800,trial.validspatial,661,1
897,81117,2,2,0,trial.validspatial,1182,1
897,81117,2,1,800,trial.doublecue,819,1
897,81117,2,1,400,trial.validspatial,694,1
897,81117,2,2,400,trial.validspatial,980,1
897,81117,2,1,0,trial.doublecue,822,1
897,81117,2,2,400,trial.validspatial,989,1
897,81117,2,2,400,trial.invalid,1006,1
897,81117,2,2,800,trial.doublecue,964,1
897,81117,1,2,400,trial.doublecue,989,1
897,81117,1,2,0,trial.validspatial,1700,0
897,81117,1,2,NaN,trial.nocue,1202,1
897,81117,1,1,800,trial.invalid,1008,1
897,81117,2,2,800,trial.validspatial,1348,1
897,81117,2,1,800,trial.validspatial,500,1
897,81117,2,1,0,trial.validspatial,828,1
897,81117,2,2,NaN,trial.nocue,1645,1
897,81117,2,2,800,trial.validspatial,1073,1
897,81117,1,1,400,trial.validspatial,1700,0
897,81117,1,2,800,trial.invalid,884,1
897,81117,2,2,0,trial.validspatial,1130,1
897,81117,2,2,800,trial.validspatial,1040,1
897,81117,1,1,800,trial.validspatial,858,1
897,81117,2,1,NaN,trial.nocue,1011,1
897,81117,1,2,NaN,trial.nocue,886,1
897,81117,1,2,800,trial.validspatial,794,1
897,81117,1,2,0,trial.validspatial,638,1
897,81117,2,2,0,trial.invalid,583,1
897,81117,1,1,NaN,trial.nocue,933,1
897,81117,2,2,800,trial.validspatial,870,1
897,81117,2,1,800,trial.validspatial,766,1
897,81117,2,1,0,trial.validspatial,828,1
897,81117,1,1,800,trial.doublecue,1047,1
897,81117,2,2,800,trial.invalid,1058,1
897,81117,1,2,400,trial.validspatial,810,1
897,81117,2,1,800,trial.validspatial,969,1
897,81117,1,2,400,trial.invalid,858,1
897,81117,1,1,800,trial.validspatial,692,1
897,81117,2,2,400,trial.doublecue,1083,1
897,81117,1,1,0,trial.validspatial,746,1
897,81117,2,1,NaN,trial.nocue,722,1
897,81117,2,1,400,trial.invalid,1236,1
897,81117,1,2,800,trial.invalid,1141,1
897,81117,1,2,0,trial.doublecue,1002,1
897,81117,1,1,400,trial.validspatial,633,1
897,81117,1,2,400,trial.validspatial,673,1
897,81117,1,1,0,trial.doublecue,863,1
897,81117,1,1,0,trial.doublecue,639,1
897,81117,1,2,NaN,trial.nocue,1168,1
897,81117,2,1,400,trial.doublecue,732,1
897,81117,2,2,400,trial.validspatial,670,1
897,81117,2,2,800,trial.doublecue,759,1
897,81117,2,2,NaN,trial.nocue,934,1
897,81117,1,2,NaN,trial.nocue,1700,0
897,81117,1,2,0,trial.doublecue,1063,1
897,81117,2,1,800,trial.invalid,1050,1
897,81117,1,2,0,trial.validspatial,1233,1
897,81117,1,1,0,trial.validspatial,1156,1
897,81117,2,1,0,trial.validspatial,1485,1
897,81117,1,1,400,trial.invalid,996,1
897,81117,1,2,800,trial.doublecue,750,1
897,81117,2,2,0,trial.validspatial,897,1
897,81117,2,2,0,trial.invalid,1021,1
897,81117,1,1,0,trial.validspatial,1032,1
897,81117,1,1,400,trial.invalid,938,1
897,81117,2,1,800,trial.validspatial,685,1
897,81117,2,2,400,trial.doublecue,901,1
897,81117,2,1,0,trial.doublecue,778,1
897,81117,2,2,400,trial.validspatial,861,1
897,81117,1,1,NaN,trial.nocue,759,1
897,81117,2,1,0,trial.invalid,685,1
897,81117,1,2,800,trial.validspatial,1066,1
897,81117,1,2,800,trial.doublecue,866,1
897,81117,2,1,400,trial.validspatial,701,1
897,81117,1,1,800,trial.validspatial,914,1
897,81117,1,2,800,trial.validspatial,738,1
897,81117,1,1,0,trial.validspatial,625,1
897,81117,1,2,400,trial.validspatial,1089,1
897,81117,2,1,400,trial.invalid,936,1
897,81117,2,1,0,trial.invalid,1631,1
897,81117,2,2,NaN,trial.nocue,1070,1
897,81117,1,1,800,trial.validspatial,916,1
897,81117,2,2,400,trial.validspatial,1142,1
897,81117,2,1,NaN,trial.nocue,1700,0
897,81117,1,1,400,trial.validspatial,1058,1
897,81117,1,2,NaN,trial.nocue,784,1
897,81117,1,2,0,trial.validspatial,800,1
897,81117,1,2,800,trial.validspatial,1052,1
897,81117,1,1,0,trial.validspatial,843,1
897,81117,1,1,400,trial.validspatial,1145,1
