subject,date,location_congruence_val,flanker_congruence_val,cue_target_interval,cue_condition,latency,values.correct
45,40117,1,1,0,trial.validspatial,482,1
45,40117,1,2,0,trial.invalid,820,1
45,40117,1,2,800,trial.validspatial,14,1
45,40117,1,2,400,trial.validspatial,179,0
45,40117,1,2,400,trial.doublecue,670,0
45,40117,2,2,400,trial.validspatial,663,1
45,40117,2,1,400,trial.doublecue,389,0
45,40117,2,1,0,trial.validspatial,266,0
45,40117,2,1,400,trial.validspatial,326,1
45,40117,1,2,800,trial.validspatial,302,1
45,40117,1,1,800,trial.invalid,10,1
45,40117,2,1,400,trial.validspatial,106,1
45,40117,2,1,800,trial.validspatial,36,0
45,40117,2,2,0,trial.validspatial,209,1
45,40117,1,2,0,trial.validspatial,41,0
45,40117,1,1,400,trial.validspatial,80,1
45,40117,1,1,NaN,trial.nocue,332,1
45,40117,1,2,0,trial.validspatial,69,1
45,40117,1,1,NaN,trial.nocue,365,0
45,40117,2,2,0,trial.validspatial,378,0
45,40117,2,1,800,trial.invalid,455,0
45,40117,2,2,NaN,trial.nocue,166,0
45,40117,1,2,400,trial.invalid,299,0
45,40117,2,2,0,trial.doublecue,335,0
45,40117,1,2,NaN,trial.nocue,440,1
45,40117,1,1,400,trial.validspatial,149,0
45,40117,1,1,800,trial.validspatial,128,1
45,40117,2,1,NaN,trial.nocue,259,0
45,40117,1,1,800,trial.doublecue,318,0
45,40117,2,2,0,trial.doublecue,31,1
45,40117,1,1,0,trial.invalid,326,0
45,40117,1,1,0,trial.invalid,373,0
45,40117,2,1,0,trial.validspatial,222,0
45,40117,2,1,0,trial.validspatial,241,0
45,40117,1,1,400,trial.doublecue,25,0
45,40117,2,2,800,trial.validspatial,373,0
45,40117,2,2,800,trial.validspatial,275,0
45,40117,2,2,0,trial.validspatial,1700,0
45,40117,1,2,400,trial.validspatial,202,1
45,40117,2,2,800,trial.invalid,1700,0
45,40117,1,2,0,trial.invalid,1700,0
45,40117,2,1,400,trial.validspatial,259,0
45,40117,2,1,400,trial.validspatial,163,0
45,40117,2,1,NaN,trial.nocue,307,0
45,40117,2,2,NaN,trial.nocue,371,0
45,40117,2,1,NaN,trial.nocue,376,0
45,40117,1,1,800,trial.validspatial,618,1
45,40117,1,1,NaN,trial.nocue,394,1
45,40117,2,1,800,trial.doublecue,1700,0
45,40117,2,2,NaN,trial.nocue,1700,0
45,40117,1,2,400,trial.validspatial,304,1
45,40117,1,1,400,trial.doublecue,368,1
45,40117,2,2,400,trial.invalid,1700,0
45,40117,1,1,NaN,trial.nocue,359,1
45,40117,2,1,800,trial.validspatial,282,0
45,40117,2,2,0,trial.validspatial,362,0
45,40117,2,1,800,trial.doublecue,389,0
45,40117,2,1,400,trial.validspatial,343,0
45,40117,2,2,400,trial.validspatial,285,0
45,40117,2,1,0,trial.doublecue,927,0
45,40117,2,2,400,trial.validspatial,342,0
45,40117,2,2,400,trial.invalid,373,0
45,40117,2,2,800,trial.doublecue,350,0
45,40117,1,2,400,trial.doublecue,310,1
45,40117,1,2,0,trial.validspatial,387,1
45,40117,1,2,NaN,trial.nocue,408,1
45,40117,1,1,800,trial.invalid,273,1
45,40117,2,2,800,trial.validspatial,301,0
45,40117,2,1,800,trial.validspatial,338,0
45,40117,2,1,0,trial.validspatial,321,0
45,40117,2,2,NaN,trial.nocue,306,0
45,40117,2,2,800,trial.validspatial,372,0
45,40117,1,1,400,trial.validspatial,1485,1
45,40117,1,2,800,trial.invalid,96,1
45,40117,2,2,0,trial.validspatial,1255,0
45,40117,2,2,800,trial.validspatial,742,1
45,40117,1,1,800,trial.validspatial,434,0
45,40117,2,1,NaN,trial.nocue,1700,0
45,40117,1,2,NaN,trial.nocue,1700,0
45,40117,1,2,800,trial.validspatial,1700,0
45,40117,1,2,0,trial.validspatial,1700,0
45,40117,2,2,0,trial.invalid,151,1
45,40117,1,1,NaN,trial.nocue,1097,1
45,40117,2,2,800,trial.validspatial,117,1
45,40117,2,1,800,trial.validspatial,100,1
45,40117,2,1,0,trial.validspatial,1348,1
45,40117,1,1,800,trial.doublecue,1700,0
45,40117,2,2,800,trial.invalid,1700,0
45,40117,1,2,400,trial.validspatial,97,0
45,40117,2,1,800,trial.validspatial,608,1
45,40117,1,2,400,trial.invalid,305,0
45,40117,1,1,800,trial.validspatial,1091,1
45,40117,2,2,400,trial.doublecue,373,0
45,40117,1,1,0,trial.validspatial,1700,0
45,40117,2,1,NaN,trial.nocue,93,0
45,40117,2,1,400,trial.invalid,95,1
45,40117,1,2,800,trial.invalid,689,1
45,40117,1,2,0,trial.doublecue,1326,0
45,40117,1,1,400,trial.validspatial,276,1
45,40117,1,2,400,trial.validspatial,211,1
45,40117,1,1,0,trial.doublecue,141,0
45,40117,1,1,0,trial.doublecue,46,1
45,40117,1,2,NaN,trial.nocue,649,1
45,40117,2,1,400,trial.doublecue,1628,1
45,40117,2,2,400,trial.validspatial,1700,0
45,40117,2,2,800,trial.doublecue,245,1
45,40117,2,2,NaN,trial.nocue,1700,0
45,40117,1,2,NaN,trial.nocue,228,0
45,40117,1,2,0,trial.doublecue,236,0
45,40117,2,1,800,trial.invalid,1335,1
45,40117,1,2,0,trial.validspatial,1700,0
45,40117,1,1,0,trial.validspatial,319,1
45,40117,2,1,0,trial.validspatial,1700,0
45,40117,1,1,400,trial.invalid,77,1
45,40117,1,2,800,trial.doublecue,847,1
45,40117,2,2,0,trial.validspatial,645,0
45,40117,2,2,0,trial.invalid,1000,0
45,40117,1,1,0,trial.validspatial,569,1
45,40117,1,1,400,trial.invalid,745,1
45,40117,2,1,800,trial.validspatial,1700,0
45,40117,2,2,400,trial.doublecue,1700,0
45,40117,2,1,0,trial.doublecue,1521,0
45,40117,2,2,400,trial.validspatial,1371,0
45,40117,1,1,NaN,trial.nocue,385,1
45,40117,2,1,0,trial.invalid,1700,0
45,40117,1,2,800,trial.validspatial,586,1
45,40117,1,2,800,trial.doublecue,352,1
45,40117,2,1,400,trial.validspatial,253,1
45,40117,1,1,800,trial.validspatial,891,0
45,40117,1,2,800,trial.validspatial,1700,0
45,40117,1,1,0,trial.validspatial,719,1
45,40117,1,2,400,trial.validspatial,375,1
45,40117,2,1,400,trial.invalid,606,0
45,40117,2,1,0,trial.invalid,511,0
45,40117,2,2,NaN,trial.nocue,495,0
45,40117,1,1,800,trial.validspatial,833,1
45,40117,2,2,400,trial.validspatial,441,0
45,40117,2,1,NaN,trial.nocue,1700,0
45,40117,1,1,400,trial.validspatial,1700,0
45,40117,1,2,NaN,trial.nocue,25,0
45,40117,1,2,0,trial.validspatial,1700,0
45,40117,1,2,800,trial.validspatial,940,0
45,40117,1,1,0,trial.validspatial,1700,0
45,40117,1,1,400,trial.validspatial,1700,0
45,40117,1,1,0,trial.validspatial,1700,0
45,40117,1,2,0,trial.invalid,1700,0
45,40117,1,2,800,trial.validspatial,1700,0
45,40117,1,2,400,trial.validspatial,1700,0
45,40117,1,2,400,trial.doublecue,1700,0
45,40117,2,2,400,trial.validspatial,1700,0
45,40117,2,1,400,trial.doublecue,413,0
45,40117,2,1,0,trial.validspatial,1700,0
45,40117,2,1,400,trial.validspatial,1053,0
45,40117,1,2,800,trial.validspatial,132,1
45,40117,1,1,800,trial.invalid,1700,0
45,40117,2,1,400,trial.validspatial,1183,1
45,40117,2,1,800,trial.validspatial,1700,0
45,40117,2,2,0,trial.validspatial,1700,0
45,40117,1,2,0,trial.validspatial,1700,0
45,40117,1,1,400,trial.validspatial,1700,0
45,40117,1,1,NaN,trial.nocue,1700,0
45,40117,1,2,0,trial.validspatial,1700,0
45,40117,1,1,NaN,trial.nocue,1700,0
45,40117,2,2,0,trial.validspatial,1700,0
45,40117,2,1,800,trial.invalid,1700,0
45,40117,2,2,NaN,trial.nocue,1700,0
45,40117,1,2,400,trial.invalid,1314,0
45,40117,2,2,0,trial.doublecue,1700,0
45,40117,1,2,NaN,trial.nocue,1700,0
45,40117,1,1,400,trial.validspatial,735,1
45,40117,1,1,800,trial.validspatial,560,1
45,40117,2,1,NaN,trial.nocue,1700,0
45,40117,1,1,800,trial.doublecue,148,0
45,40117,2,2,0,trial.doublecue,925,1
45,40117,1,1,0,trial.invalid,687,1
45,40117,1,1,0,trial.invalid,1700,0
45,40117,2,1,0,trial.validspatial,1700,0
45,40117,2,1,0,trial.validspatial,374,0
45,40117,1,1,400,trial.doublecue,813,1
45,40117,2,2,800,trial.validspatial,103,1
45,40117,2,2,800,trial.validspatial,237,1
45,40117,2,2,0,trial.validspatial,425,1
45,40117,1,2,400,trial.validspatial,938,1
45,40117,2,2,800,trial.invalid,64,1
45,40117,1,2,0,trial.invalid,25,0
45,40117,2,1,400,trial.validspatial,352,0
45,40117,2,1,400,trial.validspatial,96,1
45,40117,2,1,NaN,trial.nocue,728,0
45,40117,2,2,NaN,trial.nocue,1700,0
45,40117,2,1,NaN,trial.nocue,1700,0
45,40117,1,1,800,trial.validspatial,1700,0
45,40117,1,1,NaN,trial.nocue,1700,0
45,40117,2,1,800,trial.doublecue,1700,0
45,40117,2,2,NaN,trial.nocue,1700,0
45,40117,1,2,400,trial.validspatial,1700,0
45,40117,1,1,400,trial.doublecue,1700,0
45,40117,2,2,400,trial.invalid,1700,0
45,40117,1,1,NaN,trial.nocue,499,1
45,40117,2,1,800,trial.validspatial,1700,0
45,40117,2,2,0,trial.validspatial,1700,0
45,40117,2,1,800,trial.doublecue,1700,0
45,40117,2,1,400,trial.validspatial,1700,0
45,40117,2,2,400,trial.validspatial,1700,0
45,40117,2,1,0,trial.doublecue,1700,0
45,40117,2,2,400,trial.validspatial,1700,0
45,40117,2,2,400,trial.invalid,1700,0
45,40117,2,2,800,trial.doublecue,1700,0
45,40117,1,2,400,trial.doublecue,1700,0
45,40117,1,2,0,trial.validspatial,1700,0
45,40117,1,2,NaN,trial.nocue,1700,0
45,40117,1,1,800,trial.invalid,1700,0
45,40117,2,2,800,trial.validspatial,1700,0
45,40117,2,1,800,trial.validspatial,1700,0
45,40117,2,1,0,trial.validspatial,1055,0
45,40117,2,2,NaN,trial.nocue,1700,0
45,40117,2,2,800,trial.validspatial,1700,0
45,40117,1,1,400,trial.validspatial,1700,0
45,40117,1,2,800,trial.invalid,1700,0
45,40117,2,2,0,trial.validspatial,1700,0
45,40117,2,2,800,trial.validspatial,1700,0
45,40117,1,1,800,trial.validspatial,1700,0
45,40117,2,1,NaN,trial.nocue,1700,0
45,40117,1,2,NaN,trial.nocue,1700,0
45,40117,1,2,800,trial.validspatial,1700,0
45,40117,1,2,0,trial.validspatial,1700,0
45,40117,2,2,0,trial.invalid,1700,0
45,40117,1,1,NaN,trial.nocue,1700,0
45,40117,2,2,800,trial.validspatial,1700,0
45,40117,2,1,800,trial.validspatial,1700,0
45,40117,2,1,0,trial.validspatial,1700,0
45,40117,1,1,800,trial.doublecue,1700,0
45,40117,2,2,800,trial.invalid,1700,0
45,40117,1,2,400,trial.validspatial,1700,0
45,40117,2,1,800,trial.validspatial,1700,0
45,40117,1,2,400,trial.invalid,1700,0
45,40117,1,1,800,trial.validspatial,1700,0
45,40117,2,2,400,trial.doublecue,1700,0
45,40117,1,1,0,trial.validspatial,1700,0
45,40117,2,1,NaN,trial.nocue,1700,0
45,40117,2,1,400,trial.invalid,1700,0
45,40117,1,2,800,trial.invalid,1700,0
45,40117,1,2,0,trial.doublecue,1700,0
45,40117,1,1,400,trial.validspatial,1700,0
45,40117,1,2,400,trial.validspatial,1700,0
45,40117,1,1,0,trial.doublecue,1700,0
45,40117,1,1,0,trial.doublecue,1700,0
45,40117,1,2,NaN,trial.nocue,1700,0
45,40117,2,1,400,trial.doublecue,1700,0
45,40117,2,2,400,trial.validspatial,1700,0
45,40117,2,2,800,trial.doublecue,1700,0
45,40117,2,2,NaN,trial.nocue,1700,0
45,40117,1,2,NaN,trial.nocue,1156,1
45,40117,1,2,0,trial.doublecue,1700,0
45,40117,2,1,800,trial.invalid,308,0
45,40117,1,2,0,trial.validspatial,280,0
45,40117,1,1,0,trial.validspatial,465,0
45,40117,2,1,0,trial.validspatial,1700,0
45,40117,1,1,400,trial.invalid,1700,0
45,40117,1,2,800,trial.doublecue,1700,0
45,40117,2,2,0,trial.validspatial,785,0
45,40117,2,2,0,trial.invalid,1700,0
45,40117,1,1,0,trial.validspatial,1700,0
45,40117,1,1,400,trial.invalid,1700,0
45,40117,2,1,800,trial.validspatial,1700,0
45,40117,2,2,400,trial.doublecue,1700,0
45,40117,2,1,0,trial.doublecue,1700,0
45,40117,2,2,400,trial.validspatial,1700,0
45,40117,1,1,NaN,trial.nocue,1700,0
45,40117,2,1,0,trial.invalid,1700,0
45,40117,1,2,800,trial.validspatial,1700,0
45,40117,1,2,800,trial.doublecue,1700,0
45,40117,2,1,400,trial.validspatial,1700,0
45,40117,1,1,800,trial.validspatial,1700,0
45,40117,1,2,800,trial.validspatial,1700,0
45,40117,1,1,0,trial.validspatial,731,0
45,40117,1,2,400,trial.validspatial,1559,1
45,40117,2,1,400,trial.invalid,0,1
45,40117,2,1,0,trial.invalid,141,0
45,40117,2,2,NaN,trial.nocue,1700,0
45,40117,1,1,800,trial.validspatial,1700,0
45,40117,2,2,400,trial.validspatial,258,1
45,40117,2,1,NaN,trial.nocue,1700,0
45,40117,1,1,400,trial.validspatial,1700,0
45,40117,1,2,NaN,trial.nocue,1700,0
45,40117,1,2,0,trial.validspatial,1700,0
45,40117,1,2,800,trial.validspatial,1700,0
45,40117,1,1,0,trial.validspatial,1700,0
45,40117,1,1,400,trial.validspatial,1498,0
