subject,date,location_congruence_val,flanker_congruence_val,cue_target_interval,cue_condition,latency,values.correct
333,80817,1,1,0,trial.validspatial,1312,1
333,80817,1,2,0,trial.invalid,1204,1
333,80817,1,2,800,trial.validspatial,787,1
333,80817,1,2,400,trial.validspatial,747,1
333,80817,1,2,400,trial.doublecue,967,1
333,80817,2,2,400,trial.validspatial,713,1
333,80817,2,1,400,trial.doublecue,649,1
333,80817,2,1,0,trial.validspatial,722,1
333,80817,2,1,400,trial.validspatial,620,1
333,80817,1,2,800,trial.validspatial,644,1
333,80817,1,1,800,trial.invalid,736,1
333,80817,2,1,400,trial.validspatial,563,1
333,80817,2,1,800,trial.validspatial,604,1
333,80817,2,2,0,trial.validspatial,590,1
333,80817,1,2,0,trial.validspatial,643,1
333,80817,1,1,400,trial.validspatial,455,1
333,80817,1,1,NaN,trial.nocue,597,1
333,80817,1,2,0,trial.validspatial,602,1
333,80817,1,1,NaN,trial.nocue,567,1
333,80817,2,2,0,trial.validspatial,493,0
333,80817,2,1,800,trial.invalid,983,1
333,80817,2,2,NaN,trial.nocue,1107,1
333,80817,1,2,400,trial.invalid,800,1
333,80817,2,2,0,trial.doublecue,757,1
333,80817,1,2,NaN,trial.nocue,627,1
333,80817,1,1,400,trial.validspatial,494,1
333,80817,1,1,800,trial.validspatial,509,1
333,80817,2,1,NaN,trial.nocue,698,1
333,80817,1,1,800,trial.doublecue,575,1
333,80817,2,2,0,trial.doublecue,798,1
333,80817,1,1,0,trial.invalid,626,1
333,80817,1,1,0,trial.invalid,535,1
333,80817,2,1,0,trial.validspatial,691,1
333,80817,2,1,0,trial.validspatial,592,1
333,80817,1,1,400,trial.doublecue,522,1
333,80817,2,2,800,trial.validspatial,565,1
333,80817,2,2,800,trial.validspatial,558,1
333,80817,2,2,0,trial.validspatial,471,1
333,80817,1,2,400,trial.validspatial,622,1
333,80817,2,2,800,trial.invalid,814,1
333,80817,1,2,0,trial.invalid,835,1
333,80817,2,1,400,trial.validspatial,571,1
333,80817,2,1,400,trial.validspatial,507,1
333,80817,2,1,NaN,trial.nocue,647,1
333,80817,2,2,NaN,trial.nocue,819,1
333,80817,2,1,NaN,trial.nocue,547,1
333,80817,1,1,800,trial.validspatial,596,1
333,80817,1,1,NaN,trial.nocue,582,1
333,80817,2,1,800,trial.doublecue,561,1
333,80817,2,2,NaN,trial.nocue,742,1
333,80817,1,2,400,trial.validspatial,659,1
333,80817,1,1,400,trial.doublecue,508,1
333,80817,2,2,400,trial.invalid,768,1
333,80817,1,1,NaN,trial.nocue,606,1
333,80817,2,1,800,trial.validspatial,522,1
333,80817,2,2,0,trial.validspatial,831,1
333,80817,2,1,800,trial.doublecue,708,1
333,80817,2,1,400,trial.validspatial,590,1
333,80817,2,2,400,trial.validspatial,566,1
333,80817,2,1,0,trial.doublecue,675,1
333,80817,2,2,400,trial.validspatial,630,1
333,80817,2,2,400,trial.invalid,900,1
333,80817,2,2,800,trial.doublecue,644,1
333,80817,1,2,400,trial.doublecue,720,1
333,80817,1,2,0,trial.validspatial,863,1
333,80817,1,2,NaN,trial.nocue,857,1
333,80817,1,1,800,trial.invalid,794,1
333,80817,2,2,800,trial.validspatial,615,1
333,80817,2,1,800,trial.validspatial,566,1
333,80817,2,1,0,trial.validspatial,625,1
333,80817,2,2,NaN,trial.nocue,726,1
333,80817,2,2,800,trial.validspatial,582,1
333,80817,1,1,400,trial.validspatial,1700,0
333,80817,1,2,800,trial.invalid,1700,0
333,80817,2,2,0,trial.validspatial,810,1
333,80817,2,2,800,trial.validspatial,585,1
333,80817,1,1,800,trial.validspatial,615,1
333,80817,2,1,NaN,trial.nocue,617,1
333,80817,1,2,NaN,trial.nocue,654,1
333,80817,1,2,800,trial.validspatial,554,1
333,80817,1,2,0,trial.validspatial,1201,1
333,80817,2,2,0,trial.invalid,896,1
333,80817,1,1,NaN,trial.nocue,1700,0
333,80817,2,2,800,trial.validspatial,712,1
333,80817,2,1,800,trial.validspatial,857,1
333,80817,2,1,0,trial.validspatial,798,1
333,80817,1,1,800,trial.doublecue,1046,1
333,80817,2,2,800,trial.invalid,1147,1
333,80817,1,2,400,trial.validspatial,1071,1
333,80817,2,1,800,trial.validspatial,1091,1
333,80817,1,2,400,trial.invalid,1656,1
333,80817,1,1,800,trial.validspatial,651,1
333,80817,2,2,400,trial.doublecue,752,1
333,80817,1,1,0,trial.validspatial,663,1
333,80817,2,1,NaN,trial.nocue,788,1
333,80817,2,1,400,trial.invalid,696,1
333,80817,1,2,800,trial.invalid,1209,1
333,80817,1,2,0,trial.doublecue,860,1
333,80817,1,1,400,trial.validspatial,586,1
333,80817,1,2,400,trial.validspatial,617,1
333,80817,1,1,0,trial.doublecue,662,1
333,80817,1,1,0,trial.doublecue,665,1
333,80817,1,2,NaN,trial.nocue,588,1
333,80817,2,1,400,trial.doublecue,651,1
333,80817,2,2,400,trial.validspatial,606,1
333,80817,2,2,800,trial.doublecue,584,1
333,80817,2,2,NaN,trial.nocue,938,1
333,80817,1,2,NaN,trial.nocue,683,1
333,80817,1,2,0,trial.doublecue,742,1
333,80817,2,1,800,trial.invalid,738,1
333,80817,1,2,0,trial.validspatial,702,1
333,80817,1,1,0,trial.validspatial,565,1
333,80817,2,1,0,trial.validspatial,582,1
333,80817,1,1,400,trial.invalid,1128,1
333,80817,1,2,800,trial.doublecue,842,1
333,80817,2,2,0,trial.validspatial,631,1
333,80817,2,2,0,trial.invalid,778,1
333,80817,1,1,0,trial.validspatial,588,1
333,80817,1,1,400,trial.invalid,646,1
333,80817,2,1,800,trial.validspatial,639,1
333,80817,2,2,400,trial.doublecue,803,1
333,80817,2,1,0,trial.doublecue,455,1
333,80817,2,2,400,trial.validspatial,660,1
333,80817,1,1,NaN,trial.nocue,573,1
333,80817,2,1,0,trial.invalid,626,1
333,80817,1,2,800,trial.validspatial,564,1
333,80817,1,2,800,trial.doublecue,612,1
333,80817,2,1,400,trial.validspatial,611,1
333,80817,1,1,800,trial.validspatial,538,1
333,80817,1,2,800,trial.validspatial,515,1
333,80817,1,1,0,trial.validspatial,525,1
333,80817,1,2,400,trial.validspatial,571,1
333,80817,2,1,400,trial.invalid,771,1
333,80817,2,1,0,trial.invalid,610,1
333,80817,2,2,NaN,trial.nocue,687,1
333,80817,1,1,800,trial.validspatial,470,1
333,80817,2,2,400,trial.validspatial,674,1
333,80817,2,1,NaN,trial.nocue,531,1
333,80817,1,1,400,trial.validspatial,435,1
333,80817,1,2,NaN,trial.nocue,583,1
333,80817,1,2,0,trial.validspatial,710,1
333,80817,1,2,800,trial.validspatial,506,1
333,80817,1,1,0,trial.validspatial,536,1
333,80817,1,1,400,trial.validspatial,482,1
333,80817,1,1,0,trial.validspatial,552,1
333,80817,1,2,0,trial.invalid,897,1
333,80817,1,2,800,trial.validspatial,610,1
333,80817,1,2,400,trial.validspatial,457,1
333,80817,1,2,400,trial.doublecue,862,1
333,80817,2,2,400,trial.validspatial,655,1
333,80817,2,1,400,trial.doublecue,560,1
333,80817,2,1,0,trial.validspatial,609,1
333,80817,2,1,400,trial.validspatial,627,1
333,80817,1,2,800,trial.validspatial,532,1
333,80817,1,1,800,trial.invalid,457,1
333,80817,2,1,400,trial.validspatial,550,1
333,80817,2,1,800,trial.validspatial,431,1
333,80817,2,2,0,trial.validspatial,697,1
333,80817,1,2,0,trial.validspatial,634,1
333,80817,1,1,400,trial.validspatial,477,1
333,80817,1,1,NaN,trial.nocue,516,1
333,80817,1,2,0,trial.validspatial,585,1
333,80817,1,1,NaN,trial.nocue,909,1
333,80817,2,2,0,trial.validspatial,635,1
333,80817,2,1,800,trial.invalid,536,1
333,80817,2,2,NaN,trial.nocue,780,1
333,80817,1,2,400,trial.invalid,799,1
333,80817,2,2,0,trial.doublecue,685,1
333,80817,1,2,NaN,trial.nocue,815,1
333,80817,1,1,400,trial.validspatial,488,1
333,80817,1,1,800,trial.validspatial,466,1
333,80817,2,1,NaN,trial.nocue,614,1
333,80817,1,1,800,trial.doublecue,690,1
333,80817,2,2,0,trial.doublecue,792,1
333,80817,1,1,0,trial.invalid,566,1
333,80817,1,1,0,trial.invalid,528,1
333,80817,2,1,0,trial.validspatial,556,1
333,80817,2,1,0,trial.validspatial,532,1
333,80817,1,1,400,trial.doublecue,500,1
333,80817,2,2,800,trial.validspatial,622,1
333,80817,2,2,800,trial.validspatial,599,1
333,80817,2,2,0,trial.validspatial,544,1
333,80817,1,2,400,trial.validspatial,721,1
333,80817,2,2,800,trial.invalid,782,1
333,80817,1,2,0,trial.invalid,636,1
333,80817,2,1,400,trial.validspatial,567,1
333,80817,2,1,400,trial.validspatial,409,1
333,80817,2,1,NaN,trial.nocue,588,1
333,80817,2,2,NaN,trial.nocue,613,0
333,80817,2,1,NaN,trial.nocue,614,1
333,80817,1,1,800,trial.validspatial,634,1
333,80817,1,1,NaN,trial.nocue,515,1
333,80817,2,1,800,trial.doublecue,613,1
333,80817,2,2,NaN,trial.nocue,786,1
333,80817,1,2,400,trial.validspatial,631,1
333,80817,1,1,400,trial.doublecue,640,1
333,80817,2,2,400,trial.invalid,493,0
333,80817,1,1,NaN,trial.nocue,706,1
333,80817,2,1,800,trial.validspatial,471,1
333,80817,2,2,0,trial.validspatial,1700,0
333,80817,2,1,800,trial.doublecue,673,1
333,80817,2,1,400,trial.validspatial,517,1
333,80817,2,2,400,trial.validspatial,636,1
333,80817,2,1,0,trial.doublecue,680,1
333,80817,2,2,400,trial.validspatial,621,1
333,80817,2,2,400,trial.invalid,1107,1
333,80817,2,2,800,trial.doublecue,627,1
333,80817,1,2,400,trial.doublecue,710,1
333,80817,1,2,0,trial.validspatial,622,1
333,80817,1,2,NaN,trial.nocue,720,1
333,80817,1,1,800,trial.invalid,784,1
333,80817,2,2,800,trial.validspatial,1700,0
333,80817,2,1,800,trial.validspatial,603,1
333,80817,2,1,0,trial.validspatial,478,1
333,80817,2,2,NaN,trial.nocue,637,1
333,80817,2,2,800,trial.validspatial,775,1
333,80817,1,1,400,trial.validspatial,1700,0
333,80817,1,2,800,trial.invalid,570,1
333,80817,2,2,0,trial.validspatial,811,1
333,80817,2,2,800,trial.validspatial,653,1
333,80817,1,1,800,trial.validspatial,532,1
333,80817,2,1,NaN,trial.nocue,734,1
333,80817,1,2,NaN,trial.nocue,513,1
333,80817,1,2,800,trial.validspatial,529,1
333,80817,1,2,0,trial.validspatial,562,1
333,80817,2,2,0,trial.invalid,541,1
333,80817,1,1,NaN,trial.nocue,788,1
333,80817,2,2,800,trial.validspatial,856,1
333,80817,2,1,800,trial.validspatial,756,1
333,80817,2,1,0,trial.validspatial,596,1
333,80817,1,1,800,trial.doublecue,1700,0
333,80817,2,2,800,trial.invalid,738,1
333,80817,1,2,400,trial.validspatial,474,1
333,80817,2,1,800,trial.validspatial,480,1
333,80817,1,2,400,trial.invalid,677,1
333,80817,1,1,800,trial.validspatial,622,1
333,80817,2,2,400,trial.doublecue,669,1
333,80817,1,1,0,trial.validspatial,684,1
333,80817,2,1,NaN,trial.nocue,215,0
333,80817,2,1,400,trial.invalid,1041,1
333,80817,1,2,800,trial.invalid,877,1
333,80817,1,2,0,trial.doublecue,828,1
333,80817,1,1,400,trial.validspatial,444,1
333,80817,1,2,400,trial.validspatial,526,1
333,80817,1,1,0,trial.doublecue,563,1
333,80817,1,1,0,trial.doublecue,529,1
333,80817,1,2,NaN,trial.nocue,727,1
333,80817,2,1,400,trial.doublecue,560,1
333,80817,2,2,400,trial.validspatial,491,1
333,80817,2,2,800,trial.doublecue,550,1
333,80817,2,2,NaN,trial.nocue,524,1
333,80817,1,2,NaN,trial.nocue,1700,0
333,80817,1,2,0,trial.doublecue,550,1
333,80817,2,1,800,trial.invalid,463,1
333,80817,1,2,0,trial.validspatial,472,1
333,80817,1,1,0,trial.validspatial,663,1
333,80817,2,1,0,trial.validspatial,687,1
333,80817,1,1,400,trial.invalid,629,0
333,80817,1,2,800,trial.doublecue,527,1
333,80817,2,2,0,trial.validspatial,474,1
333,80817,2,2,0,trial.invalid,565,1
333,80817,1,1,0,trial.validspatial,685,0
333,80817,1,1,400,trial.invalid,685,1
333,80817,2,1,800,trial.validspatial,540,1
333,80817,2,2,400,trial.doublecue,510,1
333,80817,2,1,0,trial.doublecue,545,1
333,80817,2,2,400,trial.validspatial,798,1
333,80817,1,1,NaN,trial.nocue,763,1
333,80817,2,1,0,trial.invalid,716,1
333,80817,1,2,800,trial.validspatial,767,1
333,80817,1,2,800,trial.doublecue,597,1
333,80817,2,1,400,trial.validspatial,531,1
333,80817,1,1,800,trial.validspatial,704,1
333,80817,1,2,800,trial.validspatial,618,1
333,80817,1,1,0,trial.validspatial,454,1
333,80817,1,2,400,trial.validspatial,581,1
333,80817,2,1,400,trial.invalid,715,1
333,80817,2,1,0,trial.invalid,584,1
333,80817,2,2,NaN,trial.nocue,728,0
333,80817,1,1,800,trial.validspatial,663,1
333,80817,2,2,400,trial.validspatial,962,1
333,80817,2,1,NaN,trial.nocue,1448,1
333,80817,1,1,400,trial.validspatial,699,1
333,80817,1,2,NaN,trial.nocue,696,1
333,80817,1,2,0,trial.validspatial,605,1
333,80817,1,2,800,trial.validspatial,494,1
333,80817,1,1,0,trial.validspatial,560,1
333,80817,1,1,400,trial.validspatial,953,1
