subject,date,location_congruence_val,flanker_congruence_val,cue_target_interval,cue_condition,latency,values.correct
16,21317,1,1,0,trial.validspatial,1257,1
16,21317,1,2,0,trial.invalid,764,0
16,21317,1,2,800,trial.validspatial,987,1
16,21317,1,2,400,trial.validspatial,0,1
16,21317,1,2,400,trial.doublecue,1427,1
16,21317,2,2,400,trial.validspatial,1044,1
16,21317,2,1,400,trial.doublecue,759,1
16,21317,2,1,0,trial.validspatial,821,1
16,21317,2,1,400,trial.validspatial,499,1
16,21317,1,2,800,trial.validspatial,747,1
16,21317,1,1,800,trial.invalid,648,1
16,21317,2,1,400,trial.validspatial,645,1
16,21317,2,1,800,trial.validspatial,524,1
16,21317,2,2,0,trial.validspatial,699,1
16,21317,1,2,0,trial.validspatial,917,1
16,21317,1,1,400,trial.validspatial,644,1
16,21317,1,1,NaN,trial.nocue,419,1
16,21317,1,2,0,trial.validspatial,351,1
16,21317,1,1,NaN,trial.nocue,565,1
16,21317,2,2,0,trial.validspatial,644,1
16,21317,2,1,800,trial.invalid,567,1
16,21317,2,2,NaN,trial.nocue,458,0
16,21317,1,2,400,trial.invalid,784,1
16,21317,2,2,0,trial.doublecue,927,1
16,21317,1,2,NaN,trial.nocue,874,1
16,21317,1,1,400,trial.validspatial,440,1
16,21317,1,1,800,trial.validspatial,500,1
16,21317,2,1,NaN,trial.nocue,717,0
16,21317,1,1,800,trial.doublecue,789,1
16,21317,2,2,0,trial.doublecue,790,1
16,21317,1,1,0,trial.invalid,608,1
16,21317,1,1,0,trial.invalid,443,1
16,21317,2,1,0,trial.validspatial,805,1
16,21317,2,1,0,trial.validspatial,432,1
16,21317,1,1,400,trial.doublecue,429,1
16,21317,2,2,800,trial.validspatial,796,1
16,21317,2,2,800,trial.validspatial,722,1
16,21317,2,2,0,trial.validspatial,511,0
16,21317,1,2,400,trial.validspatial,618,1
16,21317,2,2,800,trial.invalid,844,1
16,21317,1,2,0,trial.invalid,892,1
16,21317,2,1,400,trial.validspatial,582,1
16,21317,2,1,400,trial.validspatial,459,1
16,21317,2,1,NaN,trial.nocue,481,1
16,21317,2,2,NaN,trial.nocue,870,1
16,21317,2,1,NaN,trial.nocue,411,1
16,21317,1,1,800,trial.validspatial,529,1
16,21317,1,1,NaN,trial.nocue,414,1
16,21317,2,1,800,trial.doublecue,435,0
16,21317,2,2,NaN,trial.nocue,885,1
16,21317,1,2,400,trial.validspatial,740,1
16,21317,1,1,400,trial.doublecue,524,1
16,21317,2,2,400,trial.invalid,843,1
16,21317,1,1,NaN,trial.nocue,463,1
16,21317,2,1,800,trial.validspatial,470,1
16,21317,2,2,0,trial.validspatial,440,0
16,21317,2,1,800,trial.doublecue,685,1
16,21317,2,1,400,trial.validspatial,606,1
16,21317,2,2,400,trial.validspatial,623,1
16,21317,2,1,0,trial.doublecue,438,1
16,21317,2,2,400,trial.validspatial,718,1
16,21317,2,2,400,trial.invalid,613,1
16,21317,2,2,800,trial.doublecue,563,1
16,21317,1,2,400,trial.doublecue,758,1
16,21317,1,2,0,trial.validspatial,670,1
16,21317,1,2,NaN,trial.nocue,731,1
16,21317,1,1,800,trial.invalid,630,1
16,21317,2,2,800,trial.validspatial,627,0
16,21317,2,1,800,trial.validspatial,510,1
16,21317,2,1,0,trial.validspatial,455,1
16,21317,2,2,NaN,trial.nocue,520,0
16,21317,2,2,800,trial.validspatial,729,1
16,21317,1,1,400,trial.validspatial,507,1
16,21317,1,2,800,trial.invalid,914,1
16,21317,2,2,0,trial.validspatial,742,1
16,21317,2,2,800,trial.validspatial,577,1
16,21317,1,1,800,trial.validspatial,533,1
16,21317,2,1,NaN,trial.nocue,405,0
16,21317,1,2,NaN,trial.nocue,468,0
16,21317,1,2,800,trial.validspatial,570,1
16,21317,1,2,0,trial.validspatial,652,1
16,21317,2,2,0,trial.invalid,955,1
16,21317,1,1,NaN,trial.nocue,704,1
16,21317,2,2,800,trial.validspatial,546,1
16,21317,2,1,800,trial.validspatial,460,1
16,21317,2,1,0,trial.validspatial,593,1
16,21317,1,1,800,trial.doublecue,550,1
16,21317,2,2,800,trial.invalid,752,1
16,21317,1,2,400,trial.validspatial,705,1
16,21317,2,1,800,trial.validspatial,486,1
16,21317,1,2,400,trial.invalid,948,1
16,21317,1,1,800,trial.validspatial,480,1
16,21317,2,2,400,trial.doublecue,671,1
16,21317,1,1,0,trial.validspatial,452,1
16,21317,2,1,NaN,trial.nocue,555,1
16,21317,2,1,400,trial.invalid,500,1
16,21317,1,2,800,trial.invalid,433,0
16,21317,1,2,0,trial.doublecue,743,1
16,21317,1,1,400,trial.validspatial,454,1
16,21317,1,2,400,trial.validspatial,567,1
16,21317,1,1,0,trial.doublecue,450,1
16,21317,1,1,0,trial.doublecue,590,1
16,21317,1,2,NaN,trial.nocue,454,1
16,21317,2,1,400,trial.doublecue,517,1
16,21317,2,2,400,trial.validspatial,599,1
16,21317,2,2,800,trial.doublecue,692,1
16,21317,2,2,NaN,trial.nocue,702,1
16,21317,1,2,NaN,trial.nocue,505,0
16,21317,1,2,0,trial.doublecue,630,1
16,21317,2,1,800,trial.invalid,742,1
16,21317,1,2,0,trial.validspatial,935,1
16,21317,1,1,0,trial.validspatial,596,1
16,21317,2,1,0,trial.validspatial,496,1
16,21317,1,1,400,trial.invalid,615,1
16,21317,1,2,800,trial.doublecue,670,1
16,21317,2,2,0,trial.validspatial,508,0
16,21317,2,2,0,trial.invalid,693,1
16,21317,1,1,0,trial.validspatial,494,1
16,21317,1,1,400,trial.invalid,753,1
16,21317,2,1,800,trial.validspatial,508,0
16,21317,2,2,400,trial.doublecue,890,1
16,21317,2,1,0,trial.doublecue,593,1
16,21317,2,2,400,trial.validspatial,1072,1
16,21317,1,1,NaN,trial.nocue,474,1
16,21317,2,1,0,trial.invalid,565,1
16,21317,1,2,800,trial.validspatial,488,0
16,21317,1,2,800,trial.doublecue,549,0
16,21317,2,1,400,trial.validspatial,481,1
16,21317,1,1,800,trial.validspatial,466,1
16,21317,1,2,800,trial.validspatial,690,1
16,21317,1,1,0,trial.validspatial,594,1
16,21317,1,2,400,trial.validspatial,680,1
16,21317,2,1,400,trial.invalid,596,1
16,21317,2,1,0,trial.invalid,1055,1
16,21317,2,2,NaN,trial.nocue,981,1
16,21317,1,1,800,trial.validspatial,575,1
16,21317,2,2,400,trial.validspatial,768,1
16,21317,2,1,NaN,trial.nocue,547,1
16,21317,1,1,400,trial.validspatial,452,1
16,21317,1,2,NaN,trial.nocue,1007,1
16,21317,1,2,0,trial.validspatial,559,0
16,21317,1,2,800,trial.validspatial,580,1
16,21317,1,1,0,trial.validspatial,571,1
16,21317,1,1,400,trial.validspatial,417,1
16,21317,1,1,0,trial.validspatial,441,1
16,21317,1,2,0,trial.invalid,450,1
16,21317,1,2,800,trial.validspatial,542,1
16,21317,1,2,400,trial.validspatial,612,1
16,21317,1,2,400,trial.doublecue,1141,1
16,21317,2,2,400,trial.validspatial,715,1
16,21317,2,1,400,trial.doublecue,454,1
16,21317,2,1,0,trial.validspatial,459,0
16,21317,2,1,400,trial.validspatial,630,1
16,21317,1,2,800,trial.validspatial,557,0
16,21317,1,1,800,trial.invalid,504,1
16,21317,2,1,400,trial.validspatial,461,1
16,21317,2,1,800,trial.validspatial,387,1
16,21317,2,2,0,trial.validspatial,575,1
16,21317,1,2,0,trial.validspatial,516,0
16,21317,1,1,400,trial.validspatial,417,1
16,21317,1,1,NaN,trial.nocue,472,1
16,21317,1,2,0,trial.validspatial,537,0
16,21317,1,1,NaN,trial.nocue,500,1
16,21317,2,2,0,trial.validspatial,762,1
16,21317,2,1,800,trial.invalid,601,1
16,21317,2,2,NaN,trial.nocue,729,1
16,21317,1,2,400,trial.invalid,817,1
16,21317,2,2,0,trial.doublecue,766,1
16,21317,1,2,NaN,trial.nocue,723,1
16,21317,1,1,400,trial.validspatial,400,1
16,21317,1,1,800,trial.validspatial,458,1
16,21317,2,1,NaN,trial.nocue,480,1
16,21317,1,1,800,trial.doublecue,429,1
16,21317,2,2,0,trial.doublecue,533,0
16,21317,1,1,0,trial.invalid,433,1
16,21317,1,1,0,trial.invalid,520,1
16,21317,2,1,0,trial.validspatial,519,1
16,21317,2,1,0,trial.validspatial,589,1
16,21317,1,1,400,trial.doublecue,466,1
16,21317,2,2,800,trial.validspatial,504,0
16,21317,2,2,800,trial.validspatial,720,1
16,21317,2,2,0,trial.validspatial,738,1
16,21317,1,2,400,trial.validspatial,559,1
16,21317,2,2,800,trial.invalid,688,1
16,21317,1,2,0,trial.invalid,743,1
16,21317,2,1,400,trial.validspatial,548,1
16,21317,2,1,400,trial.validspatial,492,1
16,21317,2,1,NaN,trial.nocue,512,1
16,21317,2,2,NaN,trial.nocue,697,1
16,21317,2,1,NaN,trial.nocue,465,1
16,21317,1,1,800,trial.validspatial,376,1
16,21317,1,1,NaN,trial.nocue,486,1
16,21317,2,1,800,trial.doublecue,484,1
16,21317,2,2,NaN,trial.nocue,427,0
16,21317,1,2,400,trial.validspatial,676,1
16,21317,1,1,400,trial.doublecue,450,1
16,21317,2,2,400,trial.invalid,980,1
16,21317,1,1,NaN,trial.nocue,470,1
16,21317,2,1,800,trial.validspatial,476,1
16,21317,2,2,0,trial.validspatial,717,1
16,21317,2,1,800,trial.doublecue,597,1
16,21317,2,1,400,trial.validspatial,448,1
16,21317,2,2,400,trial.validspatial,736,1
16,21317,2,1,0,trial.doublecue,446,1
16,21317,2,2,400,trial.validspatial,634,1
16,21317,2,2,400,trial.invalid,701,1
16,21317,2,2,800,trial.doublecue,590,1
16,21317,1,2,400,trial.doublecue,586,0
16,21317,1,2,0,trial.validspatial,672,1
16,21317,1,2,NaN,trial.nocue,601,0
16,21317,1,1,800,trial.invalid,560,1
16,21317,2,2,800,trial.validspatial,627,1
16,21317,2,1,800,trial.validspatial,512,1
16,21317,2,1,0,trial.validspatial,437,1
16,21317,2,2,NaN,trial.nocue,456,0
16,21317,2,2,800,trial.validspatial,729,1
16,21317,1,1,400,trial.validspatial,1700,0
16,21317,1,2,800,trial.invalid,546,1
16,21317,2,2,0,trial.validspatial,744,1
16,21317,2,2,800,trial.validspatial,518,1
16,21317,1,1,800,trial.validspatial,568,0
16,21317,2,1,NaN,trial.nocue,591,0
16,21317,1,2,NaN,trial.nocue,743,0
16,21317,1,2,800,trial.validspatial,413,1
16,21317,1,2,0,trial.validspatial,486,1
16,21317,2,2,0,trial.invalid,440,1
16,21317,1,1,NaN,trial.nocue,385,0
16,21317,2,2,800,trial.validspatial,595,0
16,21317,2,1,800,trial.validspatial,439,1
16,21317,2,1,0,trial.validspatial,405,1
16,21317,1,1,800,trial.doublecue,720,0
16,21317,2,2,800,trial.invalid,695,0
16,21317,1,2,400,trial.validspatial,529,1
16,21317,2,1,800,trial.validspatial,523,1
16,21317,1,2,400,trial.invalid,860,1
16,21317,1,1,800,trial.validspatial,544,1
16,21317,2,2,400,trial.doublecue,602,1
16,21317,1,1,0,trial.validspatial,574,1
16,21317,2,1,NaN,trial.nocue,968,0
16,21317,2,1,400,trial.invalid,758,0
16,21317,1,2,800,trial.invalid,775,1
16,21317,1,2,0,trial.doublecue,791,1
16,21317,1,1,400,trial.validspatial,449,1
16,21317,1,2,400,trial.validspatial,595,1
16,21317,1,1,0,trial.doublecue,528,1
16,21317,1,1,0,trial.doublecue,496,1
16,21317,1,2,NaN,trial.nocue,535,0
16,21317,2,1,400,trial.doublecue,531,1
16,21317,2,2,400,trial.validspatial,527,1
16,21317,2,2,800,trial.doublecue,486,1
16,21317,2,2,NaN,trial.nocue,507,1
16,21317,1,2,NaN,trial.nocue,445,1
16,21317,1,2,0,trial.doublecue,575,1
16,21317,2,1,800,trial.invalid,634,1
16,21317,1,2,0,trial.validspatial,749,0
16,21317,1,1,0,trial.validspatial,603,1
16,21317,2,1,0,trial.validspatial,563,1
16,21317,1,1,400,trial.invalid,785,0
16,21317,1,2,800,trial.doublecue,497,1
16,21317,2,2,0,trial.validspatial,409,1
16,21317,2,2,0,trial.invalid,581,1
16,21317,1,1,0,trial.validspatial,852,1
16,21317,1,1,400,trial.invalid,480,1
16,21317,2,1,800,trial.validspatial,423,1
16,21317,2,2,400,trial.doublecue,432,1
16,21317,2,1,0,trial.doublecue,499,1
16,21317,2,2,400,trial.validspatial,474,0
16,21317,1,1,NaN,trial.nocue,629,1
16,21317,2,1,0,trial.invalid,451,1
16,21317,1,2,800,trial.validspatial,717,1
16,21317,1,2,800,trial.doublecue,490,1
16,21317,2,1,400,trial.validspatial,467,1
16,21317,1,1,800,trial.validspatial,701,1
16,21317,1,2,800,trial.validspatial,530,1
16,21317,1,1,0,trial.validspatial,427,1
16,21317,1,2,400,trial.validspatial,569,1
16,21317,2,1,400,trial.invalid,446,1
16,21317,2,1,0,trial.invalid,721,1
16,21317,2,2,NaN,trial.nocue,698,1
16,21317,1,1,800,trial.validspatial,621,1
16,21317,2,2,400,trial.validspatial,571,0
16,21317,2,1,NaN,trial.nocue,576,1
16,21317,1,1,400,trial.validspatial,713,1
16,21317,1,2,NaN,trial.nocue,611,1
16,21317,1,2,0,trial.validspatial,562,1
16,21317,1,2,800,trial.validspatial,408,1
16,21317,1,1,0,trial.validspatial,416,1
16,21317,1,1,400,trial.validspatial,847,0
