subject,date,location_congruence_val,flanker_congruence_val,cue_target_interval,cue_condition,latency,values.correct
189,61317,1,1,0,trial.validspatial,1700,0
189,61317,1,2,0,trial.invalid,1453,0
189,61317,1,2,800,trial.validspatial,1151,1
189,61317,1,2,400,trial.validspatial,946,1
189,61317,1,2,400,trial.doublecue,1291,1
189,61317,2,2,400,trial.validspatial,841,1
189,61317,2,1,400,trial.doublecue,1700,0
189,61317,2,1,0,trial.validspatial,1344,1
189,61317,2,1,400,trial.validspatial,742,1
189,61317,1,2,800,trial.validspatial,1073,1
189,61317,1,1,800,trial.invalid,1018,1
189,61317,2,1,400,trial.validspatial,832,1
189,61317,2,1,800,trial.validspatial,732,1
189,61317,2,2,0,trial.validspatial,1097,1
189,61317,1,2,0,trial.validspatial,1700,0
189,61317,1,1,400,trial.validspatial,853,1
189,61317,1,1,NaN,trial.nocue,782,1
189,61317,1,2,0,trial.validspatial,924,1
189,61317,1,1,NaN,trial.nocue,821,1
189,61317,2,2,0,trial.validspatial,974,1
189,61317,2,1,800,trial.invalid,1132,0
189,61317,2,2,NaN,trial.nocue,1323,0
189,61317,1,2,400,trial.invalid,1330,1
189,61317,2,2,0,trial.doublecue,1068,1
189,61317,1,2,NaN,trial.nocue,893,1
189,61317,1,1,400,trial.validspatial,1113,1
189,61317,1,1,800,trial.validspatial,614,1
189,61317,2,1,NaN,trial.nocue,879,1
189,61317,1,1,800,trial.doublecue,969,1
189,61317,2,2,0,trial.doublecue,1106,1
189,61317,1,1,0,trial.invalid,754,1
189,61317,1,1,0,trial.invalid,958,1
189,61317,2,1,0,trial.validspatial,879,1
189,61317,2,1,0,trial.validspatial,875,1
189,61317,1,1,400,trial.doublecue,751,1
189,61317,2,2,800,trial.validspatial,974,1
189,61317,2,2,800,trial.validspatial,643,0
189,61317,2,2,0,trial.validspatial,623,1
189,61317,1,2,400,trial.validspatial,1039,1
189,61317,2,2,800,trial.invalid,1112,0
189,61317,1,2,0,trial.invalid,1187,1
189,61317,2,1,400,trial.validspatial,847,1
189,61317,2,1,400,trial.validspatial,907,1
189,61317,2,1,NaN,trial.nocue,1312,1
189,61317,2,2,NaN,trial.nocue,1253,1
189,61317,2,1,NaN,trial.nocue,841,1
189,61317,1,1,800,trial.validspatial,783,1
189,61317,1,1,NaN,trial.nocue,788,1
189,61317,2,1,800,trial.doublecue,786,1
189,61317,2,2,NaN,trial.nocue,1700,0
189,61317,1,2,400,trial.validspatial,1348,1
189,61317,1,1,400,trial.doublecue,865,1
189,61317,2,2,400,trial.invalid,1592,1
189,61317,1,1,NaN,trial.nocue,937,1
189,61317,2,1,800,trial.validspatial,762,1
189,61317,2,2,0,trial.validspatial,883,1
189,61317,2,1,800,trial.doublecue,1234,1
189,61317,2,1,400,trial.validspatial,1163,1
189,61317,2,2,400,trial.validspatial,678,1
189,61317,2,1,0,trial.doublecue,1144,1
189,61317,2,2,400,trial.validspatial,844,1
189,61317,2,2,400,trial.invalid,1045,1
189,61317,2,2,800,trial.doublecue,833,1
189,61317,1,2,400,trial.doublecue,863,1
189,61317,1,2,0,trial.validspatial,898,1
189,61317,1,2,NaN,trial.nocue,1054,1
189,61317,1,1,800,trial.invalid,633,1
189,61317,2,2,800,trial.validspatial,878,1
189,61317,2,1,800,trial.validspatial,606,1
189,61317,2,1,0,trial.validspatial,700,1
189,61317,2,2,NaN,trial.nocue,1192,0
189,61317,2,2,800,trial.validspatial,1075,1
189,61317,1,1,400,trial.validspatial,832,1
189,61317,1,2,800,trial.invalid,1080,1
189,61317,2,2,0,trial.validspatial,1017,1
189,61317,2,2,800,trial.validspatial,961,1
189,61317,1,1,800,trial.validspatial,1107,1
189,61317,2,1,NaN,trial.nocue,1129,1
189,61317,1,2,NaN,trial.nocue,1355,1
189,61317,1,2,800,trial.validspatial,1003,1
189,61317,1,2,0,trial.validspatial,1053,1
189,61317,2,2,0,trial.invalid,1080,1
189,61317,1,1,NaN,trial.nocue,937,1
189,61317,2,2,800,trial.validspatial,1078,0
189,61317,2,1,800,trial.validspatial,802,1
189,61317,2,1,0,trial.validspatial,859,1
189,61317,1,1,800,trial.doublecue,1166,1
189,61317,2,2,800,trial.invalid,1182,1
189,61317,1,2,400,trial.validspatial,837,1
189,61317,2,1,800,trial.validspatial,685,1
189,61317,1,2,400,trial.invalid,1127,1
189,61317,1,1,800,trial.validspatial,1069,1
189,61317,2,2,400,trial.doublecue,973,1
189,61317,1,1,0,trial.validspatial,911,1
189,61317,2,1,NaN,trial.nocue,957,1
189,61317,2,1,400,trial.invalid,661,1
189,61317,1,2,800,trial.invalid,1465,1
189,61317,1,2,0,trial.doublecue,935,1
189,61317,1,1,400,trial.validspatial,640,1
189,61317,1,2,400,trial.validspatial,1074,1
189,61317,1,1,0,trial.doublecue,771,1
189,61317,1,1,0,trial.doublecue,781,1
189,61317,1,2,NaN,trial.nocue,1024,1
189,61317,2,1,400,trial.doublecue,1074,1
189,61317,2,2,400,trial.validspatial,1016,1
189,61317,2,2,800,trial.doublecue,971,1
189,61317,2,2,NaN,trial.nocue,1042,1
189,61317,1,2,NaN,trial.nocue,951,1
189,61317,1,2,0,trial.doublecue,684,1
189,61317,2,1,800,trial.invalid,1050,1
189,61317,1,2,0,trial.validspatial,1211,1
189,61317,1,1,0,trial.validspatial,712,1
189,61317,2,1,0,trial.validspatial,819,1
189,61317,1,1,400,trial.invalid,776,1
189,61317,1,2,800,trial.doublecue,1190,1
189,61317,2,2,0,trial.validspatial,799,1
189,61317,2,2,0,trial.invalid,946,1
189,61317,1,1,0,trial.validspatial,768,1
189,61317,1,1,400,trial.invalid,756,1
189,61317,2,1,800,trial.validspatial,697,1
189,61317,2,2,400,trial.doublecue,952,1
189,61317,2,1,0,trial.doublecue,935,1
189,61317,2,2,400,trial.validspatial,826,1
189,61317,1,1,NaN,trial.nocue,1063,1
189,61317,2,1,0,trial.invalid,935,1
189,61317,1,2,800,trial.validspatial,993,1
189,61317,1,2,800,trial.doublecue,798,1
189,61317,2,1,400,trial.validspatial,1033,0
189,61317,1,1,800,trial.validspatial,978,1
189,61317,1,2,800,trial.validspatial,1416,1
189,61317,1,1,0,trial.validspatial,717,1
189,61317,1,2,400,trial.validspatial,998,1
189,61317,2,1,400,trial.invalid,1098,1
189,61317,2,1,0,trial.invalid,1171,1
189,61317,2,2,NaN,trial.nocue,979,1
189,61317,1,1,800,trial.validspatial,610,1
189,61317,2,2,400,trial.validspatial,1001,1
189,61317,2,1,NaN,trial.nocue,763,1
189,61317,1,1,400,trial.validspatial,752,1
189,61317,1,2,NaN,trial.nocue,918,1
189,61317,1,2,0,trial.validspatial,1128,1
189,61317,1,2,800,trial.validspatial,764,1
189,61317,1,1,0,trial.validspatial,614,1
189,61317,1,1,400,trial.validspatial,716,1
189,61317,1,1,0,trial.validspatial,789,1
189,61317,1,2,0,trial.invalid,1211,1
189,61317,1,2,800,trial.validspatial,958,1
189,61317,1,2,400,trial.validspatial,953,1
189,61317,1,2,400,trial.doublecue,1009,1
189,61317,2,2,400,trial.validspatial,783,1
189,61317,2,1,400,trial.doublecue,1027,1
189,61317,2,1,0,trial.validspatial,800,1
189,61317,2,1,400,trial.validspatial,1301,1
189,61317,1,2,800,trial.validspatial,1000,1
189,61317,1,1,800,trial.invalid,968,1
189,61317,2,1,400,trial.validspatial,829,1
189,61317,2,1,800,trial.validspatial,547,1
189,61317,2,2,0,trial.validspatial,896,1
189,61317,1,2,0,trial.validspatial,920,1
189,61317,1,1,400,trial.validspatial,620,1
189,61317,1,1,NaN,trial.nocue,749,1
189,61317,1,2,0,trial.validspatial,1004,1
189,61317,1,1,NaN,trial.nocue,724,1
189,61317,2,2,0,trial.validspatial,867,1
189,61317,2,1,800,trial.invalid,761,0
189,61317,2,2,NaN,trial.nocue,1700,0
189,61317,1,2,400,trial.invalid,1224,1
189,61317,2,2,0,trial.doublecue,849,1
189,61317,1,2,NaN,trial.nocue,1051,1
189,61317,1,1,400,trial.validspatial,590,1
189,61317,1,1,800,trial.validspatial,651,1
189,61317,2,1,NaN,trial.nocue,875,1
189,61317,1,1,800,trial.doublecue,1020,1
189,61317,2,2,0,trial.doublecue,1198,1
189,61317,1,1,0,trial.invalid,965,1
189,61317,1,1,0,trial.invalid,555,1
189,61317,2,1,0,trial.validspatial,851,1
189,61317,2,1,0,trial.validspatial,703,1
189,61317,1,1,400,trial.doublecue,735,1
189,61317,2,2,800,trial.validspatial,975,1
189,61317,2,2,800,trial.validspatial,972,1
189,61317,2,2,0,trial.validspatial,815,1
189,61317,1,2,400,trial.validspatial,837,1
189,61317,2,2,800,trial.invalid,1662,1
189,61317,1,2,0,trial.invalid,1048,1
189,61317,2,1,400,trial.validspatial,757,1
189,61317,2,1,400,trial.validspatial,664,1
189,61317,2,1,NaN,trial.nocue,1700,0
189,61317,2,2,NaN,trial.nocue,1698,0
189,61317,2,1,NaN,trial.nocue,1413,0
189,61317,1,1,800,trial.validspatial,1523,0
189,61317,1,1,NaN,trial.nocue,1700,0
189,61317,2,1,800,trial.doublecue,798,1
189,61317,2,2,NaN,trial.nocue,1191,1
189,61317,1,2,400,trial.validspatial,1080,1
189,61317,1,1,400,trial.doublecue,830,1
189,61317,2,2,400,trial.invalid,1053,0
189,61317,1,1,NaN,trial.nocue,998,1
189,61317,2,1,800,trial.validspatial,726,1
189,61317,2,2,0,trial.validspatial,952,1
189,61317,2,1,800,trial.doublecue,888,1
189,61317,2,1,400,trial.validspatial,952,1
189,61317,2,2,400,trial.validspatial,1075,1
189,61317,2,1,0,trial.doublecue,972,1
189,61317,2,2,400,trial.validspatial,1079,1
189,61317,2,2,400,trial.invalid,945,1
189,61317,2,2,800,trial.doublecue,877,1
189,61317,1,2,400,trial.doublecue,891,1
189,61317,1,2,0,trial.validspatial,862,1
189,61317,1,2,NaN,trial.nocue,1002,1
189,61317,1,1,800,trial.invalid,567,1
189,61317,2,2,800,trial.validspatial,1048,1
189,61317,2,1,800,trial.validspatial,665,1
189,61317,2,1,0,trial.validspatial,744,1
189,61317,2,2,NaN,trial.nocue,1669,1
189,61317,2,2,800,trial.validspatial,1080,1
189,61317,1,1,400,trial.validspatial,1700,0
189,61317,1,2,800,trial.invalid,807,1
189,61317,2,2,0,trial.validspatial,1325,1
189,61317,2,2,800,trial.validspatial,1008,1
189,61317,1,1,800,trial.validspatial,915,1
189,61317,2,1,NaN,trial.nocue,939,1
189,61317,1,2,NaN,trial.nocue,833,1
189,61317,1,2,800,trial.validspatial,669,1
189,61317,1,2,0,trial.validspatial,746,1
189,61317,2,2,0,trial.invalid,758,1
189,61317,1,1,NaN,trial.nocue,969,1
189,61317,2,2,800,trial.validspatial,793,1
189,61317,2,1,800,trial.validspatial,1264,0
189,61317,2,1,0,trial.validspatial,677,0
189,61317,1,1,800,trial.doublecue,1226,1
189,61317,2,2,800,trial.invalid,898,1
189,61317,1,2,400,trial.validspatial,597,1
189,61317,2,1,800,trial.validspatial,783,1
189,61317,1,2,400,trial.invalid,822,1
189,61317,1,1,800,trial.validspatial,550,1
189,61317,2,2,400,trial.doublecue,982,1
189,61317,1,1,0,trial.validspatial,1156,0
189,61317,2,1,NaN,trial.nocue,1051,0
189,61317,2,1,400,trial.invalid,1362,1
189,61317,1,2,800,trial.invalid,708,1
189,61317,1,2,0,trial.doublecue,1076,1
189,61317,1,1,400,trial.validspatial,647,1
189,61317,1,2,400,trial.validspatial,684,1
189,61317,1,1,0,trial.doublecue,660,0
189,61317,1,1,0,trial.doublecue,878,1
189,61317,1,2,NaN,trial.nocue,1287,1
189,61317,2,1,400,trial.doublecue,798,1
189,61317,2,2,400,trial.validspatial,1571,1
189,61317,2,2,800,trial.doublecue,829,1
189,61317,2,2,NaN,trial.nocue,785,1
189,61317,1,2,NaN,trial.nocue,932,1
189,61317,1,2,0,trial.doublecue,1219,1
189,61317,2,1,800,trial.invalid,1064,1
189,61317,1,2,0,trial.validspatial,1284,1
189,61317,1,1,0,trial.validspatial,890,1
189,61317,2,1,0,trial.validspatial,891,1
189,61317,1,1,400,trial.invalid,1429,1
189,61317,1,2,800,trial.doublecue,955,1
189,61317,2,2,0,trial.validspatial,742,1
189,61317,2,2,0,trial.invalid,763,1
189,61317,1,1,0,trial.validspatial,1136,1
189,61317,1,1,400,trial.invalid,755,1
189,61317,2,1,800,trial.validspatial,752,1
189,61317,2,2,400,trial.doublecue,998,1
189,61317,2,1,0,trial.doublecue,763,1
189,61317,2,2,400,trial.validspatial,1109,1
189,61317,1,1,NaN,trial.nocue,822,1
189,61317,2,1,0,trial.invalid,1059,1
189,61317,1,2,800,trial.validspatial,1043,1
189,61317,1,2,800,trial.doublecue,740,1
189,61317,2,1,400,trial.validspatial,637,1
189,61317,1,1,800,trial.validspatial,750,1
189,61317,1,2,800,trial.validspatial,693,0
189,61317,1,1,0,trial.validspatial,1077,1
189,61317,1,2,400,trial.validspatial,736,1
189,61317,2,1,400,trial.invalid,842,1
189,61317,2,1,0,trial.invalid,885,1
189,61317,2,2,NaN,trial.nocue,1062,1
189,61317,1,1,800,trial.validspatial,898,1
189,61317,2,2,400,trial.validspatial,968,1
189,61317,2,1,NaN,trial.nocue,1130,1
189,61317,1,1,400,trial.validspatial,854,1
189,61317,1,2,NaN,trial.nocue,627,1
189,61317,1,2,0,trial.validspatial,1101,1
189,61317,1,2,800,trial.validspatial,767,1
189,61317,1,1,0,trial.validspatial,741,1
189,61317,1,1,400,trial.validspatial,1074,1
