subject,date,location_congruence_val,flanker_congruence_val,cue_target_interval,cue_condition,latency,values.correct
87,40117,1,1,0,trial.validspatial,932,1
87,40117,1,2,0,trial.invalid,818,0
87,40117,1,2,800,trial.validspatial,771,0
87,40117,1,2,400,trial.validspatial,718,0
87,40117,1,2,400,trial.doublecue,661,0
87,40117,2,2,400,trial.validspatial,850,1
87,40117,2,1,400,trial.doublecue,845,1
87,40117,2,1,0,trial.validspatial,1700,0
87,40117,2,1,400,trial.validspatial,574,1
87,40117,1,2,800,trial.validspatial,767,1
87,40117,1,1,800,trial.invalid,1015,0
87,40117,2,1,400,trial.validspatial,685,1
87,40117,2,1,800,trial.validspatial,457,1
87,40117,2,2,0,trial.validspatial,694,1
87,40117,1,2,0,trial.validspatial,1305,1
87,40117,1,1,400,trial.validspatial,660,1
87,40117,1,1,NaN,trial.nocue,805,1
87,40117,1,2,0,trial.validspatial,523,0
87,40117,1,1,NaN,trial.nocue,592,1
87,40117,2,2,0,trial.validspatial,704,1
87,40117,2,1,800,trial.invalid,622,1
87,40117,2,2,NaN,trial.nocue,699,1
87,40117,1,2,400,trial.invalid,1442,0
87,40117,2,2,0,trial.doublecue,1571,1
87,40117,1,2,NaN,trial.nocue,692,1
87,40117,1,1,400,trial.validspatial,535,1
87,40117,1,1,800,trial.validspatial,723,1
87,40117,2,1,NaN,trial.nocue,570,1
87,40117,1,1,800,trial.doublecue,675,1
87,40117,2,2,0,trial.doublecue,692,0
87,40117,1,1,0,trial.invalid,1700,0
87,40117,1,1,0,trial.invalid,564,1
87,40117,2,1,0,trial.validspatial,1019,1
87,40117,2,1,0,trial.validspatial,742,1
87,40117,1,1,400,trial.doublecue,880,1
87,40117,2,2,800,trial.validspatial,550,1
87,40117,2,2,800,trial.validspatial,586,1
87,40117,2,2,0,trial.validspatial,613,1
87,40117,1,2,400,trial.validspatial,683,1
87,40117,2,2,800,trial.invalid,460,1
87,40117,1,2,0,trial.invalid,470,0
87,40117,2,1,400,trial.validspatial,1048,1
87,40117,2,1,400,trial.validspatial,739,1
87,40117,2,1,NaN,trial.nocue,1167,1
87,40117,2,2,NaN,trial.nocue,995,1
87,40117,2,1,NaN,trial.nocue,591,1
87,40117,1,1,800,trial.validspatial,517,1
87,40117,1,1,NaN,trial.nocue,441,1
87,40117,2,1,800,trial.doublecue,447,1
87,40117,2,2,NaN,trial.nocue,633,1
87,40117,1,2,400,trial.validspatial,504,1
87,40117,1,1,400,trial.doublecue,524,1
87,40117,2,2,400,trial.invalid,730,0
87,40117,1,1,NaN,trial.nocue,499,1
87,40117,2,1,800,trial.validspatial,435,1
87,40117,2,2,0,trial.validspatial,596,0
87,40117,2,1,800,trial.doublecue,708,1
87,40117,2,1,400,trial.validspatial,468,1
87,40117,2,2,400,trial.validspatial,606,1
87,40117,2,1,0,trial.doublecue,527,1
87,40117,2,2,400,trial.validspatial,584,0
87,40117,2,2,400,trial.invalid,913,1
87,40117,2,2,800,trial.doublecue,500,1
87,40117,1,2,400,trial.doublecue,625,1
87,40117,1,2,0,trial.validspatial,747,1
87,40117,1,2,NaN,trial.nocue,1037,0
87,40117,1,1,800,trial.invalid,569,1
87,40117,2,2,800,trial.validspatial,514,1
87,40117,2,1,800,trial.validspatial,835,1
87,40117,2,1,0,trial.validspatial,617,1
87,40117,2,2,NaN,trial.nocue,512,1
87,40117,2,2,800,trial.validspatial,587,1
87,40117,1,1,400,trial.validspatial,461,1
87,40117,1,2,800,trial.invalid,733,1
87,40117,2,2,0,trial.validspatial,676,1
87,40117,2,2,800,trial.validspatial,448,1
87,40117,1,1,800,trial.validspatial,370,1
87,40117,2,1,NaN,trial.nocue,1056,1
87,40117,1,2,NaN,trial.nocue,473,1
87,40117,1,2,800,trial.validspatial,528,1
87,40117,1,2,0,trial.validspatial,986,1
87,40117,2,2,0,trial.invalid,628,1
87,40117,1,1,NaN,trial.nocue,487,1
87,40117,2,2,800,trial.validspatial,537,1
87,40117,2,1,800,trial.validspatial,419,1
87,40117,2,1,0,trial.validspatial,539,1
87,40117,1,1,800,trial.doublecue,565,1
87,40117,2,2,800,trial.invalid,533,0
87,40117,1,2,400,trial.validspatial,522,1
87,40117,2,1,800,trial.validspatial,490,1
87,40117,1,2,400,trial.invalid,1107,1
87,40117,1,1,800,trial.validspatial,433,1
87,40117,2,2,400,trial.doublecue,521,1
87,40117,1,1,0,trial.validspatial,706,1
87,40117,2,1,NaN,trial.nocue,549,1
87,40117,2,1,400,trial.invalid,652,1
87,40117,1,2,800,trial.invalid,615,1
87,40117,1,2,0,trial.doublecue,820,1
87,40117,1,1,400,trial.validspatial,356,1
87,40117,1,2,400,trial.validspatial,399,0
87,40117,1,1,0,trial.doublecue,432,1
87,40117,1,1,0,trial.doublecue,502,1
87,40117,1,2,NaN,trial.nocue,629,1
87,40117,2,1,400,trial.doublecue,513,1
87,40117,2,2,400,trial.validspatial,446,1
87,40117,2,2,800,trial.doublecue,498,1
87,40117,2,2,NaN,trial.nocue,472,0
87,40117,1,2,NaN,trial.nocue,589,0
87,40117,1,2,0,trial.doublecue,866,1
87,40117,2,1,800,trial.invalid,474,1
87,40117,1,2,0,trial.validspatial,571,1
87,40117,1,1,0,trial.validspatial,744,1
87,40117,2,1,0,trial.validspatial,644,1
87,40117,1,1,400,trial.invalid,499,1
87,40117,1,2,800,trial.doublecue,647,1
87,40117,2,2,0,trial.validspatial,1700,0
87,40117,2,2,0,trial.invalid,1553,0
87,40117,1,1,0,trial.validspatial,463,1
87,40117,1,1,400,trial.invalid,559,1
87,40117,2,1,800,trial.validspatial,508,1
87,40117,2,2,400,trial.doublecue,474,0
87,40117,2,1,0,trial.doublecue,657,1
87,40117,2,2,400,trial.validspatial,527,1
87,40117,1,1,NaN,trial.nocue,468,0
87,40117,2,1,0,trial.invalid,539,1
87,40117,1,2,800,trial.validspatial,411,0
87,40117,1,2,800,trial.doublecue,512,1
87,40117,2,1,400,trial.validspatial,474,1
87,40117,1,1,800,trial.validspatial,372,1
87,40117,1,2,800,trial.validspatial,514,0
87,40117,1,1,0,trial.validspatial,574,1
87,40117,1,2,400,trial.validspatial,457,1
87,40117,2,1,400,trial.invalid,709,1
87,40117,2,1,0,trial.invalid,574,1
87,40117,2,2,NaN,trial.nocue,405,0
87,40117,1,1,800,trial.validspatial,328,1
87,40117,2,2,400,trial.validspatial,319,0
87,40117,2,1,NaN,trial.nocue,418,0
87,40117,1,1,400,trial.validspatial,366,1
87,40117,1,2,NaN,trial.nocue,669,0
87,40117,1,2,0,trial.validspatial,445,0
87,40117,1,2,800,trial.validspatial,358,0
87,40117,1,1,0,trial.validspatial,384,1
87,40117,1,1,400,trial.validspatial,368,1
87,40117,1,1,0,trial.validspatial,536,1
87,40117,1,2,0,trial.invalid,843,1
87,40117,1,2,800,trial.validspatial,470,1
87,40117,1,2,400,trial.validspatial,577,1
87,40117,1,2,400,trial.doublecue,504,0
87,40117,2,2,400,trial.validspatial,382,0
87,40117,2,1,400,trial.doublecue,514,1
87,40117,2,1,0,trial.validspatial,478,1
87,40117,2,1,400,trial.validspatial,384,1
87,40117,1,2,800,trial.validspatial,395,1
87,40117,1,1,800,trial.invalid,492,1
87,40117,2,1,400,trial.validspatial,402,1
87,40117,2,1,800,trial.validspatial,327,1
87,40117,2,2,0,trial.validspatial,643,0
87,40117,1,2,0,trial.validspatial,509,0
87,40117,1,1,400,trial.validspatial,358,1
87,40117,1,1,NaN,trial.nocue,439,1
87,40117,1,2,0,trial.validspatial,606,0
87,40117,1,1,NaN,trial.nocue,535,0
87,40117,2,2,0,trial.validspatial,477,1
87,40117,2,1,800,trial.invalid,392,1
87,40117,2,2,NaN,trial.nocue,848,0
87,40117,1,2,400,trial.invalid,655,0
87,40117,2,2,0,trial.doublecue,591,0
87,40117,1,2,NaN,trial.nocue,442,0
87,40117,1,1,400,trial.validspatial,461,1
87,40117,1,1,800,trial.validspatial,362,1
87,40117,2,1,NaN,trial.nocue,363,0
87,40117,1,1,800,trial.doublecue,340,1
87,40117,2,2,0,trial.doublecue,670,0
87,40117,1,1,0,trial.invalid,776,1
87,40117,1,1,0,trial.invalid,517,1
87,40117,2,1,0,trial.validspatial,443,1
87,40117,2,1,0,trial.validspatial,427,1
87,40117,1,1,400,trial.doublecue,411,1
87,40117,2,2,800,trial.validspatial,459,1
87,40117,2,2,800,trial.validspatial,432,1
87,40117,2,2,0,trial.validspatial,787,0
87,40117,1,2,400,trial.validspatial,417,1
87,40117,2,2,800,trial.invalid,507,0
87,40117,1,2,0,trial.invalid,692,0
87,40117,2,1,400,trial.validspatial,422,1
87,40117,2,1,400,trial.validspatial,386,1
87,40117,2,1,NaN,trial.nocue,583,1
87,40117,2,2,NaN,trial.nocue,564,0
87,40117,2,1,NaN,trial.nocue,591,1
87,40117,1,1,800,trial.validspatial,357,1
87,40117,1,1,NaN,trial.nocue,419,1
87,40117,2,1,800,trial.doublecue,353,1
87,40117,2,2,NaN,trial.nocue,522,1
87,40117,1,2,400,trial.validspatial,450,0
87,40117,1,1,400,trial.doublecue,528,1
87,40117,2,2,400,trial.invalid,430,0
87,40117,1,1,NaN,trial.nocue,416,1
87,40117,2,1,800,trial.validspatial,425,1
87,40117,2,2,0,trial.validspatial,562,1
87,40117,2,1,800,trial.doublecue,433,1
87,40117,2,1,400,trial.validspatial,321,1
87,40117,2,2,400,trial.validspatial,468,0
87,40117,2,1,0,trial.doublecue,485,1
87,40117,2,2,400,trial.validspatial,486,0
87,40117,2,2,400,trial.invalid,535,0
87,40117,2,2,800,trial.doublecue,1185,1
87,40117,1,2,400,trial.doublecue,462,0
87,40117,1,2,0,trial.validspatial,481,0
87,40117,1,2,NaN,trial.nocue,457,1
87,40117,1,1,800,trial.invalid,539,1
87,40117,2,2,800,trial.validspatial,547,1
87,40117,2,1,800,trial.validspatial,397,1
87,40117,2,1,0,trial.validspatial,547,1
87,40117,2,2,NaN,trial.nocue,488,0
87,40117,2,2,800,trial.validspatial,515,0
87,40117,1,1,400,trial.validspatial,858,0
87,40117,1,2,800,trial.invalid,471,1
87,40117,2,2,0,trial.validspatial,410,1
87,40117,2,2,800,trial.validspatial,417,0
87,40117,1,1,800,trial.validspatial,604,1
87,40117,2,1,NaN,trial.nocue,731,0
87,40117,1,2,NaN,trial.nocue,544,0
87,40117,1,2,800,trial.validspatial,1700,0
87,40117,1,2,0,trial.validspatial,62,0
87,40117,2,2,0,trial.invalid,384,1
87,40117,1,1,NaN,trial.nocue,411,1
87,40117,2,2,800,trial.validspatial,404,1
87,40117,2,1,800,trial.validspatial,411,1
87,40117,2,1,0,trial.validspatial,1700,0
87,40117,1,1,800,trial.doublecue,619,0
87,40117,2,2,800,trial.invalid,740,1
87,40117,1,2,400,trial.validspatial,1462,1
87,40117,2,1,800,trial.validspatial,1700,0
87,40117,1,2,400,trial.invalid,1700,0
87,40117,1,1,800,trial.validspatial,1700,0
87,40117,2,2,400,trial.doublecue,1700,0
87,40117,1,1,0,trial.validspatial,1700,0
87,40117,2,1,NaN,trial.nocue,1700,0
87,40117,2,1,400,trial.invalid,526,0
87,40117,1,2,800,trial.invalid,1022,1
87,40117,1,2,0,trial.doublecue,1700,0
87,40117,1,1,400,trial.validspatial,210,0
87,40117,1,2,400,trial.validspatial,1700,0
87,40117,1,1,0,trial.doublecue,1700,0
87,40117,1,1,0,trial.doublecue,1102,1
87,40117,1,2,NaN,trial.nocue,1700,0
87,40117,2,1,400,trial.doublecue,941,1
87,40117,2,2,400,trial.validspatial,90,0
87,40117,2,2,800,trial.doublecue,479,1
87,40117,2,2,NaN,trial.nocue,463,1
87,40117,1,2,NaN,trial.nocue,591,1
87,40117,1,2,0,trial.doublecue,414,1
87,40117,2,1,800,trial.invalid,1700,0
87,40117,1,2,0,trial.validspatial,53,1
87,40117,1,1,0,trial.validspatial,408,1
87,40117,2,1,0,trial.validspatial,434,0
87,40117,1,1,400,trial.invalid,428,0
87,40117,1,2,800,trial.doublecue,373,1
87,40117,2,2,0,trial.validspatial,497,1
87,40117,2,2,0,trial.invalid,518,1
87,40117,1,1,0,trial.validspatial,513,0
87,40117,1,1,400,trial.invalid,460,1
87,40117,2,1,800,trial.validspatial,334,1
87,40117,2,2,400,trial.doublecue,364,1
87,40117,2,1,0,trial.doublecue,466,1
87,40117,2,2,400,trial.validspatial,483,0
87,40117,1,1,NaN,trial.nocue,499,1
87,40117,2,1,0,trial.invalid,447,1
87,40117,1,2,800,trial.validspatial,543,0
87,40117,1,2,800,trial.doublecue,431,1
87,40117,2,1,400,trial.validspatial,368,1
87,40117,1,1,800,trial.validspatial,618,1
87,40117,1,2,800,trial.validspatial,387,1
87,40117,1,1,0,trial.validspatial,363,1
87,40117,1,2,400,trial.validspatial,414,1
87,40117,2,1,400,trial.invalid,400,1
87,40117,2,1,0,trial.invalid,376,0
87,40117,2,2,NaN,trial.nocue,658,1
87,40117,1,1,800,trial.validspatial,325,1
87,40117,2,2,400,trial.validspatial,387,1
87,40117,2,1,NaN,trial.nocue,646,1
87,40117,1,1,400,trial.validspatial,548,1
87,40117,1,2,NaN,trial.nocue,464,1
87,40117,1,2,0,trial.validspatial,425,1
87,40117,1,2,800,trial.validspatial,331,1
87,40117,1,1,0,trial.validspatial,546,1
87,40117,1,1,400,trial.validspatial,438,0
