subject,date,location_congruence_val,flanker_congruence_val,cue_target_interval,cue_condition,latency,values.correct
813,81017,1,1,0,trial.validspatial,876,1
813,81017,1,2,0,trial.invalid,874,0
813,81017,1,2,800,trial.validspatial,552,1
813,81017,1,2,400,trial.validspatial,11,1
813,81017,1,2,400,trial.doublecue,366,1
813,81017,2,2,400,trial.validspatial,250,0
813,81017,2,1,400,trial.doublecue,281,0
813,81017,2,1,0,trial.validspatial,361,0
813,81017,2,1,400,trial.validspatial,245,0
813,81017,1,2,800,trial.validspatial,11,1
813,81017,1,1,800,trial.invalid,392,1
813,81017,2,1,400,trial.validspatial,288,0
813,81017,2,1,800,trial.validspatial,378,0
813,81017,2,2,0,trial.validspatial,604,0
813,81017,1,2,0,trial.validspatial,410,1
813,81017,1,1,400,trial.validspatial,299,1
813,81017,1,1,NaN,trial.nocue,365,1
813,81017,1,2,0,trial.validspatial,353,1
813,81017,1,1,NaN,trial.nocue,457,1
813,81017,2,2,0,trial.validspatial,713,0
813,81017,2,1,800,trial.invalid,342,0
813,81017,2,2,NaN,trial.nocue,446,0
813,81017,1,2,400,trial.invalid,306,1
813,81017,2,2,0,trial.doublecue,395,0
813,81017,1,2,NaN,trial.nocue,477,1
813,81017,1,1,400,trial.validspatial,495,1
813,81017,1,1,800,trial.validspatial,324,1
813,81017,2,1,NaN,trial.nocue,412,0
813,81017,1,1,800,trial.doublecue,298,1
813,81017,2,2,0,trial.doublecue,400,0
813,81017,1,1,0,trial.invalid,362,1
813,81017,1,1,0,trial.invalid,474,1
813,81017,2,1,0,trial.validspatial,420,0
813,81017,2,1,0,trial.validspatial,425,0
813,81017,1,1,400,trial.doublecue,317,1
813,81017,2,2,800,trial.validspatial,344,0
813,81017,2,2,800,trial.validspatial,334,0
813,81017,2,2,0,trial.validspatial,409,0
813,81017,1,2,400,trial.validspatial,321,1
813,81017,2,2,800,trial.invalid,379,0
813,81017,1,2,0,trial.invalid,490,1
813,81017,2,1,400,trial.validspatial,285,0
813,81017,2,1,400,trial.validspatial,282,0
813,81017,2,1,NaN,trial.nocue,837,0
813,81017,2,2,NaN,trial.nocue,395,0
813,81017,2,1,NaN,trial.nocue,408,0
813,81017,1,1,800,trial.validspatial,346,1
813,81017,1,1,NaN,trial.nocue,356,1
813,81017,2,1,800,trial.doublecue,365,0
813,81017,2,2,NaN,trial.nocue,335,0
813,81017,1,2,400,trial.validspatial,296,1
813,81017,1,1,400,trial.doublecue,364,1
813,81017,2,2,400,trial.invalid,1121,0
813,81017,1,1,NaN,trial.nocue,384,1
813,81017,2,1,800,trial.validspatial,371,0
813,81017,2,2,0,trial.validspatial,469,0
813,81017,2,1,800,trial.doublecue,357,0
813,81017,2,1,400,trial.validspatial,355,0
813,81017,2,2,400,trial.validspatial,344,0
813,81017,2,1,0,trial.doublecue,497,0
813,81017,2,2,400,trial.validspatial,376,0
813,81017,2,2,400,trial.invalid,447,0
813,81017,2,2,800,trial.doublecue,415,0
813,81017,1,2,400,trial.doublecue,594,1
813,81017,1,2,0,trial.validspatial,550,1
813,81017,1,2,NaN,trial.nocue,470,1
813,81017,1,1,800,trial.invalid,390,1
813,81017,2,2,800,trial.validspatial,334,0
813,81017,2,1,800,trial.validspatial,354,0
813,81017,2,1,0,trial.validspatial,412,0
813,81017,2,2,NaN,trial.nocue,359,0
813,81017,2,2,800,trial.validspatial,441,0
813,81017,1,1,400,trial.validspatial,373,1
813,81017,1,2,800,trial.invalid,308,1
813,81017,2,2,0,trial.validspatial,329,0
813,81017,2,2,800,trial.validspatial,355,0
813,81017,1,1,800,trial.validspatial,280,1
813,81017,2,1,NaN,trial.nocue,449,0
813,81017,1,2,NaN,trial.nocue,417,1
813,81017,1,2,800,trial.validspatial,290,1
813,81017,1,2,0,trial.validspatial,557,1
813,81017,2,2,0,trial.invalid,398,0
813,81017,1,1,NaN,trial.nocue,395,1
813,81017,2,2,800,trial.validspatial,322,0
813,81017,2,1,800,trial.validspatial,311,0
813,81017,2,1,0,trial.validspatial,419,0
813,81017,1,1,800,trial.doublecue,358,1
813,81017,2,2,800,trial.invalid,335,0
813,81017,1,2,400,trial.validspatial,364,1
813,81017,2,1,800,trial.validspatial,366,0
813,81017,1,2,400,trial.invalid,411,1
813,81017,1,1,800,trial.validspatial,329,1
813,81017,2,2,400,trial.doublecue,400,0
813,81017,1,1,0,trial.validspatial,432,1
813,81017,2,1,NaN,trial.nocue,1700,0
813,81017,2,1,400,trial.invalid,405,0
813,81017,1,2,800,trial.invalid,314,1
813,81017,1,2,0,trial.doublecue,459,1
813,81017,1,1,400,trial.validspatial,371,1
813,81017,1,2,400,trial.validspatial,315,1
813,81017,1,1,0,trial.doublecue,404,1
813,81017,1,1,0,trial.doublecue,447,1
813,81017,1,2,NaN,trial.nocue,335,1
813,81017,2,1,400,trial.doublecue,364,0
813,81017,2,2,400,trial.validspatial,307,0
813,81017,2,2,800,trial.doublecue,352,0
813,81017,2,2,NaN,trial.nocue,407,0
813,81017,1,2,NaN,trial.nocue,415,1
813,81017,1,2,0,trial.doublecue,507,1
813,81017,2,1,800,trial.invalid,358,0
813,81017,1,2,0,trial.validspatial,360,1
813,81017,1,1,0,trial.validspatial,368,1
813,81017,2,1,0,trial.validspatial,356,0
813,81017,1,1,400,trial.invalid,350,1
813,81017,1,2,800,trial.doublecue,342,1
813,81017,2,2,0,trial.validspatial,396,0
813,81017,2,2,0,trial.invalid,396,0
813,81017,1,1,0,trial.validspatial,388,1
813,81017,1,1,400,trial.invalid,596,1
813,81017,2,1,800,trial.validspatial,350,0
813,81017,2,2,400,trial.doublecue,337,0
813,81017,2,1,0,trial.doublecue,408,0
813,81017,2,2,400,trial.validspatial,295,0
813,81017,1,1,NaN,trial.nocue,387,1
813,81017,2,1,0,trial.invalid,340,0
813,81017,1,2,800,trial.validspatial,300,1
813,81017,1,2,800,trial.doublecue,368,1
813,81017,2,1,400,trial.validspatial,348,0
813,81017,1,1,800,trial.validspatial,372,1
813,81017,1,2,800,trial.validspatial,332,1
813,81017,1,1,0,trial.validspatial,359,1
813,81017,1,2,400,trial.validspatial,356,1
813,81017,2,1,400,trial.invalid,369,0
813,81017,2,1,0,trial.invalid,433,0
813,81017,2,2,NaN,trial.nocue,550,0
813,81017,1,1,800,trial.validspatial,365,1
813,81017,2,2,400,trial.validspatial,357,0
813,81017,2,1,NaN,trial.nocue,374,0
813,81017,1,1,400,trial.validspatial,347,1
813,81017,1,2,NaN,trial.nocue,412,1
813,81017,1,2,0,trial.validspatial,500,1
813,81017,1,2,800,trial.validspatial,401,1
813,81017,1,1,0,trial.validspatial,424,1
813,81017,1,1,400,trial.validspatial,387,1
813,81017,1,1,0,trial.validspatial,407,1
813,81017,1,2,0,trial.invalid,408,1
813,81017,1,2,800,trial.validspatial,435,1
813,81017,1,2,400,trial.validspatial,319,1
813,81017,1,2,400,trial.doublecue,340,1
813,81017,2,2,400,trial.validspatial,551,0
813,81017,2,1,400,trial.doublecue,551,0
813,81017,2,1,0,trial.validspatial,487,0
813,81017,2,1,400,trial.validspatial,571,0
813,81017,1,2,800,trial.validspatial,448,1
813,81017,1,1,800,trial.invalid,604,1
813,81017,2,1,400,trial.validspatial,397,0
813,81017,2,1,800,trial.validspatial,461,0
813,81017,2,2,0,trial.validspatial,416,0
813,81017,1,2,0,trial.validspatial,373,1
813,81017,1,1,400,trial.validspatial,666,1
813,81017,1,1,NaN,trial.nocue,352,1
813,81017,1,2,0,trial.validspatial,377,1
813,81017,1,1,NaN,trial.nocue,448,1
813,81017,2,2,0,trial.validspatial,582,0
813,81017,2,1,800,trial.invalid,355,0
813,81017,2,2,NaN,trial.nocue,488,0
813,81017,1,2,400,trial.invalid,351,1
813,81017,2,2,0,trial.doublecue,497,0
813,81017,1,2,NaN,trial.nocue,430,1
813,81017,1,1,400,trial.validspatial,340,1
813,81017,1,1,800,trial.validspatial,321,1
813,81017,2,1,NaN,trial.nocue,422,0
813,81017,1,1,800,trial.doublecue,371,1
813,81017,2,2,0,trial.doublecue,413,0
813,81017,1,1,0,trial.invalid,412,1
813,81017,1,1,0,trial.invalid,374,1
813,81017,2,1,0,trial.validspatial,400,0
813,81017,2,1,0,trial.validspatial,510,0
813,81017,1,1,400,trial.doublecue,451,1
813,81017,2,2,800,trial.validspatial,363,0
813,81017,2,2,800,trial.validspatial,377,0
813,81017,2,2,0,trial.validspatial,358,0
813,81017,1,2,400,trial.validspatial,417,1
813,81017,2,2,800,trial.invalid,352,0
813,81017,1,2,0,trial.invalid,451,1
813,81017,2,1,400,trial.validspatial,349,0
813,81017,2,1,400,trial.validspatial,343,0
813,81017,2,1,NaN,trial.nocue,366,0
813,81017,2,2,NaN,trial.nocue,354,0
813,81017,2,1,NaN,trial.nocue,392,0
813,81017,1,1,800,trial.validspatial,658,1
813,81017,1,1,NaN,trial.nocue,363,1
813,81017,2,1,800,trial.doublecue,339,0
813,81017,2,2,NaN,trial.nocue,318,0
813,81017,1,2,400,trial.validspatial,336,1
813,81017,1,1,400,trial.doublecue,365,1
813,81017,2,2,400,trial.invalid,342,0
813,81017,1,1,NaN,trial.nocue,413,1
813,81017,2,1,800,trial.validspatial,339,0
813,81017,2,2,0,trial.validspatial,390,0
813,81017,2,1,800,trial.doublecue,361,0
813,81017,2,1,400,trial.validspatial,419,0
813,81017,2,2,400,trial.validspatial,398,0
813,81017,2,1,0,trial.doublecue,478,0
813,81017,2,2,400,trial.validspatial,349,0
813,81017,2,2,400,trial.invalid,423,0
813,81017,2,2,800,trial.doublecue,379,0
813,81017,1,2,400,trial.doublecue,425,1
813,81017,1,2,0,trial.validspatial,431,1
813,81017,1,2,NaN,trial.nocue,501,1
813,81017,1,1,800,trial.invalid,380,1
813,81017,2,2,800,trial.validspatial,376,0
813,81017,2,1,800,trial.validspatial,303,0
813,81017,2,1,0,trial.validspatial,404,0
813,81017,2,2,NaN,trial.nocue,617,0
813,81017,2,2,800,trial.validspatial,308,0
813,81017,1,1,400,trial.validspatial,1700,0
813,81017,1,2,800,trial.invalid,493,1
813,81017,2,2,0,trial.validspatial,597,1
813,81017,2,2,800,trial.validspatial,359,1
813,81017,1,1,800,trial.validspatial,418,1
813,81017,2,1,NaN,trial.nocue,378,1
813,81017,1,2,NaN,trial.nocue,302,0
813,81017,1,2,800,trial.validspatial,346,0
813,81017,1,2,0,trial.validspatial,378,0
813,81017,2,2,0,trial.invalid,297,0
813,81017,1,1,NaN,trial.nocue,356,1
813,81017,2,2,800,trial.validspatial,408,1
813,81017,2,1,800,trial.validspatial,343,0
813,81017,2,1,0,trial.validspatial,338,0
813,81017,1,1,800,trial.doublecue,476,0
813,81017,2,2,800,trial.invalid,508,1
813,81017,1,2,400,trial.validspatial,290,1
813,81017,2,1,800,trial.validspatial,496,1
813,81017,1,2,400,trial.invalid,355,1
813,81017,1,1,800,trial.validspatial,405,1
813,81017,2,2,400,trial.doublecue,362,0
813,81017,1,1,0,trial.validspatial,367,0
813,81017,2,1,NaN,trial.nocue,400,0
813,81017,2,1,400,trial.invalid,402,1
813,81017,1,2,800,trial.invalid,392,0
813,81017,1,2,0,trial.doublecue,408,1
813,81017,1,1,400,trial.validspatial,366,1
813,81017,1,2,400,trial.validspatial,343,1
813,81017,1,1,0,trial.doublecue,493,0
813,81017,1,1,0,trial.doublecue,368,1
813,81017,1,2,NaN,trial.nocue,340,0
813,81017,2,1,400,trial.doublecue,385,1
813,81017,2,2,400,trial.validspatial,400,1
813,81017,2,2,800,trial.doublecue,394,0
813,81017,2,2,NaN,trial.nocue,360,0
813,81017,1,2,NaN,trial.nocue,383,1
813,81017,1,2,0,trial.doublecue,423,0
813,81017,2,1,800,trial.invalid,283,0
813,81017,1,2,0,trial.validspatial,429,0
813,81017,1,1,0,trial.validspatial,352,1
813,81017,2,1,0,trial.validspatial,310,0
813,81017,1,1,400,trial.invalid,430,1
813,81017,1,2,800,trial.doublecue,400,0
813,81017,2,2,0,trial.validspatial,334,0
813,81017,2,2,0,trial.invalid,638,0
813,81017,1,1,0,trial.validspatial,386,0
813,81017,1,1,400,trial.invalid,335,0
813,81017,2,1,800,trial.validspatial,388,1
813,81017,2,2,400,trial.doublecue,394,1
813,81017,2,1,0,trial.doublecue,402,0
813,81017,2,2,400,trial.validspatial,412,0
813,81017,1,1,NaN,trial.nocue,312,1
813,81017,2,1,0,trial.invalid,542,1
813,81017,1,2,800,trial.validspatial,323,0
813,81017,1,2,800,trial.doublecue,495,1
813,81017,2,1,400,trial.validspatial,297,0
813,81017,1,1,800,trial.validspatial,425,0
813,81017,1,2,800,trial.validspatial,847,0
813,81017,1,1,0,trial.validspatial,291,0
813,81017,1,2,400,trial.validspatial,374,0
813,81017,2,1,400,trial.invalid,393,0
813,81017,2,1,0,trial.invalid,282,0
813,81017,2,2,NaN,trial.nocue,444,0
813,81017,1,1,800,trial.validspatial,326,0
813,81017,2,2,400,trial.validspatial,294,1
813,81017,2,1,NaN,trial.nocue,364,1
813,81017,1,1,400,trial.validspatial,1700,0
813,81017,1,2,NaN,trial.nocue,303,1
813,81017,1,2,0,trial.validspatial,345,0
813,81017,1,2,800,trial.validspatial,282,0
813,81017,1,1,0,trial.validspatial,394,0
813,81017,1,1,400,trial.validspatial,389,0
