subject,date,location_congruence_val,flanker_congruence_val,cue_target_interval,cue_condition,latency,values.correct
499,80817,1,1,0,trial.validspatial,1260,1
499,80817,1,2,0,trial.invalid,1700,0
499,80817,1,2,800,trial.validspatial,1700,0
499,80817,1,2,400,trial.validspatial,773,1
499,80817,1,2,400,trial.doublecue,1169,1
499,80817,2,2,400,trial.validspatial,539,0
499,80817,2,1,400,trial.doublecue,1700,0
499,80817,2,1,0,trial.validspatial,1396,1
499,80817,2,1,400,trial.validspatial,563,1
499,80817,1,2,800,trial.validspatial,842,1
499,80817,1,1,800,trial.invalid,1056,1
499,80817,2,1,400,trial.validspatial,1103,0
499,80817,2,1,800,trial.validspatial,509,1
499,80817,2,2,0,trial.validspatial,761,1
499,80817,1,2,0,trial.validspatial,1020,1
499,80817,1,1,400,trial.validspatial,685,1
499,80817,1,1,NaN,trial.nocue,925,1
499,80817,1,2,0,trial.validspatial,996,1
499,80817,1,1,NaN,trial.nocue,858,1
499,80817,2,2,0,trial.validspatial,1033,1
499,80817,2,1,800,trial.invalid,953,1
499,80817,2,2,NaN,trial.nocue,1501,1
499,80817,1,2,400,trial.invalid,1048,1
499,80817,2,2,0,trial.doublecue,1528,1
499,80817,1,2,NaN,trial.nocue,930,1
499,80817,1,1,400,trial.validspatial,935,1
499,80817,1,1,800,trial.validspatial,747,1
499,80817,2,1,NaN,trial.nocue,1124,1
499,80817,1,1,800,trial.doublecue,1308,1
499,80817,2,2,0,trial.doublecue,965,1
499,80817,1,1,0,trial.invalid,590,1
499,80817,1,1,0,trial.invalid,864,1
499,80817,2,1,0,trial.validspatial,1441,1
499,80817,2,1,0,trial.validspatial,889,1
499,80817,1,1,400,trial.doublecue,696,1
499,80817,2,2,800,trial.validspatial,565,1
499,80817,2,2,800,trial.validspatial,574,1
499,80817,2,2,0,trial.validspatial,736,1
499,80817,1,2,400,trial.validspatial,564,1
499,80817,2,2,800,trial.invalid,635,1
499,80817,1,2,0,trial.invalid,888,1
499,80817,2,1,400,trial.validspatial,825,1
499,80817,2,1,400,trial.validspatial,729,1
499,80817,2,1,NaN,trial.nocue,1155,1
499,80817,2,2,NaN,trial.nocue,943,1
499,80817,2,1,NaN,trial.nocue,1342,1
499,80817,1,1,800,trial.validspatial,590,1
499,80817,1,1,NaN,trial.nocue,729,1
499,80817,2,1,800,trial.doublecue,773,1
499,80817,2,2,NaN,trial.nocue,703,1
499,80817,1,2,400,trial.validspatial,652,1
499,80817,1,1,400,trial.doublecue,682,1
499,80817,2,2,400,trial.invalid,836,1
499,80817,1,1,NaN,trial.nocue,1070,1
499,80817,2,1,800,trial.validspatial,556,1
499,80817,2,2,0,trial.validspatial,652,1
499,80817,2,1,800,trial.doublecue,705,1
499,80817,2,1,400,trial.validspatial,562,1
499,80817,2,2,400,trial.validspatial,582,1
499,80817,2,1,0,trial.doublecue,1700,0
499,80817,2,2,400,trial.validspatial,640,1
499,80817,2,2,400,trial.invalid,1088,1
499,80817,2,2,800,trial.doublecue,1045,1
499,80817,1,2,400,trial.doublecue,604,1
499,80817,1,2,0,trial.validspatial,822,1
499,80817,1,2,NaN,trial.nocue,890,1
499,80817,1,1,800,trial.invalid,592,1
499,80817,2,2,800,trial.validspatial,675,1
499,80817,2,1,800,trial.validspatial,433,1
499,80817,2,1,0,trial.validspatial,556,1
499,80817,2,2,NaN,trial.nocue,926,1
499,80817,2,2,800,trial.validspatial,586,1
499,80817,1,1,400,trial.validspatial,494,1
499,80817,1,2,800,trial.invalid,1379,1
499,80817,2,2,0,trial.validspatial,938,0
499,80817,2,2,800,trial.validspatial,517,1
499,80817,1,1,800,trial.validspatial,379,1
499,80817,2,1,NaN,trial.nocue,700,1
499,80817,1,2,NaN,trial.nocue,736,1
499,80817,1,2,800,trial.validspatial,534,1
499,80817,1,2,0,trial.validspatial,742,1
499,80817,2,2,0,trial.invalid,890,1
499,80817,1,1,NaN,trial.nocue,805,1
499,80817,2,2,800,trial.validspatial,538,1
499,80817,2,1,800,trial.validspatial,492,1
499,80817,2,1,0,trial.validspatial,592,1
499,80817,1,1,800,trial.doublecue,716,1
499,80817,2,2,800,trial.invalid,807,0
499,80817,1,2,400,trial.validspatial,604,1
499,80817,2,1,800,trial.validspatial,594,1
499,80817,1,2,400,trial.invalid,660,1
499,80817,1,1,800,trial.validspatial,456,1
499,80817,2,2,400,trial.doublecue,893,1
499,80817,1,1,0,trial.validspatial,591,1
499,80817,2,1,NaN,trial.nocue,1118,1
499,80817,2,1,400,trial.invalid,967,0
499,80817,1,2,800,trial.invalid,822,1
499,80817,1,2,0,trial.doublecue,689,1
499,80817,1,1,400,trial.validspatial,907,1
499,80817,1,2,400,trial.validspatial,608,1
499,80817,1,1,0,trial.doublecue,688,1
499,80817,1,1,0,trial.doublecue,528,1
499,80817,1,2,NaN,trial.nocue,936,1
499,80817,2,1,400,trial.doublecue,989,1
499,80817,2,2,400,trial.validspatial,643,1
499,80817,2,2,800,trial.doublecue,594,1
499,80817,2,2,NaN,trial.nocue,722,1
499,80817,1,2,NaN,trial.nocue,971,1
499,80817,1,2,0,trial.doublecue,730,1
499,80817,2,1,800,trial.invalid,807,1
499,80817,1,2,0,trial.validspatial,609,1
499,80817,1,1,0,trial.validspatial,433,1
499,80817,2,1,0,trial.validspatial,834,1
499,80817,1,1,400,trial.invalid,486,1
499,80817,1,2,800,trial.doublecue,663,1
499,80817,2,2,0,trial.validspatial,990,1
499,80817,2,2,0,trial.invalid,1003,1
499,80817,1,1,0,trial.validspatial,643,1
499,80817,1,1,400,trial.invalid,612,1
499,80817,2,1,800,trial.validspatial,695,1
499,80817,2,2,400,trial.doublecue,819,1
499,80817,2,1,0,trial.doublecue,679,1
499,80817,2,2,400,trial.validspatial,798,1
499,80817,1,1,NaN,trial.nocue,624,1
499,80817,2,1,0,trial.invalid,596,1
499,80817,1,2,800,trial.validspatial,787,1
499,80817,1,2,800,trial.doublecue,845,0
499,80817,2,1,400,trial.validspatial,454,1
499,80817,1,1,800,trial.validspatial,507,1
499,80817,1,2,800,trial.validspatial,656,1
499,80817,1,1,0,trial.validspatial,696,1
499,80817,1,2,400,trial.validspatial,643,1
499,80817,2,1,400,trial.invalid,826,1
499,80817,2,1,0,trial.invalid,655,1
499,80817,2,2,NaN,trial.nocue,680,1
499,80817,1,1,800,trial.validspatial,410,1
499,80817,2,2,400,trial.validspatial,612,1
499,80817,2,1,NaN,trial.nocue,860,1
499,80817,1,1,400,trial.validspatial,428,1
499,80817,1,2,NaN,trial.nocue,633,1
499,80817,1,2,0,trial.validspatial,745,1
499,80817,1,2,800,trial.validspatial,621,1
499,80817,1,1,0,trial.validspatial,552,1
499,80817,1,1,400,trial.validspatial,396,1
499,80817,1,1,0,trial.validspatial,568,1
499,80817,1,2,0,trial.invalid,898,1
499,80817,1,2,800,trial.validspatial,511,1
499,80817,1,2,400,trial.validspatial,692,1
499,80817,1,2,400,trial.doublecue,796,1
499,80817,2,2,400,trial.validspatial,580,1
499,80817,2,1,400,trial.doublecue,630,1
499,80817,2,1,0,trial.validspatial,705,1
499,80817,2,1,400,trial.validspatial,522,1
499,80817,1,2,800,trial.validspatial,477,1
499,80817,1,1,800,trial.invalid,556,1
499,80817,2,1,400,trial.validspatial,544,1
499,80817,2,1,800,trial.validspatial,370,1
499,80817,2,2,0,trial.validspatial,831,1
499,80817,1,2,0,trial.validspatial,633,1
499,80817,1,1,400,trial.validspatial,453,1
499,80817,1,1,NaN,trial.nocue,430,1
499,80817,1,2,0,trial.validspatial,584,1
499,80817,1,1,NaN,trial.nocue,606,1
499,80817,2,2,0,trial.validspatial,680,1
499,80817,2,1,800,trial.invalid,689,1
499,80817,2,2,NaN,trial.nocue,634,1
499,80817,1,2,400,trial.invalid,710,1
499,80817,2,2,0,trial.doublecue,1262,1
499,80817,1,2,NaN,trial.nocue,621,1
499,80817,1,1,400,trial.validspatial,581,1
499,80817,1,1,800,trial.validspatial,630,1
499,80817,2,1,NaN,trial.nocue,697,1
499,80817,1,1,800,trial.doublecue,438,1
499,80817,2,2,0,trial.doublecue,642,1
499,80817,1,1,0,trial.invalid,580,1
499,80817,1,1,0,trial.invalid,595,1
499,80817,2,1,0,trial.validspatial,1067,0
499,80817,2,1,0,trial.validspatial,656,1
499,80817,1,1,400,trial.doublecue,604,1
499,80817,2,2,800,trial.validspatial,559,1
499,80817,2,2,800,trial.validspatial,557,1
499,80817,2,2,0,trial.validspatial,607,1
499,80817,1,2,400,trial.validspatial,562,1
499,80817,2,2,800,trial.invalid,926,1
499,80817,1,2,0,trial.invalid,952,1
499,80817,2,1,400,trial.validspatial,692,1
499,80817,2,1,400,trial.validspatial,705,1
499,80817,2,1,NaN,trial.nocue,635,1
499,80817,2,2,NaN,trial.nocue,904,1
499,80817,2,1,NaN,trial.nocue,615,1
499,80817,1,1,800,trial.validspatial,473,1
499,80817,1,1,NaN,trial.nocue,453,1
499,80817,2,1,800,trial.doublecue,482,1
499,80817,2,2,NaN,trial.nocue,655,1
499,80817,1,2,400,trial.validspatial,554,1
499,80817,1,1,400,trial.doublecue,557,1
499,80817,2,2,400,trial.invalid,767,1
499,80817,1,1,NaN,trial.nocue,476,1
499,80817,2,1,800,trial.validspatial,522,1
499,80817,2,2,0,trial.validspatial,802,1
499,80817,2,1,800,trial.doublecue,705,1
499,80817,2,1,400,trial.validspatial,538,1
499,80817,2,2,400,trial.validspatial,477,1
499,80817,2,1,0,trial.doublecue,906,1
499,80817,2,2,400,trial.validspatial,775,1
499,80817,2,2,400,trial.invalid,735,1
499,80817,2,2,800,trial.doublecue,821,1
499,80817,1,2,400,trial.doublecue,651,1
499,80817,1,2,0,trial.validspatial,750,1
499,80817,1,2,NaN,trial.nocue,755,1
499,80817,1,1,800,trial.invalid,548,1
499,80817,2,2,800,trial.validspatial,754,1
499,80817,2,1,800,trial.validspatial,537,1
499,80817,2,1,0,trial.validspatial,614,1
499,80817,2,2,NaN,trial.nocue,724,1
499,80817,2,2,800,trial.validspatial,577,1
499,80817,1,1,400,trial.validspatial,1700,0
499,80817,1,2,800,trial.invalid,602,1
499,80817,2,2,0,trial.validspatial,922,1
499,80817,2,2,800,trial.validspatial,487,1
499,80817,1,1,800,trial.validspatial,631,1
499,80817,2,1,NaN,trial.nocue,600,1
499,80817,1,2,NaN,trial.nocue,536,1
499,80817,1,2,800,trial.validspatial,581,1
499,80817,1,2,0,trial.validspatial,578,1
499,80817,2,2,0,trial.invalid,417,1
499,80817,1,1,NaN,trial.nocue,550,1
499,80817,2,2,800,trial.validspatial,766,1
499,80817,2,1,800,trial.validspatial,473,1
499,80817,2,1,0,trial.validspatial,349,1
499,80817,1,1,800,trial.doublecue,700,1
499,80817,2,2,800,trial.invalid,621,1
499,80817,1,2,400,trial.validspatial,412,1
499,80817,2,1,800,trial.validspatial,491,1
499,80817,1,2,400,trial.invalid,599,1
499,80817,1,1,800,trial.validspatial,604,1
499,80817,2,2,400,trial.doublecue,435,0
499,80817,1,1,0,trial.validspatial,665,1
499,80817,2,1,NaN,trial.nocue,550,1
499,80817,2,1,400,trial.invalid,807,1
499,80817,1,2,800,trial.invalid,746,1
499,80817,1,2,0,trial.doublecue,560,1
499,80817,1,1,400,trial.validspatial,448,1
499,80817,1,2,400,trial.validspatial,460,1
499,80817,1,1,0,trial.doublecue,655,1
499,80817,1,1,0,trial.doublecue,604,1
499,80817,1,2,NaN,trial.nocue,790,1
499,80817,2,1,400,trial.doublecue,513,1
499,80817,2,2,400,trial.validspatial,682,1
499,80817,2,2,800,trial.doublecue,441,1
499,80817,2,2,NaN,trial.nocue,673,1
499,80817,1,2,NaN,trial.nocue,507,1
499,80817,1,2,0,trial.doublecue,476,1
499,80817,2,1,800,trial.invalid,588,1
499,80817,1,2,0,trial.validspatial,615,1
499,80817,1,1,0,trial.validspatial,536,1
499,80817,2,1,0,trial.validspatial,743,1
499,80817,1,1,400,trial.invalid,881,1
499,80817,1,2,800,trial.doublecue,592,1
499,80817,2,2,0,trial.validspatial,473,1
499,80817,2,2,0,trial.invalid,1449,1
499,80817,1,1,0,trial.validspatial,731,1
499,80817,1,1,400,trial.invalid,520,1
499,80817,2,1,800,trial.validspatial,460,1
499,80817,2,2,400,trial.doublecue,654,1
499,80817,2,1,0,trial.doublecue,670,1
499,80817,2,2,400,trial.validspatial,658,1
499,80817,1,1,NaN,trial.nocue,630,0
499,80817,2,1,0,trial.invalid,581,1
499,80817,1,2,800,trial.validspatial,777,1
499,80817,1,2,800,trial.doublecue,578,1
499,80817,2,1,400,trial.validspatial,410,1
499,80817,1,1,800,trial.validspatial,716,1
499,80817,1,2,800,trial.validspatial,578,1
499,80817,1,1,0,trial.validspatial,506,1
499,80817,1,2,400,trial.validspatial,505,1
499,80817,2,1,400,trial.invalid,733,1
499,80817,2,1,0,trial.invalid,418,0
499,80817,2,2,NaN,trial.nocue,797,1
499,80817,1,1,800,trial.validspatial,689,1
499,80817,2,2,400,trial.validspatial,565,1
499,80817,2,1,NaN,trial.nocue,678,1
499,80817,1,1,400,trial.validspatial,672,1
499,80817,1,2,NaN,trial.nocue,737,1
499,80817,1,2,0,trial.validspatial,779,1
499,80817,1,2,800,trial.validspatial,515,1
499,80817,1,1,0,trial.validspatial,797,1
499,80817,1,1,400,trial.validspatial,727,1
