subject,date,location_congruence_val,flanker_congruence_val,cue_target_interval,cue_condition,latency,values.correct
67,110117,1,1,0,trial.validspatial,748,1
67,110117,1,2,0,trial.invalid,796,0
67,110117,1,2,800,trial.validspatial,1700,0
67,110117,1,2,400,trial.validspatial,613,1
67,110117,1,2,400,trial.doublecue,1700,0
67,110117,2,2,400,trial.validspatial,820,0
67,110117,2,1,400,trial.doublecue,1177,1
67,110117,2,1,0,trial.validspatial,749,1
67,110117,2,1,400,trial.validspatial,776,1
67,110117,1,2,800,trial.validspatial,902,1
67,110117,1,1,800,trial.invalid,759,1
67,110117,2,1,400,trial.validspatial,810,1
67,110117,2,1,800,trial.validspatial,442,1
67,110117,2,2,0,trial.validspatial,844,1
67,110117,1,2,0,trial.validspatial,888,1
67,110117,1,1,400,trial.validspatial,396,1
67,110117,1,1,NaN,trial.nocue,578,1
67,110117,1,2,0,trial.validspatial,900,1
67,110117,1,1,NaN,trial.nocue,591,1
67,110117,2,2,0,trial.validspatial,613,0
67,110117,2,1,800,trial.invalid,868,1
67,110117,2,2,NaN,trial.nocue,955,1
67,110117,1,2,400,trial.invalid,1700,0
67,110117,2,2,0,trial.doublecue,1086,1
67,110117,1,2,NaN,trial.nocue,968,1
67,110117,1,1,400,trial.validspatial,744,1
67,110117,1,1,800,trial.validspatial,712,1
67,110117,2,1,NaN,trial.nocue,925,1
67,110117,1,1,800,trial.doublecue,694,1
67,110117,2,2,0,trial.doublecue,1700,0
67,110117,1,1,0,trial.invalid,1700,0
67,110117,1,1,0,trial.invalid,545,1
67,110117,2,1,0,trial.validspatial,823,1
67,110117,2,1,0,trial.validspatial,817,1
67,110117,1,1,400,trial.doublecue,621,1
67,110117,2,2,800,trial.validspatial,612,1
67,110117,2,2,800,trial.validspatial,914,0
67,110117,2,2,0,trial.validspatial,822,1
67,110117,1,2,400,trial.validspatial,580,1
67,110117,2,2,800,trial.invalid,889,1
67,110117,1,2,0,trial.invalid,1155,1
67,110117,2,1,400,trial.validspatial,1192,1
67,110117,2,1,400,trial.validspatial,1233,1
67,110117,2,1,NaN,trial.nocue,617,1
67,110117,2,2,NaN,trial.nocue,754,0
67,110117,2,1,NaN,trial.nocue,592,0
67,110117,1,1,800,trial.validspatial,787,1
67,110117,1,1,NaN,trial.nocue,918,1
67,110117,2,1,800,trial.doublecue,835,1
67,110117,2,2,NaN,trial.nocue,1700,0
67,110117,1,2,400,trial.validspatial,746,1
67,110117,1,1,400,trial.doublecue,783,1
67,110117,2,2,400,trial.invalid,1508,1
67,110117,1,1,NaN,trial.nocue,770,1
67,110117,2,1,800,trial.validspatial,786,1
67,110117,2,2,0,trial.validspatial,985,1
67,110117,2,1,800,trial.doublecue,1416,1
67,110117,2,1,400,trial.validspatial,778,1
67,110117,2,2,400,trial.validspatial,1201,1
67,110117,2,1,0,trial.doublecue,1700,0
67,110117,2,2,400,trial.validspatial,1152,1
67,110117,2,2,400,trial.invalid,1700,0
67,110117,2,2,800,trial.doublecue,1160,1
67,110117,1,2,400,trial.doublecue,890,1
67,110117,1,2,0,trial.validspatial,1413,1
67,110117,1,2,NaN,trial.nocue,899,1
67,110117,1,1,800,trial.invalid,846,1
67,110117,2,2,800,trial.validspatial,860,1
67,110117,2,1,800,trial.validspatial,508,1
67,110117,2,1,0,trial.validspatial,670,1
67,110117,2,2,NaN,trial.nocue,1157,1
67,110117,2,2,800,trial.validspatial,1319,1
67,110117,1,1,400,trial.validspatial,962,1
67,110117,1,2,800,trial.invalid,863,1
67,110117,2,2,0,trial.validspatial,996,1
67,110117,2,2,800,trial.validspatial,824,1
67,110117,1,1,800,trial.validspatial,523,1
67,110117,2,1,NaN,trial.nocue,1059,1
67,110117,1,2,NaN,trial.nocue,977,1
67,110117,1,2,800,trial.validspatial,1086,1
67,110117,1,2,0,trial.validspatial,986,1
67,110117,2,2,0,trial.invalid,1322,1
67,110117,1,1,NaN,trial.nocue,567,0
67,110117,2,2,800,trial.validspatial,819,1
67,110117,2,1,800,trial.validspatial,603,1
67,110117,2,1,0,trial.validspatial,716,1
67,110117,1,1,800,trial.doublecue,1107,1
67,110117,2,2,800,trial.invalid,1269,1
67,110117,1,2,400,trial.validspatial,907,1
67,110117,2,1,800,trial.validspatial,776,1
67,110117,1,2,400,trial.invalid,1454,1
67,110117,1,1,800,trial.validspatial,770,1
67,110117,2,2,400,trial.doublecue,867,1
67,110117,1,1,0,trial.validspatial,904,1
67,110117,2,1,NaN,trial.nocue,627,1
67,110117,2,1,400,trial.invalid,1100,1
67,110117,1,2,800,trial.invalid,1025,1
67,110117,1,2,0,trial.doublecue,906,1
67,110117,1,1,400,trial.validspatial,716,1
67,110117,1,2,400,trial.validspatial,561,1
67,110117,1,1,0,trial.doublecue,651,1
67,110117,1,1,0,trial.doublecue,701,1
67,110117,1,2,NaN,trial.nocue,1253,1
67,110117,2,1,400,trial.doublecue,1084,1
67,110117,2,2,400,trial.validspatial,737,1
67,110117,2,2,800,trial.doublecue,925,1
67,110117,2,2,NaN,trial.nocue,1437,1
67,110117,1,2,NaN,trial.nocue,822,1
67,110117,1,2,0,trial.doublecue,761,1
67,110117,2,1,800,trial.invalid,1242,1
67,110117,1,2,0,trial.validspatial,1265,1
67,110117,1,1,0,trial.validspatial,1118,1
67,110117,2,1,0,trial.validspatial,705,1
67,110117,1,1,400,trial.invalid,952,1
67,110117,1,2,800,trial.doublecue,825,1
67,110117,2,2,0,trial.validspatial,844,1
67,110117,2,2,0,trial.invalid,1159,1
67,110117,1,1,0,trial.validspatial,660,1
67,110117,1,1,400,trial.invalid,656,1
67,110117,2,1,800,trial.validspatial,901,1
67,110117,2,2,400,trial.doublecue,1574,1
67,110117,2,1,0,trial.doublecue,1278,1
67,110117,2,2,400,trial.validspatial,1172,1
67,110117,1,1,NaN,trial.nocue,921,1
67,110117,2,1,0,trial.invalid,806,1
67,110117,1,2,800,trial.validspatial,1039,1
67,110117,1,2,800,trial.doublecue,862,1
67,110117,2,1,400,trial.validspatial,656,1
67,110117,1,1,800,trial.validspatial,636,1
67,110117,1,2,800,trial.validspatial,570,1
67,110117,1,1,0,trial.validspatial,453,1
67,110117,1,2,400,trial.validspatial,315,1
67,110117,2,1,400,trial.invalid,583,0
67,110117,2,1,0,trial.invalid,571,0
67,110117,2,2,NaN,trial.nocue,430,0
67,110117,1,1,800,trial.validspatial,387,1
67,110117,2,2,400,trial.validspatial,569,0
67,110117,2,1,NaN,trial.nocue,881,1
67,110117,1,1,400,trial.validspatial,896,1
67,110117,1,2,NaN,trial.nocue,790,1
67,110117,1,2,0,trial.validspatial,769,1
67,110117,1,2,800,trial.validspatial,614,1
67,110117,1,1,0,trial.validspatial,834,1
67,110117,1,1,400,trial.validspatial,530,1
67,110117,1,1,0,trial.validspatial,667,1
67,110117,1,2,0,trial.invalid,1137,1
67,110117,1,2,800,trial.validspatial,424,1
67,110117,1,2,400,trial.validspatial,692,1
67,110117,1,2,400,trial.doublecue,756,1
67,110117,2,2,400,trial.validspatial,859,1
67,110117,2,1,400,trial.doublecue,986,1
67,110117,2,1,0,trial.validspatial,675,1
67,110117,2,1,400,trial.validspatial,912,1
67,110117,1,2,800,trial.validspatial,859,1
67,110117,1,1,800,trial.invalid,623,1
67,110117,2,1,400,trial.validspatial,865,1
67,110117,2,1,800,trial.validspatial,791,1
67,110117,2,2,0,trial.validspatial,1198,1
67,110117,1,2,0,trial.validspatial,804,1
67,110117,1,1,400,trial.validspatial,727,1
67,110117,1,1,NaN,trial.nocue,690,1
67,110117,1,2,0,trial.validspatial,767,1
67,110117,1,1,NaN,trial.nocue,593,1
67,110117,2,2,0,trial.validspatial,1682,1
67,110117,2,1,800,trial.invalid,879,1
67,110117,2,2,NaN,trial.nocue,1035,1
67,110117,1,2,400,trial.invalid,1023,1
67,110117,2,2,0,trial.doublecue,671,1
67,110117,1,2,NaN,trial.nocue,916,1
67,110117,1,1,400,trial.validspatial,611,1
67,110117,1,1,800,trial.validspatial,635,1
67,110117,2,1,NaN,trial.nocue,1174,1
67,110117,1,1,800,trial.doublecue,544,1
67,110117,2,2,0,trial.doublecue,1491,1
67,110117,1,1,0,trial.invalid,748,1
67,110117,1,1,0,trial.invalid,899,1
67,110117,2,1,0,trial.validspatial,726,1
67,110117,2,1,0,trial.validspatial,677,1
67,110117,1,1,400,trial.doublecue,783,1
67,110117,2,2,800,trial.validspatial,1063,1
67,110117,2,2,800,trial.validspatial,1165,1
67,110117,2,2,0,trial.validspatial,811,1
67,110117,1,2,400,trial.validspatial,735,1
67,110117,2,2,800,trial.invalid,1224,1
67,110117,1,2,0,trial.invalid,1571,1
67,110117,2,1,400,trial.validspatial,1304,1
67,110117,2,1,400,trial.validspatial,595,1
67,110117,2,1,NaN,trial.nocue,823,1
67,110117,2,2,NaN,trial.nocue,1700,0
67,110117,2,1,NaN,trial.nocue,833,1
67,110117,1,1,800,trial.validspatial,1700,0
67,110117,1,1,NaN,trial.nocue,1527,1
67,110117,2,1,800,trial.doublecue,798,1
67,110117,2,2,NaN,trial.nocue,753,1
67,110117,1,2,400,trial.validspatial,1700,0
67,110117,1,1,400,trial.doublecue,826,1
67,110117,2,2,400,trial.invalid,1086,1
67,110117,1,1,NaN,trial.nocue,1009,1
67,110117,2,1,800,trial.validspatial,864,1
67,110117,2,2,0,trial.validspatial,863,1
67,110117,2,1,800,trial.doublecue,646,1
67,110117,2,1,400,trial.validspatial,581,1
67,110117,2,2,400,trial.validspatial,821,1
67,110117,2,1,0,trial.doublecue,594,1
67,110117,2,2,400,trial.validspatial,1129,1
67,110117,2,2,400,trial.invalid,1058,1
67,110117,2,2,800,trial.doublecue,1326,0
67,110117,1,2,400,trial.doublecue,1427,1
67,110117,1,2,0,trial.validspatial,1700,0
67,110117,1,2,NaN,trial.nocue,797,1
67,110117,1,1,800,trial.invalid,778,1
67,110117,2,2,800,trial.validspatial,1062,1
67,110117,2,1,800,trial.validspatial,626,1
67,110117,2,1,0,trial.validspatial,834,1
67,110117,2,2,NaN,trial.nocue,820,1
67,110117,2,2,800,trial.validspatial,917,1
67,110117,1,1,400,trial.validspatial,1700,0
67,110117,1,2,800,trial.invalid,799,1
67,110117,2,2,0,trial.validspatial,1158,1
67,110117,2,2,800,trial.validspatial,623,1
67,110117,1,1,800,trial.validspatial,1371,1
67,110117,2,1,NaN,trial.nocue,1700,0
67,110117,1,2,NaN,trial.nocue,1159,1
67,110117,1,2,800,trial.validspatial,1061,1
67,110117,1,2,0,trial.validspatial,857,1
67,110117,2,2,0,trial.invalid,752,1
67,110117,1,1,NaN,trial.nocue,661,1
67,110117,2,2,800,trial.validspatial,741,1
67,110117,2,1,800,trial.validspatial,538,1
67,110117,2,1,0,trial.validspatial,638,1
67,110117,1,1,800,trial.doublecue,915,1
67,110117,2,2,800,trial.invalid,770,1
67,110117,1,2,400,trial.validspatial,669,1
67,110117,2,1,800,trial.validspatial,520,1
67,110117,1,2,400,trial.invalid,1120,1
67,110117,1,1,800,trial.validspatial,660,1
67,110117,2,2,400,trial.doublecue,1536,1
67,110117,1,1,0,trial.validspatial,1161,1
67,110117,2,1,NaN,trial.nocue,948,1
67,110117,2,1,400,trial.invalid,1110,1
67,110117,1,2,800,trial.invalid,889,1
67,110117,1,2,0,trial.doublecue,767,1
67,110117,1,1,400,trial.validspatial,940,1
67,110117,1,2,400,trial.validspatial,1700,0
67,110117,1,1,0,trial.doublecue,698,1
67,110117,1,1,0,trial.doublecue,546,1
67,110117,1,2,NaN,trial.nocue,1359,1
67,110117,2,1,400,trial.doublecue,717,1
67,110117,2,2,400,trial.validspatial,542,1
67,110117,2,2,800,trial.doublecue,562,1
67,110117,2,2,NaN,trial.nocue,603,1
67,110117,1,2,NaN,trial.nocue,614,1
67,110117,1,2,0,trial.doublecue,610,1
67,110117,2,1,800,trial.invalid,496,1
67,110117,1,2,0,trial.validspatial,546,1
67,110117,1,1,0,trial.validspatial,650,1
67,110117,2,1,0,trial.validspatial,916,1
67,110117,1,1,400,trial.invalid,862,1
67,110117,1,2,800,trial.doublecue,620,1
67,110117,2,2,0,trial.validspatial,766,1
67,110117,2,2,0,trial.invalid,645,1
67,110117,1,1,0,trial.validspatial,1264,1
67,110117,1,1,400,trial.invalid,708,1
67,110117,2,1,800,trial.validspatial,471,1
67,110117,2,2,400,trial.doublecue,635,1
67,110117,2,1,0,trial.doublecue,595,1
67,110117,2,2,400,trial.validspatial,787,1
67,110117,1,1,NaN,trial.nocue,558,1
67,110117,2,1,0,trial.invalid,561,1
67,110117,1,2,800,trial.validspatial,684,1
67,110117,1,2,800,trial.doublecue,662,1
67,110117,2,1,400,trial.validspatial,458,1
67,110117,1,1,800,trial.validspatial,837,1
67,110117,1,2,800,trial.validspatial,1046,1
67,110117,1,1,0,trial.validspatial,791,1
67,110117,1,2,400,trial.validspatial,754,1
67,110117,2,1,400,trial.invalid,893,1
67,110117,2,1,0,trial.invalid,966,1
67,110117,2,2,NaN,trial.nocue,850,1
67,110117,1,1,800,trial.validspatial,650,1
67,110117,2,2,400,trial.validspatial,776,1
67,110117,2,1,NaN,trial.nocue,1570,1
67,110117,1,1,400,trial.validspatial,769,1
67,110117,1,2,NaN,trial.nocue,705,1
67,110117,1,2,0,trial.validspatial,618,1
67,110117,1,2,800,trial.validspatial,660,1
67,110117,1,1,0,trial.validspatial,557,1
67,110117,1,1,400,trial.validspatial,689,1
