subject,date,location_congruence_val,flanker_congruence_val,cue_target_interval,cue_condition,latency,values.correct
1,62917,1,1,0,trial.validspatial,738,1
1,62917,1,2,0,trial.invalid,809,1
1,62917,1,2,800,trial.validspatial,607,1
1,62917,1,2,400,trial.validspatial,630,1
1,62917,1,2,400,trial.doublecue,485,0
1,62917,2,2,400,trial.validspatial,705,1
1,62917,2,1,400,trial.doublecue,532,1
1,62917,2,1,0,trial.validspatial,555,1
1,62917,2,1,400,trial.validspatial,923,1
1,62917,1,2,800,trial.validspatial,597,1
1,62917,1,1,800,trial.invalid,722,1
1,62917,2,1,400,trial.validspatial,442,1
1,62917,2,1,800,trial.validspatial,511,1
1,62917,2,2,0,trial.validspatial,849,1
1,62917,1,2,0,trial.validspatial,704,1
1,62917,1,1,400,trial.validspatial,480,1
1,62917,1,1,NaN,trial.nocue,569,1
1,62917,1,2,0,trial.validspatial,774,1
1,62917,1,1,NaN,trial.nocue,518,1
1,62917,2,2,0,trial.validspatial,597,1
1,62917,2,1,800,trial.invalid,540,1
1,62917,2,2,NaN,trial.nocue,1064,1
1,62917,1,2,400,trial.invalid,1007,1
1,62917,2,2,0,trial.doublecue,957,1
1,62917,1,2,NaN,trial.nocue,896,1
1,62917,1,1,400,trial.validspatial,891,1
1,62917,1,1,800,trial.validspatial,614,1
1,62917,2,1,NaN,trial.nocue,534,1
1,62917,1,1,800,trial.doublecue,853,1
1,62917,2,2,0,trial.doublecue,542,0
1,62917,1,1,0,trial.invalid,882,1
1,62917,1,1,0,trial.invalid,882,1
1,62917,2,1,0,trial.validspatial,822,1
1,62917,2,1,0,trial.validspatial,624,1
1,62917,1,1,400,trial.doublecue,517,1
1,62917,2,2,800,trial.validspatial,859,1
1,62917,2,2,800,trial.validspatial,670,1
1,62917,2,2,0,trial.validspatial,809,1
1,62917,1,2,400,trial.validspatial,526,1
1,62917,2,2,800,trial.invalid,814,1
1,62917,1,2,0,trial.invalid,943,1
1,62917,2,1,400,trial.validspatial,518,1
1,62917,2,1,400,trial.validspatial,493,1
1,62917,2,1,NaN,trial.nocue,546,1
1,62917,2,2,NaN,trial.nocue,877,1
1,62917,2,1,NaN,trial.nocue,729,1
1,62917,1,1,800,trial.validspatial,463,1
1,62917,1,1,NaN,trial.nocue,560,1
1,62917,2,1,800,trial.doublecue,444,1
1,62917,2,2,NaN,trial.nocue,509,0
1,62917,1,2,400,trial.validspatial,533,1
1,62917,1,1,400,trial.doublecue,761,1
1,62917,2,2,400,trial.invalid,591,0
1,62917,1,1,NaN,trial.nocue,905,0
1,62917,2,1,800,trial.validspatial,654,1
1,62917,2,2,0,trial.validspatial,838,1
1,62917,2,1,800,trial.doublecue,644,1
1,62917,2,1,400,trial.validspatial,411,1
1,62917,2,2,400,trial.validspatial,656,1
1,62917,2,1,0,trial.doublecue,507,1
1,62917,2,2,400,trial.validspatial,853,1
1,62917,2,2,400,trial.invalid,1013,1
1,62917,2,2,800,trial.doublecue,659,1
1,62917,1,2,400,trial.doublecue,976,1
1,62917,1,2,0,trial.validspatial,670,1
1,62917,1,2,NaN,trial.nocue,854,1
1,62917,1,1,800,trial.invalid,776,1
1,62917,2,2,800,trial.validspatial,792,1
1,62917,2,1,800,trial.validspatial,441,1
1,62917,2,1,0,trial.validspatial,813,1
1,62917,2,2,NaN,trial.nocue,540,0
1,62917,2,2,800,trial.validspatial,631,1
1,62917,1,1,400,trial.validspatial,476,1
1,62917,1,2,800,trial.invalid,696,1
1,62917,2,2,0,trial.validspatial,1700,0
1,62917,2,2,800,trial.validspatial,733,1
1,62917,1,1,800,trial.validspatial,550,1
1,62917,2,1,NaN,trial.nocue,579,1
1,62917,1,2,NaN,trial.nocue,667,1
1,62917,1,2,800,trial.validspatial,641,1
1,62917,1,2,0,trial.validspatial,706,1
1,62917,2,2,0,trial.invalid,889,1
1,62917,1,1,NaN,trial.nocue,872,1
1,62917,2,2,800,trial.validspatial,781,1
1,62917,2,1,800,trial.validspatial,447,1
1,62917,2,1,0,trial.validspatial,555,1
1,62917,1,1,800,trial.doublecue,569,1
1,62917,2,2,800,trial.invalid,888,1
1,62917,1,2,400,trial.validspatial,654,1
1,62917,2,1,800,trial.validspatial,444,1
1,62917,1,2,400,trial.invalid,934,1
1,62917,1,1,800,trial.validspatial,835,1
1,62917,2,2,400,trial.doublecue,738,1
1,62917,1,1,0,trial.validspatial,531,1
1,62917,2,1,NaN,trial.nocue,534,1
1,62917,2,1,400,trial.invalid,837,1
1,62917,1,2,800,trial.invalid,527,0
1,62917,1,2,0,trial.doublecue,829,1
1,62917,1,1,400,trial.validspatial,566,1
1,62917,1,2,400,trial.validspatial,750,1
1,62917,1,1,0,trial.doublecue,685,1
1,62917,1,1,0,trial.doublecue,537,1
1,62917,1,2,NaN,trial.nocue,866,1
1,62917,2,1,400,trial.doublecue,546,1
1,62917,2,2,400,trial.validspatial,599,1
1,62917,2,2,800,trial.doublecue,854,1
1,62917,2,2,NaN,trial.nocue,679,1
1,62917,1,2,NaN,trial.nocue,842,1
1,62917,1,2,0,trial.doublecue,895,1
1,62917,2,1,800,trial.invalid,673,1
1,62917,1,2,0,trial.validspatial,733,1
1,62917,1,1,0,trial.validspatial,801,1
1,62917,2,1,0,trial.validspatial,542,1
1,62917,1,1,400,trial.invalid,688,1
1,62917,1,2,800,trial.doublecue,1052,1
1,62917,2,2,0,trial.validspatial,818,1
1,62917,2,2,0,trial.invalid,972,1
1,62917,1,1,0,trial.validspatial,610,1
1,62917,1,1,400,trial.invalid,534,1
1,62917,2,1,800,trial.validspatial,491,1
1,62917,2,2,400,trial.doublecue,663,1
1,62917,2,1,0,trial.doublecue,627,1
1,62917,2,2,400,trial.validspatial,516,1
1,62917,1,1,NaN,trial.nocue,484,1
1,62917,2,1,0,trial.invalid,500,1
1,62917,1,2,800,trial.validspatial,526,1
1,62917,1,2,800,trial.doublecue,494,0
1,62917,2,1,400,trial.validspatial,452,1
1,62917,1,1,800,trial.validspatial,520,1
1,62917,1,2,800,trial.validspatial,470,1
1,62917,1,1,0,trial.validspatial,488,1
1,62917,1,2,400,trial.validspatial,672,1
1,62917,2,1,400,trial.invalid,690,1
1,62917,2,1,0,trial.invalid,450,1
1,62917,2,2,NaN,trial.nocue,674,1
1,62917,1,1,800,trial.validspatial,408,1
1,62917,2,2,400,trial.validspatial,513,1
1,62917,2,1,NaN,trial.nocue,643,1
1,62917,1,1,400,trial.validspatial,460,1
1,62917,1,2,NaN,trial.nocue,521,0
1,62917,1,2,0,trial.validspatial,722,1
1,62917,1,2,800,trial.validspatial,952,1
1,62917,1,1,0,trial.validspatial,835,1
1,62917,1,1,400,trial.validspatial,454,1
1,62917,1,1,0,trial.validspatial,780,1
1,62917,1,2,0,trial.invalid,950,1
1,62917,1,2,800,trial.validspatial,900,1
1,62917,1,2,400,trial.validspatial,796,1
1,62917,1,2,400,trial.doublecue,566,1
1,62917,2,2,400,trial.validspatial,536,1
1,62917,2,1,400,trial.doublecue,563,1
1,62917,2,1,0,trial.validspatial,517,1
1,62917,2,1,400,trial.validspatial,438,1
1,62917,1,2,800,trial.validspatial,982,1
1,62917,1,1,800,trial.invalid,515,1
1,62917,2,1,400,trial.validspatial,487,1
1,62917,2,1,800,trial.validspatial,443,1
1,62917,2,2,0,trial.validspatial,711,1
1,62917,1,2,0,trial.validspatial,1051,1
1,62917,1,1,400,trial.validspatial,1143,1
1,62917,1,1,NaN,trial.nocue,510,1
1,62917,1,2,0,trial.validspatial,749,1
1,62917,1,1,NaN,trial.nocue,482,1
1,62917,2,2,0,trial.validspatial,457,0
1,62917,2,1,800,trial.invalid,646,1
1,62917,2,2,NaN,trial.nocue,918,1
1,62917,1,2,400,trial.invalid,884,1
1,62917,2,2,0,trial.doublecue,940,1
1,62917,1,2,NaN,trial.nocue,909,1
1,62917,1,1,400,trial.validspatial,484,1
1,62917,1,1,800,trial.validspatial,515,1
1,62917,2,1,NaN,trial.nocue,458,1
1,62917,1,1,800,trial.doublecue,733,1
1,62917,2,2,0,trial.doublecue,975,1
1,62917,1,1,0,trial.invalid,835,1
1,62917,1,1,0,trial.invalid,590,1
1,62917,2,1,0,trial.validspatial,568,1
1,62917,2,1,0,trial.validspatial,474,1
1,62917,1,1,400,trial.doublecue,456,1
1,62917,2,2,800,trial.validspatial,706,1
1,62917,2,2,800,trial.validspatial,590,1
1,62917,2,2,0,trial.validspatial,857,1
1,62917,1,2,400,trial.validspatial,794,1
1,62917,2,2,800,trial.invalid,856,1
1,62917,1,2,0,trial.invalid,676,1
1,62917,2,1,400,trial.validspatial,543,1
1,62917,2,1,400,trial.validspatial,494,1
1,62917,2,1,NaN,trial.nocue,683,1
1,62917,2,2,NaN,trial.nocue,755,1
1,62917,2,1,NaN,trial.nocue,559,1
1,62917,1,1,800,trial.validspatial,468,1
1,62917,1,1,NaN,trial.nocue,448,1
1,62917,2,1,800,trial.doublecue,696,1
1,62917,2,2,NaN,trial.nocue,461,0
1,62917,1,2,400,trial.validspatial,549,1
1,62917,1,1,400,trial.doublecue,787,1
1,62917,2,2,400,trial.invalid,862,1
1,62917,1,1,NaN,trial.nocue,534,1
1,62917,2,1,800,trial.validspatial,469,1
1,62917,2,2,0,trial.validspatial,663,1
1,62917,2,1,800,trial.doublecue,565,1
1,62917,2,1,400,trial.validspatial,387,1
1,62917,2,2,400,trial.validspatial,642,1
1,62917,2,1,0,trial.doublecue,573,1
1,62917,2,2,400,trial.validspatial,556,1
1,62917,2,2,400,trial.invalid,636,1
1,62917,2,2,800,trial.doublecue,439,1
1,62917,1,2,400,trial.doublecue,542,1
1,62917,1,2,0,trial.validspatial,584,1
1,62917,1,2,NaN,trial.nocue,621,1
1,62917,1,1,800,trial.invalid,567,1
1,62917,2,2,800,trial.validspatial,711,1
1,62917,2,1,800,trial.validspatial,678,1
1,62917,2,1,0,trial.validspatial,620,1
1,62917,2,2,NaN,trial.nocue,672,1
1,62917,2,2,800,trial.validspatial,597,1
1,62917,1,1,400,trial.validspatial,1700,0
1,62917,1,2,800,trial.invalid,581,1
1,62917,2,2,0,trial.validspatial,532,0
1,62917,2,2,800,trial.validspatial,503,0
1,62917,1,1,800,trial.validspatial,833,1
1,62917,2,1,NaN,trial.nocue,936,1
1,62917,1,2,NaN,trial.nocue,540,1
1,62917,1,2,800,trial.validspatial,502,1
1,62917,1,2,0,trial.validspatial,490,1
1,62917,2,2,0,trial.invalid,455,1
1,62917,1,1,NaN,trial.nocue,821,1
1,62917,2,2,800,trial.validspatial,644,1
1,62917,2,1,800,trial.validspatial,474,1
1,62917,2,1,0,trial.validspatial,422,1
1,62917,1,1,800,trial.doublecue,922,1
1,62917,2,2,800,trial.invalid,937,1
1,62917,1,2,400,trial.validspatial,475,1
1,62917,2,1,800,trial.validspatial,436,1
1,62917,1,2,400,trial.invalid,875,1
1,62917,1,1,800,trial.validspatial,570,1
1,62917,2,2,400,trial.doublecue,554,1
1,62917,1,1,0,trial.validspatial,518,1
1,62917,2,1,NaN,trial.nocue,596,0
1,62917,2,1,400,trial.invalid,879,1
1,62917,1,2,800,trial.invalid,843,1
1,62917,1,2,0,trial.doublecue,693,1
1,62917,1,1,400,trial.validspatial,447,1
1,62917,1,2,400,trial.validspatial,451,1
1,62917,1,1,0,trial.doublecue,459,1
1,62917,1,1,0,trial.doublecue,476,1
1,62917,1,2,NaN,trial.nocue,646,0
1,62917,2,1,400,trial.doublecue,1293,1
1,62917,2,2,400,trial.validspatial,763,1
1,62917,2,2,800,trial.doublecue,490,1
1,62917,2,2,NaN,trial.nocue,658,1
1,62917,1,2,NaN,trial.nocue,439,1
1,62917,1,2,0,trial.doublecue,422,0
1,62917,2,1,800,trial.invalid,771,1
1,62917,1,2,0,trial.validspatial,873,1
1,62917,1,1,0,trial.validspatial,810,1
1,62917,2,1,0,trial.validspatial,898,1
1,62917,1,1,400,trial.invalid,923,1
1,62917,1,2,800,trial.doublecue,599,1
1,62917,2,2,0,trial.validspatial,665,1
1,62917,2,2,0,trial.invalid,637,1
1,62917,1,1,0,trial.validspatial,790,1
1,62917,1,1,400,trial.invalid,527,1
1,62917,2,1,800,trial.validspatial,458,1
1,62917,2,2,400,trial.doublecue,464,1
1,62917,2,1,0,trial.doublecue,515,1
1,62917,2,2,400,trial.validspatial,490,0
1,62917,1,1,NaN,trial.nocue,603,1
1,62917,2,1,0,trial.invalid,760,1
1,62917,1,2,800,trial.validspatial,822,1
1,62917,1,2,800,trial.doublecue,574,1
1,62917,2,1,400,trial.validspatial,469,1
1,62917,1,1,800,trial.validspatial,575,1
1,62917,1,2,800,trial.validspatial,541,1
1,62917,1,1,0,trial.validspatial,476,1
1,62917,1,2,400,trial.validspatial,359,0
1,62917,2,1,400,trial.invalid,575,1
1,62917,2,1,0,trial.invalid,701,1
1,62917,2,2,NaN,trial.nocue,790,1
1,62917,1,1,800,trial.validspatial,1024,1
1,62917,2,2,400,trial.validspatial,904,1
1,62917,2,1,NaN,trial.nocue,834,1
1,62917,1,1,400,trial.validspatial,591,1
1,62917,1,2,NaN,trial.nocue,538,1
1,62917,1,2,0,trial.validspatial,660,1
1,62917,1,2,800,trial.validspatial,506,1
1,62917,1,1,0,trial.validspatial,647,1
1,62917,1,1,400,trial.validspatial,864,1
