subject,date,location_congruence_val,flanker_congruence_val,cue_target_interval,cue_condition,latency,values.correct
309,80717,1,1,0,trial.validspatial,624,1
309,80717,1,2,0,trial.invalid,766,1
309,80717,1,2,800,trial.validspatial,713,1
309,80717,1,2,400,trial.validspatial,660,1
309,80717,1,2,400,trial.doublecue,752,1
309,80717,2,2,400,trial.validspatial,438,1
309,80717,2,1,400,trial.doublecue,601,1
309,80717,2,1,0,trial.validspatial,515,1
309,80717,2,1,400,trial.validspatial,496,1
309,80717,1,2,800,trial.validspatial,529,1
309,80717,1,1,800,trial.invalid,523,1
309,80717,2,1,400,trial.validspatial,507,1
309,80717,2,1,800,trial.validspatial,474,1
309,80717,2,2,0,trial.validspatial,594,1
309,80717,1,2,0,trial.validspatial,637,1
309,80717,1,1,400,trial.validspatial,388,1
309,80717,1,1,NaN,trial.nocue,519,1
309,80717,1,2,0,trial.validspatial,530,0
309,80717,1,1,NaN,trial.nocue,473,1
309,80717,2,2,0,trial.validspatial,636,1
309,80717,2,1,800,trial.invalid,532,1
309,80717,2,2,NaN,trial.nocue,659,1
309,80717,1,2,400,trial.invalid,673,1
309,80717,2,2,0,trial.doublecue,786,1
309,80717,1,2,NaN,trial.nocue,621,1
309,80717,1,1,400,trial.validspatial,487,1
309,80717,1,1,800,trial.validspatial,489,1
309,80717,2,1,NaN,trial.nocue,491,1
309,80717,1,1,800,trial.doublecue,521,1
309,80717,2,2,0,trial.doublecue,715,1
309,80717,1,1,0,trial.invalid,496,1
309,80717,1,1,0,trial.invalid,532,1
309,80717,2,1,0,trial.validspatial,459,1
309,80717,2,1,0,trial.validspatial,466,1
309,80717,1,1,400,trial.doublecue,404,1
309,80717,2,2,800,trial.validspatial,561,1
309,80717,2,2,800,trial.validspatial,565,1
309,80717,2,2,0,trial.validspatial,577,1
309,80717,1,2,400,trial.validspatial,551,1
309,80717,2,2,800,trial.invalid,717,1
309,80717,1,2,0,trial.invalid,791,1
309,80717,2,1,400,trial.validspatial,504,1
309,80717,2,1,400,trial.validspatial,723,1
309,80717,2,1,NaN,trial.nocue,593,1
309,80717,2,2,NaN,trial.nocue,533,0
309,80717,2,1,NaN,trial.nocue,600,1
309,80717,1,1,800,trial.validspatial,485,1
309,80717,1,1,NaN,trial.nocue,468,1
309,80717,2,1,800,trial.doublecue,548,1
309,80717,2,2,NaN,trial.nocue,609,1
309,80717,1,2,400,trial.validspatial,537,1
309,80717,1,1,400,trial.doublecue,579,1
309,80717,2,2,400,trial.invalid,711,1
309,80717,1,1,NaN,trial.nocue,561,1
309,80717,2,1,800,trial.validspatial,469,1
309,80717,2,2,0,trial.validspatial,703,1
309,80717,2,1,800,trial.doublecue,491,1
309,80717,2,1,400,trial.validspatial,438,1
309,80717,2,2,400,trial.validspatial,547,1
309,80717,2,1,0,trial.doublecue,523,1
309,80717,2,2,400,trial.validspatial,530,1
309,80717,2,2,400,trial.invalid,652,1
309,80717,2,2,800,trial.doublecue,599,1
309,80717,1,2,400,trial.doublecue,644,1
309,80717,1,2,0,trial.validspatial,670,1
309,80717,1,2,NaN,trial.nocue,510,1
309,80717,1,1,800,trial.invalid,623,1
309,80717,2,2,800,trial.validspatial,515,1
309,80717,2,1,800,trial.validspatial,477,1
309,80717,2,1,0,trial.validspatial,524,1
309,80717,2,2,NaN,trial.nocue,648,1
309,80717,2,2,800,trial.validspatial,567,1
309,80717,1,1,400,trial.validspatial,503,1
309,80717,1,2,800,trial.invalid,737,1
309,80717,2,2,0,trial.validspatial,607,1
309,80717,2,2,800,trial.validspatial,685,1
309,80717,1,1,800,trial.validspatial,406,1
309,80717,2,1,NaN,trial.nocue,555,1
309,80717,1,2,NaN,trial.nocue,651,1
309,80717,1,2,800,trial.validspatial,626,1
309,80717,1,2,0,trial.validspatial,938,1
309,80717,2,2,0,trial.invalid,642,1
309,80717,1,1,NaN,trial.nocue,639,1
309,80717,2,2,800,trial.validspatial,663,1
309,80717,2,1,800,trial.validspatial,495,1
309,80717,2,1,0,trial.validspatial,508,1
309,80717,1,1,800,trial.doublecue,453,1
309,80717,2,2,800,trial.invalid,562,0
309,80717,1,2,400,trial.validspatial,543,1
309,80717,2,1,800,trial.validspatial,467,1
309,80717,1,2,400,trial.invalid,656,1
309,80717,1,1,800,trial.validspatial,898,1
309,80717,2,2,400,trial.doublecue,625,1
309,80717,1,1,0,trial.validspatial,466,1
309,80717,2,1,NaN,trial.nocue,532,1
309,80717,2,1,400,trial.invalid,495,1
309,80717,1,2,800,trial.invalid,630,1
309,80717,1,2,0,trial.doublecue,556,1
309,80717,1,1,400,trial.validspatial,428,1
309,80717,1,2,400,trial.validspatial,1700,0
309,80717,1,1,0,trial.doublecue,507,1
309,80717,1,1,0,trial.doublecue,489,1
309,80717,1,2,NaN,trial.nocue,536,0
309,80717,2,1,400,trial.doublecue,472,1
309,80717,2,2,400,trial.validspatial,534,1
309,80717,2,2,800,trial.doublecue,641,1
309,80717,2,2,NaN,trial.nocue,670,1
309,80717,1,2,NaN,trial.nocue,713,1
309,80717,1,2,0,trial.doublecue,702,1
309,80717,2,1,800,trial.invalid,585,1
309,80717,1,2,0,trial.validspatial,534,1
309,80717,1,1,0,trial.validspatial,563,1
309,80717,2,1,0,trial.validspatial,502,1
309,80717,1,1,400,trial.invalid,526,1
309,80717,1,2,800,trial.doublecue,585,1
309,80717,2,2,0,trial.validspatial,694,0
309,80717,2,2,0,trial.invalid,591,1
309,80717,1,1,0,trial.validspatial,988,1
309,80717,1,1,400,trial.invalid,583,1
309,80717,2,1,800,trial.validspatial,393,1
309,80717,2,2,400,trial.doublecue,735,1
309,80717,2,1,0,trial.doublecue,486,1
309,80717,2,2,400,trial.validspatial,456,1
309,80717,1,1,NaN,trial.nocue,530,1
309,80717,2,1,0,trial.invalid,433,1
309,80717,1,2,800,trial.validspatial,519,1
309,80717,1,2,800,trial.doublecue,528,1
309,80717,2,1,400,trial.validspatial,491,1
309,80717,1,1,800,trial.validspatial,385,1
309,80717,1,2,800,trial.validspatial,494,1
309,80717,1,1,0,trial.validspatial,915,1
309,80717,1,2,400,trial.validspatial,1489,1
309,80717,2,1,400,trial.invalid,458,1
309,80717,2,1,0,trial.invalid,490,1
309,80717,2,2,NaN,trial.nocue,597,1
309,80717,1,1,800,trial.validspatial,452,1
309,80717,2,2,400,trial.validspatial,354,0
309,80717,2,1,NaN,trial.nocue,550,1
309,80717,1,1,400,trial.validspatial,351,1
309,80717,1,2,NaN,trial.nocue,502,1
309,80717,1,2,0,trial.validspatial,580,1
309,80717,1,2,800,trial.validspatial,392,1
309,80717,1,1,0,trial.validspatial,518,1
309,80717,1,1,400,trial.validspatial,408,1
309,80717,1,1,0,trial.validspatial,669,1
309,80717,1,2,0,trial.invalid,678,1
309,80717,1,2,800,trial.validspatial,564,1
309,80717,1,2,400,trial.validspatial,464,1
309,80717,1,2,400,trial.doublecue,738,1
309,80717,2,2,400,trial.validspatial,620,1
309,80717,2,1,400,trial.doublecue,612,1
309,80717,2,1,0,trial.validspatial,976,1
309,80717,2,1,400,trial.validspatial,738,1
309,80717,1,2,800,trial.validspatial,673,1
309,80717,1,1,800,trial.invalid,544,1
309,80717,2,1,400,trial.validspatial,454,1
309,80717,2,1,800,trial.validspatial,524,1
309,80717,2,2,0,trial.validspatial,646,1
309,80717,1,2,0,trial.validspatial,593,1
309,80717,1,1,400,trial.validspatial,374,1
309,80717,1,1,NaN,trial.nocue,473,1
309,80717,1,2,0,trial.validspatial,587,1
309,80717,1,1,NaN,trial.nocue,525,1
309,80717,2,2,0,trial.validspatial,652,1
309,80717,2,1,800,trial.invalid,580,1
309,80717,2,2,NaN,trial.nocue,627,1
309,80717,1,2,400,trial.invalid,694,1
309,80717,2,2,0,trial.doublecue,759,0
309,80717,1,2,NaN,trial.nocue,632,1
309,80717,1,1,400,trial.validspatial,475,1
309,80717,1,1,800,trial.validspatial,488,1
309,80717,2,1,NaN,trial.nocue,979,1
309,80717,1,1,800,trial.doublecue,463,1
309,80717,2,2,0,trial.doublecue,674,1
309,80717,1,1,0,trial.invalid,521,1
309,80717,1,1,0,trial.invalid,454,1
309,80717,2,1,0,trial.validspatial,451,1
309,80717,2,1,0,trial.validspatial,542,1
309,80717,1,1,400,trial.doublecue,481,1
309,80717,2,2,800,trial.validspatial,684,1
309,80717,2,2,800,trial.validspatial,1293,1
309,80717,2,2,0,trial.validspatial,544,1
309,80717,1,2,400,trial.validspatial,653,1
309,80717,2,2,800,trial.invalid,657,1
309,80717,1,2,0,trial.invalid,697,1
309,80717,2,1,400,trial.validspatial,441,1
309,80717,2,1,400,trial.validspatial,589,1
309,80717,2,1,NaN,trial.nocue,484,1
309,80717,2,2,NaN,trial.nocue,412,0
309,80717,2,1,NaN,trial.nocue,1342,0
309,80717,1,1,800,trial.validspatial,365,1
309,80717,1,1,NaN,trial.nocue,409,1
309,80717,2,1,800,trial.doublecue,432,1
309,80717,2,2,NaN,trial.nocue,837,0
309,80717,1,2,400,trial.validspatial,509,1
309,80717,1,1,400,trial.doublecue,495,1
309,80717,2,2,400,trial.invalid,677,1
309,80717,1,1,NaN,trial.nocue,477,1
309,80717,2,1,800,trial.validspatial,427,1
309,80717,2,2,0,trial.validspatial,730,1
309,80717,2,1,800,trial.doublecue,479,1
309,80717,2,1,400,trial.validspatial,677,1
309,80717,2,2,400,trial.validspatial,556,1
309,80717,2,1,0,trial.doublecue,443,1
309,80717,2,2,400,trial.validspatial,481,1
309,80717,2,2,400,trial.invalid,603,1
309,80717,2,2,800,trial.doublecue,646,1
309,80717,1,2,400,trial.doublecue,635,1
309,80717,1,2,0,trial.validspatial,614,1
309,80717,1,2,NaN,trial.nocue,627,1
309,80717,1,1,800,trial.invalid,531,1
309,80717,2,2,800,trial.validspatial,1105,0
309,80717,2,1,800,trial.validspatial,1700,0
309,80717,2,1,0,trial.validspatial,432,1
309,80717,2,2,NaN,trial.nocue,762,1
309,80717,2,2,800,trial.validspatial,607,1
309,80717,1,1,400,trial.validspatial,1700,0
309,80717,1,2,800,trial.invalid,574,1
309,80717,2,2,0,trial.validspatial,784,1
309,80717,2,2,800,trial.validspatial,721,1
309,80717,1,1,800,trial.validspatial,619,1
309,80717,2,1,NaN,trial.nocue,557,1
309,80717,1,2,NaN,trial.nocue,513,1
309,80717,1,2,800,trial.validspatial,542,1
309,80717,1,2,0,trial.validspatial,532,1
309,80717,2,2,0,trial.invalid,512,1
309,80717,1,1,NaN,trial.nocue,637,1
309,80717,2,2,800,trial.validspatial,571,1
309,80717,2,1,800,trial.validspatial,520,1
309,80717,2,1,0,trial.validspatial,505,1
309,80717,1,1,800,trial.doublecue,1334,0
309,80717,2,2,800,trial.invalid,774,0
309,80717,1,2,400,trial.validspatial,522,1
309,80717,2,1,800,trial.validspatial,467,1
309,80717,1,2,400,trial.invalid,679,1
309,80717,1,1,800,trial.validspatial,515,1
309,80717,2,2,400,trial.doublecue,1700,0
309,80717,1,1,0,trial.validspatial,662,1
309,80717,2,1,NaN,trial.nocue,629,1
309,80717,2,1,400,trial.invalid,886,1
309,80717,1,2,800,trial.invalid,790,1
309,80717,1,2,0,trial.doublecue,593,1
309,80717,1,1,400,trial.validspatial,498,1
309,80717,1,2,400,trial.validspatial,530,1
309,80717,1,1,0,trial.doublecue,830,1
309,80717,1,1,0,trial.doublecue,567,1
309,80717,1,2,NaN,trial.nocue,520,0
309,80717,2,1,400,trial.doublecue,571,1
309,80717,2,2,400,trial.validspatial,925,1
309,80717,2,2,800,trial.doublecue,615,1
309,80717,2,2,NaN,trial.nocue,574,1
309,80717,1,2,NaN,trial.nocue,521,1
309,80717,1,2,0,trial.doublecue,584,1
309,80717,2,1,800,trial.invalid,602,1
309,80717,1,2,0,trial.validspatial,612,1
309,80717,1,1,0,trial.validspatial,572,1
309,80717,2,1,0,trial.validspatial,621,1
309,80717,1,1,400,trial.invalid,1203,1
309,80717,1,2,800,trial.doublecue,757,1
309,80717,2,2,0,trial.validspatial,409,1
309,80717,2,2,0,trial.invalid,584,1
309,80717,1,1,0,trial.validspatial,686,1
309,80717,1,1,400,trial.invalid,527,1
309,80717,2,1,800,trial.validspatial,363,1
309,80717,2,2,400,trial.doublecue,521,1
309,80717,2,1,0,trial.doublecue,569,1
309,80717,2,2,400,trial.validspatial,625,1
309,80717,1,1,NaN,trial.nocue,568,1
309,80717,2,1,0,trial.invalid,532,1
309,80717,1,2,800,trial.validspatial,873,1
309,80717,1,2,800,trial.doublecue,478,1
309,80717,2,1,400,trial.validspatial,424,1
309,80717,1,1,800,trial.validspatial,754,1
309,80717,1,2,800,trial.validspatial,527,1
309,80717,1,1,0,trial.validspatial,415,1
309,80717,1,2,400,trial.validspatial,614,1
309,80717,2,1,400,trial.invalid,781,1
309,80717,2,1,0,trial.invalid,421,0
309,80717,2,2,NaN,trial.nocue,743,1
309,80717,1,1,800,trial.validspatial,618,1
309,80717,2,2,400,trial.validspatial,723,1
309,80717,2,1,NaN,trial.nocue,737,1
309,80717,1,1,400,trial.validspatial,588,1
309,80717,1,2,NaN,trial.nocue,522,1
309,80717,1,2,0,trial.validspatial,588,1
309,80717,1,2,800,trial.validspatial,479,1
309,80717,1,1,0,trial.validspatial,540,1
309,80717,1,1,400,trial.validspatial,1700,0
