subject,date,location_congruence_val,flanker_congruence_val,cue_target_interval,cue_condition,latency,values.correct
88,61317,1,1,0,trial.validspatial,1289,1
88,61317,1,2,0,trial.invalid,1443,1
88,61317,1,2,800,trial.validspatial,806,1
88,61317,1,2,400,trial.validspatial,856,1
88,61317,1,2,400,trial.doublecue,944,0
88,61317,2,2,400,trial.validspatial,702,1
88,61317,2,1,400,trial.doublecue,612,1
88,61317,2,1,0,trial.validspatial,738,1
88,61317,2,1,400,trial.validspatial,803,1
88,61317,1,2,800,trial.validspatial,1104,1
88,61317,1,1,800,trial.invalid,1120,1
88,61317,2,1,400,trial.validspatial,691,1
88,61317,2,1,800,trial.validspatial,635,1
88,61317,2,2,0,trial.validspatial,581,1
88,61317,1,2,0,trial.validspatial,856,1
88,61317,1,1,400,trial.validspatial,526,1
88,61317,1,1,NaN,trial.nocue,502,1
88,61317,1,2,0,trial.validspatial,1028,1
88,61317,1,1,NaN,trial.nocue,678,1
88,61317,2,2,0,trial.validspatial,816,1
88,61317,2,1,800,trial.invalid,744,1
88,61317,2,2,NaN,trial.nocue,835,1
88,61317,1,2,400,trial.invalid,840,0
88,61317,2,2,0,trial.doublecue,1060,1
88,61317,1,2,NaN,trial.nocue,750,1
88,61317,1,1,400,trial.validspatial,587,1
88,61317,1,1,800,trial.validspatial,969,1
88,61317,2,1,NaN,trial.nocue,756,1
88,61317,1,1,800,trial.doublecue,669,1
88,61317,2,2,0,trial.doublecue,905,1
88,61317,1,1,0,trial.invalid,548,1
88,61317,1,1,0,trial.invalid,655,1
88,61317,2,1,0,trial.validspatial,902,1
88,61317,2,1,0,trial.validspatial,533,1
88,61317,1,1,400,trial.doublecue,748,1
88,61317,2,2,800,trial.validspatial,959,1
88,61317,2,2,800,trial.validspatial,763,1
88,61317,2,2,0,trial.validspatial,816,1
88,61317,1,2,400,trial.validspatial,712,1
88,61317,2,2,800,trial.invalid,720,1
88,61317,1,2,0,trial.invalid,1050,1
88,61317,2,1,400,trial.validspatial,529,1
88,61317,2,1,400,trial.validspatial,514,1
88,61317,2,1,NaN,trial.nocue,638,1
88,61317,2,2,NaN,trial.nocue,1266,1
88,61317,2,1,NaN,trial.nocue,939,1
88,61317,1,1,800,trial.validspatial,763,0
88,61317,1,1,NaN,trial.nocue,573,1
88,61317,2,1,800,trial.doublecue,799,1
88,61317,2,2,NaN,trial.nocue,959,1
88,61317,1,2,400,trial.validspatial,603,1
88,61317,1,1,400,trial.doublecue,759,1
88,61317,2,2,400,trial.invalid,761,1
88,61317,1,1,NaN,trial.nocue,608,1
88,61317,2,1,800,trial.validspatial,589,1
88,61317,2,2,0,trial.validspatial,767,1
88,61317,2,1,800,trial.doublecue,567,1
88,61317,2,1,400,trial.validspatial,526,1
88,61317,2,2,400,trial.validspatial,1099,1
88,61317,2,1,0,trial.doublecue,710,1
88,61317,2,2,400,trial.validspatial,963,1
88,61317,2,2,400,trial.invalid,929,1
88,61317,2,2,800,trial.doublecue,990,0
88,61317,1,2,400,trial.doublecue,1355,0
88,61317,1,2,0,trial.validspatial,861,1
88,61317,1,2,NaN,trial.nocue,1700,0
88,61317,1,1,800,trial.invalid,772,1
88,61317,2,2,800,trial.validspatial,1056,1
88,61317,2,1,800,trial.validspatial,569,1
88,61317,2,1,0,trial.validspatial,1185,1
88,61317,2,2,NaN,trial.nocue,815,1
88,61317,2,2,800,trial.validspatial,608,1
88,61317,1,1,400,trial.validspatial,787,1
88,61317,1,2,800,trial.invalid,1164,1
88,61317,2,2,0,trial.validspatial,1203,1
88,61317,2,2,800,trial.validspatial,1276,1
88,61317,1,1,800,trial.validspatial,1150,1
88,61317,2,1,NaN,trial.nocue,1383,1
88,61317,1,2,NaN,trial.nocue,694,1
88,61317,1,2,800,trial.validspatial,784,1
88,61317,1,2,0,trial.validspatial,1700,0
88,61317,2,2,0,trial.invalid,958,1
88,61317,1,1,NaN,trial.nocue,762,1
88,61317,2,2,800,trial.validspatial,829,1
88,61317,2,1,800,trial.validspatial,921,1
88,61317,2,1,0,trial.validspatial,906,1
88,61317,1,1,800,trial.doublecue,1049,1
88,61317,2,2,800,trial.invalid,973,1
88,61317,1,2,400,trial.validspatial,1008,1
88,61317,2,1,800,trial.validspatial,910,1
88,61317,1,2,400,trial.invalid,923,1
88,61317,1,1,800,trial.validspatial,1143,1
88,61317,2,2,400,trial.doublecue,931,1
88,61317,1,1,0,trial.validspatial,623,1
88,61317,2,1,NaN,trial.nocue,646,1
88,61317,2,1,400,trial.invalid,919,1
88,61317,1,2,800,trial.invalid,1295,1
88,61317,1,2,0,trial.doublecue,864,1
88,61317,1,1,400,trial.validspatial,596,1
88,61317,1,2,400,trial.validspatial,840,1
88,61317,1,1,0,trial.doublecue,722,1
88,61317,1,1,0,trial.doublecue,702,1
88,61317,1,2,NaN,trial.nocue,822,1
88,61317,2,1,400,trial.doublecue,898,1
88,61317,2,2,400,trial.validspatial,1049,1
88,61317,2,2,800,trial.doublecue,1063,1
88,61317,2,2,NaN,trial.nocue,755,1
88,61317,1,2,NaN,trial.nocue,1248,1
88,61317,1,2,0,trial.doublecue,1066,1
88,61317,2,1,800,trial.invalid,1005,1
88,61317,1,2,0,trial.validspatial,749,1
88,61317,1,1,0,trial.validspatial,1382,0
88,61317,2,1,0,trial.validspatial,756,1
88,61317,1,1,400,trial.invalid,838,1
88,61317,1,2,800,trial.doublecue,965,1
88,61317,2,2,0,trial.validspatial,1061,1
88,61317,2,2,0,trial.invalid,753,1
88,61317,1,1,0,trial.validspatial,1042,1
88,61317,1,1,400,trial.invalid,976,1
88,61317,2,1,800,trial.validspatial,1118,1
88,61317,2,2,400,trial.doublecue,1027,1
88,61317,2,1,0,trial.doublecue,714,1
88,61317,2,2,400,trial.validspatial,708,1
88,61317,1,1,NaN,trial.nocue,838,1
88,61317,2,1,0,trial.invalid,1223,1
88,61317,1,2,800,trial.validspatial,988,1
88,61317,1,2,800,trial.doublecue,954,1
88,61317,2,1,400,trial.validspatial,1700,0
88,61317,1,1,800,trial.validspatial,849,1
88,61317,1,2,800,trial.validspatial,1085,1
88,61317,1,1,0,trial.validspatial,983,1
88,61317,1,2,400,trial.validspatial,777,1
88,61317,2,1,400,trial.invalid,1700,0
88,61317,2,1,0,trial.invalid,1502,0
88,61317,2,2,NaN,trial.nocue,999,1
88,61317,1,1,800,trial.validspatial,698,1
88,61317,2,2,400,trial.validspatial,743,1
88,61317,2,1,NaN,trial.nocue,1161,1
88,61317,1,1,400,trial.validspatial,1700,0
88,61317,1,2,NaN,trial.nocue,1700,0
88,61317,1,2,0,trial.validspatial,1700,0
88,61317,1,2,800,trial.validspatial,1011,1
88,61317,1,1,0,trial.validspatial,542,1
88,61317,1,1,400,trial.validspatial,441,1
88,61317,1,1,0,trial.validspatial,741,1
88,61317,1,2,0,trial.invalid,1106,1
88,61317,1,2,800,trial.validspatial,915,1
88,61317,1,2,400,trial.validspatial,438,1
88,61317,1,2,400,trial.doublecue,759,1
88,61317,2,2,400,trial.validspatial,939,1
88,61317,2,1,400,trial.doublecue,907,1
88,61317,2,1,0,trial.validspatial,1052,1
88,61317,2,1,400,trial.validspatial,708,1
88,61317,1,2,800,trial.validspatial,935,1
88,61317,1,1,800,trial.invalid,804,1
88,61317,2,1,400,trial.validspatial,672,1
88,61317,2,1,800,trial.validspatial,616,1
88,61317,2,2,0,trial.validspatial,1237,1
88,61317,1,2,0,trial.validspatial,909,1
88,61317,1,1,400,trial.validspatial,546,1
88,61317,1,1,NaN,trial.nocue,853,1
88,61317,1,2,0,trial.validspatial,1198,1
88,61317,1,1,NaN,trial.nocue,651,1
88,61317,2,2,0,trial.validspatial,580,1
88,61317,2,1,800,trial.invalid,817,1
88,61317,2,2,NaN,trial.nocue,969,1
88,61317,1,2,400,trial.invalid,852,1
88,61317,2,2,0,trial.doublecue,770,1
88,61317,1,2,NaN,trial.nocue,998,1
88,61317,1,1,400,trial.validspatial,524,1
88,61317,1,1,800,trial.validspatial,575,1
88,61317,2,1,NaN,trial.nocue,1055,1
88,61317,1,1,800,trial.doublecue,871,1
88,61317,2,2,0,trial.doublecue,717,0
88,61317,1,1,0,trial.invalid,876,1
88,61317,1,1,0,trial.invalid,690,1
88,61317,2,1,0,trial.validspatial,586,0
88,61317,2,1,0,trial.validspatial,754,1
88,61317,1,1,400,trial.doublecue,537,1
88,61317,2,2,800,trial.validspatial,656,1
88,61317,2,2,800,trial.validspatial,931,1
88,61317,2,2,0,trial.validspatial,724,1
88,61317,1,2,400,trial.validspatial,432,1
88,61317,2,2,800,trial.invalid,935,1
88,61317,1,2,0,trial.invalid,873,1
88,61317,2,1,400,trial.validspatial,661,1
88,61317,2,1,400,trial.validspatial,648,1
88,61317,2,1,NaN,trial.nocue,677,1
88,61317,2,2,NaN,trial.nocue,1303,1
88,61317,2,1,NaN,trial.nocue,565,1
88,61317,1,1,800,trial.validspatial,584,1
88,61317,1,1,NaN,trial.nocue,714,1
88,61317,2,1,800,trial.doublecue,898,1
88,61317,2,2,NaN,trial.nocue,835,1
88,61317,1,2,400,trial.validspatial,693,1
88,61317,1,1,400,trial.doublecue,546,1
88,61317,2,2,400,trial.invalid,888,1
88,61317,1,1,NaN,trial.nocue,722,1
88,61317,2,1,800,trial.validspatial,1135,1
88,61317,2,2,0,trial.validspatial,889,1
88,61317,2,1,800,trial.doublecue,1025,1
88,61317,2,1,400,trial.validspatial,613,1
88,61317,2,2,400,trial.validspatial,879,1
88,61317,2,1,0,trial.doublecue,957,1
88,61317,2,2,400,trial.validspatial,869,1
88,61317,2,2,400,trial.invalid,1143,0
88,61317,2,2,800,trial.doublecue,900,0
88,61317,1,2,400,trial.doublecue,891,1
88,61317,1,2,0,trial.validspatial,900,1
88,61317,1,2,NaN,trial.nocue,1354,1
88,61317,1,1,800,trial.invalid,733,1
88,61317,2,2,800,trial.validspatial,983,1
88,61317,2,1,800,trial.validspatial,1256,1
88,61317,2,1,0,trial.validspatial,1367,1
88,61317,2,2,NaN,trial.nocue,1502,1
88,61317,2,2,800,trial.validspatial,669,1
88,61317,1,1,400,trial.validspatial,1700,0
88,61317,1,2,800,trial.invalid,1143,1
88,61317,2,2,0,trial.validspatial,1523,1
88,61317,2,2,800,trial.validspatial,653,1
88,61317,1,1,800,trial.validspatial,936,1
88,61317,2,1,NaN,trial.nocue,749,1
88,61317,1,2,NaN,trial.nocue,739,1
88,61317,1,2,800,trial.validspatial,1190,1
88,61317,1,2,0,trial.validspatial,1310,0
88,61317,2,2,0,trial.invalid,706,1
88,61317,1,1,NaN,trial.nocue,755,1
88,61317,2,2,800,trial.validspatial,1006,1
88,61317,2,1,800,trial.validspatial,654,1
88,61317,2,1,0,trial.validspatial,655,1
88,61317,1,1,800,trial.doublecue,739,1
88,61317,2,2,800,trial.invalid,766,1
88,61317,1,2,400,trial.validspatial,940,1
88,61317,2,1,800,trial.validspatial,898,1
88,61317,1,2,400,trial.invalid,646,1
88,61317,1,1,800,trial.validspatial,776,1
88,61317,2,2,400,trial.doublecue,885,1
88,61317,1,1,0,trial.validspatial,792,1
88,61317,2,1,NaN,trial.nocue,931,1
88,61317,2,1,400,trial.invalid,1171,1
88,61317,1,2,800,trial.invalid,767,1
88,61317,1,2,0,trial.doublecue,1014,1
88,61317,1,1,400,trial.validspatial,567,1
88,61317,1,2,400,trial.validspatial,676,1
88,61317,1,1,0,trial.doublecue,874,1
88,61317,1,1,0,trial.doublecue,782,1
88,61317,1,2,NaN,trial.nocue,1028,1
88,61317,2,1,400,trial.doublecue,1603,1
88,61317,2,2,400,trial.validspatial,786,1
88,61317,2,2,800,trial.doublecue,813,1
88,61317,2,2,NaN,trial.nocue,864,1
88,61317,1,2,NaN,trial.nocue,705,1
88,61317,1,2,0,trial.doublecue,1393,1
88,61317,2,1,800,trial.invalid,738,1
88,61317,1,2,0,trial.validspatial,877,1
88,61317,1,1,0,trial.validspatial,917,1
88,61317,2,1,0,trial.validspatial,868,1
88,61317,1,1,400,trial.invalid,916,1
88,61317,1,2,800,trial.doublecue,649,1
88,61317,2,2,0,trial.validspatial,429,1
88,61317,2,2,0,trial.invalid,875,1
88,61317,1,1,0,trial.validspatial,883,1
88,61317,1,1,400,trial.invalid,725,1
88,61317,2,1,800,trial.validspatial,466,1
88,61317,2,2,400,trial.doublecue,858,1
88,61317,2,1,0,trial.doublecue,573,1
88,61317,2,2,400,trial.validspatial,687,1
88,61317,1,1,NaN,trial.nocue,757,1
88,61317,2,1,0,trial.invalid,622,1
88,61317,1,2,800,trial.validspatial,915,1
88,61317,1,2,800,trial.doublecue,904,1
88,61317,2,1,400,trial.validspatial,719,1
88,61317,1,1,800,trial.validspatial,993,1
88,61317,1,2,800,trial.validspatial,1109,1
88,61317,1,1,0,trial.validspatial,612,1
88,61317,1,2,400,trial.validspatial,836,1
88,61317,2,1,400,trial.invalid,924,1
88,61317,2,1,0,trial.invalid,1374,1
88,61317,2,2,NaN,trial.nocue,1384,1
88,61317,1,1,800,trial.validspatial,1130,1
88,61317,2,2,400,trial.validspatial,1055,1
88,61317,2,1,NaN,trial.nocue,798,1
88,61317,1,1,400,trial.validspatial,751,1
88,61317,1,2,NaN,trial.nocue,702,1
88,61317,1,2,0,trial.validspatial,657,1
88,61317,1,2,800,trial.validspatial,613,1
88,61317,1,1,0,trial.validspatial,723,1
88,61317,1,1,400,trial.validspatial,771,1
