subject,date,location_congruence_val,flanker_congruence_val,cue_target_interval,cue_condition,latency,values.correct
169,61417,1,1,0,trial.validspatial,772,1
169,61417,1,2,0,trial.invalid,962,1
169,61417,1,2,800,trial.validspatial,703,1
169,61417,1,2,400,trial.validspatial,684,1
169,61417,1,2,400,trial.doublecue,998,1
169,61417,2,2,400,trial.validspatial,750,1
169,61417,2,1,400,trial.doublecue,786,1
169,61417,2,1,0,trial.validspatial,556,1
169,61417,2,1,400,trial.validspatial,601,1
169,61417,1,2,800,trial.validspatial,1029,1
169,61417,1,1,800,trial.invalid,737,1
169,61417,2,1,400,trial.validspatial,714,1
169,61417,2,1,800,trial.validspatial,586,1
169,61417,2,2,0,trial.validspatial,921,1
169,61417,1,2,0,trial.validspatial,716,1
169,61417,1,1,400,trial.validspatial,543,1
169,61417,1,1,NaN,trial.nocue,895,1
169,61417,1,2,0,trial.validspatial,861,1
169,61417,1,1,NaN,trial.nocue,687,1
169,61417,2,2,0,trial.validspatial,912,1
169,61417,2,1,800,trial.invalid,733,1
169,61417,2,2,NaN,trial.nocue,909,1
169,61417,1,2,400,trial.invalid,756,1
169,61417,2,2,0,trial.doublecue,597,0
169,61417,1,2,NaN,trial.nocue,826,1
169,61417,1,1,400,trial.validspatial,447,1
169,61417,1,1,800,trial.validspatial,633,1
169,61417,2,1,NaN,trial.nocue,586,1
169,61417,1,1,800,trial.doublecue,670,1
169,61417,2,2,0,trial.doublecue,904,1
169,61417,1,1,0,trial.invalid,830,1
169,61417,1,1,0,trial.invalid,603,1
169,61417,2,1,0,trial.validspatial,613,1
169,61417,2,1,0,trial.validspatial,820,1
169,61417,1,1,400,trial.doublecue,534,1
169,61417,2,2,800,trial.validspatial,527,0
169,61417,2,2,800,trial.validspatial,903,1
169,61417,2,2,0,trial.validspatial,1478,1
169,61417,1,2,400,trial.validspatial,1023,1
169,61417,2,2,800,trial.invalid,1140,1
169,61417,1,2,0,trial.invalid,664,1
169,61417,2,1,400,trial.validspatial,629,1
169,61417,2,1,400,trial.validspatial,627,1
169,61417,2,1,NaN,trial.nocue,828,1
169,61417,2,2,NaN,trial.nocue,812,1
169,61417,2,1,NaN,trial.nocue,641,1
169,61417,1,1,800,trial.validspatial,486,1
169,61417,1,1,NaN,trial.nocue,686,1
169,61417,2,1,800,trial.doublecue,772,1
169,61417,2,2,NaN,trial.nocue,1143,1
169,61417,1,2,400,trial.validspatial,760,1
169,61417,1,1,400,trial.doublecue,613,1
169,61417,2,2,400,trial.invalid,951,1
169,61417,1,1,NaN,trial.nocue,758,1
169,61417,2,1,800,trial.validspatial,628,1
169,61417,2,2,0,trial.validspatial,895,1
169,61417,2,1,800,trial.doublecue,523,1
169,61417,2,1,400,trial.validspatial,501,1
169,61417,2,2,400,trial.validspatial,742,1
169,61417,2,1,0,trial.doublecue,671,1
169,61417,2,2,400,trial.validspatial,771,1
169,61417,2,2,400,trial.invalid,920,1
169,61417,2,2,800,trial.doublecue,739,1
169,61417,1,2,400,trial.doublecue,811,1
169,61417,1,2,0,trial.validspatial,750,1
169,61417,1,2,NaN,trial.nocue,818,1
169,61417,1,1,800,trial.invalid,713,1
169,61417,2,2,800,trial.validspatial,545,1
169,61417,2,1,800,trial.validspatial,589,1
169,61417,2,1,0,trial.validspatial,638,1
169,61417,2,2,NaN,trial.nocue,1026,1
169,61417,2,2,800,trial.validspatial,684,1
169,61417,1,1,400,trial.validspatial,1700,0
169,61417,1,2,800,trial.invalid,195,0
169,61417,2,2,0,trial.validspatial,1107,1
169,61417,2,2,800,trial.validspatial,771,1
169,61417,1,1,800,trial.validspatial,786,1
169,61417,2,1,NaN,trial.nocue,846,1
169,61417,1,2,NaN,trial.nocue,969,1
169,61417,1,2,800,trial.validspatial,813,1
169,61417,1,2,0,trial.validspatial,827,1
169,61417,2,2,0,trial.invalid,859,1
169,61417,1,1,NaN,trial.nocue,828,1
169,61417,2,2,800,trial.validspatial,862,1
169,61417,2,1,800,trial.validspatial,658,1
169,61417,2,1,0,trial.validspatial,610,1
169,61417,1,1,800,trial.doublecue,549,1
169,61417,2,2,800,trial.invalid,929,1
169,61417,1,2,400,trial.validspatial,941,1
169,61417,2,1,800,trial.validspatial,608,1
169,61417,1,2,400,trial.invalid,816,1
169,61417,1,1,800,trial.validspatial,731,1
169,61417,2,2,400,trial.doublecue,869,1
169,61417,1,1,0,trial.validspatial,756,1
169,61417,2,1,NaN,trial.nocue,817,1
169,61417,2,1,400,trial.invalid,809,1
169,61417,1,2,800,trial.invalid,906,1
169,61417,1,2,0,trial.doublecue,877,1
169,61417,1,1,400,trial.validspatial,543,1
169,61417,1,2,400,trial.validspatial,890,1
169,61417,1,1,0,trial.doublecue,660,1
169,61417,1,1,0,trial.doublecue,738,1
169,61417,1,2,NaN,trial.nocue,956,1
169,61417,2,1,400,trial.doublecue,769,1
169,61417,2,2,400,trial.validspatial,873,1
169,61417,2,2,800,trial.doublecue,748,0
169,61417,2,2,NaN,trial.nocue,840,1
169,61417,1,2,NaN,trial.nocue,880,1
169,61417,1,2,0,trial.doublecue,863,1
169,61417,2,1,800,trial.invalid,1028,1
169,61417,1,2,0,trial.validspatial,1700,0
169,61417,1,1,0,trial.validspatial,949,1
169,61417,2,1,0,trial.validspatial,1700,0
169,61417,1,1,400,trial.invalid,1403,1
169,61417,1,2,800,trial.doublecue,1582,1
169,61417,2,2,0,trial.validspatial,1349,1
169,61417,2,2,0,trial.invalid,1085,1
169,61417,1,1,0,trial.validspatial,806,1
169,61417,1,1,400,trial.invalid,670,1
169,61417,2,1,800,trial.validspatial,650,1
169,61417,2,2,400,trial.doublecue,727,1
169,61417,2,1,0,trial.doublecue,594,1
169,61417,2,2,400,trial.validspatial,1244,1
169,61417,1,1,NaN,trial.nocue,636,1
169,61417,2,1,0,trial.invalid,613,1
169,61417,1,2,800,trial.validspatial,720,1
169,61417,1,2,800,trial.doublecue,577,1
169,61417,2,1,400,trial.validspatial,578,1
169,61417,1,1,800,trial.validspatial,590,1
169,61417,1,2,800,trial.validspatial,590,0
169,61417,1,1,0,trial.validspatial,743,1
169,61417,1,2,400,trial.validspatial,717,1
169,61417,2,1,400,trial.invalid,762,1
169,61417,2,1,0,trial.invalid,575,1
169,61417,2,2,NaN,trial.nocue,818,1
169,61417,1,1,800,trial.validspatial,596,1
169,61417,2,2,400,trial.validspatial,745,1
169,61417,2,1,NaN,trial.nocue,649,1
169,61417,1,1,400,trial.validspatial,579,1
169,61417,1,2,NaN,trial.nocue,792,1
169,61417,1,2,0,trial.validspatial,768,1
169,61417,1,2,800,trial.validspatial,821,1
169,61417,1,1,0,trial.validspatial,680,1
169,61417,1,1,400,trial.validspatial,558,1
169,61417,1,1,0,trial.validspatial,768,1
169,61417,1,2,0,trial.invalid,933,0
169,61417,1,2,800,trial.validspatial,884,1
169,61417,1,2,400,trial.validspatial,766,1
169,61417,1,2,400,trial.doublecue,565,1
169,61417,2,2,400,trial.validspatial,913,1
169,61417,2,1,400,trial.doublecue,895,1
169,61417,2,1,0,trial.validspatial,581,1
169,61417,2,1,400,trial.validspatial,559,1
169,61417,1,2,800,trial.validspatial,460,0
169,61417,1,1,800,trial.invalid,760,1
169,61417,2,1,400,trial.validspatial,668,1
169,61417,2,1,800,trial.validspatial,520,1
169,61417,2,2,0,trial.validspatial,586,0
169,61417,1,2,0,trial.validspatial,1013,1
169,61417,1,1,400,trial.validspatial,576,1
169,61417,1,1,NaN,trial.nocue,618,1
169,61417,1,2,0,trial.validspatial,1084,1
169,61417,1,1,NaN,trial.nocue,596,1
169,61417,2,2,0,trial.validspatial,933,1
169,61417,2,1,800,trial.invalid,724,1
169,61417,2,2,NaN,trial.nocue,940,1
169,61417,1,2,400,trial.invalid,913,1
169,61417,2,2,0,trial.doublecue,1014,1
169,61417,1,2,NaN,trial.nocue,1069,1
169,61417,1,1,400,trial.validspatial,776,1
169,61417,1,1,800,trial.validspatial,644,1
169,61417,2,1,NaN,trial.nocue,754,1
169,61417,1,1,800,trial.doublecue,718,1
169,61417,2,2,0,trial.doublecue,853,1
169,61417,1,1,0,trial.invalid,815,1
169,61417,1,1,0,trial.invalid,660,1
169,61417,2,1,0,trial.validspatial,643,1
169,61417,2,1,0,trial.validspatial,866,1
169,61417,1,1,400,trial.doublecue,541,1
169,61417,2,2,800,trial.validspatial,1004,1
169,61417,2,2,800,trial.validspatial,1008,1
169,61417,2,2,0,trial.validspatial,947,1
169,61417,1,2,400,trial.validspatial,1115,1
169,61417,2,2,800,trial.invalid,803,1
169,61417,1,2,0,trial.invalid,608,1
169,61417,2,1,400,trial.validspatial,626,1
169,61417,2,1,400,trial.validspatial,557,1
169,61417,2,1,NaN,trial.nocue,840,1
169,61417,2,2,NaN,trial.nocue,966,1
169,61417,2,1,NaN,trial.nocue,730,1
169,61417,1,1,800,trial.validspatial,657,1
169,61417,1,1,NaN,trial.nocue,700,1
169,61417,2,1,800,trial.doublecue,645,1
169,61417,2,2,NaN,trial.nocue,1102,1
169,61417,1,2,400,trial.validspatial,601,1
169,61417,1,1,400,trial.doublecue,725,1
169,61417,2,2,400,trial.invalid,878,1
169,61417,1,1,NaN,trial.nocue,690,1
169,61417,2,1,800,trial.validspatial,526,1
169,61417,2,2,0,trial.validspatial,846,1
169,61417,2,1,800,trial.doublecue,629,1
169,61417,2,1,400,trial.validspatial,471,1
169,61417,2,2,400,trial.validspatial,703,1
169,61417,2,1,0,trial.doublecue,742,1
169,61417,2,2,400,trial.validspatial,684,1
169,61417,2,2,400,trial.invalid,976,1
169,61417,2,2,800,trial.doublecue,655,1
169,61417,1,2,400,trial.doublecue,696,1
169,61417,1,2,0,trial.validspatial,856,1
169,61417,1,2,NaN,trial.nocue,837,1
169,61417,1,1,800,trial.invalid,708,1
169,61417,2,2,800,trial.validspatial,634,1
169,61417,2,1,800,trial.validspatial,720,1
169,61417,2,1,0,trial.validspatial,828,1
169,61417,2,2,NaN,trial.nocue,1312,1
169,61417,2,2,800,trial.validspatial,600,1
169,61417,1,1,400,trial.validspatial,1700,0
169,61417,1,2,800,trial.invalid,1118,1
169,61417,2,2,0,trial.validspatial,1135,1
169,61417,2,2,800,trial.validspatial,522,1
169,61417,1,1,800,trial.validspatial,774,1
169,61417,2,1,NaN,trial.nocue,851,1
169,61417,1,2,NaN,trial.nocue,782,1
169,61417,1,2,800,trial.validspatial,724,1
169,61417,1,2,0,trial.validspatial,577,1
169,61417,2,2,0,trial.invalid,499,1
169,61417,1,1,NaN,trial.nocue,1700,0
169,61417,2,2,800,trial.validspatial,838,1
169,61417,2,1,800,trial.validspatial,709,1
169,61417,2,1,0,trial.validspatial,480,1
169,61417,1,1,800,trial.doublecue,1700,0
169,61417,2,2,800,trial.invalid,1142,1
169,61417,1,2,400,trial.validspatial,541,1
169,61417,2,1,800,trial.validspatial,694,1
169,61417,1,2,400,trial.invalid,1700,0
169,61417,1,1,800,trial.validspatial,684,1
169,61417,2,2,400,trial.doublecue,1586,1
169,61417,1,1,0,trial.validspatial,725,1
169,61417,2,1,NaN,trial.nocue,651,1
169,61417,2,1,400,trial.invalid,1169,1
169,61417,1,2,800,trial.invalid,827,1
169,61417,1,2,0,trial.doublecue,882,1
169,61417,1,1,400,trial.validspatial,599,1
169,61417,1,2,400,trial.validspatial,647,1
169,61417,1,1,0,trial.doublecue,640,1
169,61417,1,1,0,trial.doublecue,654,1
169,61417,1,2,NaN,trial.nocue,1188,1
169,61417,2,1,400,trial.doublecue,702,1
169,61417,2,2,400,trial.validspatial,604,1
169,61417,2,2,800,trial.doublecue,541,1
169,61417,2,2,NaN,trial.nocue,768,1
169,61417,1,2,NaN,trial.nocue,412,1
169,61417,1,2,0,trial.doublecue,453,0
169,61417,2,1,800,trial.invalid,786,1
169,61417,1,2,0,trial.validspatial,750,1
169,61417,1,1,0,trial.validspatial,681,1
169,61417,2,1,0,trial.validspatial,740,1
169,61417,1,1,400,trial.invalid,985,1
169,61417,1,2,800,trial.doublecue,666,1
169,61417,2,2,0,trial.validspatial,519,1
169,61417,2,2,0,trial.invalid,681,1
169,61417,1,1,0,trial.validspatial,859,1
169,61417,1,1,400,trial.invalid,668,1
169,61417,2,1,800,trial.validspatial,571,1
169,61417,2,2,400,trial.doublecue,626,1
169,61417,2,1,0,trial.doublecue,799,1
169,61417,2,2,400,trial.validspatial,908,1
169,61417,1,1,NaN,trial.nocue,688,1
169,61417,2,1,0,trial.invalid,707,1
169,61417,1,2,800,trial.validspatial,1063,1
169,61417,1,2,800,trial.doublecue,778,1
169,61417,2,1,400,trial.validspatial,568,1
169,61417,1,1,800,trial.validspatial,952,1
169,61417,1,2,800,trial.validspatial,558,1
169,61417,1,1,0,trial.validspatial,473,1
169,61417,1,2,400,trial.validspatial,692,1
169,61417,2,1,400,trial.invalid,697,1
169,61417,2,1,0,trial.invalid,638,0
169,61417,2,2,NaN,trial.nocue,1043,1
169,61417,1,1,800,trial.validspatial,676,1
169,61417,2,2,400,trial.validspatial,885,1
169,61417,2,1,NaN,trial.nocue,912,1
169,61417,1,1,400,trial.validspatial,689,1
169,61417,1,2,NaN,trial.nocue,747,1
169,61417,1,2,0,trial.validspatial,890,1
169,61417,1,2,800,trial.validspatial,654,1
169,61417,1,1,0,trial.validspatial,602,1
169,61417,1,1,400,trial.validspatial,887,1
