subject,date,location_congruence_val,flanker_congruence_val,cue_target_interval,cue_condition,latency,values.correct
315,80717,1,1,0,trial.validspatial,1036,1
315,80717,1,2,0,trial.invalid,1147,1
315,80717,1,2,800,trial.validspatial,644,1
315,80717,1,2,400,trial.validspatial,703,1
315,80717,1,2,400,trial.doublecue,902,1
315,80717,2,2,400,trial.validspatial,707,1
315,80717,2,1,400,trial.doublecue,773,1
315,80717,2,1,0,trial.validspatial,800,1
315,80717,2,1,400,trial.validspatial,639,1
315,80717,1,2,800,trial.validspatial,668,1
315,80717,1,1,800,trial.invalid,610,1
315,80717,2,1,400,trial.validspatial,562,1
315,80717,2,1,800,trial.validspatial,425,1
315,80717,2,2,0,trial.validspatial,601,1
315,80717,1,2,0,trial.validspatial,717,1
315,80717,1,1,400,trial.validspatial,556,1
315,80717,1,1,NaN,trial.nocue,617,1
315,80717,1,2,0,trial.validspatial,512,0
315,80717,1,1,NaN,trial.nocue,643,1
315,80717,2,2,0,trial.validspatial,597,0
315,80717,2,1,800,trial.invalid,914,1
315,80717,2,2,NaN,trial.nocue,833,1
315,80717,1,2,400,trial.invalid,1049,1
315,80717,2,2,0,trial.doublecue,756,1
315,80717,1,2,NaN,trial.nocue,660,1
315,80717,1,1,400,trial.validspatial,532,1
315,80717,1,1,800,trial.validspatial,444,1
315,80717,2,1,NaN,trial.nocue,726,1
315,80717,1,1,800,trial.doublecue,649,1
315,80717,2,2,0,trial.doublecue,714,1
315,80717,1,1,0,trial.invalid,484,1
315,80717,1,1,0,trial.invalid,485,1
315,80717,2,1,0,trial.validspatial,449,1
315,80717,2,1,0,trial.validspatial,520,1
315,80717,1,1,400,trial.doublecue,454,1
315,80717,2,2,800,trial.validspatial,531,1
315,80717,2,2,800,trial.validspatial,567,1
315,80717,2,2,0,trial.validspatial,569,1
315,80717,1,2,400,trial.validspatial,618,1
315,80717,2,2,800,trial.invalid,686,1
315,80717,1,2,0,trial.invalid,864,1
315,80717,2,1,400,trial.validspatial,573,1
315,80717,2,1,400,trial.validspatial,525,1
315,80717,2,1,NaN,trial.nocue,620,1
315,80717,2,2,NaN,trial.nocue,569,1
315,80717,2,1,NaN,trial.nocue,656,1
315,80717,1,1,800,trial.validspatial,447,1
315,80717,1,1,NaN,trial.nocue,572,1
315,80717,2,1,800,trial.doublecue,642,1
315,80717,2,2,NaN,trial.nocue,982,1
315,80717,1,2,400,trial.validspatial,706,1
315,80717,1,1,400,trial.doublecue,571,1
315,80717,2,2,400,trial.invalid,853,1
315,80717,1,1,NaN,trial.nocue,625,1
315,80717,2,1,800,trial.validspatial,611,1
315,80717,2,2,0,trial.validspatial,776,1
315,80717,2,1,800,trial.doublecue,601,1
315,80717,2,1,400,trial.validspatial,585,1
315,80717,2,2,400,trial.validspatial,602,1
315,80717,2,1,0,trial.doublecue,543,1
315,80717,2,2,400,trial.validspatial,551,1
315,80717,2,2,400,trial.invalid,703,1
315,80717,2,2,800,trial.doublecue,599,1
315,80717,1,2,400,trial.doublecue,875,1
315,80717,1,2,0,trial.validspatial,920,1
315,80717,1,2,NaN,trial.nocue,884,1
315,80717,1,1,800,trial.invalid,702,1
315,80717,2,2,800,trial.validspatial,547,1
315,80717,2,1,800,trial.validspatial,516,1
315,80717,2,1,0,trial.validspatial,629,1
315,80717,2,2,NaN,trial.nocue,859,1
315,80717,2,2,800,trial.validspatial,628,1
315,80717,1,1,400,trial.validspatial,628,1
315,80717,1,2,800,trial.invalid,1200,1
315,80717,2,2,0,trial.validspatial,780,1
315,80717,2,2,800,trial.validspatial,1027,1
315,80717,1,1,800,trial.validspatial,630,1
315,80717,2,1,NaN,trial.nocue,531,1
315,80717,1,2,NaN,trial.nocue,865,1
315,80717,1,2,800,trial.validspatial,609,1
315,80717,1,2,0,trial.validspatial,803,1
315,80717,2,2,0,trial.invalid,948,1
315,80717,1,1,NaN,trial.nocue,949,1
315,80717,2,2,800,trial.validspatial,631,1
315,80717,2,1,800,trial.validspatial,738,1
315,80717,2,1,0,trial.validspatial,640,1
315,80717,1,1,800,trial.doublecue,663,1
315,80717,2,2,800,trial.invalid,1027,1
315,80717,1,2,400,trial.validspatial,848,1
315,80717,2,1,800,trial.validspatial,623,1
315,80717,1,2,400,trial.invalid,885,1
315,80717,1,1,800,trial.validspatial,586,1
315,80717,2,2,400,trial.doublecue,808,1
315,80717,1,1,0,trial.validspatial,681,1
315,80717,2,1,NaN,trial.nocue,670,1
315,80717,2,1,400,trial.invalid,748,1
315,80717,1,2,800,trial.invalid,1010,1
315,80717,1,2,0,trial.doublecue,839,1
315,80717,1,1,400,trial.validspatial,639,1
315,80717,1,2,400,trial.validspatial,802,1
315,80717,1,1,0,trial.doublecue,703,1
315,80717,1,1,0,trial.doublecue,738,1
315,80717,1,2,NaN,trial.nocue,856,1
315,80717,2,1,400,trial.doublecue,603,1
315,80717,2,2,400,trial.validspatial,609,1
315,80717,2,2,800,trial.doublecue,810,1
315,80717,2,2,NaN,trial.nocue,733,1
315,80717,1,2,NaN,trial.nocue,901,1
315,80717,1,2,0,trial.doublecue,841,1
315,80717,2,1,800,trial.invalid,674,1
315,80717,1,2,0,trial.validspatial,952,0
315,80717,1,1,0,trial.validspatial,634,1
315,80717,2,1,0,trial.validspatial,565,1
315,80717,1,1,400,trial.invalid,758,1
315,80717,1,2,800,trial.doublecue,904,1
315,80717,2,2,0,trial.validspatial,973,1
315,80717,2,2,0,trial.invalid,740,1
315,80717,1,1,0,trial.validspatial,499,1
315,80717,1,1,400,trial.invalid,559,1
315,80717,2,1,800,trial.validspatial,549,1
315,80717,2,2,400,trial.doublecue,730,1
315,80717,2,1,0,trial.doublecue,678,1
315,80717,2,2,400,trial.validspatial,742,1
315,80717,1,1,NaN,trial.nocue,579,1
315,80717,2,1,0,trial.invalid,549,1
315,80717,1,2,800,trial.validspatial,644,1
315,80717,1,2,800,trial.doublecue,626,1
315,80717,2,1,400,trial.validspatial,573,1
315,80717,1,1,800,trial.validspatial,492,1
315,80717,1,2,800,trial.validspatial,756,1
315,80717,1,1,0,trial.validspatial,582,1
315,80717,1,2,400,trial.validspatial,947,1
315,80717,2,1,400,trial.invalid,1110,1
315,80717,2,1,0,trial.invalid,665,1
315,80717,2,2,NaN,trial.nocue,884,1
315,80717,1,1,800,trial.validspatial,1271,0
315,80717,2,2,400,trial.validspatial,1700,0
315,80717,2,1,NaN,trial.nocue,509,1
315,80717,1,1,400,trial.validspatial,467,1
315,80717,1,2,NaN,trial.nocue,548,0
315,80717,1,2,0,trial.validspatial,1700,0
315,80717,1,2,800,trial.validspatial,1700,0
315,80717,1,1,0,trial.validspatial,623,1
315,80717,1,1,400,trial.validspatial,1700,0
315,80717,1,1,0,trial.validspatial,1575,1
315,80717,1,2,0,trial.invalid,881,1
315,80717,1,2,800,trial.validspatial,495,1
315,80717,1,2,400,trial.validspatial,1496,0
315,80717,1,2,400,trial.doublecue,811,1
315,80717,2,2,400,trial.validspatial,620,1
315,80717,2,1,400,trial.doublecue,526,1
315,80717,2,1,0,trial.validspatial,623,1
315,80717,2,1,400,trial.validspatial,578,1
315,80717,1,2,800,trial.validspatial,527,1
315,80717,1,1,800,trial.invalid,609,1
315,80717,2,1,400,trial.validspatial,434,1
315,80717,2,1,800,trial.validspatial,424,1
315,80717,2,2,0,trial.validspatial,609,1
315,80717,1,2,0,trial.validspatial,855,1
315,80717,1,1,400,trial.validspatial,478,1
315,80717,1,1,NaN,trial.nocue,727,1
315,80717,1,2,0,trial.validspatial,701,1
315,80717,1,1,NaN,trial.nocue,609,1
315,80717,2,2,0,trial.validspatial,832,0
315,80717,2,1,800,trial.invalid,581,1
315,80717,2,2,NaN,trial.nocue,752,1
315,80717,1,2,400,trial.invalid,1078,1
315,80717,2,2,0,trial.doublecue,781,1
315,80717,1,2,NaN,trial.nocue,666,1
315,80717,1,1,400,trial.validspatial,540,1
315,80717,1,1,800,trial.validspatial,498,1
315,80717,2,1,NaN,trial.nocue,686,1
315,80717,1,1,800,trial.doublecue,522,1
315,80717,2,2,0,trial.doublecue,869,0
315,80717,1,1,0,trial.invalid,594,1
315,80717,1,1,0,trial.invalid,479,1
315,80717,2,1,0,trial.validspatial,553,1
315,80717,2,1,0,trial.validspatial,523,1
315,80717,1,1,400,trial.doublecue,738,1
315,80717,2,2,800,trial.validspatial,751,1
315,80717,2,2,800,trial.validspatial,578,1
315,80717,2,2,0,trial.validspatial,605,1
315,80717,1,2,400,trial.validspatial,663,1
315,80717,2,2,800,trial.invalid,713,1
315,80717,1,2,0,trial.invalid,942,1
315,80717,2,1,400,trial.validspatial,496,1
315,80717,2,1,400,trial.validspatial,442,1
315,80717,2,1,NaN,trial.nocue,619,1
315,80717,2,2,NaN,trial.nocue,877,1
315,80717,2,1,NaN,trial.nocue,555,1
315,80717,1,1,800,trial.validspatial,467,1
315,80717,1,1,NaN,trial.nocue,485,1
315,80717,2,1,800,trial.doublecue,589,1
315,80717,2,2,NaN,trial.nocue,634,1
315,80717,1,2,400,trial.validspatial,626,1
315,80717,1,1,400,trial.doublecue,583,1
315,80717,2,2,400,trial.invalid,833,1
315,80717,1,1,NaN,trial.nocue,649,1
315,80717,2,1,800,trial.validspatial,460,1
315,80717,2,2,0,trial.validspatial,521,0
315,80717,2,1,800,trial.doublecue,571,1
315,80717,2,1,400,trial.validspatial,533,1
315,80717,2,2,400,trial.validspatial,539,1
315,80717,2,1,0,trial.doublecue,531,1
315,80717,2,2,400,trial.validspatial,181,1
315,80717,2,2,400,trial.invalid,641,1
315,80717,2,2,800,trial.doublecue,676,1
315,80717,1,2,400,trial.doublecue,614,0
315,80717,1,2,0,trial.validspatial,784,1
315,80717,1,2,NaN,trial.nocue,784,1
315,80717,1,1,800,trial.invalid,621,1
315,80717,2,2,800,trial.validspatial,559,1
315,80717,2,1,800,trial.validspatial,506,1
315,80717,2,1,0,trial.validspatial,539,1
315,80717,2,2,NaN,trial.nocue,763,1
315,80717,2,2,800,trial.validspatial,552,1
315,80717,1,1,400,trial.validspatial,1700,0
315,80717,1,2,800,trial.invalid,690,1
315,80717,2,2,0,trial.validspatial,829,1
315,80717,2,2,800,trial.validspatial,579,1
315,80717,1,1,800,trial.validspatial,688,1
315,80717,2,1,NaN,trial.nocue,606,0
315,80717,1,2,NaN,trial.nocue,601,1
315,80717,1,2,800,trial.validspatial,581,1
315,80717,1,2,0,trial.validspatial,598,1
315,80717,2,2,0,trial.invalid,486,1
315,80717,1,1,NaN,trial.nocue,681,1
315,80717,2,2,800,trial.validspatial,753,1
315,80717,2,1,800,trial.validspatial,477,1
315,80717,2,1,0,trial.validspatial,510,1
315,80717,1,1,800,trial.doublecue,1098,0
315,80717,2,2,800,trial.invalid,1700,0
315,80717,1,2,400,trial.validspatial,279,1
315,80717,2,1,800,trial.validspatial,563,1
315,80717,1,2,400,trial.invalid,817,1
315,80717,1,1,800,trial.validspatial,707,1
315,80717,2,2,400,trial.doublecue,703,1
315,80717,1,1,0,trial.validspatial,670,1
315,80717,2,1,NaN,trial.nocue,878,1
315,80717,2,1,400,trial.invalid,736,1
315,80717,1,2,800,trial.invalid,862,1
315,80717,1,2,0,trial.doublecue,795,1
315,80717,1,1,400,trial.validspatial,608,1
315,80717,1,2,400,trial.validspatial,446,1
315,80717,1,1,0,trial.doublecue,513,1
315,80717,1,1,0,trial.doublecue,546,1
315,80717,1,2,NaN,trial.nocue,841,0
315,80717,2,1,400,trial.doublecue,749,1
315,80717,2,2,400,trial.validspatial,533,1
315,80717,2,2,800,trial.doublecue,500,1
315,80717,2,2,NaN,trial.nocue,666,1
315,80717,1,2,NaN,trial.nocue,533,1
315,80717,1,2,0,trial.doublecue,623,1
315,80717,2,1,800,trial.invalid,596,1
315,80717,1,2,0,trial.validspatial,717,1
315,80717,1,1,0,trial.validspatial,820,1
315,80717,2,1,0,trial.validspatial,919,1
315,80717,1,1,400,trial.invalid,1025,1
315,80717,1,2,800,trial.doublecue,788,1
315,80717,2,2,0,trial.validspatial,533,1
315,80717,2,2,0,trial.invalid,601,1
315,80717,1,1,0,trial.validspatial,709,1
315,80717,1,1,400,trial.invalid,638,1
315,80717,2,1,800,trial.validspatial,490,1
315,80717,2,2,400,trial.doublecue,702,1
315,80717,2,1,0,trial.doublecue,720,1
315,80717,2,2,400,trial.validspatial,745,1
315,80717,1,1,NaN,trial.nocue,806,1
315,80717,2,1,0,trial.invalid,652,1
315,80717,1,2,800,trial.validspatial,1085,1
315,80717,1,2,800,trial.doublecue,615,1
315,80717,2,1,400,trial.validspatial,642,1
315,80717,1,1,800,trial.validspatial,699,1
315,80717,1,2,800,trial.validspatial,710,1
315,80717,1,1,0,trial.validspatial,675,1
315,80717,1,2,400,trial.validspatial,896,1
315,80717,2,1,400,trial.invalid,684,1
315,80717,2,1,0,trial.invalid,631,1
315,80717,2,2,NaN,trial.nocue,745,1
315,80717,1,1,800,trial.validspatial,732,1
315,80717,2,2,400,trial.validspatial,582,0
315,80717,2,1,NaN,trial.nocue,696,1
315,80717,1,1,400,trial.validspatial,811,0
315,80717,1,2,NaN,trial.nocue,693,1
315,80717,1,2,0,trial.validspatial,666,1
315,80717,1,2,800,trial.validspatial,788,1
315,80717,1,1,0,trial.validspatial,644,1
315,80717,1,1,400,trial.validspatial,863,1
