subject,date,location_congruence_val,flanker_congruence_val,cue_target_interval,cue_condition,latency,values.correct
657,80817,1,1,0,trial.validspatial,1700,0
657,80817,1,2,0,trial.invalid,1700,0
657,80817,1,2,800,trial.validspatial,1700,0
657,80817,1,2,400,trial.validspatial,1700,0
657,80817,1,2,400,trial.doublecue,1700,0
657,80817,2,2,400,trial.validspatial,1700,0
657,80817,2,1,400,trial.doublecue,1700,0
657,80817,2,1,0,trial.validspatial,1700,0
657,80817,2,1,400,trial.validspatial,397,1
657,80817,1,2,800,trial.validspatial,1462,0
657,80817,1,1,800,trial.invalid,1492,1
657,80817,2,1,400,trial.validspatial,1495,0
657,80817,2,1,800,trial.validspatial,1700,0
657,80817,2,2,0,trial.validspatial,1700,0
657,80817,1,2,0,trial.validspatial,1700,0
657,80817,1,1,400,trial.validspatial,1700,0
657,80817,1,1,NaN,trial.nocue,1700,0
657,80817,1,2,0,trial.validspatial,1700,0
657,80817,1,1,NaN,trial.nocue,1291,1
657,80817,2,2,0,trial.validspatial,369,0
657,80817,2,1,800,trial.invalid,931,1
657,80817,2,2,NaN,trial.nocue,1357,0
657,80817,1,2,400,trial.invalid,1700,0
657,80817,2,2,0,trial.doublecue,1700,0
657,80817,1,2,NaN,trial.nocue,1700,0
657,80817,1,1,400,trial.validspatial,931,1
657,80817,1,1,800,trial.validspatial,583,1
657,80817,2,1,NaN,trial.nocue,684,1
657,80817,1,1,800,trial.doublecue,849,1
657,80817,2,2,0,trial.doublecue,1700,0
657,80817,1,1,0,trial.invalid,575,1
657,80817,1,1,0,trial.invalid,592,1
657,80817,2,1,0,trial.validspatial,733,1
657,80817,2,1,0,trial.validspatial,506,1
657,80817,1,1,400,trial.doublecue,1700,0
657,80817,2,2,800,trial.validspatial,747,0
657,80817,2,2,800,trial.validspatial,1700,0
657,80817,2,2,0,trial.validspatial,621,0
657,80817,1,2,400,trial.validspatial,1700,0
657,80817,2,2,800,trial.invalid,1632,1
657,80817,1,2,0,trial.invalid,1700,0
657,80817,2,1,400,trial.validspatial,1700,0
657,80817,2,1,400,trial.validspatial,1384,1
657,80817,2,1,NaN,trial.nocue,1700,0
657,80817,2,2,NaN,trial.nocue,1700,0
657,80817,2,1,NaN,trial.nocue,720,1
657,80817,1,1,800,trial.validspatial,1700,0
657,80817,1,1,NaN,trial.nocue,1700,0
657,80817,2,1,800,trial.doublecue,1035,1
657,80817,2,2,NaN,trial.nocue,1058,0
657,80817,1,2,400,trial.validspatial,1700,0
657,80817,1,1,400,trial.doublecue,735,1
657,80817,2,2,400,trial.invalid,1568,0
657,80817,1,1,NaN,trial.nocue,1369,1
657,80817,2,1,800,trial.validspatial,605,1
657,80817,2,2,0,trial.validspatial,1700,0
657,80817,2,1,800,trial.doublecue,795,1
657,80817,2,1,400,trial.validspatial,393,1
657,80817,2,2,400,trial.validspatial,1700,0
657,80817,2,1,0,trial.doublecue,1026,1
657,80817,2,2,400,trial.validspatial,1700,0
657,80817,2,2,400,trial.invalid,1700,0
657,80817,2,2,800,trial.doublecue,888,1
657,80817,1,2,400,trial.doublecue,862,0
657,80817,1,2,0,trial.validspatial,851,0
657,80817,1,2,NaN,trial.nocue,1135,0
657,80817,1,1,800,trial.invalid,955,1
657,80817,2,2,800,trial.validspatial,1278,0
657,80817,2,1,800,trial.validspatial,1700,0
657,80817,2,1,0,trial.validspatial,1531,1
657,80817,2,2,NaN,trial.nocue,1700,0
657,80817,2,2,800,trial.validspatial,746,1
657,80817,1,1,400,trial.validspatial,1545,1
657,80817,1,2,800,trial.invalid,1516,1
657,80817,2,2,0,trial.validspatial,638,0
657,80817,2,2,800,trial.validspatial,924,0
657,80817,1,1,800,trial.validspatial,586,1
657,80817,2,1,NaN,trial.nocue,621,0
657,80817,1,2,NaN,trial.nocue,1528,0
657,80817,1,2,800,trial.validspatial,1540,1
657,80817,1,2,0,trial.validspatial,1227,1
657,80817,2,2,0,trial.invalid,1700,0
657,80817,1,1,NaN,trial.nocue,725,1
657,80817,2,2,800,trial.validspatial,847,1
657,80817,2,1,800,trial.validspatial,553,1
657,80817,2,1,0,trial.validspatial,659,1
657,80817,1,1,800,trial.doublecue,680,1
657,80817,2,2,800,trial.invalid,1700,0
657,80817,1,2,400,trial.validspatial,1232,0
657,80817,2,1,800,trial.validspatial,808,1
657,80817,1,2,400,trial.invalid,975,1
657,80817,1,1,800,trial.validspatial,567,1
657,80817,2,2,400,trial.doublecue,829,1
657,80817,1,1,0,trial.validspatial,653,1
657,80817,2,1,NaN,trial.nocue,1002,1
657,80817,2,1,400,trial.invalid,658,1
657,80817,1,2,800,trial.invalid,584,0
657,80817,1,2,0,trial.doublecue,1299,1
657,80817,1,1,400,trial.validspatial,582,1
657,80817,1,2,400,trial.validspatial,1391,1
657,80817,1,1,0,trial.doublecue,856,1
657,80817,1,1,0,trial.doublecue,638,1
657,80817,1,2,NaN,trial.nocue,1356,1
657,80817,2,1,400,trial.doublecue,602,1
657,80817,2,2,400,trial.validspatial,693,1
657,80817,2,2,800,trial.doublecue,597,1
657,80817,2,2,NaN,trial.nocue,891,1
657,80817,1,2,NaN,trial.nocue,1077,1
657,80817,1,2,0,trial.doublecue,1331,0
657,80817,2,1,800,trial.invalid,536,1
657,80817,1,2,0,trial.validspatial,892,1
657,80817,1,1,0,trial.validspatial,534,1
657,80817,2,1,0,trial.validspatial,640,1
657,80817,1,1,400,trial.invalid,1700,0
657,80817,1,2,800,trial.doublecue,1700,0
657,80817,2,2,0,trial.validspatial,923,0
657,80817,2,2,0,trial.invalid,973,1
657,80817,1,1,0,trial.validspatial,615,1
657,80817,1,1,400,trial.invalid,644,1
657,80817,2,1,800,trial.validspatial,722,1
657,80817,2,2,400,trial.doublecue,1177,1
657,80817,2,1,0,trial.doublecue,765,1
657,80817,2,2,400,trial.validspatial,1183,0
657,80817,1,1,NaN,trial.nocue,588,1
657,80817,2,1,0,trial.invalid,805,1
657,80817,1,2,800,trial.validspatial,982,1
657,80817,1,2,800,trial.doublecue,621,0
657,80817,2,1,400,trial.validspatial,521,1
657,80817,1,1,800,trial.validspatial,664,1
657,80817,1,2,800,trial.validspatial,1035,1
657,80817,1,1,0,trial.validspatial,631,1
657,80817,1,2,400,trial.validspatial,909,1
657,80817,2,1,400,trial.invalid,725,1
657,80817,2,1,0,trial.invalid,667,1
657,80817,2,2,NaN,trial.nocue,1252,1
657,80817,1,1,800,trial.validspatial,524,1
657,80817,2,2,400,trial.validspatial,968,1
657,80817,2,1,NaN,trial.nocue,563,1
657,80817,1,1,400,trial.validspatial,609,1
657,80817,1,2,NaN,trial.nocue,915,1
657,80817,1,2,0,trial.validspatial,1700,0
657,80817,1,2,800,trial.validspatial,1131,1
657,80817,1,1,0,trial.validspatial,523,1
657,80817,1,1,400,trial.validspatial,575,1
657,80817,1,1,0,trial.validspatial,724,1
657,80817,1,2,0,trial.invalid,1700,0
657,80817,1,2,800,trial.validspatial,940,1
657,80817,1,2,400,trial.validspatial,962,1
657,80817,1,2,400,trial.doublecue,1028,1
657,80817,2,2,400,trial.validspatial,753,1
657,80817,2,1,400,trial.doublecue,620,1
657,80817,2,1,0,trial.validspatial,635,1
657,80817,2,1,400,trial.validspatial,647,1
657,80817,1,2,800,trial.validspatial,865,1
657,80817,1,1,800,trial.invalid,878,1
657,80817,2,1,400,trial.validspatial,546,1
657,80817,2,1,800,trial.validspatial,539,1
657,80817,2,2,0,trial.validspatial,706,1
657,80817,1,2,0,trial.validspatial,915,1
657,80817,1,1,400,trial.validspatial,467,1
657,80817,1,1,NaN,trial.nocue,654,1
657,80817,1,2,0,trial.validspatial,1231,1
657,80817,1,1,NaN,trial.nocue,508,1
657,80817,2,2,0,trial.validspatial,956,1
657,80817,2,1,800,trial.invalid,705,1
657,80817,2,2,NaN,trial.nocue,745,1
657,80817,1,2,400,trial.invalid,883,1
657,80817,2,2,0,trial.doublecue,1351,1
657,80817,1,2,NaN,trial.nocue,1040,1
657,80817,1,1,400,trial.validspatial,499,1
657,80817,1,1,800,trial.validspatial,586,1
657,80817,2,1,NaN,trial.nocue,771,1
657,80817,1,1,800,trial.doublecue,510,1
657,80817,2,2,0,trial.doublecue,830,1
657,80817,1,1,0,trial.invalid,540,0
657,80817,1,1,0,trial.invalid,998,1
657,80817,2,1,0,trial.validspatial,530,1
657,80817,2,1,0,trial.validspatial,1280,1
657,80817,1,1,400,trial.doublecue,542,1
657,80817,2,2,800,trial.validspatial,1095,1
657,80817,2,2,800,trial.validspatial,947,1
657,80817,2,2,0,trial.validspatial,1004,1
657,80817,1,2,400,trial.validspatial,687,1
657,80817,2,2,800,trial.invalid,1425,1
657,80817,1,2,0,trial.invalid,970,1
657,80817,2,1,400,trial.validspatial,853,1
657,80817,2,1,400,trial.validspatial,1618,1
657,80817,2,1,NaN,trial.nocue,1395,1
657,80817,2,2,NaN,trial.nocue,1268,1
657,80817,2,1,NaN,trial.nocue,842,1
657,80817,1,1,800,trial.validspatial,591,1
657,80817,1,1,NaN,trial.nocue,489,1
657,80817,2,1,800,trial.doublecue,583,1
657,80817,2,2,NaN,trial.nocue,952,0
657,80817,1,2,400,trial.validspatial,852,1
657,80817,1,1,400,trial.doublecue,879,1
657,80817,2,2,400,trial.invalid,889,0
657,80817,1,1,NaN,trial.nocue,734,1
657,80817,2,1,800,trial.validspatial,671,1
657,80817,2,2,0,trial.validspatial,1640,1
657,80817,2,1,800,trial.doublecue,1096,1
657,80817,2,1,400,trial.validspatial,1245,1
657,80817,2,2,400,trial.validspatial,1700,0
657,80817,2,1,0,trial.doublecue,1700,0
657,80817,2,2,400,trial.validspatial,1700,0
657,80817,2,2,400,trial.invalid,1700,0
657,80817,2,2,800,trial.doublecue,1272,1
657,80817,1,2,400,trial.doublecue,1700,0
657,80817,1,2,0,trial.validspatial,1700,0
657,80817,1,2,NaN,trial.nocue,1065,1
657,80817,1,1,800,trial.invalid,982,1
657,80817,2,2,800,trial.validspatial,1700,0
657,80817,2,1,800,trial.validspatial,821,1
657,80817,2,1,0,trial.validspatial,1349,1
657,80817,2,2,NaN,trial.nocue,1640,1
657,80817,2,2,800,trial.validspatial,783,1
657,80817,1,1,400,trial.validspatial,1700,0
657,80817,1,2,800,trial.invalid,766,1
657,80817,2,2,0,trial.validspatial,785,0
657,80817,2,2,800,trial.validspatial,777,1
657,80817,1,1,800,trial.validspatial,1185,0
657,80817,2,1,NaN,trial.nocue,736,0
657,80817,1,2,NaN,trial.nocue,851,0
657,80817,1,2,800,trial.validspatial,1070,0
657,80817,1,2,0,trial.validspatial,826,0
657,80817,2,2,0,trial.invalid,633,1
657,80817,1,1,NaN,trial.nocue,1030,0
657,80817,2,2,800,trial.validspatial,1160,0
657,80817,2,1,800,trial.validspatial,600,0
657,80817,2,1,0,trial.validspatial,1700,0
657,80817,1,1,800,trial.doublecue,1700,0
657,80817,2,2,800,trial.invalid,847,0
657,80817,1,2,400,trial.validspatial,499,1
657,80817,2,1,800,trial.validspatial,732,0
657,80817,1,2,400,trial.invalid,1670,0
657,80817,1,1,800,trial.validspatial,804,0
657,80817,2,2,400,trial.doublecue,1700,0
657,80817,1,1,0,trial.validspatial,958,0
657,80817,2,1,NaN,trial.nocue,934,0
657,80817,2,1,400,trial.invalid,1700,0
657,80817,1,2,800,trial.invalid,1700,0
657,80817,1,2,0,trial.doublecue,1700,0
657,80817,1,1,400,trial.validspatial,1700,0
657,80817,1,2,400,trial.validspatial,634,1
657,80817,1,1,0,trial.doublecue,1700,0
657,80817,1,1,0,trial.doublecue,1406,0
657,80817,1,2,NaN,trial.nocue,1700,0
657,80817,2,1,400,trial.doublecue,1700,0
657,80817,2,2,400,trial.validspatial,367,1
657,80817,2,2,800,trial.doublecue,1700,0
657,80817,2,2,NaN,trial.nocue,940,0
657,80817,1,2,NaN,trial.nocue,504,1
657,80817,1,2,0,trial.doublecue,1700,0
657,80817,2,1,800,trial.invalid,1700,0
657,80817,1,2,0,trial.validspatial,1308,0
657,80817,1,1,0,trial.validspatial,1470,0
657,80817,2,1,0,trial.validspatial,1700,0
657,80817,1,1,400,trial.invalid,1390,0
657,80817,1,2,800,trial.doublecue,820,0
657,80817,2,2,0,trial.validspatial,991,0
657,80817,2,2,0,trial.invalid,779,1
657,80817,1,1,0,trial.validspatial,1596,0
657,80817,1,1,400,trial.invalid,585,0
657,80817,2,1,800,trial.validspatial,1700,0
657,80817,2,2,400,trial.doublecue,1700,0
657,80817,2,1,0,trial.doublecue,810,0
657,80817,2,2,400,trial.validspatial,1700,0
657,80817,1,1,NaN,trial.nocue,1700,0
657,80817,2,1,0,trial.invalid,743,0
657,80817,1,2,800,trial.validspatial,1283,0
657,80817,1,2,800,trial.doublecue,722,0
657,80817,2,1,400,trial.validspatial,665,0
657,80817,1,1,800,trial.validspatial,1700,0
657,80817,1,2,800,trial.validspatial,1700,0
657,80817,1,1,0,trial.validspatial,1289,0
657,80817,1,2,400,trial.validspatial,1443,0
657,80817,2,1,400,trial.invalid,652,1
657,80817,2,1,0,trial.invalid,1700,0
657,80817,2,2,NaN,trial.nocue,931,0
657,80817,1,1,800,trial.validspatial,768,0
657,80817,2,2,400,trial.validspatial,986,0
657,80817,2,1,NaN,trial.nocue,1556,0
657,80817,1,1,400,trial.validspatial,1251,0
657,80817,1,2,NaN,trial.nocue,1339,0
657,80817,1,2,0,trial.validspatial,1105,0
657,80817,1,2,800,trial.validspatial,946,1
657,80817,1,1,0,trial.validspatial,1675,0
657,80817,1,1,400,trial.validspatial,1700,0
