subject,date,location_congruence_val,flanker_congruence_val,cue_target_interval,cue_condition,latency,values.correct
65,61317,1,1,0,trial.validspatial,1155,1
65,61317,1,2,0,trial.invalid,1082,1
65,61317,1,2,800,trial.validspatial,1027,1
65,61317,1,2,400,trial.validspatial,980,1
65,61317,1,2,400,trial.doublecue,1004,1
65,61317,2,2,400,trial.validspatial,668,1
65,61317,2,1,400,trial.doublecue,851,0
65,61317,2,1,0,trial.validspatial,1349,1
65,61317,2,1,400,trial.validspatial,776,1
65,61317,1,2,800,trial.validspatial,679,1
65,61317,1,1,800,trial.invalid,1026,1
65,61317,2,1,400,trial.validspatial,772,1
65,61317,2,1,800,trial.validspatial,576,1
65,61317,2,2,0,trial.validspatial,852,1
65,61317,1,2,0,trial.validspatial,919,1
65,61317,1,1,400,trial.validspatial,581,1
65,61317,1,1,NaN,trial.nocue,641,1
65,61317,1,2,0,trial.validspatial,878,1
65,61317,1,1,NaN,trial.nocue,778,1
65,61317,2,2,0,trial.validspatial,663,1
65,61317,2,1,800,trial.invalid,811,0
65,61317,2,2,NaN,trial.nocue,798,1
65,61317,1,2,400,trial.invalid,843,1
65,61317,2,2,0,trial.doublecue,725,1
65,61317,1,2,NaN,trial.nocue,760,1
65,61317,1,1,400,trial.validspatial,556,1
65,61317,1,1,800,trial.validspatial,546,1
65,61317,2,1,NaN,trial.nocue,715,1
65,61317,1,1,800,trial.doublecue,889,0
65,61317,2,2,0,trial.doublecue,1088,1
65,61317,1,1,0,trial.invalid,722,1
65,61317,1,1,0,trial.invalid,758,1
65,61317,2,1,0,trial.validspatial,646,1
65,61317,2,1,0,trial.validspatial,931,1
65,61317,1,1,400,trial.doublecue,629,1
65,61317,2,2,800,trial.validspatial,610,1
65,61317,2,2,800,trial.validspatial,778,1
65,61317,2,2,0,trial.validspatial,719,1
65,61317,1,2,400,trial.validspatial,871,1
65,61317,2,2,800,trial.invalid,862,1
65,61317,1,2,0,trial.invalid,919,1
65,61317,2,1,400,trial.validspatial,649,0
65,61317,2,1,400,trial.validspatial,1285,1
65,61317,2,1,NaN,trial.nocue,976,1
65,61317,2,2,NaN,trial.nocue,1023,1
65,61317,2,1,NaN,trial.nocue,892,1
65,61317,1,1,800,trial.validspatial,544,1
65,61317,1,1,NaN,trial.nocue,1117,1
65,61317,2,1,800,trial.doublecue,894,1
65,61317,2,2,NaN,trial.nocue,799,1
65,61317,1,2,400,trial.validspatial,662,1
65,61317,1,1,400,trial.doublecue,708,1
65,61317,2,2,400,trial.invalid,836,1
65,61317,1,1,NaN,trial.nocue,926,1
65,61317,2,1,800,trial.validspatial,580,1
65,61317,2,2,0,trial.validspatial,947,1
65,61317,2,1,800,trial.doublecue,892,1
65,61317,2,1,400,trial.validspatial,556,1
65,61317,2,2,400,trial.validspatial,553,0
65,61317,2,1,0,trial.doublecue,980,1
65,61317,2,2,400,trial.validspatial,805,1
65,61317,2,2,400,trial.invalid,794,1
65,61317,2,2,800,trial.doublecue,784,1
65,61317,1,2,400,trial.doublecue,708,1
65,61317,1,2,0,trial.validspatial,882,1
65,61317,1,2,NaN,trial.nocue,993,1
65,61317,1,1,800,trial.invalid,764,1
65,61317,2,2,800,trial.validspatial,1201,1
65,61317,2,1,800,trial.validspatial,631,1
65,61317,2,1,0,trial.validspatial,754,1
65,61317,2,2,NaN,trial.nocue,1164,1
65,61317,2,2,800,trial.validspatial,744,1
65,61317,1,1,400,trial.validspatial,1166,1
65,61317,1,2,800,trial.invalid,941,1
65,61317,2,2,0,trial.validspatial,956,1
65,61317,2,2,800,trial.validspatial,812,1
65,61317,1,1,800,trial.validspatial,725,1
65,61317,2,1,NaN,trial.nocue,1124,1
65,61317,1,2,NaN,trial.nocue,916,1
65,61317,1,2,800,trial.validspatial,1119,1
65,61317,1,2,0,trial.validspatial,1038,1
65,61317,2,2,0,trial.invalid,1425,0
65,61317,1,1,NaN,trial.nocue,672,1
65,61317,2,2,800,trial.validspatial,936,1
65,61317,2,1,800,trial.validspatial,616,1
65,61317,2,1,0,trial.validspatial,855,1
65,61317,1,1,800,trial.doublecue,790,1
65,61317,2,2,800,trial.invalid,1243,1
65,61317,1,2,400,trial.validspatial,796,1
65,61317,2,1,800,trial.validspatial,891,1
65,61317,1,2,400,trial.invalid,1067,0
65,61317,1,1,800,trial.validspatial,790,1
65,61317,2,2,400,trial.doublecue,907,1
65,61317,1,1,0,trial.validspatial,856,1
65,61317,2,1,NaN,trial.nocue,804,1
65,61317,2,1,400,trial.invalid,792,1
65,61317,1,2,800,trial.invalid,1202,1
65,61317,1,2,0,trial.doublecue,976,1
65,61317,1,1,400,trial.validspatial,730,1
65,61317,1,2,400,trial.validspatial,757,1
65,61317,1,1,0,trial.doublecue,734,1
65,61317,1,1,0,trial.doublecue,658,1
65,61317,1,2,NaN,trial.nocue,861,1
65,61317,2,1,400,trial.doublecue,630,1
65,61317,2,2,400,trial.validspatial,664,1
65,61317,2,2,800,trial.doublecue,1115,1
65,61317,2,2,NaN,trial.nocue,919,1
65,61317,1,2,NaN,trial.nocue,916,1
65,61317,1,2,0,trial.doublecue,740,1
65,61317,2,1,800,trial.invalid,977,1
65,61317,1,2,0,trial.validspatial,897,1
65,61317,1,1,0,trial.validspatial,802,1
65,61317,2,1,0,trial.validspatial,624,1
65,61317,1,1,400,trial.invalid,724,1
65,61317,1,2,800,trial.doublecue,1039,0
65,61317,2,2,0,trial.validspatial,875,1
65,61317,2,2,0,trial.invalid,975,1
65,61317,1,1,0,trial.validspatial,780,1
65,61317,1,1,400,trial.invalid,834,1
65,61317,2,1,800,trial.validspatial,731,1
65,61317,2,2,400,trial.doublecue,699,1
65,61317,2,1,0,trial.doublecue,618,1
65,61317,2,2,400,trial.validspatial,887,1
65,61317,1,1,NaN,trial.nocue,764,1
65,61317,2,1,0,trial.invalid,726,1
65,61317,1,2,800,trial.validspatial,942,0
65,61317,1,2,800,trial.doublecue,935,1
65,61317,2,1,400,trial.validspatial,617,1
65,61317,1,1,800,trial.validspatial,762,1
65,61317,1,2,800,trial.validspatial,836,1
65,61317,1,1,0,trial.validspatial,958,1
65,61317,1,2,400,trial.validspatial,742,1
65,61317,2,1,400,trial.invalid,872,1
65,61317,2,1,0,trial.invalid,721,1
65,61317,2,2,NaN,trial.nocue,1045,1
65,61317,1,1,800,trial.validspatial,576,1
65,61317,2,2,400,trial.validspatial,1395,1
65,61317,2,1,NaN,trial.nocue,887,1
65,61317,1,1,400,trial.validspatial,1296,1
65,61317,1,2,NaN,trial.nocue,994,1
65,61317,1,2,0,trial.validspatial,834,1
65,61317,1,2,800,trial.validspatial,772,1
65,61317,1,1,0,trial.validspatial,755,1
65,61317,1,1,400,trial.validspatial,606,1
65,61317,1,1,0,trial.validspatial,614,1
65,61317,1,2,0,trial.invalid,997,1
65,61317,1,2,800,trial.validspatial,706,1
65,61317,1,2,400,trial.validspatial,619,1
65,61317,1,2,400,trial.doublecue,850,1
65,61317,2,2,400,trial.validspatial,780,1
65,61317,2,1,400,trial.doublecue,817,1
65,61317,2,1,0,trial.validspatial,620,1
65,61317,2,1,400,trial.validspatial,643,1
65,61317,1,2,800,trial.validspatial,760,1
65,61317,1,1,800,trial.invalid,753,1
65,61317,2,1,400,trial.validspatial,619,1
65,61317,2,1,800,trial.validspatial,477,1
65,61317,2,2,0,trial.validspatial,830,1
65,61317,1,2,0,trial.validspatial,762,1
65,61317,1,1,400,trial.validspatial,675,1
65,61317,1,1,NaN,trial.nocue,730,1
65,61317,1,2,0,trial.validspatial,1115,1
65,61317,1,1,NaN,trial.nocue,685,1
65,61317,2,2,0,trial.validspatial,796,1
65,61317,2,1,800,trial.invalid,1143,0
65,61317,2,2,NaN,trial.nocue,997,0
65,61317,1,2,400,trial.invalid,1038,1
65,61317,2,2,0,trial.doublecue,838,1
65,61317,1,2,NaN,trial.nocue,928,1
65,61317,1,1,400,trial.validspatial,617,1
65,61317,1,1,800,trial.validspatial,793,1
65,61317,2,1,NaN,trial.nocue,1189,1
65,61317,1,1,800,trial.doublecue,843,1
65,61317,2,2,0,trial.doublecue,874,1
65,61317,1,1,0,trial.invalid,841,1
65,61317,1,1,0,trial.invalid,903,1
65,61317,2,1,0,trial.validspatial,734,1
65,61317,2,1,0,trial.validspatial,849,1
65,61317,1,1,400,trial.doublecue,646,1
65,61317,2,2,800,trial.validspatial,788,1
65,61317,2,2,800,trial.validspatial,720,1
65,61317,2,2,0,trial.validspatial,830,1
65,61317,1,2,400,trial.validspatial,803,1
65,61317,2,2,800,trial.invalid,919,1
65,61317,1,2,0,trial.invalid,1083,1
65,61317,2,1,400,trial.validspatial,584,1
65,61317,2,1,400,trial.validspatial,571,1
65,61317,2,1,NaN,trial.nocue,944,1
65,61317,2,2,NaN,trial.nocue,1069,0
65,61317,2,1,NaN,trial.nocue,771,1
65,61317,1,1,800,trial.validspatial,664,1
65,61317,1,1,NaN,trial.nocue,658,1
65,61317,2,1,800,trial.doublecue,707,1
65,61317,2,2,NaN,trial.nocue,1283,1
65,61317,1,2,400,trial.validspatial,827,1
65,61317,1,1,400,trial.doublecue,873,1
65,61317,2,2,400,trial.invalid,868,1
65,61317,1,1,NaN,trial.nocue,719,1
65,61317,2,1,800,trial.validspatial,575,1
65,61317,2,2,0,trial.validspatial,955,1
65,61317,2,1,800,trial.doublecue,789,1
65,61317,2,1,400,trial.validspatial,710,1
65,61317,2,2,400,trial.validspatial,727,1
65,61317,2,1,0,trial.doublecue,744,1
65,61317,2,2,400,trial.validspatial,790,1
65,61317,2,2,400,trial.invalid,1066,1
65,61317,2,2,800,trial.doublecue,790,1
65,61317,1,2,400,trial.doublecue,807,1
65,61317,1,2,0,trial.validspatial,895,1
65,61317,1,2,NaN,trial.nocue,735,1
65,61317,1,1,800,trial.invalid,788,1
65,61317,2,2,800,trial.validspatial,891,1
65,61317,2,1,800,trial.validspatial,666,1
65,61317,2,1,0,trial.validspatial,834,1
65,61317,2,2,NaN,trial.nocue,836,1
65,61317,2,2,800,trial.validspatial,650,1
65,61317,1,1,400,trial.validspatial,1700,0
65,61317,1,2,800,trial.invalid,647,1
65,61317,2,2,0,trial.validspatial,913,1
65,61317,2,2,800,trial.validspatial,627,1
65,61317,1,1,800,trial.validspatial,695,1
65,61317,2,1,NaN,trial.nocue,946,1
65,61317,1,2,NaN,trial.nocue,606,1
65,61317,1,2,800,trial.validspatial,669,1
65,61317,1,2,0,trial.validspatial,738,1
65,61317,2,2,0,trial.invalid,529,1
65,61317,1,1,NaN,trial.nocue,786,1
65,61317,2,2,800,trial.validspatial,693,1
65,61317,2,1,800,trial.validspatial,537,1
65,61317,2,1,0,trial.validspatial,595,1
65,61317,1,1,800,trial.doublecue,737,1
65,61317,2,2,800,trial.invalid,620,1
65,61317,1,2,400,trial.validspatial,568,1
65,61317,2,1,800,trial.validspatial,540,1
65,61317,1,2,400,trial.invalid,922,1
65,61317,1,1,800,trial.validspatial,771,1
65,61317,2,2,400,trial.doublecue,649,0
65,61317,1,1,0,trial.validspatial,798,0
65,61317,2,1,NaN,trial.nocue,1000,1
65,61317,2,1,400,trial.invalid,905,1
65,61317,1,2,800,trial.invalid,648,1
65,61317,1,2,0,trial.doublecue,947,1
65,61317,1,1,400,trial.validspatial,811,1
65,61317,1,2,400,trial.validspatial,836,1
65,61317,1,1,0,trial.doublecue,1336,1
65,61317,1,1,0,trial.doublecue,637,1
65,61317,1,2,NaN,trial.nocue,904,1
65,61317,2,1,400,trial.doublecue,755,1
65,61317,2,2,400,trial.validspatial,965,1
65,61317,2,2,800,trial.doublecue,709,1
65,61317,2,2,NaN,trial.nocue,770,1
65,61317,1,2,NaN,trial.nocue,591,1
65,61317,1,2,0,trial.doublecue,817,1
65,61317,2,1,800,trial.invalid,679,1
65,61317,1,2,0,trial.validspatial,949,1
65,61317,1,1,0,trial.validspatial,692,1
65,61317,2,1,0,trial.validspatial,1194,1
65,61317,1,1,400,trial.invalid,891,1
65,61317,1,2,800,trial.doublecue,766,1
65,61317,2,2,0,trial.validspatial,509,1
65,61317,2,2,0,trial.invalid,923,1
65,61317,1,1,0,trial.validspatial,876,1
65,61317,1,1,400,trial.invalid,676,1
65,61317,2,1,800,trial.validspatial,720,1
65,61317,2,2,400,trial.doublecue,800,1
65,61317,2,1,0,trial.doublecue,934,1
65,61317,2,2,400,trial.validspatial,1000,1
65,61317,1,1,NaN,trial.nocue,773,1
65,61317,2,1,0,trial.invalid,988,1
65,61317,1,2,800,trial.validspatial,987,1
65,61317,1,2,800,trial.doublecue,815,1
65,61317,2,1,400,trial.validspatial,466,1
65,61317,1,1,800,trial.validspatial,822,1
65,61317,1,2,800,trial.validspatial,1006,0
65,61317,1,1,0,trial.validspatial,527,0
65,61317,1,2,400,trial.validspatial,806,0
65,61317,2,1,400,trial.invalid,772,0
65,61317,2,1,0,trial.invalid,617,0
65,61317,2,2,NaN,trial.nocue,956,0
65,61317,1,1,800,trial.validspatial,570,0
65,61317,2,2,400,trial.validspatial,787,0
65,61317,2,1,NaN,trial.nocue,1026,0
65,61317,1,1,400,trial.validspatial,1065,1
65,61317,1,2,NaN,trial.nocue,749,1
65,61317,1,2,0,trial.validspatial,779,1
65,61317,1,2,800,trial.validspatial,758,1
65,61317,1,1,0,trial.validspatial,823,1
65,61317,1,1,400,trial.validspatial,1144,1
