subject,date,location_congruence_val,flanker_congruence_val,cue_target_interval,cue_condition,latency,values.correct
51,61317,1,1,0,trial.validspatial,442,1
51,61317,1,2,0,trial.invalid,799,0
51,61317,1,2,800,trial.validspatial,632,0
51,61317,1,2,400,trial.validspatial,930,0
51,61317,1,2,400,trial.doublecue,1332,0
51,61317,2,2,400,trial.validspatial,585,0
51,61317,2,1,400,trial.doublecue,599,1
51,61317,2,1,0,trial.validspatial,605,0
51,61317,2,1,400,trial.validspatial,722,1
51,61317,1,2,800,trial.validspatial,876,0
51,61317,1,1,800,trial.invalid,1212,1
51,61317,2,1,400,trial.validspatial,636,1
51,61317,2,1,800,trial.validspatial,697,1
51,61317,2,2,0,trial.validspatial,1700,0
51,61317,1,2,0,trial.validspatial,1071,0
51,61317,1,1,400,trial.validspatial,600,1
51,61317,1,1,NaN,trial.nocue,690,1
51,61317,1,2,0,trial.validspatial,913,0
51,61317,1,1,NaN,trial.nocue,769,1
51,61317,2,2,0,trial.validspatial,1003,0
51,61317,2,1,800,trial.invalid,466,0
51,61317,2,2,NaN,trial.nocue,912,0
51,61317,1,2,400,trial.invalid,793,0
51,61317,2,2,0,trial.doublecue,810,0
51,61317,1,2,NaN,trial.nocue,644,0
51,61317,1,1,400,trial.validspatial,664,1
51,61317,1,1,800,trial.validspatial,636,1
51,61317,2,1,NaN,trial.nocue,557,1
51,61317,1,1,800,trial.doublecue,849,1
51,61317,2,2,0,trial.doublecue,858,0
51,61317,1,1,0,trial.invalid,577,1
51,61317,1,1,0,trial.invalid,461,1
51,61317,2,1,0,trial.validspatial,594,1
51,61317,2,1,0,trial.validspatial,622,1
51,61317,1,1,400,trial.doublecue,482,1
51,61317,2,2,800,trial.validspatial,1140,0
51,61317,2,2,800,trial.validspatial,707,0
51,61317,2,2,0,trial.validspatial,710,0
51,61317,1,2,400,trial.validspatial,783,1
51,61317,2,2,800,trial.invalid,1168,0
51,61317,1,2,0,trial.invalid,1307,0
51,61317,2,1,400,trial.validspatial,649,1
51,61317,2,1,400,trial.validspatial,626,1
51,61317,2,1,NaN,trial.nocue,622,1
51,61317,2,2,NaN,trial.nocue,797,1
51,61317,2,1,NaN,trial.nocue,913,1
51,61317,1,1,800,trial.validspatial,565,1
51,61317,1,1,NaN,trial.nocue,539,1
51,61317,2,1,800,trial.doublecue,561,1
51,61317,2,2,NaN,trial.nocue,453,0
51,61317,1,2,400,trial.validspatial,757,0
51,61317,1,1,400,trial.doublecue,661,1
51,61317,2,2,400,trial.invalid,747,0
51,61317,1,1,NaN,trial.nocue,509,1
51,61317,2,1,800,trial.validspatial,552,1
51,61317,2,2,0,trial.validspatial,796,0
51,61317,2,1,800,trial.doublecue,603,1
51,61317,2,1,400,trial.validspatial,557,1
51,61317,2,2,400,trial.validspatial,497,0
51,61317,2,1,0,trial.doublecue,771,1
51,61317,2,2,400,trial.validspatial,1104,0
51,61317,2,2,400,trial.invalid,1016,0
51,61317,2,2,800,trial.doublecue,1219,0
51,61317,1,2,400,trial.doublecue,1113,0
51,61317,1,2,0,trial.validspatial,1371,0
51,61317,1,2,NaN,trial.nocue,1076,0
51,61317,1,1,800,trial.invalid,720,1
51,61317,2,2,800,trial.validspatial,675,0
51,61317,2,1,800,trial.validspatial,805,1
51,61317,2,1,0,trial.validspatial,908,1
51,61317,2,2,NaN,trial.nocue,689,0
51,61317,2,2,800,trial.validspatial,636,0
51,61317,1,1,400,trial.validspatial,545,1
51,61317,1,2,800,trial.invalid,723,0
51,61317,2,2,0,trial.validspatial,765,0
51,61317,2,2,800,trial.validspatial,428,0
51,61317,1,1,800,trial.validspatial,534,1
51,61317,2,1,NaN,trial.nocue,683,1
51,61317,1,2,NaN,trial.nocue,764,0
51,61317,1,2,800,trial.validspatial,717,0
51,61317,1,2,0,trial.validspatial,639,0
51,61317,2,2,0,trial.invalid,461,0
51,61317,1,1,NaN,trial.nocue,650,1
51,61317,2,2,800,trial.validspatial,410,0
51,61317,2,1,800,trial.validspatial,1126,1
51,61317,2,1,0,trial.validspatial,1303,1
51,61317,1,1,800,trial.doublecue,576,1
51,61317,2,2,800,trial.invalid,1700,0
51,61317,1,2,400,trial.validspatial,1001,0
51,61317,2,1,800,trial.validspatial,584,1
51,61317,1,2,400,trial.invalid,1100,1
51,61317,1,1,800,trial.validspatial,868,1
51,61317,2,2,400,trial.doublecue,1700,0
51,61317,1,1,0,trial.validspatial,589,1
51,61317,2,1,NaN,trial.nocue,538,1
51,61317,2,1,400,trial.invalid,692,1
51,61317,1,2,800,trial.invalid,1022,0
51,61317,1,2,0,trial.doublecue,716,0
51,61317,1,1,400,trial.validspatial,579,1
51,61317,1,2,400,trial.validspatial,598,0
51,61317,1,1,0,trial.doublecue,520,1
51,61317,1,1,0,trial.doublecue,574,1
51,61317,1,2,NaN,trial.nocue,768,0
51,61317,2,1,400,trial.doublecue,1178,1
51,61317,2,2,400,trial.validspatial,1700,0
51,61317,2,2,800,trial.doublecue,649,0
51,61317,2,2,NaN,trial.nocue,1153,0
51,61317,1,2,NaN,trial.nocue,1254,0
51,61317,1,2,0,trial.doublecue,715,0
51,61317,2,1,800,trial.invalid,763,1
51,61317,1,2,0,trial.validspatial,661,0
51,61317,1,1,0,trial.validspatial,788,1
51,61317,2,1,0,trial.validspatial,705,1
51,61317,1,1,400,trial.invalid,740,1
51,61317,1,2,800,trial.doublecue,650,0
51,61317,2,2,0,trial.validspatial,541,0
51,61317,2,2,0,trial.invalid,933,0
51,61317,1,1,0,trial.validspatial,451,1
51,61317,1,1,400,trial.invalid,645,1
51,61317,2,1,800,trial.validspatial,613,1
51,61317,2,2,400,trial.doublecue,507,0
51,61317,2,1,0,trial.doublecue,1700,0
51,61317,2,2,400,trial.validspatial,658,0
51,61317,1,1,NaN,trial.nocue,568,1
51,61317,2,1,0,trial.invalid,703,1
51,61317,1,2,800,trial.validspatial,543,0
51,61317,1,2,800,trial.doublecue,596,0
51,61317,2,1,400,trial.validspatial,607,1
51,61317,1,1,800,trial.validspatial,536,1
51,61317,1,2,800,trial.validspatial,694,0
51,61317,1,1,0,trial.validspatial,579,1
51,61317,1,2,400,trial.validspatial,948,0
51,61317,2,1,400,trial.invalid,1554,1
51,61317,2,1,0,trial.invalid,788,1
51,61317,2,2,NaN,trial.nocue,1156,0
51,61317,1,1,800,trial.validspatial,520,1
51,61317,2,2,400,trial.validspatial,920,0
51,61317,2,1,NaN,trial.nocue,641,1
51,61317,1,1,400,trial.validspatial,431,1
51,61317,1,2,NaN,trial.nocue,694,0
51,61317,1,2,0,trial.validspatial,538,0
51,61317,1,2,800,trial.validspatial,446,0
51,61317,1,1,0,trial.validspatial,1057,1
51,61317,1,1,400,trial.validspatial,541,1
51,61317,1,1,0,trial.validspatial,624,1
51,61317,1,2,0,trial.invalid,687,0
51,61317,1,2,800,trial.validspatial,597,0
51,61317,1,2,400,trial.validspatial,512,0
51,61317,1,2,400,trial.doublecue,449,1
51,61317,2,2,400,trial.validspatial,935,0
51,61317,2,1,400,trial.doublecue,773,1
51,61317,2,1,0,trial.validspatial,587,1
51,61317,2,1,400,trial.validspatial,601,1
51,61317,1,2,800,trial.validspatial,611,0
51,61317,1,1,800,trial.invalid,724,1
51,61317,2,1,400,trial.validspatial,643,1
51,61317,2,1,800,trial.validspatial,481,1
51,61317,2,2,0,trial.validspatial,720,0
51,61317,1,2,0,trial.validspatial,661,0
51,61317,1,1,400,trial.validspatial,682,1
51,61317,1,1,NaN,trial.nocue,692,1
51,61317,1,2,0,trial.validspatial,1203,0
51,61317,1,1,NaN,trial.nocue,579,1
51,61317,2,2,0,trial.validspatial,437,0
51,61317,2,1,800,trial.invalid,625,1
51,61317,2,2,NaN,trial.nocue,607,0
51,61317,1,2,400,trial.invalid,993,0
51,61317,2,2,0,trial.doublecue,1700,0
51,61317,1,2,NaN,trial.nocue,1484,0
51,61317,1,1,400,trial.validspatial,608,1
51,61317,1,1,800,trial.validspatial,532,1
51,61317,2,1,NaN,trial.nocue,646,1
51,61317,1,1,800,trial.doublecue,617,1
51,61317,2,2,0,trial.doublecue,770,0
51,61317,1,1,0,trial.invalid,537,1
51,61317,1,1,0,trial.invalid,564,1
51,61317,2,1,0,trial.validspatial,731,1
51,61317,2,1,0,trial.validspatial,1700,0
51,61317,1,1,400,trial.doublecue,791,0
51,61317,2,2,800,trial.validspatial,1016,0
51,61317,2,2,800,trial.validspatial,791,0
51,61317,2,2,0,trial.validspatial,634,0
51,61317,1,2,400,trial.validspatial,1008,0
51,61317,2,2,800,trial.invalid,1074,0
51,61317,1,2,0,trial.invalid,1213,0
51,61317,2,1,400,trial.validspatial,907,1
51,61317,2,1,400,trial.validspatial,788,1
51,61317,2,1,NaN,trial.nocue,896,1
51,61317,2,2,NaN,trial.nocue,1205,0
51,61317,2,1,NaN,trial.nocue,746,1
51,61317,1,1,800,trial.validspatial,540,1
51,61317,1,1,NaN,trial.nocue,564,1
51,61317,2,1,800,trial.doublecue,761,1
51,61317,2,2,NaN,trial.nocue,1005,0
51,61317,1,2,400,trial.validspatial,1118,0
51,61317,1,1,400,trial.doublecue,1053,1
51,61317,2,2,400,trial.invalid,1044,0
51,61317,1,1,NaN,trial.nocue,918,1
51,61317,2,1,800,trial.validspatial,672,1
51,61317,2,2,0,trial.validspatial,948,0
51,61317,2,1,800,trial.doublecue,898,1
51,61317,2,1,400,trial.validspatial,516,1
51,61317,2,2,400,trial.validspatial,457,0
51,61317,2,1,0,trial.doublecue,652,1
51,61317,2,2,400,trial.validspatial,708,1
51,61317,2,2,400,trial.invalid,956,0
51,61317,2,2,800,trial.doublecue,1047,0
51,61317,1,2,400,trial.doublecue,1532,0
51,61317,1,2,0,trial.validspatial,1214,0
51,61317,1,2,NaN,trial.nocue,887,0
51,61317,1,1,800,trial.invalid,1091,1
51,61317,2,2,800,trial.validspatial,1510,0
51,61317,2,1,800,trial.validspatial,727,1
51,61317,2,1,0,trial.validspatial,767,1
51,61317,2,2,NaN,trial.nocue,964,0
51,61317,2,2,800,trial.validspatial,653,0
51,61317,1,1,400,trial.validspatial,1700,0
51,61317,1,2,800,trial.invalid,737,1
51,61317,2,2,0,trial.validspatial,789,0
51,61317,2,2,800,trial.validspatial,638,0
51,61317,1,1,800,trial.validspatial,504,0
51,61317,2,1,NaN,trial.nocue,954,0
51,61317,1,2,NaN,trial.nocue,783,0
51,61317,1,2,800,trial.validspatial,653,1
51,61317,1,2,0,trial.validspatial,643,1
51,61317,2,2,0,trial.invalid,627,1
51,61317,1,1,NaN,trial.nocue,1700,0
51,61317,2,2,800,trial.validspatial,1454,1
51,61317,2,1,800,trial.validspatial,957,1
51,61317,2,1,0,trial.validspatial,811,1
51,61317,1,1,800,trial.doublecue,1700,0
51,61317,2,2,800,trial.invalid,1457,0
51,61317,1,2,400,trial.validspatial,618,1
51,61317,2,1,800,trial.validspatial,804,1
51,61317,1,2,400,trial.invalid,770,0
51,61317,1,1,800,trial.validspatial,675,1
51,61317,2,2,400,trial.doublecue,1448,0
51,61317,1,1,0,trial.validspatial,575,1
51,61317,2,1,NaN,trial.nocue,989,0
51,61317,2,1,400,trial.invalid,1061,0
51,61317,1,2,800,trial.invalid,662,0
51,61317,1,2,0,trial.doublecue,556,0
51,61317,1,1,400,trial.validspatial,575,1
51,61317,1,2,400,trial.validspatial,532,1
51,61317,1,1,0,trial.doublecue,613,1
51,61317,1,1,0,trial.doublecue,601,1
51,61317,1,2,NaN,trial.nocue,530,0
51,61317,2,1,400,trial.doublecue,656,1
51,61317,2,2,400,trial.validspatial,527,1
51,61317,2,2,800,trial.doublecue,597,1
51,61317,2,2,NaN,trial.nocue,610,1
51,61317,1,2,NaN,trial.nocue,549,1
51,61317,1,2,0,trial.doublecue,534,0
51,61317,2,1,800,trial.invalid,388,0
51,61317,1,2,0,trial.validspatial,584,0
51,61317,1,1,0,trial.validspatial,780,0
51,61317,2,1,0,trial.validspatial,749,0
51,61317,1,1,400,trial.invalid,632,0
51,61317,1,2,800,trial.doublecue,416,1
51,61317,2,2,0,trial.validspatial,491,1
51,61317,2,2,0,trial.invalid,758,1
51,61317,1,1,0,trial.validspatial,875,1
51,61317,1,1,400,trial.invalid,735,1
51,61317,2,1,800,trial.validspatial,705,1
51,61317,2,2,400,trial.doublecue,537,1
51,61317,2,1,0,trial.doublecue,558,1
51,61317,2,2,400,trial.validspatial,514,0
51,61317,1,1,NaN,trial.nocue,674,0
51,61317,2,1,0,trial.invalid,818,1
51,61317,1,2,800,trial.validspatial,1700,0
51,61317,1,2,800,trial.doublecue,730,1
51,61317,2,1,400,trial.validspatial,724,1
51,61317,1,1,800,trial.validspatial,1096,0
51,61317,1,2,800,trial.validspatial,695,1
51,61317,1,1,0,trial.validspatial,585,1
51,61317,1,2,400,trial.validspatial,605,0
51,61317,2,1,400,trial.invalid,672,1
51,61317,2,1,0,trial.invalid,937,0
51,61317,2,2,NaN,trial.nocue,737,0
51,61317,1,1,800,trial.validspatial,428,0
51,61317,2,2,400,trial.validspatial,642,0
51,61317,2,1,NaN,trial.nocue,629,0
51,61317,1,1,400,trial.validspatial,553,0
51,61317,1,2,NaN,trial.nocue,540,1
51,61317,1,2,0,trial.validspatial,479,0
51,61317,1,2,800,trial.validspatial,673,1
51,61317,1,1,0,trial.validspatial,665,1
51,61317,1,1,400,trial.validspatial,650,0
