subject,date,location_congruence_val,flanker_congruence_val,cue_target_interval,cue_condition,latency,values.correct
371,63017,1,1,0,trial.validspatial,135,0
371,63017,1,2,0,trial.invalid,1700,0
371,63017,1,2,800,trial.validspatial,1700,0
371,63017,1,2,400,trial.validspatial,875,1
371,63017,1,2,400,trial.doublecue,754,1
371,63017,2,2,400,trial.validspatial,331,0
371,63017,2,1,400,trial.doublecue,1056,0
371,63017,2,1,0,trial.validspatial,57,0
371,63017,2,1,400,trial.validspatial,7,1
371,63017,1,2,800,trial.validspatial,40,1
371,63017,1,1,800,trial.invalid,61,0
371,63017,2,1,400,trial.validspatial,98,1
371,63017,2,1,800,trial.validspatial,60,1
371,63017,2,2,0,trial.validspatial,1700,0
371,63017,1,2,0,trial.validspatial,1700,0
371,63017,1,1,400,trial.validspatial,1700,0
371,63017,1,1,NaN,trial.nocue,1700,0
371,63017,1,2,0,trial.validspatial,1700,0
371,63017,1,1,NaN,trial.nocue,1700,0
371,63017,2,2,0,trial.validspatial,1700,0
371,63017,2,1,800,trial.invalid,1700,0
371,63017,2,2,NaN,trial.nocue,1700,0
371,63017,1,2,400,trial.invalid,1700,0
371,63017,2,2,0,trial.doublecue,1700,0
371,63017,1,2,NaN,trial.nocue,1700,0
371,63017,1,1,400,trial.validspatial,1700,0
371,63017,1,1,800,trial.validspatial,1700,0
371,63017,2,1,NaN,trial.nocue,1700,0
371,63017,1,1,800,trial.doublecue,1700,0
371,63017,2,2,0,trial.doublecue,1700,0
371,63017,1,1,0,trial.invalid,1700,0
371,63017,1,1,0,trial.invalid,1700,0
371,63017,2,1,0,trial.validspatial,1700,0
371,63017,2,1,0,trial.validspatial,1700,0
371,63017,1,1,400,trial.doublecue,1700,0
371,63017,2,2,800,trial.validspatial,1700,0
371,63017,2,2,800,trial.validspatial,1700,0
371,63017,2,2,0,trial.validspatial,1700,0
371,63017,1,2,400,trial.validspatial,1700,0
371,63017,2,2,800,trial.invalid,1700,0
371,63017,1,2,0,trial.invalid,1700,0
371,63017,2,1,400,trial.validspatial,1700,0
371,63017,2,1,400,trial.validspatial,1700,0
371,63017,2,1,NaN,trial.nocue,1700,0
371,63017,2,2,NaN,trial.nocue,1700,0
371,63017,2,1,NaN,trial.nocue,1700,0
371,63017,1,1,800,trial.validspatial,1700,0
371,63017,1,1,NaN,trial.nocue,1700,0
371,63017,2,1,800,trial.doublecue,1700,0
371,63017,2,2,NaN,trial.nocue,1700,0
371,63017,1,2,400,trial.validspatial,1700,0
371,63017,1,1,400,trial.doublecue,1700,0
371,63017,2,2,400,trial.invalid,1700,0
371,63017,1,1,NaN,trial.nocue,1700,0
371,63017,2,1,800,trial.validspatial,1700,0
371,63017,2,2,0,trial.validspatial,1700,0
371,63017,2,1,800,trial.doublecue,1700,0
371,63017,2,1,400,trial.validspatial,1700,0
371,63017,2,2,400,trial.validspatial,1700,0
371,63017,2,1,0,trial.doublecue,1700,0
371,63017,2,2,400,trial.validspatial,1700,0
371,63017,2,2,400,trial.invalid,1700,0
371,63017,2,2,800,trial.doublecue,1700,0
371,63017,1,2,400,trial.doublecue,1700,0
371,63017,1,2,0,trial.validspatial,1700,0
371,63017,1,2,NaN,trial.nocue,1700,0
371,63017,1,1,800,trial.invalid,1700,0
371,63017,2,2,800,trial.validspatial,1700,0
371,63017,2,1,800,trial.validspatial,1700,0
371,63017,2,1,0,trial.validspatial,1700,0
371,63017,2,2,NaN,trial.nocue,1700,0
371,63017,2,2,800,trial.validspatial,1700,0
371,63017,1,1,400,trial.validspatial,1700,0
371,63017,1,2,800,trial.invalid,1700,0
371,63017,2,2,0,trial.validspatial,1700,0
371,63017,2,2,800,trial.validspatial,1700,0
371,63017,1,1,800,trial.validspatial,1700,0
371,63017,2,1,NaN,trial.nocue,1700,0
371,63017,1,2,NaN,trial.nocue,1700,0
371,63017,1,2,800,trial.validspatial,1700,0
371,63017,1,2,0,trial.validspatial,1700,0
371,63017,2,2,0,trial.invalid,1700,0
371,63017,1,1,NaN,trial.nocue,1700,0
371,63017,2,2,800,trial.validspatial,1700,0
371,63017,2,1,800,trial.validspatial,1700,0
371,63017,2,1,0,trial.validspatial,1700,0
371,63017,1,1,800,trial.doublecue,1700,0
371,63017,2,2,800,trial.invalid,1700,0
371,63017,1,2,400,trial.validspatial,1700,0
371,63017,2,1,800,trial.validspatial,1700,0
371,63017,1,2,400,trial.invalid,1700,0
371,63017,1,1,800,trial.validspatial,1700,0
371,63017,2,2,400,trial.doublecue,1700,0
371,63017,1,1,0,trial.validspatial,1700,0
371,63017,2,1,NaN,trial.nocue,1700,0
371,63017,2,1,400,trial.invalid,1700,0
371,63017,1,2,800,trial.invalid,1700,0
371,63017,1,2,0,trial.doublecue,1700,0
371,63017,1,1,400,trial.validspatial,1700,0
371,63017,1,2,400,trial.validspatial,1700,0
371,63017,1,1,0,trial.doublecue,1700,0
371,63017,1,1,0,trial.doublecue,1700,0
371,63017,1,2,NaN,trial.nocue,1700,0
371,63017,2,1,400,trial.doublecue,1700,0
371,63017,2,2,400,trial.validspatial,1700,0
371,63017,2,2,800,trial.doublecue,1700,0
371,63017,2,2,NaN,trial.nocue,1700,0
371,63017,1,2,NaN,trial.nocue,1700,0
371,63017,1,2,0,trial.doublecue,1700,0
371,63017,2,1,800,trial.invalid,1700,0
371,63017,1,2,0,trial.validspatial,1700,0
371,63017,1,1,0,trial.validspatial,1700,0
371,63017,2,1,0,trial.validspatial,1700,0
371,63017,1,1,400,trial.invalid,1700,0
371,63017,1,2,800,trial.doublecue,1700,0
371,63017,2,2,0,trial.validspatial,1700,0
371,63017,2,2,0,trial.invalid,1700,0
371,63017,1,1,0,trial.validspatial,1700,0
371,63017,1,1,400,trial.invalid,1700,0
371,63017,2,1,800,trial.validspatial,1700,0
371,63017,2,2,400,trial.doublecue,1700,0
371,63017,2,1,0,trial.doublecue,1700,0
371,63017,2,2,400,trial.validspatial,1700,0
371,63017,1,1,NaN,trial.nocue,1700,0
371,63017,2,1,0,trial.invalid,1700,0
371,63017,1,2,800,trial.validspatial,1700,0
371,63017,1,2,800,trial.doublecue,1700,0
371,63017,2,1,400,trial.validspatial,1700,0
371,63017,1,1,800,trial.validspatial,1700,0
371,63017,1,2,800,trial.validspatial,1700,0
371,63017,1,1,0,trial.validspatial,1700,0
371,63017,1,2,400,trial.validspatial,1700,0
371,63017,2,1,400,trial.invalid,1700,0
371,63017,2,1,0,trial.invalid,1700,0
371,63017,2,2,NaN,trial.nocue,1700,0
371,63017,1,1,800,trial.validspatial,1700,0
371,63017,2,2,400,trial.validspatial,1700,0
371,63017,2,1,NaN,trial.nocue,1700,0
371,63017,1,1,400,trial.validspatial,1700,0
371,63017,1,2,NaN,trial.nocue,1700,0
371,63017,1,2,0,trial.validspatial,1700,0
371,63017,1,2,800,trial.validspatial,1700,0
371,63017,1,1,0,trial.validspatial,1700,0
371,63017,1,1,400,trial.validspatial,1700,0
371,63017,1,1,0,trial.validspatial,1700,0
371,63017,1,2,0,trial.invalid,1700,0
371,63017,1,2,800,trial.validspatial,1700,0
371,63017,1,2,400,trial.validspatial,1700,0
371,63017,1,2,400,trial.doublecue,1700,0
371,63017,2,2,400,trial.validspatial,1700,0
371,63017,2,1,400,trial.doublecue,1700,0
371,63017,2,1,0,trial.validspatial,1700,0
371,63017,2,1,400,trial.validspatial,1700,0
371,63017,1,2,800,trial.validspatial,1700,0
371,63017,1,1,800,trial.invalid,1700,0
371,63017,2,1,400,trial.validspatial,1700,0
371,63017,2,1,800,trial.validspatial,1700,0
371,63017,2,2,0,trial.validspatial,1700,0
371,63017,1,2,0,trial.validspatial,1700,0
371,63017,1,1,400,trial.validspatial,1700,0
371,63017,1,1,NaN,trial.nocue,1700,0
371,63017,1,2,0,trial.validspatial,1700,0
371,63017,1,1,NaN,trial.nocue,1700,0
371,63017,2,2,0,trial.validspatial,1700,0
371,63017,2,1,800,trial.invalid,1700,0
371,63017,2,2,NaN,trial.nocue,1700,0
371,63017,1,2,400,trial.invalid,1700,0
371,63017,2,2,0,trial.doublecue,1700,0
371,63017,1,2,NaN,trial.nocue,1700,0
371,63017,1,1,400,trial.validspatial,1700,0
371,63017,1,1,800,trial.validspatial,1700,0
371,63017,2,1,NaN,trial.nocue,1700,0
371,63017,1,1,800,trial.doublecue,1700,0
371,63017,2,2,0,trial.doublecue,1700,0
371,63017,1,1,0,trial.invalid,1700,0
371,63017,1,1,0,trial.invalid,1700,0
371,63017,2,1,0,trial.validspatial,1700,0
371,63017,2,1,0,trial.validspatial,1700,0
371,63017,1,1,400,trial.doublecue,1700,0
371,63017,2,2,800,trial.validspatial,1700,0
371,63017,2,2,800,trial.validspatial,1700,0
371,63017,2,2,0,trial.validspatial,1700,0
371,63017,1,2,400,trial.validspatial,1700,0
371,63017,2,2,800,trial.invalid,1700,0
371,63017,1,2,0,trial.invalid,1700,0
371,63017,2,1,400,trial.validspatial,1700,0
371,63017,2,1,400,trial.validspatial,1700,0
371,63017,2,1,NaN,trial.nocue,1700,0
371,63017,2,2,NaN,trial.nocue,1700,0
371,63017,2,1,NaN,trial.nocue,1700,0
371,63017,1,1,800,trial.validspatial,1700,0
371,63017,1,1,NaN,trial.nocue,1700,0
371,63017,2,1,800,trial.doublecue,1700,0
371,63017,2,2,NaN,trial.nocue,1700,0
371,63017,1,2,400,trial.validspatial,1700,0
371,63017,1,1,400,trial.doublecue,1700,0
371,63017,2,2,400,trial.invalid,1700,0
371,63017,1,1,NaN,trial.nocue,1700,0
371,63017,2,1,800,trial.validspatial,1700,0
371,63017,2,2,0,trial.validspatial,1700,0
371,63017,2,1,800,trial.doublecue,1700,0
371,63017,2,1,400,trial.validspatial,1700,0
371,63017,2,2,400,trial.validspatial,1700,0
371,63017,2,1,0,trial.doublecue,1700,0
371,63017,2,2,400,trial.validspatial,1700,0
371,63017,2,2,400,trial.invalid,1700,0
371,63017,2,2,800,trial.doublecue,1700,0
371,63017,1,2,400,trial.doublecue,1700,0
371,63017,1,2,0,trial.validspatial,1700,0
371,63017,1,2,NaN,trial.nocue,1700,0
371,63017,1,1,800,trial.invalid,1700,0
371,63017,2,2,800,trial.validspatial,1700,0
371,63017,2,1,800,trial.validspatial,1700,0
371,63017,2,1,0,trial.validspatial,1700,0
371,63017,2,2,NaN,trial.nocue,1700,0
371,63017,2,2,800,trial.validspatial,1700,0
371,63017,1,1,400,trial.validspatial,1700,0
371,63017,1,2,800,trial.invalid,1700,0
371,63017,2,2,0,trial.validspatial,1700,0
371,63017,2,2,800,trial.validspatial,1700,0
371,63017,1,1,800,trial.validspatial,1700,0
371,63017,2,1,NaN,trial.nocue,1700,0
371,63017,1,2,NaN,trial.nocue,1700,0
371,63017,1,2,800,trial.validspatial,1700,0
371,63017,1,2,0,trial.validspatial,1700,0
371,63017,2,2,0,trial.invalid,1700,0
371,63017,1,1,NaN,trial.nocue,1700,0
371,63017,2,2,800,trial.validspatial,1700,0
371,63017,2,1,800,trial.validspatial,1700,0
371,63017,2,1,0,trial.validspatial,1700,0
371,63017,1,1,800,trial.doublecue,1700,0
371,63017,2,2,800,trial.invalid,1700,0
371,63017,1,2,400,trial.validspatial,1700,0
371,63017,2,1,800,trial.validspatial,1700,0
371,63017,1,2,400,trial.invalid,1700,0
371,63017,1,1,800,trial.validspatial,1700,0
371,63017,2,2,400,trial.doublecue,1700,0
371,63017,1,1,0,trial.validspatial,1700,0
371,63017,2,1,NaN,trial.nocue,1700,0
371,63017,2,1,400,trial.invalid,1700,0
371,63017,1,2,800,trial.invalid,1700,0
371,63017,1,2,0,trial.doublecue,1700,0
371,63017,1,1,400,trial.validspatial,1700,0
371,63017,1,2,400,trial.validspatial,1700,0
371,63017,1,1,0,trial.doublecue,1700,0
371,63017,1,1,0,trial.doublecue,1700,0
371,63017,1,2,NaN,trial.nocue,1700,0
371,63017,2,1,400,trial.doublecue,1700,0
371,63017,2,2,400,trial.validspatial,1700,0
371,63017,2,2,800,trial.doublecue,1700,0
371,63017,2,2,NaN,trial.nocue,1700,0
371,63017,1,2,NaN,trial.nocue,1700,0
371,63017,1,2,0,trial.doublecue,1700,0
371,63017,2,1,800,trial.invalid,1700,0
371,63017,1,2,0,trial.validspatial,1700,0
371,63017,1,1,0,trial.validspatial,1700,0
371,63017,2,1,0,trial.validspatial,1700,0
371,63017,1,1,400,trial.invalid,1700,0
371,63017,1,2,800,trial.doublecue,1700,0
371,63017,2,2,0,trial.validspatial,1700,0
371,63017,2,2,0,trial.invalid,1700,0
371,63017,1,1,0,trial.validspatial,1700,0
371,63017,1,1,400,trial.invalid,1700,0
371,63017,2,1,800,trial.validspatial,1700,0
371,63017,2,2,400,trial.doublecue,1700,0
371,63017,2,1,0,trial.doublecue,1700,0
371,63017,2,2,400,trial.validspatial,1700,0
371,63017,1,1,NaN,trial.nocue,1700,0
371,63017,2,1,0,trial.invalid,1700,0
371,63017,1,2,800,trial.validspatial,1700,0
371,63017,1,2,800,trial.doublecue,1700,0
371,63017,2,1,400,trial.validspatial,1700,0
371,63017,1,1,800,trial.validspatial,1700,0
371,63017,1,2,800,trial.validspatial,1700,0
371,63017,1,1,0,trial.validspatial,1700,0
371,63017,1,2,400,trial.validspatial,1700,0
371,63017,2,1,400,trial.invalid,1700,0
371,63017,2,1,0,trial.invalid,1700,0
371,63017,2,2,NaN,trial.nocue,1700,0
371,63017,1,1,800,trial.validspatial,1700,0
371,63017,2,2,400,trial.validspatial,1700,0
371,63017,2,1,NaN,trial.nocue,1700,0
371,63017,1,1,400,trial.validspatial,1700,0
371,63017,1,2,NaN,trial.nocue,1700,0
371,63017,1,2,0,trial.validspatial,1700,0
371,63017,1,2,800,trial.validspatial,1700,0
371,63017,1,1,0,trial.validspatial,1700,0
371,63017,1,1,400,trial.validspatial,1700,0
