subject,date,location_congruence_val,flanker_congruence_val,cue_target_interval,cue_condition,latency,values.correct
10,80717,1,1,0,trial.validspatial,1031,1
10,80717,1,2,0,trial.invalid,899,1
10,80717,1,2,800,trial.validspatial,571,1
10,80717,1,2,400,trial.validspatial,701,1
10,80717,1,2,400,trial.doublecue,986,1
10,80717,2,2,400,trial.validspatial,613,1
10,80717,2,1,400,trial.doublecue,902,1
10,80717,2,1,0,trial.validspatial,530,1
10,80717,2,1,400,trial.validspatial,398,1
10,80717,1,2,800,trial.validspatial,552,1
10,80717,1,1,800,trial.invalid,686,1
10,80717,2,1,400,trial.validspatial,538,1
10,80717,2,1,800,trial.validspatial,412,1
10,80717,2,2,0,trial.validspatial,759,1
10,80717,1,2,0,trial.validspatial,701,1
10,80717,1,1,400,trial.validspatial,365,1
10,80717,1,1,NaN,trial.nocue,628,1
10,80717,1,2,0,trial.validspatial,641,1
10,80717,1,1,NaN,trial.nocue,610,1
10,80717,2,2,0,trial.validspatial,657,0
10,80717,2,1,800,trial.invalid,1349,1
10,80717,2,2,NaN,trial.nocue,730,1
10,80717,1,2,400,trial.invalid,1024,1
10,80717,2,2,0,trial.doublecue,743,0
10,80717,1,2,NaN,trial.nocue,727,1
10,80717,1,1,400,trial.validspatial,705,1
10,80717,1,1,800,trial.validspatial,364,1
10,80717,2,1,NaN,trial.nocue,571,1
10,80717,1,1,800,trial.doublecue,649,1
10,80717,2,2,0,trial.doublecue,689,1
10,80717,1,1,0,trial.invalid,562,1
10,80717,1,1,0,trial.invalid,502,1
10,80717,2,1,0,trial.validspatial,450,1
10,80717,2,1,0,trial.validspatial,544,1
10,80717,1,1,400,trial.doublecue,521,1
10,80717,2,2,800,trial.validspatial,479,1
10,80717,2,2,800,trial.validspatial,506,1
10,80717,2,2,0,trial.validspatial,635,1
10,80717,1,2,400,trial.validspatial,690,1
10,80717,2,2,800,trial.invalid,633,1
10,80717,1,2,0,trial.invalid,792,1
10,80717,2,1,400,trial.validspatial,1002,1
10,80717,2,1,400,trial.validspatial,645,1
10,80717,2,1,NaN,trial.nocue,1016,1
10,80717,2,2,NaN,trial.nocue,722,1
10,80717,2,1,NaN,trial.nocue,773,1
10,80717,1,1,800,trial.validspatial,593,1
10,80717,1,1,NaN,trial.nocue,748,1
10,80717,2,1,800,trial.doublecue,576,1
10,80717,2,2,NaN,trial.nocue,559,1
10,80717,1,2,400,trial.validspatial,477,1
10,80717,1,1,400,trial.doublecue,682,1
10,80717,2,2,400,trial.invalid,807,1
10,80717,1,1,NaN,trial.nocue,590,1
10,80717,2,1,800,trial.validspatial,540,1
10,80717,2,2,0,trial.validspatial,707,1
10,80717,2,1,800,trial.doublecue,558,1
10,80717,2,1,400,trial.validspatial,468,1
10,80717,2,2,400,trial.validspatial,533,1
10,80717,2,1,0,trial.doublecue,555,1
10,80717,2,2,400,trial.validspatial,484,1
10,80717,2,2,400,trial.invalid,764,1
10,80717,2,2,800,trial.doublecue,630,1
10,80717,1,2,400,trial.doublecue,587,1
10,80717,1,2,0,trial.validspatial,1019,1
10,80717,1,2,NaN,trial.nocue,1309,0
10,80717,1,1,800,trial.invalid,823,1
10,80717,2,2,800,trial.validspatial,479,1
10,80717,2,1,800,trial.validspatial,552,1
10,80717,2,1,0,trial.validspatial,565,1
10,80717,2,2,NaN,trial.nocue,449,0
10,80717,2,2,800,trial.validspatial,547,1
10,80717,1,1,400,trial.validspatial,426,1
10,80717,1,2,800,trial.invalid,745,1
10,80717,2,2,0,trial.validspatial,455,0
10,80717,2,2,800,trial.validspatial,555,1
10,80717,1,1,800,trial.validspatial,394,1
10,80717,2,1,NaN,trial.nocue,511,1
10,80717,1,2,NaN,trial.nocue,558,1
10,80717,1,2,800,trial.validspatial,419,1
10,80717,1,2,0,trial.validspatial,661,1
10,80717,2,2,0,trial.invalid,769,1
10,80717,1,1,NaN,trial.nocue,641,1
10,80717,2,2,800,trial.validspatial,607,1
10,80717,2,1,800,trial.validspatial,440,1
10,80717,2,1,0,trial.validspatial,512,1
10,80717,1,1,800,trial.doublecue,471,1
10,80717,2,2,800,trial.invalid,414,0
10,80717,1,2,400,trial.validspatial,684,1
10,80717,2,1,800,trial.validspatial,435,1
10,80717,1,2,400,trial.invalid,667,1
10,80717,1,1,800,trial.validspatial,366,1
10,80717,2,2,400,trial.doublecue,718,1
10,80717,1,1,0,trial.validspatial,470,1
10,80717,2,1,NaN,trial.nocue,583,1
10,80717,2,1,400,trial.invalid,565,1
10,80717,1,2,800,trial.invalid,538,0
10,80717,1,2,0,trial.doublecue,435,1
10,80717,1,1,400,trial.validspatial,664,1
10,80717,1,2,400,trial.validspatial,432,1
10,80717,1,1,0,trial.doublecue,391,1
10,80717,1,1,0,trial.doublecue,466,1
10,80717,1,2,NaN,trial.nocue,482,1
10,80717,2,1,400,trial.doublecue,503,1
10,80717,2,2,400,trial.validspatial,506,1
10,80717,2,2,800,trial.doublecue,749,1
10,80717,2,2,NaN,trial.nocue,770,1
10,80717,1,2,NaN,trial.nocue,772,1
10,80717,1,2,0,trial.doublecue,1464,0
10,80717,2,1,800,trial.invalid,1647,1
10,80717,1,2,0,trial.validspatial,741,1
10,80717,1,1,0,trial.validspatial,704,1
10,80717,2,1,0,trial.validspatial,656,1
10,80717,1,1,400,trial.invalid,574,1
10,80717,1,2,800,trial.doublecue,746,0
10,80717,2,2,0,trial.validspatial,639,1
10,80717,2,2,0,trial.invalid,675,1
10,80717,1,1,0,trial.validspatial,516,0
10,80717,1,1,400,trial.invalid,580,1
10,80717,2,1,800,trial.validspatial,623,1
10,80717,2,2,400,trial.doublecue,668,1
10,80717,2,1,0,trial.doublecue,480,1
10,80717,2,2,400,trial.validspatial,655,1
10,80717,1,1,NaN,trial.nocue,618,1
10,80717,2,1,0,trial.invalid,575,1
10,80717,1,2,800,trial.validspatial,487,1
10,80717,1,2,800,trial.doublecue,410,0
10,80717,2,1,400,trial.validspatial,860,1
10,80717,1,1,800,trial.validspatial,363,1
10,80717,1,2,800,trial.validspatial,519,1
10,80717,1,1,0,trial.validspatial,571,1
10,80717,1,2,400,trial.validspatial,429,1
10,80717,2,1,400,trial.invalid,559,0
10,80717,2,1,0,trial.invalid,502,0
10,80717,2,2,NaN,trial.nocue,754,1
10,80717,1,1,800,trial.validspatial,453,1
10,80717,2,2,400,trial.validspatial,658,1
10,80717,2,1,NaN,trial.nocue,531,1
10,80717,1,1,400,trial.validspatial,501,1
10,80717,1,2,NaN,trial.nocue,322,1
10,80717,1,2,0,trial.validspatial,745,1
10,80717,1,2,800,trial.validspatial,603,1
10,80717,1,1,0,trial.validspatial,490,1
10,80717,1,1,400,trial.validspatial,513,1
10,80717,1,1,0,trial.validspatial,554,1
10,80717,1,2,0,trial.invalid,470,1
10,80717,1,2,800,trial.validspatial,435,1
10,80717,1,2,400,trial.validspatial,422,1
10,80717,1,2,400,trial.doublecue,797,1
10,80717,2,2,400,trial.validspatial,561,1
10,80717,2,1,400,trial.doublecue,451,0
10,80717,2,1,0,trial.validspatial,502,0
10,80717,2,1,400,trial.validspatial,663,1
10,80717,1,2,800,trial.validspatial,584,0
10,80717,1,1,800,trial.invalid,486,1
10,80717,2,1,400,trial.validspatial,619,1
10,80717,2,1,800,trial.validspatial,429,1
10,80717,2,2,0,trial.validspatial,680,1
10,80717,1,2,0,trial.validspatial,835,1
10,80717,1,1,400,trial.validspatial,549,1
10,80717,1,1,NaN,trial.nocue,419,1
10,80717,1,2,0,trial.validspatial,769,1
10,80717,1,1,NaN,trial.nocue,439,1
10,80717,2,2,0,trial.validspatial,683,1
10,80717,2,1,800,trial.invalid,612,1
10,80717,2,2,NaN,trial.nocue,641,0
10,80717,1,2,400,trial.invalid,865,1
10,80717,2,2,0,trial.doublecue,640,0
10,80717,1,2,NaN,trial.nocue,531,1
10,80717,1,1,400,trial.validspatial,469,1
10,80717,1,1,800,trial.validspatial,391,1
10,80717,2,1,NaN,trial.nocue,576,1
10,80717,1,1,800,trial.doublecue,575,1
10,80717,2,2,0,trial.doublecue,758,0
10,80717,1,1,0,trial.invalid,451,1
10,80717,1,1,0,trial.invalid,468,1
10,80717,2,1,0,trial.validspatial,600,1
10,80717,2,1,0,trial.validspatial,651,1
10,80717,1,1,400,trial.doublecue,696,1
10,80717,2,2,800,trial.validspatial,525,1
10,80717,2,2,800,trial.validspatial,487,1
10,80717,2,2,0,trial.validspatial,682,1
10,80717,1,2,400,trial.validspatial,674,1
10,80717,2,2,800,trial.invalid,561,1
10,80717,1,2,0,trial.invalid,585,0
10,80717,2,1,400,trial.validspatial,628,1
10,80717,2,1,400,trial.validspatial,718,1
10,80717,2,1,NaN,trial.nocue,642,1
10,80717,2,2,NaN,trial.nocue,736,0
10,80717,2,1,NaN,trial.nocue,1700,0
10,80717,1,1,800,trial.validspatial,405,1
10,80717,1,1,NaN,trial.nocue,481,1
10,80717,2,1,800,trial.doublecue,407,1
10,80717,2,2,NaN,trial.nocue,621,1
10,80717,1,2,400,trial.validspatial,677,1
10,80717,1,1,400,trial.doublecue,408,1
10,80717,2,2,400,trial.invalid,485,0
10,80717,1,1,NaN,trial.nocue,469,1
10,80717,2,1,800,trial.validspatial,421,1
10,80717,2,2,0,trial.validspatial,668,1
10,80717,2,1,800,trial.doublecue,621,0
10,80717,2,1,400,trial.validspatial,492,0
10,80717,2,2,400,trial.validspatial,508,1
10,80717,2,1,0,trial.doublecue,531,1
10,80717,2,2,400,trial.validspatial,667,1
10,80717,2,2,400,trial.invalid,682,1
10,80717,2,2,800,trial.doublecue,668,1
10,80717,1,2,400,trial.doublecue,624,1
10,80717,1,2,0,trial.validspatial,480,0
10,80717,1,2,NaN,trial.nocue,574,0
10,80717,1,1,800,trial.invalid,611,1
10,80717,2,2,800,trial.validspatial,457,1
10,80717,2,1,800,trial.validspatial,595,1
10,80717,2,1,0,trial.validspatial,479,1
10,80717,2,2,NaN,trial.nocue,464,0
10,80717,2,2,800,trial.validspatial,636,1
10,80717,1,1,400,trial.validspatial,1700,0
10,80717,1,2,800,trial.invalid,905,1
10,80717,2,2,0,trial.validspatial,758,1
10,80717,2,2,800,trial.validspatial,422,1
10,80717,1,1,800,trial.validspatial,528,1
10,80717,2,1,NaN,trial.nocue,446,0
10,80717,1,2,NaN,trial.nocue,659,0
10,80717,1,2,800,trial.validspatial,492,1
10,80717,1,2,0,trial.validspatial,390,1
10,80717,2,2,0,trial.invalid,488,1
10,80717,1,1,NaN,trial.nocue,625,1
10,80717,2,2,800,trial.validspatial,663,1
10,80717,2,1,800,trial.validspatial,612,1
10,80717,2,1,0,trial.validspatial,422,1
10,80717,1,1,800,trial.doublecue,657,1
10,80717,2,2,800,trial.invalid,587,1
10,80717,1,2,400,trial.validspatial,549,1
10,80717,2,1,800,trial.validspatial,380,1
10,80717,1,2,400,trial.invalid,610,1
10,80717,1,1,800,trial.validspatial,666,1
10,80717,2,2,400,trial.doublecue,660,1
10,80717,1,1,0,trial.validspatial,595,1
10,80717,2,1,NaN,trial.nocue,665,1
10,80717,2,1,400,trial.invalid,586,0
10,80717,1,2,800,trial.invalid,649,1
10,80717,1,2,0,trial.doublecue,540,1
10,80717,1,1,400,trial.validspatial,517,1
10,80717,1,2,400,trial.validspatial,599,1
10,80717,1,1,0,trial.doublecue,589,0
10,80717,1,1,0,trial.doublecue,476,1
10,80717,1,2,NaN,trial.nocue,772,1
10,80717,2,1,400,trial.doublecue,474,1
10,80717,2,2,400,trial.validspatial,515,1
10,80717,2,2,800,trial.doublecue,559,1
10,80717,2,2,NaN,trial.nocue,409,1
10,80717,1,2,NaN,trial.nocue,592,1
10,80717,1,2,0,trial.doublecue,476,1
10,80717,2,1,800,trial.invalid,504,1
10,80717,1,2,0,trial.validspatial,722,1
10,80717,1,1,0,trial.validspatial,555,1
10,80717,2,1,0,trial.validspatial,587,1
10,80717,1,1,400,trial.invalid,484,0
10,80717,1,2,800,trial.doublecue,451,1
10,80717,2,2,0,trial.validspatial,478,1
10,80717,2,2,0,trial.invalid,497,0
10,80717,1,1,0,trial.validspatial,659,1
10,80717,1,1,400,trial.invalid,493,1
10,80717,2,1,800,trial.validspatial,566,1
10,80717,2,2,400,trial.doublecue,400,1
10,80717,2,1,0,trial.doublecue,430,1
10,80717,2,2,400,trial.validspatial,590,1
10,80717,1,1,NaN,trial.nocue,468,1
10,80717,2,1,0,trial.invalid,423,1
10,80717,1,2,800,trial.validspatial,438,0
10,80717,1,2,800,trial.doublecue,438,1
10,80717,2,1,400,trial.validspatial,477,1
10,80717,1,1,800,trial.validspatial,533,1
10,80717,1,2,800,trial.validspatial,545,1
10,80717,1,1,0,trial.validspatial,583,1
10,80717,1,2,400,trial.validspatial,551,1
10,80717,2,1,400,trial.invalid,557,1
10,80717,2,1,0,trial.invalid,566,1
10,80717,2,2,NaN,trial.nocue,581,1
10,80717,1,1,800,trial.validspatial,527,1
10,80717,2,2,400,trial.validspatial,603,1
10,80717,2,1,NaN,trial.nocue,636,1
10,80717,1,1,400,trial.validspatial,632,1
10,80717,1,2,NaN,trial.nocue,510,1
10,80717,1,2,0,trial.validspatial,477,1
10,80717,1,2,800,trial.validspatial,454,1
10,80717,1,1,0,trial.validspatial,492,1
10,80717,1,1,400,trial.validspatial,701,1
