subject,date,location_congruence_val,flanker_congruence_val,cue_target_interval,cue_condition,latency,values.correct
712,81017,1,1,0,trial.validspatial,740,1
712,81017,1,2,0,trial.invalid,465,1
712,81017,1,2,800,trial.validspatial,579,0
712,81017,1,2,400,trial.validspatial,549,0
712,81017,1,2,400,trial.doublecue,930,1
712,81017,2,2,400,trial.validspatial,527,1
712,81017,2,1,400,trial.doublecue,523,1
712,81017,2,1,0,trial.validspatial,418,1
712,81017,2,1,400,trial.validspatial,415,1
712,81017,1,2,800,trial.validspatial,705,1
712,81017,1,1,800,trial.invalid,695,1
712,81017,2,1,400,trial.validspatial,532,1
712,81017,2,1,800,trial.validspatial,351,1
712,81017,2,2,0,trial.validspatial,498,1
712,81017,1,2,0,trial.validspatial,523,0
712,81017,1,1,400,trial.validspatial,429,1
712,81017,1,1,NaN,trial.nocue,548,1
712,81017,1,2,0,trial.validspatial,376,1
712,81017,1,1,NaN,trial.nocue,469,1
712,81017,2,2,0,trial.validspatial,542,1
712,81017,2,1,800,trial.invalid,537,1
712,81017,2,2,NaN,trial.nocue,1118,0
712,81017,1,2,400,trial.invalid,732,0
712,81017,2,2,0,trial.doublecue,481,0
712,81017,1,2,NaN,trial.nocue,473,0
712,81017,1,1,400,trial.validspatial,427,1
712,81017,1,1,800,trial.validspatial,463,1
712,81017,2,1,NaN,trial.nocue,486,1
712,81017,1,1,800,trial.doublecue,390,1
712,81017,2,2,0,trial.doublecue,488,0
712,81017,1,1,0,trial.invalid,416,1
712,81017,1,1,0,trial.invalid,522,1
712,81017,2,1,0,trial.validspatial,551,1
712,81017,2,1,0,trial.validspatial,496,1
712,81017,1,1,400,trial.doublecue,391,1
712,81017,2,2,800,trial.validspatial,477,1
712,81017,2,2,800,trial.validspatial,553,1
712,81017,2,2,0,trial.validspatial,786,1
712,81017,1,2,400,trial.validspatial,551,1
712,81017,2,2,800,trial.invalid,935,1
712,81017,1,2,0,trial.invalid,884,1
712,81017,2,1,400,trial.validspatial,641,1
712,81017,2,1,400,trial.validspatial,611,1
712,81017,2,1,NaN,trial.nocue,663,1
712,81017,2,2,NaN,trial.nocue,678,0
712,81017,2,1,NaN,trial.nocue,501,1
712,81017,1,1,800,trial.validspatial,431,1
712,81017,1,1,NaN,trial.nocue,541,1
712,81017,2,1,800,trial.doublecue,648,1
712,81017,2,2,NaN,trial.nocue,575,0
712,81017,1,2,400,trial.validspatial,843,1
712,81017,1,1,400,trial.doublecue,480,1
712,81017,2,2,400,trial.invalid,749,0
712,81017,1,1,NaN,trial.nocue,364,1
712,81017,2,1,800,trial.validspatial,555,1
712,81017,2,2,0,trial.validspatial,530,0
712,81017,2,1,800,trial.doublecue,614,1
712,81017,2,1,400,trial.validspatial,544,1
712,81017,2,2,400,trial.validspatial,706,1
712,81017,2,1,0,trial.doublecue,458,1
712,81017,2,2,400,trial.validspatial,617,1
712,81017,2,2,400,trial.invalid,496,0
712,81017,2,2,800,trial.doublecue,442,0
712,81017,1,2,400,trial.doublecue,647,0
712,81017,1,2,0,trial.validspatial,1023,1
712,81017,1,2,NaN,trial.nocue,754,0
712,81017,1,1,800,trial.invalid,773,1
712,81017,2,2,800,trial.validspatial,883,1
712,81017,2,1,800,trial.validspatial,371,1
712,81017,2,1,0,trial.validspatial,598,1
712,81017,2,2,NaN,trial.nocue,934,1
712,81017,2,2,800,trial.validspatial,520,1
712,81017,1,1,400,trial.validspatial,678,1
712,81017,1,2,800,trial.invalid,764,0
712,81017,2,2,0,trial.validspatial,898,1
712,81017,2,2,800,trial.validspatial,579,1
712,81017,1,1,800,trial.validspatial,502,1
712,81017,2,1,NaN,trial.nocue,672,1
712,81017,1,2,NaN,trial.nocue,682,0
712,81017,1,2,800,trial.validspatial,806,1
712,81017,1,2,0,trial.validspatial,885,1
712,81017,2,2,0,trial.invalid,534,0
712,81017,1,1,NaN,trial.nocue,612,1
712,81017,2,2,800,trial.validspatial,666,0
712,81017,2,1,800,trial.validspatial,562,1
712,81017,2,1,0,trial.validspatial,570,1
712,81017,1,1,800,trial.doublecue,499,1
712,81017,2,2,800,trial.invalid,471,0
712,81017,1,2,400,trial.validspatial,701,1
712,81017,2,1,800,trial.validspatial,387,1
712,81017,1,2,400,trial.invalid,524,0
712,81017,1,1,800,trial.validspatial,553,1
712,81017,2,2,400,trial.doublecue,774,1
712,81017,1,1,0,trial.validspatial,478,1
712,81017,2,1,NaN,trial.nocue,465,1
712,81017,2,1,400,trial.invalid,599,1
712,81017,1,2,800,trial.invalid,607,0
712,81017,1,2,0,trial.doublecue,1091,1
712,81017,1,1,400,trial.validspatial,512,1
712,81017,1,2,400,trial.validspatial,604,1
712,81017,1,1,0,trial.doublecue,483,1
712,81017,1,1,0,trial.doublecue,406,1
712,81017,1,2,NaN,trial.nocue,749,1
712,81017,2,1,400,trial.doublecue,545,1
712,81017,2,2,400,trial.validspatial,689,0
712,81017,2,2,800,trial.doublecue,817,1
712,81017,2,2,NaN,trial.nocue,697,1
712,81017,1,2,NaN,trial.nocue,902,1
712,81017,1,2,0,trial.doublecue,707,1
712,81017,2,1,800,trial.invalid,687,1
712,81017,1,2,0,trial.validspatial,933,1
712,81017,1,1,0,trial.validspatial,825,1
712,81017,2,1,0,trial.validspatial,516,1
712,81017,1,1,400,trial.invalid,603,1
712,81017,1,2,800,trial.doublecue,767,1
712,81017,2,2,0,trial.validspatial,932,1
712,81017,2,2,0,trial.invalid,790,1
712,81017,1,1,0,trial.validspatial,443,1
712,81017,1,1,400,trial.invalid,570,1
712,81017,2,1,800,trial.validspatial,461,1
712,81017,2,2,400,trial.doublecue,499,0
712,81017,2,1,0,trial.doublecue,600,1
712,81017,2,2,400,trial.validspatial,524,1
712,81017,1,1,NaN,trial.nocue,518,1
712,81017,2,1,0,trial.invalid,587,1
712,81017,1,2,800,trial.validspatial,719,1
712,81017,1,2,800,trial.doublecue,438,1
712,81017,2,1,400,trial.validspatial,488,1
712,81017,1,1,800,trial.validspatial,440,1
712,81017,1,2,800,trial.validspatial,434,0
712,81017,1,1,0,trial.validspatial,653,1
712,81017,1,2,400,trial.validspatial,934,1
712,81017,2,1,400,trial.invalid,912,1
712,81017,2,1,0,trial.invalid,511,1
712,81017,2,2,NaN,trial.nocue,746,1
712,81017,1,1,800,trial.validspatial,581,1
712,81017,2,2,400,trial.validspatial,978,1
712,81017,2,1,NaN,trial.nocue,716,1
712,81017,1,1,400,trial.validspatial,742,1
712,81017,1,2,NaN,trial.nocue,988,1
712,81017,1,2,0,trial.validspatial,756,1
712,81017,1,2,800,trial.validspatial,870,1
712,81017,1,1,0,trial.validspatial,755,1
712,81017,1,1,400,trial.validspatial,403,1
712,81017,1,1,0,trial.validspatial,519,1
712,81017,1,2,0,trial.invalid,849,1
712,81017,1,2,800,trial.validspatial,802,0
712,81017,1,2,400,trial.validspatial,747,1
712,81017,1,2,400,trial.doublecue,913,1
712,81017,2,2,400,trial.validspatial,800,1
712,81017,2,1,400,trial.doublecue,486,1
712,81017,2,1,0,trial.validspatial,601,1
712,81017,2,1,400,trial.validspatial,422,1
712,81017,1,2,800,trial.validspatial,704,1
712,81017,1,1,800,trial.invalid,758,1
712,81017,2,1,400,trial.validspatial,523,1
712,81017,2,1,800,trial.validspatial,406,1
712,81017,2,2,0,trial.validspatial,505,1
712,81017,1,2,0,trial.validspatial,797,1
712,81017,1,1,400,trial.validspatial,415,1
712,81017,1,1,NaN,trial.nocue,383,1
712,81017,1,2,0,trial.validspatial,717,1
712,81017,1,1,NaN,trial.nocue,481,1
712,81017,2,2,0,trial.validspatial,709,1
712,81017,2,1,800,trial.invalid,486,1
712,81017,2,2,NaN,trial.nocue,764,0
712,81017,1,2,400,trial.invalid,1065,1
712,81017,2,2,0,trial.doublecue,701,1
712,81017,1,2,NaN,trial.nocue,482,0
712,81017,1,1,400,trial.validspatial,565,1
712,81017,1,1,800,trial.validspatial,488,1
712,81017,2,1,NaN,trial.nocue,718,1
712,81017,1,1,800,trial.doublecue,374,1
712,81017,2,2,0,trial.doublecue,510,0
712,81017,1,1,0,trial.invalid,489,1
712,81017,1,1,0,trial.invalid,570,1
712,81017,2,1,0,trial.validspatial,554,1
712,81017,2,1,0,trial.validspatial,568,1
712,81017,1,1,400,trial.doublecue,632,1
712,81017,2,2,800,trial.validspatial,758,1
712,81017,2,2,800,trial.validspatial,636,1
712,81017,2,2,0,trial.validspatial,761,1
712,81017,1,2,400,trial.validspatial,750,1
712,81017,2,2,800,trial.invalid,693,1
712,81017,1,2,0,trial.invalid,758,0
712,81017,2,1,400,trial.validspatial,368,1
712,81017,2,1,400,trial.validspatial,739,1
712,81017,2,1,NaN,trial.nocue,574,1
712,81017,2,2,NaN,trial.nocue,876,1
712,81017,2,1,NaN,trial.nocue,427,1
712,81017,1,1,800,trial.validspatial,564,1
712,81017,1,1,NaN,trial.nocue,552,1
712,81017,2,1,800,trial.doublecue,512,1
712,81017,2,2,NaN,trial.nocue,451,0
712,81017,1,2,400,trial.validspatial,951,1
712,81017,1,1,400,trial.doublecue,557,1
712,81017,2,2,400,trial.invalid,889,1
712,81017,1,1,NaN,trial.nocue,593,1
712,81017,2,1,800,trial.validspatial,639,1
712,81017,2,2,0,trial.validspatial,814,1
712,81017,2,1,800,trial.doublecue,611,1
712,81017,2,1,400,trial.validspatial,453,1
712,81017,2,2,400,trial.validspatial,747,1
712,81017,2,1,0,trial.doublecue,514,1
712,81017,2,2,400,trial.validspatial,613,1
712,81017,2,2,400,trial.invalid,1036,1
712,81017,2,2,800,trial.doublecue,779,1
712,81017,1,2,400,trial.doublecue,839,1
712,81017,1,2,0,trial.validspatial,919,1
712,81017,1,2,NaN,trial.nocue,817,1
712,81017,1,1,800,trial.invalid,644,1
712,81017,2,2,800,trial.validspatial,779,1
712,81017,2,1,800,trial.validspatial,597,1
712,81017,2,1,0,trial.validspatial,502,1
712,81017,2,2,NaN,trial.nocue,714,1
712,81017,2,2,800,trial.validspatial,507,1
712,81017,1,1,400,trial.validspatial,1700,0
712,81017,1,2,800,trial.invalid,506,1
712,81017,2,2,0,trial.validspatial,795,1
712,81017,2,2,800,trial.validspatial,718,0
712,81017,1,1,800,trial.validspatial,730,1
712,81017,2,1,NaN,trial.nocue,682,1
712,81017,1,2,NaN,trial.nocue,702,1
712,81017,1,2,800,trial.validspatial,471,1
712,81017,1,2,0,trial.validspatial,443,1
712,81017,2,2,0,trial.invalid,468,1
712,81017,1,1,NaN,trial.nocue,1157,0
712,81017,2,2,800,trial.validspatial,484,1
712,81017,2,1,800,trial.validspatial,456,1
712,81017,2,1,0,trial.validspatial,428,1
712,81017,1,1,800,trial.doublecue,792,1
712,81017,2,2,800,trial.invalid,756,1
712,81017,1,2,400,trial.validspatial,458,1
712,81017,2,1,800,trial.validspatial,402,1
712,81017,1,2,400,trial.invalid,673,1
712,81017,1,1,800,trial.validspatial,540,1
712,81017,2,2,400,trial.doublecue,450,0
712,81017,1,1,0,trial.validspatial,537,1
712,81017,2,1,NaN,trial.nocue,800,1
712,81017,2,1,400,trial.invalid,765,0
712,81017,1,2,800,trial.invalid,797,1
712,81017,1,2,0,trial.doublecue,753,1
712,81017,1,1,400,trial.validspatial,790,1
712,81017,1,2,400,trial.validspatial,409,1
712,81017,1,1,0,trial.doublecue,520,1
712,81017,1,1,0,trial.doublecue,391,1
712,81017,1,2,NaN,trial.nocue,467,0
712,81017,2,1,400,trial.doublecue,484,1
712,81017,2,2,400,trial.validspatial,630,1
712,81017,2,2,800,trial.doublecue,496,1
712,81017,2,2,NaN,trial.nocue,590,1
712,81017,1,2,NaN,trial.nocue,397,1
712,81017,1,2,0,trial.doublecue,760,1
712,81017,2,1,800,trial.invalid,615,1
712,81017,1,2,0,trial.validspatial,764,1
712,81017,1,1,0,trial.validspatial,554,1
712,81017,2,1,0,trial.validspatial,642,1
712,81017,1,1,400,trial.invalid,866,0
712,81017,1,2,800,trial.doublecue,445,1
712,81017,2,2,0,trial.validspatial,521,1
712,81017,2,2,0,trial.invalid,538,1
712,81017,1,1,0,trial.validspatial,470,0
712,81017,1,1,400,trial.invalid,514,1
712,81017,2,1,800,trial.validspatial,456,1
712,81017,2,2,400,trial.doublecue,564,1
712,81017,2,1,0,trial.doublecue,505,1
712,81017,2,2,400,trial.validspatial,872,1
712,81017,1,1,NaN,trial.nocue,759,1
712,81017,2,1,0,trial.invalid,467,1
712,81017,1,2,800,trial.validspatial,965,1
712,81017,1,2,800,trial.doublecue,535,1
712,81017,2,1,400,trial.validspatial,533,1
712,81017,1,1,800,trial.validspatial,804,1
712,81017,1,2,800,trial.validspatial,506,1
712,81017,1,1,0,trial.validspatial,488,1
712,81017,1,2,400,trial.validspatial,769,1
712,81017,2,1,400,trial.invalid,438,1
712,81017,2,1,0,trial.invalid,542,1
712,81017,2,2,NaN,trial.nocue,629,0
712,81017,1,1,800,trial.validspatial,511,1
712,81017,2,2,400,trial.validspatial,748,1
712,81017,2,1,NaN,trial.nocue,682,1
712,81017,1,1,400,trial.validspatial,724,1
712,81017,1,2,NaN,trial.nocue,548,1
712,81017,1,2,0,trial.validspatial,540,1
712,81017,1,2,800,trial.validspatial,606,1
712,81017,1,1,0,trial.validspatial,549,1
712,81017,1,1,400,trial.validspatial,705,1
