subject,date,location_congruence_val,flanker_congruence_val,cue_target_interval,cue_condition,latency,values.correct
368,63017,1,1,0,trial.validspatial,578,1
368,63017,1,2,0,trial.invalid,721,0
368,63017,1,2,800,trial.validspatial,500,1
368,63017,1,2,400,trial.validspatial,507,0
368,63017,1,2,400,trial.doublecue,1119,1
368,63017,2,2,400,trial.validspatial,918,1
368,63017,2,1,400,trial.doublecue,872,1
368,63017,2,1,0,trial.validspatial,705,1
368,63017,2,1,400,trial.validspatial,619,1
368,63017,1,2,800,trial.validspatial,881,1
368,63017,1,1,800,trial.invalid,997,1
368,63017,2,1,400,trial.validspatial,785,1
368,63017,2,1,800,trial.validspatial,656,0
368,63017,2,2,0,trial.validspatial,944,1
368,63017,1,2,0,trial.validspatial,990,1
368,63017,1,1,400,trial.validspatial,933,1
368,63017,1,1,NaN,trial.nocue,675,1
368,63017,1,2,0,trial.validspatial,693,1
368,63017,1,1,NaN,trial.nocue,518,1
368,63017,2,2,0,trial.validspatial,827,1
368,63017,2,1,800,trial.invalid,789,0
368,63017,2,2,NaN,trial.nocue,881,1
368,63017,1,2,400,trial.invalid,1557,1
368,63017,2,2,0,trial.doublecue,649,1
368,63017,1,2,NaN,trial.nocue,897,1
368,63017,1,1,400,trial.validspatial,513,1
368,63017,1,1,800,trial.validspatial,529,1
368,63017,2,1,NaN,trial.nocue,646,1
368,63017,1,1,800,trial.doublecue,476,1
368,63017,2,2,0,trial.doublecue,531,0
368,63017,1,1,0,trial.invalid,574,1
368,63017,1,1,0,trial.invalid,721,1
368,63017,2,1,0,trial.validspatial,875,1
368,63017,2,1,0,trial.validspatial,741,1
368,63017,1,1,400,trial.doublecue,444,1
368,63017,2,2,800,trial.validspatial,615,1
368,63017,2,2,800,trial.validspatial,648,1
368,63017,2,2,0,trial.validspatial,896,1
368,63017,1,2,400,trial.validspatial,676,1
368,63017,2,2,800,trial.invalid,841,1
368,63017,1,2,0,trial.invalid,880,1
368,63017,2,1,400,trial.validspatial,721,1
368,63017,2,1,400,trial.validspatial,1162,1
368,63017,2,1,NaN,trial.nocue,1155,1
368,63017,2,2,NaN,trial.nocue,979,1
368,63017,2,1,NaN,trial.nocue,598,1
368,63017,1,1,800,trial.validspatial,760,1
368,63017,1,1,NaN,trial.nocue,665,1
368,63017,2,1,800,trial.doublecue,676,1
368,63017,2,2,NaN,trial.nocue,1097,1
368,63017,1,2,400,trial.validspatial,975,1
368,63017,1,1,400,trial.doublecue,688,1
368,63017,2,2,400,trial.invalid,987,1
368,63017,1,1,NaN,trial.nocue,679,1
368,63017,2,1,800,trial.validspatial,812,1
368,63017,2,2,0,trial.validspatial,1079,1
368,63017,2,1,800,trial.doublecue,628,1
368,63017,2,1,400,trial.validspatial,569,1
368,63017,2,2,400,trial.validspatial,600,1
368,63017,2,1,0,trial.doublecue,917,1
368,63017,2,2,400,trial.validspatial,772,1
368,63017,2,2,400,trial.invalid,979,1
368,63017,2,2,800,trial.doublecue,586,1
368,63017,1,2,400,trial.doublecue,781,1
368,63017,1,2,0,trial.validspatial,916,1
368,63017,1,2,NaN,trial.nocue,732,1
368,63017,1,1,800,trial.invalid,550,1
368,63017,2,2,800,trial.validspatial,1018,1
368,63017,2,1,800,trial.validspatial,481,0
368,63017,2,1,0,trial.validspatial,1244,1
368,63017,2,2,NaN,trial.nocue,1700,0
368,63017,2,2,800,trial.validspatial,761,1
368,63017,1,1,400,trial.validspatial,1122,1
368,63017,1,2,800,trial.invalid,1471,1
368,63017,2,2,0,trial.validspatial,747,1
368,63017,2,2,800,trial.validspatial,694,1
368,63017,1,1,800,trial.validspatial,547,1
368,63017,2,1,NaN,trial.nocue,687,1
368,63017,1,2,NaN,trial.nocue,804,1
368,63017,1,2,800,trial.validspatial,710,1
368,63017,1,2,0,trial.validspatial,821,1
368,63017,2,2,0,trial.invalid,836,1
368,63017,1,1,NaN,trial.nocue,1026,0
368,63017,2,2,800,trial.validspatial,923,1
368,63017,2,1,800,trial.validspatial,1114,1
368,63017,2,1,0,trial.validspatial,1127,1
368,63017,1,1,800,trial.doublecue,711,1
368,63017,2,2,800,trial.invalid,916,1
368,63017,1,2,400,trial.validspatial,1157,1
368,63017,2,1,800,trial.validspatial,684,1
368,63017,1,2,400,trial.invalid,832,1
368,63017,1,1,800,trial.validspatial,955,1
368,63017,2,2,400,trial.doublecue,702,1
368,63017,1,1,0,trial.validspatial,915,1
368,63017,2,1,NaN,trial.nocue,662,1
368,63017,2,1,400,trial.invalid,1107,1
368,63017,1,2,800,trial.invalid,1018,1
368,63017,1,2,0,trial.doublecue,893,1
368,63017,1,1,400,trial.validspatial,487,1
368,63017,1,2,400,trial.validspatial,682,1
368,63017,1,1,0,trial.doublecue,542,1
368,63017,1,1,0,trial.doublecue,531,1
368,63017,1,2,NaN,trial.nocue,1065,1
368,63017,2,1,400,trial.doublecue,648,1
368,63017,2,2,400,trial.validspatial,810,1
368,63017,2,2,800,trial.doublecue,938,1
368,63017,2,2,NaN,trial.nocue,902,1
368,63017,1,2,NaN,trial.nocue,822,1
368,63017,1,2,0,trial.doublecue,815,1
368,63017,2,1,800,trial.invalid,916,1
368,63017,1,2,0,trial.validspatial,761,1
368,63017,1,1,0,trial.validspatial,851,1
368,63017,2,1,0,trial.validspatial,548,1
368,63017,1,1,400,trial.invalid,1084,1
368,63017,1,2,800,trial.doublecue,854,1
368,63017,2,2,0,trial.validspatial,873,1
368,63017,2,2,0,trial.invalid,850,1
368,63017,1,1,0,trial.validspatial,565,1
368,63017,1,1,400,trial.invalid,765,1
368,63017,2,1,800,trial.validspatial,590,1
368,63017,2,2,400,trial.doublecue,864,1
368,63017,2,1,0,trial.doublecue,718,1
368,63017,2,2,400,trial.validspatial,795,1
368,63017,1,1,NaN,trial.nocue,675,1
368,63017,2,1,0,trial.invalid,769,1
368,63017,1,2,800,trial.validspatial,943,1
368,63017,1,2,800,trial.doublecue,1510,1
368,63017,2,1,400,trial.validspatial,582,1
368,63017,1,1,800,trial.validspatial,523,1
368,63017,1,2,800,trial.validspatial,1206,1
368,63017,1,1,0,trial.validspatial,664,1
368,63017,1,2,400,trial.validspatial,874,1
368,63017,2,1,400,trial.invalid,1289,1
368,63017,2,1,0,trial.invalid,689,1
368,63017,2,2,NaN,trial.nocue,961,1
368,63017,1,1,800,trial.validspatial,507,1
368,63017,2,2,400,trial.validspatial,654,1
368,63017,2,1,NaN,trial.nocue,695,1
368,63017,1,1,400,trial.validspatial,591,1
368,63017,1,2,NaN,trial.nocue,1243,1
368,63017,1,2,0,trial.validspatial,576,1
368,63017,1,2,800,trial.validspatial,825,1
368,63017,1,1,0,trial.validspatial,695,1
368,63017,1,1,400,trial.validspatial,531,1
368,63017,1,1,0,trial.validspatial,893,1
368,63017,1,2,0,trial.invalid,1112,1
368,63017,1,2,800,trial.validspatial,769,1
368,63017,1,2,400,trial.validspatial,728,1
368,63017,1,2,400,trial.doublecue,796,1
368,63017,2,2,400,trial.validspatial,718,1
368,63017,2,1,400,trial.doublecue,765,1
368,63017,2,1,0,trial.validspatial,712,1
368,63017,2,1,400,trial.validspatial,661,1
368,63017,1,2,800,trial.validspatial,766,1
368,63017,1,1,800,trial.invalid,658,1
368,63017,2,1,400,trial.validspatial,613,1
368,63017,2,1,800,trial.validspatial,734,1
368,63017,2,2,0,trial.validspatial,886,1
368,63017,1,2,0,trial.validspatial,818,1
368,63017,1,1,400,trial.validspatial,882,1
368,63017,1,1,NaN,trial.nocue,648,1
368,63017,1,2,0,trial.validspatial,883,1
368,63017,1,1,NaN,trial.nocue,831,1
368,63017,2,2,0,trial.validspatial,852,1
368,63017,2,1,800,trial.invalid,1302,0
368,63017,2,2,NaN,trial.nocue,906,1
368,63017,1,2,400,trial.invalid,1117,1
368,63017,2,2,0,trial.doublecue,947,1
368,63017,1,2,NaN,trial.nocue,874,1
368,63017,1,1,400,trial.validspatial,545,1
368,63017,1,1,800,trial.validspatial,593,1
368,63017,2,1,NaN,trial.nocue,750,1
368,63017,1,1,800,trial.doublecue,883,1
368,63017,2,2,0,trial.doublecue,912,1
368,63017,1,1,0,trial.invalid,597,1
368,63017,1,1,0,trial.invalid,560,1
368,63017,2,1,0,trial.validspatial,653,1
368,63017,2,1,0,trial.validspatial,617,1
368,63017,1,1,400,trial.doublecue,493,1
368,63017,2,2,800,trial.validspatial,830,1
368,63017,2,2,800,trial.validspatial,927,1
368,63017,2,2,0,trial.validspatial,935,1
368,63017,1,2,400,trial.validspatial,795,1
368,63017,2,2,800,trial.invalid,784,1
368,63017,1,2,0,trial.invalid,870,1
368,63017,2,1,400,trial.validspatial,991,1
368,63017,2,1,400,trial.validspatial,632,1
368,63017,2,1,NaN,trial.nocue,937,1
368,63017,2,2,NaN,trial.nocue,891,1
368,63017,2,1,NaN,trial.nocue,876,1
368,63017,1,1,800,trial.validspatial,534,1
368,63017,1,1,NaN,trial.nocue,718,1
368,63017,2,1,800,trial.doublecue,689,1
368,63017,2,2,NaN,trial.nocue,982,1
368,63017,1,2,400,trial.validspatial,675,1
368,63017,1,1,400,trial.doublecue,1204,1
368,63017,2,2,400,trial.invalid,911,1
368,63017,1,1,NaN,trial.nocue,932,1
368,63017,2,1,800,trial.validspatial,752,1
368,63017,2,2,0,trial.validspatial,852,1
368,63017,2,1,800,trial.doublecue,1000,1
368,63017,2,1,400,trial.validspatial,1222,1
368,63017,2,2,400,trial.validspatial,1292,1
368,63017,2,1,0,trial.doublecue,1145,1
368,63017,2,2,400,trial.validspatial,1081,1
368,63017,2,2,400,trial.invalid,911,1
368,63017,2,2,800,trial.doublecue,767,1
368,63017,1,2,400,trial.doublecue,691,1
368,63017,1,2,0,trial.validspatial,976,1
368,63017,1,2,NaN,trial.nocue,809,1
368,63017,1,1,800,trial.invalid,1003,1
368,63017,2,2,800,trial.validspatial,1056,1
368,63017,2,1,800,trial.validspatial,830,1
368,63017,2,1,0,trial.validspatial,849,1
368,63017,2,2,NaN,trial.nocue,1700,0
368,63017,2,2,800,trial.validspatial,812,1
368,63017,1,1,400,trial.validspatial,1700,0
368,63017,1,2,800,trial.invalid,1181,1
368,63017,2,2,0,trial.validspatial,882,1
368,63017,2,2,800,trial.validspatial,762,1
368,63017,1,1,800,trial.validspatial,760,1
368,63017,2,1,NaN,trial.nocue,924,1
368,63017,1,2,NaN,trial.nocue,703,1
368,63017,1,2,800,trial.validspatial,1103,0
368,63017,1,2,0,trial.validspatial,608,1
368,63017,2,2,0,trial.invalid,809,1
368,63017,1,1,NaN,trial.nocue,1073,1
368,63017,2,2,800,trial.validspatial,662,1
368,63017,2,1,800,trial.validspatial,793,1
368,63017,2,1,0,trial.validspatial,601,1
368,63017,1,1,800,trial.doublecue,1073,1
368,63017,2,2,800,trial.invalid,766,1
368,63017,1,2,400,trial.validspatial,751,1
368,63017,2,1,800,trial.validspatial,715,1
368,63017,1,2,400,trial.invalid,566,1
368,63017,1,1,800,trial.validspatial,747,1
368,63017,2,2,400,trial.doublecue,854,1
368,63017,1,1,0,trial.validspatial,833,1
368,63017,2,1,NaN,trial.nocue,812,1
368,63017,2,1,400,trial.invalid,975,1
368,63017,1,2,800,trial.invalid,805,1
368,63017,1,2,0,trial.doublecue,789,1
368,63017,1,1,400,trial.validspatial,835,1
368,63017,1,2,400,trial.validspatial,556,1
368,63017,1,1,0,trial.doublecue,656,1
368,63017,1,1,0,trial.doublecue,629,1
368,63017,1,2,NaN,trial.nocue,1011,1
368,63017,2,1,400,trial.doublecue,752,1
368,63017,2,2,400,trial.validspatial,625,1
368,63017,2,2,800,trial.doublecue,682,1
368,63017,2,2,NaN,trial.nocue,807,0
368,63017,1,2,NaN,trial.nocue,855,1
368,63017,1,2,0,trial.doublecue,909,1
368,63017,2,1,800,trial.invalid,784,1
368,63017,1,2,0,trial.validspatial,857,1
368,63017,1,1,0,trial.validspatial,892,1
368,63017,2,1,0,trial.validspatial,879,1
368,63017,1,1,400,trial.invalid,1269,1
368,63017,1,2,800,trial.doublecue,725,1
368,63017,2,2,0,trial.validspatial,685,1
368,63017,2,2,0,trial.invalid,847,1
368,63017,1,1,0,trial.validspatial,936,1
368,63017,1,1,400,trial.invalid,1252,1
368,63017,2,1,800,trial.validspatial,841,1
368,63017,2,2,400,trial.doublecue,1053,1
368,63017,2,1,0,trial.doublecue,1121,1
368,63017,2,2,400,trial.validspatial,1385,1
368,63017,1,1,NaN,trial.nocue,837,1
368,63017,2,1,0,trial.invalid,1018,1
368,63017,1,2,800,trial.validspatial,1298,1
368,63017,1,2,800,trial.doublecue,688,1
368,63017,2,1,400,trial.validspatial,1143,1
368,63017,1,1,800,trial.validspatial,860,1
368,63017,1,2,800,trial.validspatial,782,1
368,63017,1,1,0,trial.validspatial,576,1
368,63017,1,2,400,trial.validspatial,1070,1
368,63017,2,1,400,trial.invalid,1500,1
368,63017,2,1,0,trial.invalid,832,1
368,63017,2,2,NaN,trial.nocue,1009,1
368,63017,1,1,800,trial.validspatial,1700,0
368,63017,2,2,400,trial.validspatial,1366,1
368,63017,2,1,NaN,trial.nocue,780,1
368,63017,1,1,400,trial.validspatial,942,1
368,63017,1,2,NaN,trial.nocue,990,1
368,63017,1,2,0,trial.validspatial,898,1
368,63017,1,2,800,trial.validspatial,690,1
368,63017,1,1,0,trial.validspatial,1034,1
368,63017,1,1,400,trial.validspatial,1700,0
