subject,date,location_congruence_val,flanker_congruence_val,cue_target_interval,cue_condition,latency,values.correct
235,61317,1,1,0,trial.validspatial,1028,1
235,61317,1,2,0,trial.invalid,962,0
235,61317,1,2,800,trial.validspatial,1300,1
235,61317,1,2,400,trial.validspatial,1205,1
235,61317,1,2,400,trial.doublecue,1532,1
235,61317,2,2,400,trial.validspatial,1136,1
235,61317,2,1,400,trial.doublecue,1171,1
235,61317,2,1,0,trial.validspatial,966,1
235,61317,2,1,400,trial.validspatial,754,1
235,61317,1,2,800,trial.validspatial,1012,1
235,61317,1,1,800,trial.invalid,843,1
235,61317,2,1,400,trial.validspatial,832,1
235,61317,2,1,800,trial.validspatial,691,1
235,61317,2,2,0,trial.validspatial,1135,1
235,61317,1,2,0,trial.validspatial,958,1
235,61317,1,1,400,trial.validspatial,864,1
235,61317,1,1,NaN,trial.nocue,1096,1
235,61317,1,2,0,trial.validspatial,1174,1
235,61317,1,1,NaN,trial.nocue,981,1
235,61317,2,2,0,trial.validspatial,1077,1
235,61317,2,1,800,trial.invalid,962,1
235,61317,2,2,NaN,trial.nocue,1104,1
235,61317,1,2,400,trial.invalid,990,1
235,61317,2,2,0,trial.doublecue,1010,1
235,61317,1,2,NaN,trial.nocue,1159,1
235,61317,1,1,400,trial.validspatial,825,1
235,61317,1,1,800,trial.validspatial,1012,1
235,61317,2,1,NaN,trial.nocue,892,1
235,61317,1,1,800,trial.doublecue,828,1
235,61317,2,2,0,trial.doublecue,1004,1
235,61317,1,1,0,trial.invalid,850,1
235,61317,1,1,0,trial.invalid,919,1
235,61317,2,1,0,trial.validspatial,950,1
235,61317,2,1,0,trial.validspatial,896,1
235,61317,1,1,400,trial.doublecue,924,1
235,61317,2,2,800,trial.validspatial,881,1
235,61317,2,2,800,trial.validspatial,797,1
235,61317,2,2,0,trial.validspatial,736,1
235,61317,1,2,400,trial.validspatial,931,1
235,61317,2,2,800,trial.invalid,1003,1
235,61317,1,2,0,trial.invalid,1132,1
235,61317,2,1,400,trial.validspatial,984,1
235,61317,2,1,400,trial.validspatial,650,1
235,61317,2,1,NaN,trial.nocue,1086,1
235,61317,2,2,NaN,trial.nocue,1090,1
235,61317,2,1,NaN,trial.nocue,749,1
235,61317,1,1,800,trial.validspatial,784,1
235,61317,1,1,NaN,trial.nocue,980,1
235,61317,2,1,800,trial.doublecue,832,1
235,61317,2,2,NaN,trial.nocue,952,1
235,61317,1,2,400,trial.validspatial,688,1
235,61317,1,1,400,trial.doublecue,700,1
235,61317,2,2,400,trial.invalid,769,1
235,61317,1,1,NaN,trial.nocue,864,1
235,61317,2,1,800,trial.validspatial,639,1
235,61317,2,2,0,trial.validspatial,894,1
235,61317,2,1,800,trial.doublecue,789,1
235,61317,2,1,400,trial.validspatial,820,1
235,61317,2,2,400,trial.validspatial,766,1
235,61317,2,1,0,trial.doublecue,1118,1
235,61317,2,2,400,trial.validspatial,824,1
235,61317,2,2,400,trial.invalid,1160,1
235,61317,2,2,800,trial.doublecue,979,1
235,61317,1,2,400,trial.doublecue,984,1
235,61317,1,2,0,trial.validspatial,1137,1
235,61317,1,2,NaN,trial.nocue,955,1
235,61317,1,1,800,trial.invalid,719,1
235,61317,2,2,800,trial.validspatial,1119,1
235,61317,2,1,800,trial.validspatial,928,1
235,61317,2,1,0,trial.validspatial,822,1
235,61317,2,2,NaN,trial.nocue,1123,1
235,61317,2,2,800,trial.validspatial,822,1
235,61317,1,1,400,trial.validspatial,742,1
235,61317,1,2,800,trial.invalid,1085,1
235,61317,2,2,0,trial.validspatial,799,1
235,61317,2,2,800,trial.validspatial,1020,1
235,61317,1,1,800,trial.validspatial,764,1
235,61317,2,1,NaN,trial.nocue,872,1
235,61317,1,2,NaN,trial.nocue,817,1
235,61317,1,2,800,trial.validspatial,1022,1
235,61317,1,2,0,trial.validspatial,975,1
235,61317,2,2,0,trial.invalid,857,1
235,61317,1,1,NaN,trial.nocue,993,1
235,61317,2,2,800,trial.validspatial,981,1
235,61317,2,1,800,trial.validspatial,735,1
235,61317,2,1,0,trial.validspatial,726,1
235,61317,1,1,800,trial.doublecue,1054,1
235,61317,2,2,800,trial.invalid,1062,1
235,61317,1,2,400,trial.validspatial,979,1
235,61317,2,1,800,trial.validspatial,715,1
235,61317,1,2,400,trial.invalid,987,1
235,61317,1,1,800,trial.validspatial,816,1
235,61317,2,2,400,trial.doublecue,854,1
235,61317,1,1,0,trial.validspatial,927,1
235,61317,2,1,NaN,trial.nocue,740,1
235,61317,2,1,400,trial.invalid,691,1
235,61317,1,2,800,trial.invalid,902,1
235,61317,1,2,0,trial.doublecue,962,1
235,61317,1,1,400,trial.validspatial,674,1
235,61317,1,2,400,trial.validspatial,932,1
235,61317,1,1,0,trial.doublecue,835,1
235,61317,1,1,0,trial.doublecue,770,1
235,61317,1,2,NaN,trial.nocue,1084,1
235,61317,2,1,400,trial.doublecue,733,1
235,61317,2,2,400,trial.validspatial,721,1
235,61317,2,2,800,trial.doublecue,1155,1
235,61317,2,2,NaN,trial.nocue,977,1
235,61317,1,2,NaN,trial.nocue,1164,1
235,61317,1,2,0,trial.doublecue,744,1
235,61317,2,1,800,trial.invalid,655,1
235,61317,1,2,0,trial.validspatial,998,1
235,61317,1,1,0,trial.validspatial,843,1
235,61317,2,1,0,trial.validspatial,807,1
235,61317,1,1,400,trial.invalid,827,1
235,61317,1,2,800,trial.doublecue,864,1
235,61317,2,2,0,trial.validspatial,958,1
235,61317,2,2,0,trial.invalid,856,1
235,61317,1,1,0,trial.validspatial,1006,1
235,61317,1,1,400,trial.invalid,848,1
235,61317,2,1,800,trial.validspatial,764,1
235,61317,2,2,400,trial.doublecue,746,1
235,61317,2,1,0,trial.doublecue,767,1
235,61317,2,2,400,trial.validspatial,802,1
235,61317,1,1,NaN,trial.nocue,902,1
235,61317,2,1,0,trial.invalid,843,1
235,61317,1,2,800,trial.validspatial,901,1
235,61317,1,2,800,trial.doublecue,1000,1
235,61317,2,1,400,trial.validspatial,721,1
235,61317,1,1,800,trial.validspatial,801,1
235,61317,1,2,800,trial.validspatial,853,1
235,61317,1,1,0,trial.validspatial,1017,1
235,61317,1,2,400,trial.validspatial,748,1
235,61317,2,1,400,trial.invalid,886,1
235,61317,2,1,0,trial.invalid,917,1
235,61317,2,2,NaN,trial.nocue,1148,1
235,61317,1,1,800,trial.validspatial,849,1
235,61317,2,2,400,trial.validspatial,926,1
235,61317,2,1,NaN,trial.nocue,816,1
235,61317,1,1,400,trial.validspatial,754,1
235,61317,1,2,NaN,trial.nocue,976,1
235,61317,1,2,0,trial.validspatial,1001,1
235,61317,1,2,800,trial.validspatial,916,1
235,61317,1,1,0,trial.validspatial,732,1
235,61317,1,1,400,trial.validspatial,749,1
235,61317,1,1,0,trial.validspatial,826,1
235,61317,1,2,0,trial.invalid,1095,1
235,61317,1,2,800,trial.validspatial,842,1
235,61317,1,2,400,trial.validspatial,900,1
235,61317,1,2,400,trial.doublecue,1042,1
235,61317,2,2,400,trial.validspatial,775,1
235,61317,2,1,400,trial.doublecue,676,1
235,61317,2,1,0,trial.validspatial,704,1
235,61317,2,1,400,trial.validspatial,624,1
235,61317,1,2,800,trial.validspatial,1079,1
235,61317,1,1,800,trial.invalid,766,1
235,61317,2,1,400,trial.validspatial,651,1
235,61317,2,1,800,trial.validspatial,622,1
235,61317,2,2,0,trial.validspatial,1026,1
235,61317,1,2,0,trial.validspatial,1041,1
235,61317,1,1,400,trial.validspatial,875,1
235,61317,1,1,NaN,trial.nocue,948,1
235,61317,1,2,0,trial.validspatial,858,1
235,61317,1,1,NaN,trial.nocue,905,1
235,61317,2,2,0,trial.validspatial,1017,1
235,61317,2,1,800,trial.invalid,734,1
235,61317,2,2,NaN,trial.nocue,955,1
235,61317,1,2,400,trial.invalid,1081,1
235,61317,2,2,0,trial.doublecue,985,1
235,61317,1,2,NaN,trial.nocue,810,1
235,61317,1,1,400,trial.validspatial,844,1
235,61317,1,1,800,trial.validspatial,855,1
235,61317,2,1,NaN,trial.nocue,855,1
235,61317,1,1,800,trial.doublecue,742,1
235,61317,2,2,0,trial.doublecue,879,1
235,61317,1,1,0,trial.invalid,1004,1
235,61317,1,1,0,trial.invalid,849,1
235,61317,2,1,0,trial.validspatial,745,1
235,61317,2,1,0,trial.validspatial,906,1
235,61317,1,1,400,trial.doublecue,717,1
235,61317,2,2,800,trial.validspatial,850,1
235,61317,2,2,800,trial.validspatial,1054,1
235,61317,2,2,0,trial.validspatial,952,1
235,61317,1,2,400,trial.validspatial,900,1
235,61317,2,2,800,trial.invalid,916,1
235,61317,1,2,0,trial.invalid,965,1
235,61317,2,1,400,trial.validspatial,792,1
235,61317,2,1,400,trial.validspatial,624,1
235,61317,2,1,NaN,trial.nocue,911,1
235,61317,2,2,NaN,trial.nocue,931,1
235,61317,2,1,NaN,trial.nocue,765,1
235,61317,1,1,800,trial.validspatial,849,1
235,61317,1,1,NaN,trial.nocue,829,1
235,61317,2,1,800,trial.doublecue,770,1
235,61317,2,2,NaN,trial.nocue,1011,1
235,61317,1,2,400,trial.validspatial,754,1
235,61317,1,1,400,trial.doublecue,654,1
235,61317,2,2,400,trial.invalid,835,1
235,61317,1,1,NaN,trial.nocue,771,1
235,61317,2,1,800,trial.validspatial,586,1
235,61317,2,2,0,trial.validspatial,898,1
235,61317,2,1,800,trial.doublecue,728,1
235,61317,2,1,400,trial.validspatial,615,1
235,61317,2,2,400,trial.validspatial,832,1
235,61317,2,1,0,trial.doublecue,711,1
235,61317,2,2,400,trial.validspatial,1016,1
235,61317,2,2,400,trial.invalid,760,1
235,61317,2,2,800,trial.doublecue,818,1
235,61317,1,2,400,trial.doublecue,735,1
235,61317,1,2,0,trial.validspatial,1017,1
235,61317,1,2,NaN,trial.nocue,1291,0
235,61317,1,1,800,trial.invalid,872,1
235,61317,2,2,800,trial.validspatial,920,1
235,61317,2,1,800,trial.validspatial,671,1
235,61317,2,1,0,trial.validspatial,873,1
235,61317,2,2,NaN,trial.nocue,1007,1
235,61317,2,2,800,trial.validspatial,826,1
235,61317,1,1,400,trial.validspatial,1700,0
235,61317,1,2,800,trial.invalid,1123,1
235,61317,2,2,0,trial.validspatial,983,1
235,61317,2,2,800,trial.validspatial,839,1
235,61317,1,1,800,trial.validspatial,985,1
235,61317,2,1,NaN,trial.nocue,903,1
235,61317,1,2,NaN,trial.nocue,763,1
235,61317,1,2,800,trial.validspatial,734,1
235,61317,1,2,0,trial.validspatial,848,1
235,61317,2,2,0,trial.invalid,644,1
235,61317,1,1,NaN,trial.nocue,790,1
235,61317,2,2,800,trial.validspatial,789,1
235,61317,2,1,800,trial.validspatial,682,0
235,61317,2,1,0,trial.validspatial,564,1
235,61317,1,1,800,trial.doublecue,936,1
235,61317,2,2,800,trial.invalid,894,1
235,61317,1,2,400,trial.validspatial,615,1
235,61317,2,1,800,trial.validspatial,712,1
235,61317,1,2,400,trial.invalid,933,1
235,61317,1,1,800,trial.validspatial,1156,1
235,61317,2,2,400,trial.doublecue,1020,1
235,61317,1,1,0,trial.validspatial,769,1
235,61317,2,1,NaN,trial.nocue,1700,0
235,61317,2,1,400,trial.invalid,1069,1
235,61317,1,2,800,trial.invalid,1005,1
235,61317,1,2,0,trial.doublecue,925,1
235,61317,1,1,400,trial.validspatial,775,1
235,61317,1,2,400,trial.validspatial,1067,1
235,61317,1,1,0,trial.doublecue,705,1
235,61317,1,1,0,trial.doublecue,769,1
235,61317,1,2,NaN,trial.nocue,874,1
235,61317,2,1,400,trial.doublecue,864,1
235,61317,2,2,400,trial.validspatial,789,1
235,61317,2,2,800,trial.doublecue,821,1
235,61317,2,2,NaN,trial.nocue,1047,1
235,61317,1,2,NaN,trial.nocue,770,1
235,61317,1,2,0,trial.doublecue,945,1
235,61317,2,1,800,trial.invalid,805,1
235,61317,1,2,0,trial.validspatial,743,1
235,61317,1,1,0,trial.validspatial,835,1
235,61317,2,1,0,trial.validspatial,722,1
235,61317,1,1,400,trial.invalid,1244,1
235,61317,1,2,800,trial.doublecue,936,1
235,61317,2,2,0,trial.validspatial,666,1
235,61317,2,2,0,trial.invalid,965,1
235,61317,1,1,0,trial.validspatial,1057,1
235,61317,1,1,400,trial.invalid,772,1
235,61317,2,1,800,trial.validspatial,744,1
235,61317,2,2,400,trial.doublecue,789,1
235,61317,2,1,0,trial.doublecue,738,1
235,61317,2,2,400,trial.validspatial,898,1
235,61317,1,1,NaN,trial.nocue,873,1
235,61317,2,1,0,trial.invalid,844,1
235,61317,1,2,800,trial.validspatial,915,1
235,61317,1,2,800,trial.doublecue,730,1
235,61317,2,1,400,trial.validspatial,633,1
235,61317,1,1,800,trial.validspatial,864,1
235,61317,1,2,800,trial.validspatial,943,1
235,61317,1,1,0,trial.validspatial,568,1
235,61317,1,2,400,trial.validspatial,1024,1
235,61317,2,1,400,trial.invalid,1015,1
235,61317,2,1,0,trial.invalid,769,1
235,61317,2,2,NaN,trial.nocue,865,1
235,61317,1,1,800,trial.validspatial,907,1
235,61317,2,2,400,trial.validspatial,664,1
235,61317,2,1,NaN,trial.nocue,953,1
235,61317,1,1,400,trial.validspatial,1124,1
235,61317,1,2,NaN,trial.nocue,1055,1
235,61317,1,2,0,trial.validspatial,1161,1
235,61317,1,2,800,trial.validspatial,808,1
235,61317,1,1,0,trial.validspatial,877,1
235,61317,1,1,400,trial.validspatial,867,1
