subject,date,location_congruence_val,flanker_congruence_val,cue_target_interval,cue_condition,latency,values.correct
59,40117,1,1,0,trial.validspatial,506,1
59,40117,1,2,0,trial.invalid,863,0
59,40117,1,2,800,trial.validspatial,788,1
59,40117,1,2,400,trial.validspatial,665,1
59,40117,1,2,400,trial.doublecue,753,1
59,40117,2,2,400,trial.validspatial,625,1
59,40117,2,1,400,trial.doublecue,501,1
59,40117,2,1,0,trial.validspatial,712,1
59,40117,2,1,400,trial.validspatial,461,1
59,40117,1,2,800,trial.validspatial,530,1
59,40117,1,1,800,trial.invalid,708,1
59,40117,2,1,400,trial.validspatial,429,1
59,40117,2,1,800,trial.validspatial,369,1
59,40117,2,2,0,trial.validspatial,615,1
59,40117,1,2,0,trial.validspatial,666,1
59,40117,1,1,400,trial.validspatial,367,1
59,40117,1,1,NaN,trial.nocue,528,1
59,40117,1,2,0,trial.validspatial,525,1
59,40117,1,1,NaN,trial.nocue,442,1
59,40117,2,2,0,trial.validspatial,387,0
59,40117,2,1,800,trial.invalid,548,1
59,40117,2,2,NaN,trial.nocue,603,0
59,40117,1,2,400,trial.invalid,971,1
59,40117,2,2,0,trial.doublecue,722,1
59,40117,1,2,NaN,trial.nocue,697,1
59,40117,1,1,400,trial.validspatial,498,1
59,40117,1,1,800,trial.validspatial,393,1
59,40117,2,1,NaN,trial.nocue,568,1
59,40117,1,1,800,trial.doublecue,405,1
59,40117,2,2,0,trial.doublecue,483,0
59,40117,1,1,0,trial.invalid,566,1
59,40117,1,1,0,trial.invalid,661,1
59,40117,2,1,0,trial.validspatial,521,1
59,40117,2,1,0,trial.validspatial,505,1
59,40117,1,1,400,trial.doublecue,557,1
59,40117,2,2,800,trial.validspatial,542,1
59,40117,2,2,800,trial.validspatial,451,0
59,40117,2,2,0,trial.validspatial,709,1
59,40117,1,2,400,trial.validspatial,503,1
59,40117,2,2,800,trial.invalid,691,1
59,40117,1,2,0,trial.invalid,764,1
59,40117,2,1,400,trial.validspatial,411,1
59,40117,2,1,400,trial.validspatial,383,1
59,40117,2,1,NaN,trial.nocue,459,1
59,40117,2,2,NaN,trial.nocue,679,1
59,40117,2,1,NaN,trial.nocue,503,1
59,40117,1,1,800,trial.validspatial,432,1
59,40117,1,1,NaN,trial.nocue,502,1
59,40117,2,1,800,trial.doublecue,525,1
59,40117,2,2,NaN,trial.nocue,707,1
59,40117,1,2,400,trial.validspatial,523,1
59,40117,1,1,400,trial.doublecue,440,1
59,40117,2,2,400,trial.invalid,515,0
59,40117,1,1,NaN,trial.nocue,523,1
59,40117,2,1,800,trial.validspatial,425,1
59,40117,2,2,0,trial.validspatial,565,1
59,40117,2,1,800,trial.doublecue,442,1
59,40117,2,1,400,trial.validspatial,403,1
59,40117,2,2,400,trial.validspatial,601,1
59,40117,2,1,0,trial.doublecue,471,1
59,40117,2,2,400,trial.validspatial,396,0
59,40117,2,2,400,trial.invalid,782,0
59,40117,2,2,800,trial.doublecue,601,1
59,40117,1,2,400,trial.doublecue,428,0
59,40117,1,2,0,trial.validspatial,807,1
59,40117,1,2,NaN,trial.nocue,694,0
59,40117,1,1,800,trial.invalid,651,1
59,40117,2,2,800,trial.validspatial,540,1
59,40117,2,1,800,trial.validspatial,519,1
59,40117,2,1,0,trial.validspatial,671,1
59,40117,2,2,NaN,trial.nocue,737,1
59,40117,2,2,800,trial.validspatial,627,1
59,40117,1,1,400,trial.validspatial,906,1
59,40117,1,2,800,trial.invalid,800,1
59,40117,2,2,0,trial.validspatial,771,1
59,40117,2,2,800,trial.validspatial,640,1
59,40117,1,1,800,trial.validspatial,489,1
59,40117,2,1,NaN,trial.nocue,536,1
59,40117,1,2,NaN,trial.nocue,651,1
59,40117,1,2,800,trial.validspatial,583,1
59,40117,1,2,0,trial.validspatial,612,1
59,40117,2,2,0,trial.invalid,739,1
59,40117,1,1,NaN,trial.nocue,541,1
59,40117,2,2,800,trial.validspatial,517,1
59,40117,2,1,800,trial.validspatial,443,1
59,40117,2,1,0,trial.validspatial,500,1
59,40117,1,1,800,trial.doublecue,618,1
59,40117,2,2,800,trial.invalid,527,0
59,40117,1,2,400,trial.validspatial,625,1
59,40117,2,1,800,trial.validspatial,377,1
59,40117,1,2,400,trial.invalid,567,0
59,40117,1,1,800,trial.validspatial,513,1
59,40117,2,2,400,trial.doublecue,528,0
59,40117,1,1,0,trial.validspatial,542,1
59,40117,2,1,NaN,trial.nocue,494,1
59,40117,2,1,400,trial.invalid,650,1
59,40117,1,2,800,trial.invalid,479,0
59,40117,1,2,0,trial.doublecue,828,1
59,40117,1,1,400,trial.validspatial,476,1
59,40117,1,2,400,trial.validspatial,571,1
59,40117,1,1,0,trial.doublecue,658,1
59,40117,1,1,0,trial.doublecue,625,1
59,40117,1,2,NaN,trial.nocue,692,1
59,40117,2,1,400,trial.doublecue,528,1
59,40117,2,2,400,trial.validspatial,685,1
59,40117,2,2,800,trial.doublecue,894,1
59,40117,2,2,NaN,trial.nocue,683,1
59,40117,1,2,NaN,trial.nocue,684,1
59,40117,1,2,0,trial.doublecue,665,1
59,40117,2,1,800,trial.invalid,766,1
59,40117,1,2,0,trial.validspatial,768,1
59,40117,1,1,0,trial.validspatial,577,1
59,40117,2,1,0,trial.validspatial,508,1
59,40117,1,1,400,trial.invalid,576,1
59,40117,1,2,800,trial.doublecue,605,1
59,40117,2,2,0,trial.validspatial,933,1
59,40117,2,2,0,trial.invalid,650,1
59,40117,1,1,0,trial.validspatial,487,1
59,40117,1,1,400,trial.invalid,574,1
59,40117,2,1,800,trial.validspatial,606,1
59,40117,2,2,400,trial.doublecue,614,1
59,40117,2,1,0,trial.doublecue,555,1
59,40117,2,2,400,trial.validspatial,554,1
59,40117,1,1,NaN,trial.nocue,726,1
59,40117,2,1,0,trial.invalid,530,1
59,40117,1,2,800,trial.validspatial,602,1
59,40117,1,2,800,trial.doublecue,510,0
59,40117,2,1,400,trial.validspatial,439,0
59,40117,1,1,800,trial.validspatial,430,1
59,40117,1,2,800,trial.validspatial,599,1
59,40117,1,1,0,trial.validspatial,518,1
59,40117,1,2,400,trial.validspatial,555,1
59,40117,2,1,400,trial.invalid,589,1
59,40117,2,1,0,trial.invalid,505,1
59,40117,2,2,NaN,trial.nocue,692,1
59,40117,1,1,800,trial.validspatial,465,1
59,40117,2,2,400,trial.validspatial,539,1
59,40117,2,1,NaN,trial.nocue,550,1
59,40117,1,1,400,trial.validspatial,449,1
59,40117,1,2,NaN,trial.nocue,765,1
59,40117,1,2,0,trial.validspatial,640,1
59,40117,1,2,800,trial.validspatial,554,1
59,40117,1,1,0,trial.validspatial,528,1
59,40117,1,1,400,trial.validspatial,438,1
59,40117,1,1,0,trial.validspatial,499,1
59,40117,1,2,0,trial.invalid,950,1
59,40117,1,2,800,trial.validspatial,555,1
59,40117,1,2,400,trial.validspatial,632,1
59,40117,1,2,400,trial.doublecue,489,0
59,40117,2,2,400,trial.validspatial,537,1
59,40117,2,1,400,trial.doublecue,476,1
59,40117,2,1,0,trial.validspatial,466,1
59,40117,2,1,400,trial.validspatial,454,1
59,40117,1,2,800,trial.validspatial,592,1
59,40117,1,1,800,trial.invalid,624,1
59,40117,2,1,400,trial.validspatial,442,1
59,40117,2,1,800,trial.validspatial,445,1
59,40117,2,2,0,trial.validspatial,540,0
59,40117,1,2,0,trial.validspatial,763,1
59,40117,1,1,400,trial.validspatial,428,1
59,40117,1,1,NaN,trial.nocue,686,1
59,40117,1,2,0,trial.validspatial,691,1
59,40117,1,1,NaN,trial.nocue,623,1
59,40117,2,2,0,trial.validspatial,671,1
59,40117,2,1,800,trial.invalid,538,1
59,40117,2,2,NaN,trial.nocue,897,1
59,40117,1,2,400,trial.invalid,705,1
59,40117,2,2,0,trial.doublecue,673,1
59,40117,1,2,NaN,trial.nocue,540,0
59,40117,1,1,400,trial.validspatial,459,1
59,40117,1,1,800,trial.validspatial,436,1
59,40117,2,1,NaN,trial.nocue,595,1
59,40117,1,1,800,trial.doublecue,491,1
59,40117,2,2,0,trial.doublecue,860,1
59,40117,1,1,0,trial.invalid,589,1
59,40117,1,1,0,trial.invalid,556,1
59,40117,2,1,0,trial.validspatial,483,1
59,40117,2,1,0,trial.validspatial,491,1
59,40117,1,1,400,trial.doublecue,424,1
59,40117,2,2,800,trial.validspatial,565,1
59,40117,2,2,800,trial.validspatial,540,1
59,40117,2,2,0,trial.validspatial,670,1
59,40117,1,2,400,trial.validspatial,566,1
59,40117,2,2,800,trial.invalid,754,1
59,40117,1,2,0,trial.invalid,827,1
59,40117,2,1,400,trial.validspatial,586,1
59,40117,2,1,400,trial.validspatial,452,1
59,40117,2,1,NaN,trial.nocue,488,1
59,40117,2,2,NaN,trial.nocue,621,1
59,40117,2,1,NaN,trial.nocue,1004,1
59,40117,1,1,800,trial.validspatial,446,1
59,40117,1,1,NaN,trial.nocue,415,1
59,40117,2,1,800,trial.doublecue,536,1
59,40117,2,2,NaN,trial.nocue,742,1
59,40117,1,2,400,trial.validspatial,629,1
59,40117,1,1,400,trial.doublecue,418,1
59,40117,2,2,400,trial.invalid,614,0
59,40117,1,1,NaN,trial.nocue,493,1
59,40117,2,1,800,trial.validspatial,477,1
59,40117,2,2,0,trial.validspatial,680,1
59,40117,2,1,800,trial.doublecue,572,1
59,40117,2,1,400,trial.validspatial,435,1
59,40117,2,2,400,trial.validspatial,649,1
59,40117,2,1,0,trial.doublecue,577,1
59,40117,2,2,400,trial.validspatial,585,1
59,40117,2,2,400,trial.invalid,1032,1
59,40117,2,2,800,trial.doublecue,537,1
59,40117,1,2,400,trial.doublecue,599,1
59,40117,1,2,0,trial.validspatial,737,1
59,40117,1,2,NaN,trial.nocue,959,1
59,40117,1,1,800,trial.invalid,727,1
59,40117,2,2,800,trial.validspatial,521,1
59,40117,2,1,800,trial.validspatial,427,1
59,40117,2,1,0,trial.validspatial,702,1
59,40117,2,2,NaN,trial.nocue,937,1
59,40117,2,2,800,trial.validspatial,582,1
59,40117,1,1,400,trial.validspatial,1700,0
59,40117,1,2,800,trial.invalid,505,1
59,40117,2,2,0,trial.validspatial,639,0
59,40117,2,2,800,trial.validspatial,534,1
59,40117,1,1,800,trial.validspatial,620,1
59,40117,2,1,NaN,trial.nocue,836,1
59,40117,1,2,NaN,trial.nocue,565,1
59,40117,1,2,800,trial.validspatial,504,1
59,40117,1,2,0,trial.validspatial,541,1
59,40117,2,2,0,trial.invalid,483,1
59,40117,1,1,NaN,trial.nocue,580,1
59,40117,2,2,800,trial.validspatial,589,1
59,40117,2,1,800,trial.validspatial,446,1
59,40117,2,1,0,trial.validspatial,361,1
59,40117,1,1,800,trial.doublecue,631,1
59,40117,2,2,800,trial.invalid,835,1
59,40117,1,2,400,trial.validspatial,444,1
59,40117,2,1,800,trial.validspatial,477,1
59,40117,1,2,400,trial.invalid,699,1
59,40117,1,1,800,trial.validspatial,521,1
59,40117,2,2,400,trial.doublecue,788,1
59,40117,1,1,0,trial.validspatial,588,1
59,40117,2,1,NaN,trial.nocue,1043,1
59,40117,2,1,400,trial.invalid,866,1
59,40117,1,2,800,trial.invalid,601,1
59,40117,1,2,0,trial.doublecue,771,1
59,40117,1,1,400,trial.validspatial,482,1
59,40117,1,2,400,trial.validspatial,562,1
59,40117,1,1,0,trial.doublecue,560,1
59,40117,1,1,0,trial.doublecue,510,1
59,40117,1,2,NaN,trial.nocue,491,0
59,40117,2,1,400,trial.doublecue,511,1
59,40117,2,2,400,trial.validspatial,571,1
59,40117,2,2,800,trial.doublecue,537,1
59,40117,2,2,NaN,trial.nocue,499,1
59,40117,1,2,NaN,trial.nocue,456,1
59,40117,1,2,0,trial.doublecue,628,1
59,40117,2,1,800,trial.invalid,549,1
59,40117,1,2,0,trial.validspatial,678,1
59,40117,1,1,0,trial.validspatial,510,1
59,40117,2,1,0,trial.validspatial,737,1
59,40117,1,1,400,trial.invalid,880,1
59,40117,1,2,800,trial.doublecue,473,1
59,40117,2,2,0,trial.validspatial,468,1
59,40117,2,2,0,trial.invalid,546,1
59,40117,1,1,0,trial.validspatial,952,1
59,40117,1,1,400,trial.invalid,519,1
59,40117,2,1,800,trial.validspatial,454,1
59,40117,2,2,400,trial.doublecue,479,1
59,40117,2,1,0,trial.doublecue,552,1
59,40117,2,2,400,trial.validspatial,638,1
59,40117,1,1,NaN,trial.nocue,622,1
59,40117,2,1,0,trial.invalid,444,1
59,40117,1,2,800,trial.validspatial,837,1
59,40117,1,2,800,trial.doublecue,480,1
59,40117,2,1,400,trial.validspatial,403,1
59,40117,1,1,800,trial.validspatial,647,0
59,40117,1,2,800,trial.validspatial,561,1
59,40117,1,1,0,trial.validspatial,400,1
59,40117,1,2,400,trial.validspatial,638,1
59,40117,2,1,400,trial.invalid,500,1
59,40117,2,1,0,trial.invalid,601,1
59,40117,2,2,NaN,trial.nocue,689,1
59,40117,1,1,800,trial.validspatial,514,1
59,40117,2,2,400,trial.validspatial,561,1
59,40117,2,1,NaN,trial.nocue,712,1
59,40117,1,1,400,trial.validspatial,695,1
59,40117,1,2,NaN,trial.nocue,596,1
59,40117,1,2,0,trial.validspatial,533,1
59,40117,1,2,800,trial.validspatial,464,1
59,40117,1,1,0,trial.validspatial,578,1
59,40117,1,1,400,trial.validspatial,688,1
