subject,date,location_congruence_val,flanker_congruence_val,cue_target_interval,cue_condition,latency,values.correct
248,62917,1,1,0,trial.validspatial,1160,1
248,62917,1,2,0,trial.invalid,1101,1
248,62917,1,2,800,trial.validspatial,805,0
248,62917,1,2,400,trial.validspatial,1198,0
248,62917,1,2,400,trial.doublecue,1331,1
248,62917,2,2,400,trial.validspatial,1415,1
248,62917,2,1,400,trial.doublecue,832,1
248,62917,2,1,0,trial.validspatial,1025,1
248,62917,2,1,400,trial.validspatial,773,1
248,62917,1,2,800,trial.validspatial,741,1
248,62917,1,1,800,trial.invalid,777,1
248,62917,2,1,400,trial.validspatial,734,1
248,62917,2,1,800,trial.validspatial,825,1
248,62917,2,2,0,trial.validspatial,859,1
248,62917,1,2,0,trial.validspatial,881,1
248,62917,1,1,400,trial.validspatial,714,1
248,62917,1,1,NaN,trial.nocue,817,1
248,62917,1,2,0,trial.validspatial,790,0
248,62917,1,1,NaN,trial.nocue,836,1
248,62917,2,2,0,trial.validspatial,818,0
248,62917,2,1,800,trial.invalid,629,0
248,62917,2,2,NaN,trial.nocue,1083,0
248,62917,1,2,400,trial.invalid,839,0
248,62917,2,2,0,trial.doublecue,902,1
248,62917,1,2,NaN,trial.nocue,806,0
248,62917,1,1,400,trial.validspatial,782,1
248,62917,1,1,800,trial.validspatial,736,1
248,62917,2,1,NaN,trial.nocue,814,1
248,62917,1,1,800,trial.doublecue,781,1
248,62917,2,2,0,trial.doublecue,1052,1
248,62917,1,1,0,trial.invalid,784,1
248,62917,1,1,0,trial.invalid,796,1
248,62917,2,1,0,trial.validspatial,692,1
248,62917,2,1,0,trial.validspatial,730,1
248,62917,1,1,400,trial.doublecue,762,1
248,62917,2,2,800,trial.validspatial,951,1
248,62917,2,2,800,trial.validspatial,928,1
248,62917,2,2,0,trial.validspatial,1041,0
248,62917,1,2,400,trial.validspatial,942,1
248,62917,2,2,800,trial.invalid,1165,1
248,62917,1,2,0,trial.invalid,876,0
248,62917,2,1,400,trial.validspatial,511,1
248,62917,2,1,400,trial.validspatial,729,1
248,62917,2,1,NaN,trial.nocue,836,1
248,62917,2,2,NaN,trial.nocue,951,0
248,62917,2,1,NaN,trial.nocue,743,1
248,62917,1,1,800,trial.validspatial,698,1
248,62917,1,1,NaN,trial.nocue,710,1
248,62917,2,1,800,trial.doublecue,697,1
248,62917,2,2,NaN,trial.nocue,856,1
248,62917,1,2,400,trial.validspatial,670,0
248,62917,1,1,400,trial.doublecue,633,1
248,62917,2,2,400,trial.invalid,765,0
248,62917,1,1,NaN,trial.nocue,731,1
248,62917,2,1,800,trial.validspatial,673,1
248,62917,2,2,0,trial.validspatial,792,0
248,62917,2,1,800,trial.doublecue,741,1
248,62917,2,1,400,trial.validspatial,643,1
248,62917,2,2,400,trial.validspatial,962,1
248,62917,2,1,0,trial.doublecue,793,1
248,62917,2,2,400,trial.validspatial,755,0
248,62917,2,2,400,trial.invalid,738,0
248,62917,2,2,800,trial.doublecue,739,0
248,62917,1,2,400,trial.doublecue,782,0
248,62917,1,2,0,trial.validspatial,766,0
248,62917,1,2,NaN,trial.nocue,832,0
248,62917,1,1,800,trial.invalid,691,1
248,62917,2,2,800,trial.validspatial,609,0
248,62917,2,1,800,trial.validspatial,585,1
248,62917,2,1,0,trial.validspatial,702,1
248,62917,2,2,NaN,trial.nocue,687,0
248,62917,2,2,800,trial.validspatial,697,0
248,62917,1,1,400,trial.validspatial,749,1
248,62917,1,2,800,trial.invalid,707,0
248,62917,2,2,0,trial.validspatial,775,0
248,62917,2,2,800,trial.validspatial,822,0
248,62917,1,1,800,trial.validspatial,550,1
248,62917,2,1,NaN,trial.nocue,777,1
248,62917,1,2,NaN,trial.nocue,680,0
248,62917,1,2,800,trial.validspatial,758,0
248,62917,1,2,0,trial.validspatial,989,1
248,62917,2,2,0,trial.invalid,877,1
248,62917,1,1,NaN,trial.nocue,861,1
248,62917,2,2,800,trial.validspatial,768,1
248,62917,2,1,800,trial.validspatial,896,1
248,62917,2,1,0,trial.validspatial,814,0
248,62917,1,1,800,trial.doublecue,921,1
248,62917,2,2,800,trial.invalid,887,1
248,62917,1,2,400,trial.validspatial,747,0
248,62917,2,1,800,trial.validspatial,809,1
248,62917,1,2,400,trial.invalid,752,0
248,62917,1,1,800,trial.validspatial,964,1
248,62917,2,2,400,trial.doublecue,1042,1
248,62917,1,1,0,trial.validspatial,801,1
248,62917,2,1,NaN,trial.nocue,757,1
248,62917,2,1,400,trial.invalid,779,1
248,62917,1,2,800,trial.invalid,949,1
248,62917,1,2,0,trial.doublecue,784,0
248,62917,1,1,400,trial.validspatial,663,1
248,62917,1,2,400,trial.validspatial,855,0
248,62917,1,1,0,trial.doublecue,1070,0
248,62917,1,1,0,trial.doublecue,748,1
248,62917,1,2,NaN,trial.nocue,788,0
248,62917,2,1,400,trial.doublecue,748,1
248,62917,2,2,400,trial.validspatial,928,1
248,62917,2,2,800,trial.doublecue,1003,1
248,62917,2,2,NaN,trial.nocue,927,0
248,62917,1,2,NaN,trial.nocue,728,0
248,62917,1,2,0,trial.doublecue,804,1
248,62917,2,1,800,trial.invalid,794,1
248,62917,1,2,0,trial.validspatial,768,0
248,62917,1,1,0,trial.validspatial,739,1
248,62917,2,1,0,trial.validspatial,717,1
248,62917,1,1,400,trial.invalid,774,1
248,62917,1,2,800,trial.doublecue,753,0
248,62917,2,2,0,trial.validspatial,1022,0
248,62917,2,2,0,trial.invalid,950,1
248,62917,1,1,0,trial.validspatial,819,1
248,62917,1,1,400,trial.invalid,701,1
248,62917,2,1,800,trial.validspatial,534,1
248,62917,2,2,400,trial.doublecue,866,1
248,62917,2,1,0,trial.doublecue,727,1
248,62917,2,2,400,trial.validspatial,863,1
248,62917,1,1,NaN,trial.nocue,921,1
248,62917,2,1,0,trial.invalid,726,1
248,62917,1,2,800,trial.validspatial,621,0
248,62917,1,2,800,trial.doublecue,694,0
248,62917,2,1,400,trial.validspatial,631,1
248,62917,1,1,800,trial.validspatial,613,1
248,62917,1,2,800,trial.validspatial,761,0
248,62917,1,1,0,trial.validspatial,756,1
248,62917,1,2,400,trial.validspatial,821,1
248,62917,2,1,400,trial.invalid,718,1
248,62917,2,1,0,trial.invalid,677,1
248,62917,2,2,NaN,trial.nocue,830,1
248,62917,1,1,800,trial.validspatial,746,1
248,62917,2,2,400,trial.validspatial,727,0
248,62917,2,1,NaN,trial.nocue,776,1
248,62917,1,1,400,trial.validspatial,737,1
248,62917,1,2,NaN,trial.nocue,661,0
248,62917,1,2,0,trial.validspatial,828,1
248,62917,1,2,800,trial.validspatial,646,0
248,62917,1,1,0,trial.validspatial,902,1
248,62917,1,1,400,trial.validspatial,840,1
248,62917,1,1,0,trial.validspatial,1313,0
248,62917,1,2,0,trial.invalid,1261,1
248,62917,1,2,800,trial.validspatial,942,1
248,62917,1,2,400,trial.validspatial,919,1
248,62917,1,2,400,trial.doublecue,852,1
248,62917,2,2,400,trial.validspatial,759,0
248,62917,2,1,400,trial.doublecue,768,1
248,62917,2,1,0,trial.validspatial,770,1
248,62917,2,1,400,trial.validspatial,765,1
248,62917,1,2,800,trial.validspatial,750,0
248,62917,1,1,800,trial.invalid,763,1
248,62917,2,1,400,trial.validspatial,703,1
248,62917,2,1,800,trial.validspatial,610,1
248,62917,2,2,0,trial.validspatial,828,1
248,62917,1,2,0,trial.validspatial,770,0
248,62917,1,1,400,trial.validspatial,932,1
248,62917,1,1,NaN,trial.nocue,714,1
248,62917,1,2,0,trial.validspatial,727,0
248,62917,1,1,NaN,trial.nocue,723,1
248,62917,2,2,0,trial.validspatial,983,0
248,62917,2,1,800,trial.invalid,723,1
248,62917,2,2,NaN,trial.nocue,822,0
248,62917,1,2,400,trial.invalid,740,0
248,62917,2,2,0,trial.doublecue,931,0
248,62917,1,2,NaN,trial.nocue,963,0
248,62917,1,1,400,trial.validspatial,749,1
248,62917,1,1,800,trial.validspatial,686,1
248,62917,2,1,NaN,trial.nocue,708,1
248,62917,1,1,800,trial.doublecue,715,1
248,62917,2,2,0,trial.doublecue,843,0
248,62917,1,1,0,trial.invalid,663,1
248,62917,1,1,0,trial.invalid,695,1
248,62917,2,1,0,trial.validspatial,658,1
248,62917,2,1,0,trial.validspatial,615,1
248,62917,1,1,400,trial.doublecue,571,1
248,62917,2,2,800,trial.validspatial,607,0
248,62917,2,2,800,trial.validspatial,873,1
248,62917,2,2,0,trial.validspatial,803,0
248,62917,1,2,400,trial.validspatial,669,0
248,62917,2,2,800,trial.invalid,798,0
248,62917,1,2,0,trial.invalid,1014,0
248,62917,2,1,400,trial.validspatial,624,1
248,62917,2,1,400,trial.validspatial,602,1
248,62917,2,1,NaN,trial.nocue,597,1
248,62917,2,2,NaN,trial.nocue,760,0
248,62917,2,1,NaN,trial.nocue,633,1
248,62917,1,1,800,trial.validspatial,679,1
248,62917,1,1,NaN,trial.nocue,691,1
248,62917,2,1,800,trial.doublecue,606,1
248,62917,2,2,NaN,trial.nocue,693,0
248,62917,1,2,400,trial.validspatial,595,0
248,62917,1,1,400,trial.doublecue,526,1
248,62917,2,2,400,trial.invalid,683,0
248,62917,1,1,NaN,trial.nocue,745,1
248,62917,2,1,800,trial.validspatial,607,1
248,62917,2,2,0,trial.validspatial,901,0
248,62917,2,1,800,trial.doublecue,634,1
248,62917,2,1,400,trial.validspatial,544,1
248,62917,2,2,400,trial.validspatial,552,0
248,62917,2,1,0,trial.doublecue,583,1
248,62917,2,2,400,trial.validspatial,872,1
248,62917,2,2,400,trial.invalid,903,1
248,62917,2,2,800,trial.doublecue,743,0
248,62917,1,2,400,trial.doublecue,715,0
248,62917,1,2,0,trial.validspatial,1091,0
248,62917,1,2,NaN,trial.nocue,781,0
248,62917,1,1,800,trial.invalid,769,1
248,62917,2,2,800,trial.validspatial,791,0
248,62917,2,1,800,trial.validspatial,774,1
248,62917,2,1,0,trial.validspatial,826,1
248,62917,2,2,NaN,trial.nocue,719,1
248,62917,2,2,800,trial.validspatial,689,0
248,62917,1,1,400,trial.validspatial,1700,0
248,62917,1,2,800,trial.invalid,686,1
248,62917,2,2,0,trial.validspatial,1103,1
248,62917,2,2,800,trial.validspatial,575,1
248,62917,1,1,800,trial.validspatial,720,1
248,62917,2,1,NaN,trial.nocue,749,0
248,62917,1,2,NaN,trial.nocue,400,0
248,62917,1,2,800,trial.validspatial,746,1
248,62917,1,2,0,trial.validspatial,756,1
248,62917,2,2,0,trial.invalid,438,0
248,62917,1,1,NaN,trial.nocue,480,1
248,62917,2,2,800,trial.validspatial,751,0
248,62917,2,1,800,trial.validspatial,780,0
248,62917,2,1,0,trial.validspatial,581,1
248,62917,1,1,800,trial.doublecue,760,1
248,62917,2,2,800,trial.invalid,788,0
248,62917,1,2,400,trial.validspatial,718,0
248,62917,2,1,800,trial.validspatial,732,1
248,62917,1,2,400,trial.invalid,704,0
248,62917,1,1,800,trial.validspatial,827,1
248,62917,2,2,400,trial.doublecue,699,1
248,62917,1,1,0,trial.validspatial,571,0
248,62917,2,1,NaN,trial.nocue,879,1
248,62917,2,1,400,trial.invalid,724,0
248,62917,1,2,800,trial.invalid,707,0
248,62917,1,2,0,trial.doublecue,697,0
248,62917,1,1,400,trial.validspatial,610,1
248,62917,1,2,400,trial.validspatial,572,1
248,62917,1,1,0,trial.doublecue,658,1
248,62917,1,1,0,trial.doublecue,657,1
248,62917,1,2,NaN,trial.nocue,784,1
248,62917,2,1,400,trial.doublecue,620,1
248,62917,2,2,400,trial.validspatial,658,1
248,62917,2,2,800,trial.doublecue,829,1
248,62917,2,2,NaN,trial.nocue,670,1
248,62917,1,2,NaN,trial.nocue,636,1
248,62917,1,2,0,trial.doublecue,576,0
248,62917,2,1,800,trial.invalid,578,0
248,62917,1,2,0,trial.validspatial,772,0
248,62917,1,1,0,trial.validspatial,728,0
248,62917,2,1,0,trial.validspatial,327,1
248,62917,1,1,400,trial.invalid,992,1
248,62917,1,2,800,trial.doublecue,460,1
248,62917,2,2,0,trial.validspatial,494,1
248,62917,2,2,0,trial.invalid,633,1
248,62917,1,1,0,trial.validspatial,887,1
248,62917,1,1,400,trial.invalid,559,1
248,62917,2,1,800,trial.validspatial,634,1
248,62917,2,2,400,trial.doublecue,597,1
248,62917,2,1,0,trial.doublecue,617,1
248,62917,2,2,400,trial.validspatial,719,0
248,62917,1,1,NaN,trial.nocue,589,0
248,62917,2,1,0,trial.invalid,703,1
248,62917,1,2,800,trial.validspatial,571,0
248,62917,1,2,800,trial.doublecue,659,1
248,62917,2,1,400,trial.validspatial,408,0
248,62917,1,1,800,trial.validspatial,591,0
248,62917,1,2,800,trial.validspatial,621,1
248,62917,1,1,0,trial.validspatial,563,1
248,62917,1,2,400,trial.validspatial,586,0
248,62917,2,1,400,trial.invalid,688,1
248,62917,2,1,0,trial.invalid,614,0
248,62917,2,2,NaN,trial.nocue,566,0
248,62917,1,1,800,trial.validspatial,535,0
248,62917,2,2,400,trial.validspatial,563,0
248,62917,2,1,NaN,trial.nocue,738,0
248,62917,1,1,400,trial.validspatial,563,0
248,62917,1,2,NaN,trial.nocue,582,1
248,62917,1,2,0,trial.validspatial,668,0
248,62917,1,2,800,trial.validspatial,612,1
248,62917,1,1,0,trial.validspatial,744,1
248,62917,1,1,400,trial.validspatial,523,0
