subject,date,location_congruence_val,flanker_congruence_val,cue_target_interval,cue_condition,latency,values.correct
64,110117,1,1,0,trial.validspatial,1700,0
64,110117,1,2,0,trial.invalid,1558,1
64,110117,1,2,800,trial.validspatial,1700,0
64,110117,1,2,400,trial.validspatial,712,1
64,110117,1,2,400,trial.doublecue,899,1
64,110117,2,2,400,trial.validspatial,862,1
64,110117,2,1,400,trial.doublecue,988,1
64,110117,2,1,0,trial.validspatial,812,1
64,110117,2,1,400,trial.validspatial,511,1
64,110117,1,2,800,trial.validspatial,646,1
64,110117,1,1,800,trial.invalid,835,1
64,110117,2,1,400,trial.validspatial,422,1
64,110117,2,1,800,trial.validspatial,503,0
64,110117,2,2,0,trial.validspatial,743,1
64,110117,1,2,0,trial.validspatial,931,1
64,110117,1,1,400,trial.validspatial,750,1
64,110117,1,1,NaN,trial.nocue,740,1
64,110117,1,2,0,trial.validspatial,839,1
64,110117,1,1,NaN,trial.nocue,667,1
64,110117,2,2,0,trial.validspatial,816,1
64,110117,2,1,800,trial.invalid,786,1
64,110117,2,2,NaN,trial.nocue,703,1
64,110117,1,2,400,trial.invalid,946,1
64,110117,2,2,0,trial.doublecue,847,1
64,110117,1,2,NaN,trial.nocue,680,1
64,110117,1,1,400,trial.validspatial,550,1
64,110117,1,1,800,trial.validspatial,520,1
64,110117,2,1,NaN,trial.nocue,724,1
64,110117,1,1,800,trial.doublecue,431,1
64,110117,2,2,0,trial.doublecue,654,0
64,110117,1,1,0,trial.invalid,614,1
64,110117,1,1,0,trial.invalid,565,1
64,110117,2,1,0,trial.validspatial,563,1
64,110117,2,1,0,trial.validspatial,593,1
64,110117,1,1,400,trial.doublecue,455,1
64,110117,2,2,800,trial.validspatial,705,1
64,110117,2,2,800,trial.validspatial,632,1
64,110117,2,2,0,trial.validspatial,704,1
64,110117,1,2,400,trial.validspatial,579,1
64,110117,2,2,800,trial.invalid,706,1
64,110117,1,2,0,trial.invalid,671,1
64,110117,2,1,400,trial.validspatial,604,1
64,110117,2,1,400,trial.validspatial,391,1
64,110117,2,1,NaN,trial.nocue,611,1
64,110117,2,2,NaN,trial.nocue,878,1
64,110117,2,1,NaN,trial.nocue,510,1
64,110117,1,1,800,trial.validspatial,488,1
64,110117,1,1,NaN,trial.nocue,567,1
64,110117,2,1,800,trial.doublecue,738,1
64,110117,2,2,NaN,trial.nocue,805,1
64,110117,1,2,400,trial.validspatial,482,1
64,110117,1,1,400,trial.doublecue,665,1
64,110117,2,2,400,trial.invalid,558,0
64,110117,1,1,NaN,trial.nocue,618,1
64,110117,2,1,800,trial.validspatial,908,1
64,110117,2,2,0,trial.validspatial,719,1
64,110117,2,1,800,trial.doublecue,641,1
64,110117,2,1,400,trial.validspatial,731,1
64,110117,2,2,400,trial.validspatial,889,1
64,110117,2,1,0,trial.doublecue,533,1
64,110117,2,2,400,trial.validspatial,898,1
64,110117,2,2,400,trial.invalid,802,1
64,110117,2,2,800,trial.doublecue,675,1
64,110117,1,2,400,trial.doublecue,630,1
64,110117,1,2,0,trial.validspatial,1110,1
64,110117,1,2,NaN,trial.nocue,978,1
64,110117,1,1,800,trial.invalid,726,1
64,110117,2,2,800,trial.validspatial,778,1
64,110117,2,1,800,trial.validspatial,577,1
64,110117,2,1,0,trial.validspatial,643,1
64,110117,2,2,NaN,trial.nocue,825,1
64,110117,2,2,800,trial.validspatial,644,1
64,110117,1,1,400,trial.validspatial,498,1
64,110117,1,2,800,trial.invalid,780,1
64,110117,2,2,0,trial.validspatial,743,1
64,110117,2,2,800,trial.validspatial,710,0
64,110117,1,1,800,trial.validspatial,562,1
64,110117,2,1,NaN,trial.nocue,1149,1
64,110117,1,2,NaN,trial.nocue,715,1
64,110117,1,2,800,trial.validspatial,719,1
64,110117,1,2,0,trial.validspatial,654,1
64,110117,2,2,0,trial.invalid,862,1
64,110117,1,1,NaN,trial.nocue,759,1
64,110117,2,2,800,trial.validspatial,754,1
64,110117,2,1,800,trial.validspatial,610,1
64,110117,2,1,0,trial.validspatial,470,1
64,110117,1,1,800,trial.doublecue,661,1
64,110117,2,2,800,trial.invalid,689,1
64,110117,1,2,400,trial.validspatial,764,1
64,110117,2,1,800,trial.validspatial,435,1
64,110117,1,2,400,trial.invalid,758,1
64,110117,1,1,800,trial.validspatial,464,1
64,110117,2,2,400,trial.doublecue,652,1
64,110117,1,1,0,trial.validspatial,485,1
64,110117,2,1,NaN,trial.nocue,533,1
64,110117,2,1,400,trial.invalid,528,1
64,110117,1,2,800,trial.invalid,852,1
64,110117,1,2,0,trial.doublecue,714,1
64,110117,1,1,400,trial.validspatial,420,1
64,110117,1,2,400,trial.validspatial,691,1
64,110117,1,1,0,trial.doublecue,527,1
64,110117,1,1,0,trial.doublecue,556,1
64,110117,1,2,NaN,trial.nocue,884,1
64,110117,2,1,400,trial.doublecue,795,1
64,110117,2,2,400,trial.validspatial,560,1
64,110117,2,2,800,trial.doublecue,705,1
64,110117,2,2,NaN,trial.nocue,645,1
64,110117,1,2,NaN,trial.nocue,733,1
64,110117,1,2,0,trial.doublecue,537,1
64,110117,2,1,800,trial.invalid,876,1
64,110117,1,2,0,trial.validspatial,551,1
64,110117,1,1,0,trial.validspatial,507,1
64,110117,2,1,0,trial.validspatial,504,1
64,110117,1,1,400,trial.invalid,598,1
64,110117,1,2,800,trial.doublecue,841,1
64,110117,2,2,0,trial.validspatial,803,1
64,110117,2,2,0,trial.invalid,644,1
64,110117,1,1,0,trial.validspatial,635,1
64,110117,1,1,400,trial.invalid,709,1
64,110117,2,1,800,trial.validspatial,517,1
64,110117,2,2,400,trial.doublecue,744,1
64,110117,2,1,0,trial.doublecue,790,1
64,110117,2,2,400,trial.validspatial,496,1
64,110117,1,1,NaN,trial.nocue,655,1
64,110117,2,1,0,trial.invalid,595,1
64,110117,1,2,800,trial.validspatial,587,1
64,110117,1,2,800,trial.doublecue,762,1
64,110117,2,1,400,trial.validspatial,434,1
64,110117,1,1,800,trial.validspatial,520,1
64,110117,1,2,800,trial.validspatial,1073,1
64,110117,1,1,0,trial.validspatial,604,1
64,110117,1,2,400,trial.validspatial,575,1
64,110117,2,1,400,trial.invalid,662,1
64,110117,2,1,0,trial.invalid,675,1
64,110117,2,2,NaN,trial.nocue,938,1
64,110117,1,1,800,trial.validspatial,526,1
64,110117,2,2,400,trial.validspatial,409,0
64,110117,2,1,NaN,trial.nocue,715,1
64,110117,1,1,400,trial.validspatial,490,1
64,110117,1,2,NaN,trial.nocue,549,1
64,110117,1,2,0,trial.validspatial,657,1
64,110117,1,2,800,trial.validspatial,556,1
64,110117,1,1,0,trial.validspatial,641,1
64,110117,1,1,400,trial.validspatial,478,1
64,110117,1,1,0,trial.validspatial,464,1
64,110117,1,2,0,trial.invalid,1159,1
64,110117,1,2,800,trial.validspatial,817,1
64,110117,1,2,400,trial.validspatial,962,1
64,110117,1,2,400,trial.doublecue,916,1
64,110117,2,2,400,trial.validspatial,583,1
64,110117,2,1,400,trial.doublecue,653,1
64,110117,2,1,0,trial.validspatial,670,1
64,110117,2,1,400,trial.validspatial,460,1
64,110117,1,2,800,trial.validspatial,820,1
64,110117,1,1,800,trial.invalid,616,1
64,110117,2,1,400,trial.validspatial,603,0
64,110117,2,1,800,trial.validspatial,563,1
64,110117,2,2,0,trial.validspatial,709,1
64,110117,1,2,0,trial.validspatial,814,1
64,110117,1,1,400,trial.validspatial,410,1
64,110117,1,1,NaN,trial.nocue,576,1
64,110117,1,2,0,trial.validspatial,629,1
64,110117,1,1,NaN,trial.nocue,588,1
64,110117,2,2,0,trial.validspatial,657,1
64,110117,2,1,800,trial.invalid,574,1
64,110117,2,2,NaN,trial.nocue,819,1
64,110117,1,2,400,trial.invalid,1166,1
64,110117,2,2,0,trial.doublecue,469,0
64,110117,1,2,NaN,trial.nocue,744,1
64,110117,1,1,400,trial.validspatial,441,1
64,110117,1,1,800,trial.validspatial,602,1
64,110117,2,1,NaN,trial.nocue,646,1
64,110117,1,1,800,trial.doublecue,577,1
64,110117,2,2,0,trial.doublecue,743,1
64,110117,1,1,0,trial.invalid,730,1
64,110117,1,1,0,trial.invalid,558,1
64,110117,2,1,0,trial.validspatial,643,1
64,110117,2,1,0,trial.validspatial,478,1
64,110117,1,1,400,trial.doublecue,534,1
64,110117,2,2,800,trial.validspatial,616,1
64,110117,2,2,800,trial.validspatial,958,1
64,110117,2,2,0,trial.validspatial,727,1
64,110117,1,2,400,trial.validspatial,531,1
64,110117,2,2,800,trial.invalid,761,1
64,110117,1,2,0,trial.invalid,727,1
64,110117,2,1,400,trial.validspatial,549,1
64,110117,2,1,400,trial.validspatial,433,1
64,110117,2,1,NaN,trial.nocue,734,1
64,110117,2,2,NaN,trial.nocue,845,1
64,110117,2,1,NaN,trial.nocue,581,1
64,110117,1,1,800,trial.validspatial,522,1
64,110117,1,1,NaN,trial.nocue,570,1
64,110117,2,1,800,trial.doublecue,764,1
64,110117,2,2,NaN,trial.nocue,808,1
64,110117,1,2,400,trial.validspatial,661,1
64,110117,1,1,400,trial.doublecue,476,1
64,110117,2,2,400,trial.invalid,705,1
64,110117,1,1,NaN,trial.nocue,590,0
64,110117,2,1,800,trial.validspatial,719,1
64,110117,2,2,0,trial.validspatial,698,1
64,110117,2,1,800,trial.doublecue,660,1
64,110117,2,1,400,trial.validspatial,638,1
64,110117,2,2,400,trial.validspatial,620,1
64,110117,2,1,0,trial.doublecue,616,1
64,110117,2,2,400,trial.validspatial,647,0
64,110117,2,2,400,trial.invalid,848,1
64,110117,2,2,800,trial.doublecue,777,1
64,110117,1,2,400,trial.doublecue,644,1
64,110117,1,2,0,trial.validspatial,725,1
64,110117,1,2,NaN,trial.nocue,646,1
64,110117,1,1,800,trial.invalid,668,1
64,110117,2,2,800,trial.validspatial,695,1
64,110117,2,1,800,trial.validspatial,471,1
64,110117,2,1,0,trial.validspatial,554,1
64,110117,2,2,NaN,trial.nocue,804,1
64,110117,2,2,800,trial.validspatial,551,1
64,110117,1,1,400,trial.validspatial,1700,0
64,110117,1,2,800,trial.invalid,668,1
64,110117,2,2,0,trial.validspatial,826,1
64,110117,2,2,800,trial.validspatial,611,1
64,110117,1,1,800,trial.validspatial,572,1
64,110117,2,1,NaN,trial.nocue,743,1
64,110117,1,2,NaN,trial.nocue,569,1
64,110117,1,2,800,trial.validspatial,638,1
64,110117,1,2,0,trial.validspatial,590,1
64,110117,2,2,0,trial.invalid,552,1
64,110117,1,1,NaN,trial.nocue,753,1
64,110117,2,2,800,trial.validspatial,717,1
64,110117,2,1,800,trial.validspatial,448,0
64,110117,2,1,0,trial.validspatial,496,1
64,110117,1,1,800,trial.doublecue,592,0
64,110117,2,2,800,trial.invalid,654,1
64,110117,1,2,400,trial.validspatial,492,1
64,110117,2,1,800,trial.validspatial,544,1
64,110117,1,2,400,trial.invalid,788,1
64,110117,1,1,800,trial.validspatial,785,1
64,110117,2,2,400,trial.doublecue,734,1
64,110117,1,1,0,trial.validspatial,654,1
64,110117,2,1,NaN,trial.nocue,793,1
64,110117,2,1,400,trial.invalid,734,1
64,110117,1,2,800,trial.invalid,653,1
64,110117,1,2,0,trial.doublecue,847,1
64,110117,1,1,400,trial.validspatial,525,1
64,110117,1,2,400,trial.validspatial,479,1
64,110117,1,1,0,trial.doublecue,668,1
64,110117,1,1,0,trial.doublecue,503,1
64,110117,1,2,NaN,trial.nocue,827,1
64,110117,2,1,400,trial.doublecue,520,1
64,110117,2,2,400,trial.validspatial,506,1
64,110117,2,2,800,trial.doublecue,655,1
64,110117,2,2,NaN,trial.nocue,506,1
64,110117,1,2,NaN,trial.nocue,577,1
64,110117,1,2,0,trial.doublecue,754,1
64,110117,2,1,800,trial.invalid,586,1
64,110117,1,2,0,trial.validspatial,890,1
64,110117,1,1,0,trial.validspatial,767,1
64,110117,2,1,0,trial.validspatial,757,1
64,110117,1,1,400,trial.invalid,859,1
64,110117,1,2,800,trial.doublecue,500,1
64,110117,2,2,0,trial.validspatial,477,1
64,110117,2,2,0,trial.invalid,786,1
64,110117,1,1,0,trial.validspatial,811,1
64,110117,1,1,400,trial.invalid,467,1
64,110117,2,1,800,trial.validspatial,429,1
64,110117,2,2,400,trial.doublecue,486,1
64,110117,2,1,0,trial.doublecue,496,1
64,110117,2,2,400,trial.validspatial,850,1
64,110117,1,1,NaN,trial.nocue,560,1
64,110117,2,1,0,trial.invalid,663,1
64,110117,1,2,800,trial.validspatial,731,1
64,110117,1,2,800,trial.doublecue,664,1
64,110117,2,1,400,trial.validspatial,460,1
64,110117,1,1,800,trial.validspatial,950,1
64,110117,1,2,800,trial.validspatial,660,1
64,110117,1,1,0,trial.validspatial,495,1
64,110117,1,2,400,trial.validspatial,715,1
64,110117,2,1,400,trial.invalid,647,1
64,110117,2,1,0,trial.invalid,840,1
64,110117,2,2,NaN,trial.nocue,855,1
64,110117,1,1,800,trial.validspatial,682,1
64,110117,2,2,400,trial.validspatial,541,1
64,110117,2,1,NaN,trial.nocue,875,1
64,110117,1,1,400,trial.validspatial,665,1
64,110117,1,2,NaN,trial.nocue,662,1
64,110117,1,2,0,trial.validspatial,618,1
64,110117,1,2,800,trial.validspatial,552,1
64,110117,1,1,0,trial.validspatial,588,1
64,110117,1,1,400,trial.validspatial,761,1
