subject,date,location_congruence_val,flanker_congruence_val,cue_target_interval,cue_condition,latency,values.correct
499,63017,1,1,0,trial.validspatial,718,1
499,63017,1,2,0,trial.invalid,1049,1
499,63017,1,2,800,trial.validspatial,781,1
499,63017,1,2,400,trial.validspatial,946,1
499,63017,1,2,400,trial.doublecue,856,1
499,63017,2,2,400,trial.validspatial,857,1
499,63017,2,1,400,trial.doublecue,1423,1
499,63017,2,1,0,trial.validspatial,975,1
499,63017,2,1,400,trial.validspatial,670,1
499,63017,1,2,800,trial.validspatial,838,1
499,63017,1,1,800,trial.invalid,822,1
499,63017,2,1,400,trial.validspatial,751,1
499,63017,2,1,800,trial.validspatial,536,1
499,63017,2,2,0,trial.validspatial,925,1
499,63017,1,2,0,trial.validspatial,813,1
499,63017,1,1,400,trial.validspatial,628,1
499,63017,1,1,NaN,trial.nocue,798,1
499,63017,1,2,0,trial.validspatial,776,1
499,63017,1,1,NaN,trial.nocue,1040,1
499,63017,2,2,0,trial.validspatial,954,1
499,63017,2,1,800,trial.invalid,913,1
499,63017,2,2,NaN,trial.nocue,1116,1
499,63017,1,2,400,trial.invalid,879,1
499,63017,2,2,0,trial.doublecue,800,1
499,63017,1,2,NaN,trial.nocue,1004,1
499,63017,1,1,400,trial.validspatial,694,1
499,63017,1,1,800,trial.validspatial,725,1
499,63017,2,1,NaN,trial.nocue,726,1
499,63017,1,1,800,trial.doublecue,662,1
499,63017,2,2,0,trial.doublecue,785,1
499,63017,1,1,0,trial.invalid,712,1
499,63017,1,1,0,trial.invalid,571,1
499,63017,2,1,0,trial.validspatial,570,1
499,63017,2,1,0,trial.validspatial,770,1
499,63017,1,1,400,trial.doublecue,580,1
499,63017,2,2,800,trial.validspatial,706,1
499,63017,2,2,800,trial.validspatial,684,1
499,63017,2,2,0,trial.validspatial,581,1
499,63017,1,2,400,trial.validspatial,724,1
499,63017,2,2,800,trial.invalid,874,1
499,63017,1,2,0,trial.invalid,1056,1
499,63017,2,1,400,trial.validspatial,536,1
499,63017,2,1,400,trial.validspatial,526,1
499,63017,2,1,NaN,trial.nocue,820,1
499,63017,2,2,NaN,trial.nocue,850,1
499,63017,2,1,NaN,trial.nocue,629,1
499,63017,1,1,800,trial.validspatial,438,1
499,63017,1,1,NaN,trial.nocue,475,1
499,63017,2,1,800,trial.doublecue,571,1
499,63017,2,2,NaN,trial.nocue,740,1
499,63017,1,2,400,trial.validspatial,512,1
499,63017,1,1,400,trial.doublecue,626,1
499,63017,2,2,400,trial.invalid,554,0
499,63017,1,1,NaN,trial.nocue,479,1
499,63017,2,1,800,trial.validspatial,518,1
499,63017,2,2,0,trial.validspatial,701,1
499,63017,2,1,800,trial.doublecue,663,1
499,63017,2,1,400,trial.validspatial,535,1
499,63017,2,2,400,trial.validspatial,601,1
499,63017,2,1,0,trial.doublecue,713,1
499,63017,2,2,400,trial.validspatial,673,1
499,63017,2,2,400,trial.invalid,760,1
499,63017,2,2,800,trial.doublecue,678,1
499,63017,1,2,400,trial.doublecue,803,1
499,63017,1,2,0,trial.validspatial,768,1
499,63017,1,2,NaN,trial.nocue,754,1
499,63017,1,1,800,trial.invalid,835,1
499,63017,2,2,800,trial.validspatial,765,1
499,63017,2,1,800,trial.validspatial,509,1
499,63017,2,1,0,trial.validspatial,665,1
499,63017,2,2,NaN,trial.nocue,754,1
499,63017,2,2,800,trial.validspatial,696,1
499,63017,1,1,400,trial.validspatial,638,1
499,63017,1,2,800,trial.invalid,851,1
499,63017,2,2,0,trial.validspatial,739,1
499,63017,2,2,800,trial.validspatial,867,1
499,63017,1,1,800,trial.validspatial,645,1
499,63017,2,1,NaN,trial.nocue,719,1
499,63017,1,2,NaN,trial.nocue,993,1
499,63017,1,2,800,trial.validspatial,866,1
499,63017,1,2,0,trial.validspatial,787,1
499,63017,2,2,0,trial.invalid,891,1
499,63017,1,1,NaN,trial.nocue,812,1
499,63017,2,2,800,trial.validspatial,688,1
499,63017,2,1,800,trial.validspatial,533,1
499,63017,2,1,0,trial.validspatial,856,1
499,63017,1,1,800,trial.doublecue,633,1
499,63017,2,2,800,trial.invalid,957,1
499,63017,1,2,400,trial.validspatial,794,1
499,63017,2,1,800,trial.validspatial,557,1
499,63017,1,2,400,trial.invalid,902,1
499,63017,1,1,800,trial.validspatial,710,1
499,63017,2,2,400,trial.doublecue,1472,1
499,63017,1,1,0,trial.validspatial,695,1
499,63017,2,1,NaN,trial.nocue,696,1
499,63017,2,1,400,trial.invalid,753,1
499,63017,1,2,800,trial.invalid,1603,1
499,63017,1,2,0,trial.doublecue,1065,1
499,63017,1,1,400,trial.validspatial,584,1
499,63017,1,2,400,trial.validspatial,943,1
499,63017,1,1,0,trial.doublecue,573,1
499,63017,1,1,0,trial.doublecue,668,1
499,63017,1,2,NaN,trial.nocue,914,1
499,63017,2,1,400,trial.doublecue,597,1
499,63017,2,2,400,trial.validspatial,545,1
499,63017,2,2,800,trial.doublecue,822,1
499,63017,2,2,NaN,trial.nocue,871,1
499,63017,1,2,NaN,trial.nocue,780,1
499,63017,1,2,0,trial.doublecue,936,1
499,63017,2,1,800,trial.invalid,823,1
499,63017,1,2,0,trial.validspatial,776,1
499,63017,1,1,0,trial.validspatial,614,1
499,63017,2,1,0,trial.validspatial,746,1
499,63017,1,1,400,trial.invalid,851,1
499,63017,1,2,800,trial.doublecue,1009,1
499,63017,2,2,0,trial.validspatial,978,1
499,63017,2,2,0,trial.invalid,833,1
499,63017,1,1,0,trial.validspatial,1004,1
499,63017,1,1,400,trial.invalid,880,1
499,63017,2,1,800,trial.validspatial,777,1
499,63017,2,2,400,trial.doublecue,1169,1
499,63017,2,1,0,trial.doublecue,689,1
499,63017,2,2,400,trial.validspatial,779,1
499,63017,1,1,NaN,trial.nocue,846,1
499,63017,2,1,0,trial.invalid,788,1
499,63017,1,2,800,trial.validspatial,739,1
499,63017,1,2,800,trial.doublecue,870,1
499,63017,2,1,400,trial.validspatial,780,1
499,63017,1,1,800,trial.validspatial,651,1
499,63017,1,2,800,trial.validspatial,833,0
499,63017,1,1,0,trial.validspatial,842,1
499,63017,1,2,400,trial.validspatial,779,1
499,63017,2,1,400,trial.invalid,771,1
499,63017,2,1,0,trial.invalid,738,1
499,63017,2,2,NaN,trial.nocue,922,1
499,63017,1,1,800,trial.validspatial,574,1
499,63017,2,2,400,trial.validspatial,603,1
499,63017,2,1,NaN,trial.nocue,710,1
499,63017,1,1,400,trial.validspatial,649,1
499,63017,1,2,NaN,trial.nocue,738,1
499,63017,1,2,0,trial.validspatial,841,1
499,63017,1,2,800,trial.validspatial,785,1
499,63017,1,1,0,trial.validspatial,727,1
499,63017,1,1,400,trial.validspatial,584,1
499,63017,1,1,0,trial.validspatial,727,1
499,63017,1,2,0,trial.invalid,1107,1
499,63017,1,2,800,trial.validspatial,698,1
499,63017,1,2,400,trial.validspatial,587,1
499,63017,1,2,400,trial.doublecue,855,1
499,63017,2,2,400,trial.validspatial,744,1
499,63017,2,1,400,trial.doublecue,599,1
499,63017,2,1,0,trial.validspatial,557,1
499,63017,2,1,400,trial.validspatial,635,1
499,63017,1,2,800,trial.validspatial,883,1
499,63017,1,1,800,trial.invalid,860,1
499,63017,2,1,400,trial.validspatial,570,1
499,63017,2,1,800,trial.validspatial,659,1
499,63017,2,2,0,trial.validspatial,734,1
499,63017,1,2,0,trial.validspatial,852,1
499,63017,1,1,400,trial.validspatial,690,1
499,63017,1,1,NaN,trial.nocue,540,1
499,63017,1,2,0,trial.validspatial,857,1
499,63017,1,1,NaN,trial.nocue,834,1
499,63017,2,2,0,trial.validspatial,850,1
499,63017,2,1,800,trial.invalid,856,1
499,63017,2,2,NaN,trial.nocue,1144,1
499,63017,1,2,400,trial.invalid,896,1
499,63017,2,2,0,trial.doublecue,988,1
499,63017,1,2,NaN,trial.nocue,1209,1
499,63017,1,1,400,trial.validspatial,804,1
499,63017,1,1,800,trial.validspatial,659,1
499,63017,2,1,NaN,trial.nocue,662,1
499,63017,1,1,800,trial.doublecue,687,1
499,63017,2,2,0,trial.doublecue,914,1
499,63017,1,1,0,trial.invalid,805,1
499,63017,1,1,0,trial.invalid,587,1
499,63017,2,1,0,trial.validspatial,656,1
499,63017,2,1,0,trial.validspatial,565,1
499,63017,1,1,400,trial.doublecue,606,1
499,63017,2,2,800,trial.validspatial,834,1
499,63017,2,2,800,trial.validspatial,777,1
499,63017,2,2,0,trial.validspatial,872,1
499,63017,1,2,400,trial.validspatial,1032,1
499,63017,2,2,800,trial.invalid,1066,1
499,63017,1,2,0,trial.invalid,862,1
499,63017,2,1,400,trial.validspatial,878,1
499,63017,2,1,400,trial.validspatial,839,1
499,63017,2,1,NaN,trial.nocue,1048,1
499,63017,2,2,NaN,trial.nocue,1141,1
499,63017,2,1,NaN,trial.nocue,802,1
499,63017,1,1,800,trial.validspatial,807,1
499,63017,1,1,NaN,trial.nocue,913,1
499,63017,2,1,800,trial.doublecue,819,1
499,63017,2,2,NaN,trial.nocue,1336,1
499,63017,1,2,400,trial.validspatial,862,1
499,63017,1,1,400,trial.doublecue,802,1
499,63017,2,2,400,trial.invalid,954,1
499,63017,1,1,NaN,trial.nocue,853,1
499,63017,2,1,800,trial.validspatial,622,1
499,63017,2,2,0,trial.validspatial,1013,1
499,63017,2,1,800,trial.doublecue,816,1
499,63017,2,1,400,trial.validspatial,844,1
499,63017,2,2,400,trial.validspatial,1115,1
499,63017,2,1,0,trial.doublecue,1005,1
499,63017,2,2,400,trial.validspatial,842,1
499,63017,2,2,400,trial.invalid,944,1
499,63017,2,2,800,trial.doublecue,819,1
499,63017,1,2,400,trial.doublecue,809,1
499,63017,1,2,0,trial.validspatial,779,1
499,63017,1,2,NaN,trial.nocue,673,1
499,63017,1,1,800,trial.invalid,836,1
499,63017,2,2,800,trial.validspatial,713,1
499,63017,2,1,800,trial.validspatial,731,1
499,63017,2,1,0,trial.validspatial,845,1
499,63017,2,2,NaN,trial.nocue,900,1
499,63017,2,2,800,trial.validspatial,698,1
499,63017,1,1,400,trial.validspatial,1700,0
499,63017,1,2,800,trial.invalid,1370,1
499,63017,2,2,0,trial.validspatial,1015,1
499,63017,2,2,800,trial.validspatial,745,1
499,63017,1,1,800,trial.validspatial,715,1
499,63017,2,1,NaN,trial.nocue,834,1
499,63017,1,2,NaN,trial.nocue,730,1
499,63017,1,2,800,trial.validspatial,859,1
499,63017,1,2,0,trial.validspatial,677,1
499,63017,2,2,0,trial.invalid,746,1
499,63017,1,1,NaN,trial.nocue,708,1
499,63017,2,2,800,trial.validspatial,832,1
499,63017,2,1,800,trial.validspatial,490,1
499,63017,2,1,0,trial.validspatial,618,1
499,63017,1,1,800,trial.doublecue,818,1
499,63017,2,2,800,trial.invalid,818,1
499,63017,1,2,400,trial.validspatial,753,1
499,63017,2,1,800,trial.validspatial,754,1
499,63017,1,2,400,trial.invalid,562,1
499,63017,1,1,800,trial.validspatial,766,1
499,63017,2,2,400,trial.doublecue,853,1
499,63017,1,1,0,trial.validspatial,825,1
499,63017,2,1,NaN,trial.nocue,949,1
499,63017,2,1,400,trial.invalid,1164,1
499,63017,1,2,800,trial.invalid,829,1
499,63017,1,2,0,trial.doublecue,834,1
499,63017,1,1,400,trial.validspatial,704,1
499,63017,1,2,400,trial.validspatial,749,1
499,63017,1,1,0,trial.doublecue,768,1
499,63017,1,1,0,trial.doublecue,797,1
499,63017,1,2,NaN,trial.nocue,1007,1
499,63017,2,1,400,trial.doublecue,840,1
499,63017,2,2,400,trial.validspatial,895,1
499,63017,2,2,800,trial.doublecue,746,1
499,63017,2,2,NaN,trial.nocue,1000,1
499,63017,1,2,NaN,trial.nocue,891,1
499,63017,1,2,0,trial.doublecue,789,1
499,63017,2,1,800,trial.invalid,811,1
499,63017,1,2,0,trial.validspatial,891,1
499,63017,1,1,0,trial.validspatial,777,1
499,63017,2,1,0,trial.validspatial,1020,1
499,63017,1,1,400,trial.invalid,839,1
499,63017,1,2,800,trial.doublecue,895,1
499,63017,2,2,0,trial.validspatial,616,1
499,63017,2,2,0,trial.invalid,702,1
499,63017,1,1,0,trial.validspatial,1082,1
499,63017,1,1,400,trial.invalid,668,1
499,63017,2,1,800,trial.validspatial,536,1
499,63017,2,2,400,trial.doublecue,523,1
499,63017,2,1,0,trial.doublecue,590,1
499,63017,2,2,400,trial.validspatial,1014,1
499,63017,1,1,NaN,trial.nocue,644,1
499,63017,2,1,0,trial.invalid,753,1
499,63017,1,2,800,trial.validspatial,1412,0
499,63017,1,2,800,trial.doublecue,711,1
499,63017,2,1,400,trial.validspatial,541,1
499,63017,1,1,800,trial.validspatial,828,1
499,63017,1,2,800,trial.validspatial,648,1
499,63017,1,1,0,trial.validspatial,567,1
499,63017,1,2,400,trial.validspatial,771,1
499,63017,2,1,400,trial.invalid,577,1
499,63017,2,1,0,trial.invalid,687,1
499,63017,2,2,NaN,trial.nocue,1064,1
499,63017,1,1,800,trial.validspatial,776,1
499,63017,2,2,400,trial.validspatial,718,1
499,63017,2,1,NaN,trial.nocue,962,1
499,63017,1,1,400,trial.validspatial,778,1
499,63017,1,2,NaN,trial.nocue,828,1
499,63017,1,2,0,trial.validspatial,843,1
499,63017,1,2,800,trial.validspatial,541,1
499,63017,1,1,0,trial.validspatial,623,1
499,63017,1,1,400,trial.validspatial,919,1
