subject,date,location_congruence_val,flanker_congruence_val,cue_target_interval,cue_condition,latency,values.correct
123,40117,1,1,0,trial.validspatial,755,1
123,40117,1,2,0,trial.invalid,596,0
123,40117,1,2,800,trial.validspatial,779,0
123,40117,1,2,400,trial.validspatial,659,0
123,40117,1,2,400,trial.doublecue,1238,1
123,40117,2,2,400,trial.validspatial,778,1
123,40117,2,1,400,trial.doublecue,922,1
123,40117,2,1,0,trial.validspatial,649,1
123,40117,2,1,400,trial.validspatial,449,1
123,40117,1,2,800,trial.validspatial,545,1
123,40117,1,1,800,trial.invalid,583,1
123,40117,2,1,400,trial.validspatial,930,1
123,40117,2,1,800,trial.validspatial,492,1
123,40117,2,2,0,trial.validspatial,698,1
123,40117,1,2,0,trial.validspatial,627,1
123,40117,1,1,400,trial.validspatial,578,1
123,40117,1,1,NaN,trial.nocue,540,1
123,40117,1,2,0,trial.validspatial,513,1
123,40117,1,1,NaN,trial.nocue,606,1
123,40117,2,2,0,trial.validspatial,503,0
123,40117,2,1,800,trial.invalid,670,1
123,40117,2,2,NaN,trial.nocue,1003,1
123,40117,1,2,400,trial.invalid,1224,1
123,40117,2,2,0,trial.doublecue,728,1
123,40117,1,2,NaN,trial.nocue,851,1
123,40117,1,1,400,trial.validspatial,675,1
123,40117,1,1,800,trial.validspatial,563,1
123,40117,2,1,NaN,trial.nocue,843,1
123,40117,1,1,800,trial.doublecue,674,1
123,40117,2,2,0,trial.doublecue,980,1
123,40117,1,1,0,trial.invalid,671,1
123,40117,1,1,0,trial.invalid,877,1
123,40117,2,1,0,trial.validspatial,803,1
123,40117,2,1,0,trial.validspatial,627,1
123,40117,1,1,400,trial.doublecue,685,1
123,40117,2,2,800,trial.validspatial,921,1
123,40117,2,2,800,trial.validspatial,630,1
123,40117,2,2,0,trial.validspatial,666,1
123,40117,1,2,400,trial.validspatial,707,1
123,40117,2,2,800,trial.invalid,1125,1
123,40117,1,2,0,trial.invalid,921,1
123,40117,2,1,400,trial.validspatial,575,1
123,40117,2,1,400,trial.validspatial,740,1
123,40117,2,1,NaN,trial.nocue,803,1
123,40117,2,2,NaN,trial.nocue,1080,1
123,40117,2,1,NaN,trial.nocue,893,1
123,40117,1,1,800,trial.validspatial,684,1
123,40117,1,1,NaN,trial.nocue,696,1
123,40117,2,1,800,trial.doublecue,783,1
123,40117,2,2,NaN,trial.nocue,910,1
123,40117,1,2,400,trial.validspatial,838,1
123,40117,1,1,400,trial.doublecue,795,1
123,40117,2,2,400,trial.invalid,837,1
123,40117,1,1,NaN,trial.nocue,756,1
123,40117,2,1,800,trial.validspatial,462,1
123,40117,2,2,0,trial.validspatial,762,1
123,40117,2,1,800,trial.doublecue,639,1
123,40117,2,1,400,trial.validspatial,569,1
123,40117,2,2,400,trial.validspatial,740,1
123,40117,2,1,0,trial.doublecue,733,1
123,40117,2,2,400,trial.validspatial,663,1
123,40117,2,2,400,trial.invalid,807,1
123,40117,2,2,800,trial.doublecue,582,1
123,40117,1,2,400,trial.doublecue,660,1
123,40117,1,2,0,trial.validspatial,1086,1
123,40117,1,2,NaN,trial.nocue,824,1
123,40117,1,1,800,trial.invalid,736,1
123,40117,2,2,800,trial.validspatial,662,1
123,40117,2,1,800,trial.validspatial,522,1
123,40117,2,1,0,trial.validspatial,768,1
123,40117,2,2,NaN,trial.nocue,1111,1
123,40117,2,2,800,trial.validspatial,863,1
123,40117,1,1,400,trial.validspatial,839,1
123,40117,1,2,800,trial.invalid,1148,1
123,40117,2,2,0,trial.validspatial,803,1
123,40117,2,2,800,trial.validspatial,1017,0
123,40117,1,1,800,trial.validspatial,719,0
123,40117,2,1,NaN,trial.nocue,904,1
123,40117,1,2,NaN,trial.nocue,720,1
123,40117,1,2,800,trial.validspatial,693,1
123,40117,1,2,0,trial.validspatial,927,1
123,40117,2,2,0,trial.invalid,804,1
123,40117,1,1,NaN,trial.nocue,854,1
123,40117,2,2,800,trial.validspatial,793,1
123,40117,2,1,800,trial.validspatial,593,1
123,40117,2,1,0,trial.validspatial,795,1
123,40117,1,1,800,trial.doublecue,584,1
123,40117,2,2,800,trial.invalid,1334,1
123,40117,1,2,400,trial.validspatial,1216,1
123,40117,2,1,800,trial.validspatial,725,1
123,40117,1,2,400,trial.invalid,1700,0
123,40117,1,1,800,trial.validspatial,806,1
123,40117,2,2,400,trial.doublecue,904,1
123,40117,1,1,0,trial.validspatial,811,1
123,40117,2,1,NaN,trial.nocue,744,1
123,40117,2,1,400,trial.invalid,840,1
123,40117,1,2,800,trial.invalid,893,1
123,40117,1,2,0,trial.doublecue,914,1
123,40117,1,1,400,trial.validspatial,670,1
123,40117,1,2,400,trial.validspatial,755,1
123,40117,1,1,0,trial.doublecue,765,1
123,40117,1,1,0,trial.doublecue,782,1
123,40117,1,2,NaN,trial.nocue,940,1
123,40117,2,1,400,trial.doublecue,843,1
123,40117,2,2,400,trial.validspatial,634,1
123,40117,2,2,800,trial.doublecue,952,1
123,40117,2,2,NaN,trial.nocue,812,1
123,40117,1,2,NaN,trial.nocue,1118,1
123,40117,1,2,0,trial.doublecue,1019,1
123,40117,2,1,800,trial.invalid,883,1
123,40117,1,2,0,trial.validspatial,913,1
123,40117,1,1,0,trial.validspatial,811,1
123,40117,2,1,0,trial.validspatial,937,1
123,40117,1,1,400,trial.invalid,980,1
123,40117,1,2,800,trial.doublecue,818,1
123,40117,2,2,0,trial.validspatial,954,1
123,40117,2,2,0,trial.invalid,931,1
123,40117,1,1,0,trial.validspatial,634,1
123,40117,1,1,400,trial.invalid,661,1
123,40117,2,1,800,trial.validspatial,615,1
123,40117,2,2,400,trial.doublecue,847,1
123,40117,2,1,0,trial.doublecue,778,1
123,40117,2,2,400,trial.validspatial,710,1
123,40117,1,1,NaN,trial.nocue,643,1
123,40117,2,1,0,trial.invalid,725,1
123,40117,1,2,800,trial.validspatial,782,1
123,40117,1,2,800,trial.doublecue,1049,1
123,40117,2,1,400,trial.validspatial,674,1
123,40117,1,1,800,trial.validspatial,755,1
123,40117,1,2,800,trial.validspatial,776,1
123,40117,1,1,0,trial.validspatial,578,1
123,40117,1,2,400,trial.validspatial,807,1
123,40117,2,1,400,trial.invalid,749,1
123,40117,2,1,0,trial.invalid,657,1
123,40117,2,2,NaN,trial.nocue,850,1
123,40117,1,1,800,trial.validspatial,721,1
123,40117,2,2,400,trial.validspatial,667,1
123,40117,2,1,NaN,trial.nocue,1181,0
123,40117,1,1,400,trial.validspatial,679,1
123,40117,1,2,NaN,trial.nocue,1049,1
123,40117,1,2,0,trial.validspatial,1001,1
123,40117,1,2,800,trial.validspatial,1063,1
123,40117,1,1,0,trial.validspatial,582,1
123,40117,1,1,400,trial.validspatial,492,1
123,40117,1,1,0,trial.validspatial,787,1
123,40117,1,2,0,trial.invalid,1192,1
123,40117,1,2,800,trial.validspatial,799,1
123,40117,1,2,400,trial.validspatial,831,1
123,40117,1,2,400,trial.doublecue,730,1
123,40117,2,2,400,trial.validspatial,692,1
123,40117,2,1,400,trial.doublecue,651,1
123,40117,2,1,0,trial.validspatial,577,1
123,40117,2,1,400,trial.validspatial,581,1
123,40117,1,2,800,trial.validspatial,682,1
123,40117,1,1,800,trial.invalid,581,1
123,40117,2,1,400,trial.validspatial,543,1
123,40117,2,1,800,trial.validspatial,509,1
123,40117,2,2,0,trial.validspatial,516,0
123,40117,1,2,0,trial.validspatial,802,1
123,40117,1,1,400,trial.validspatial,495,1
123,40117,1,1,NaN,trial.nocue,563,1
123,40117,1,2,0,trial.validspatial,972,1
123,40117,1,1,NaN,trial.nocue,626,1
123,40117,2,2,0,trial.validspatial,591,1
123,40117,2,1,800,trial.invalid,613,1
123,40117,2,2,NaN,trial.nocue,893,1
123,40117,1,2,400,trial.invalid,882,1
123,40117,2,2,0,trial.doublecue,747,1
123,40117,1,2,NaN,trial.nocue,929,1
123,40117,1,1,400,trial.validspatial,496,1
123,40117,1,1,800,trial.validspatial,722,1
123,40117,2,1,NaN,trial.nocue,834,1
123,40117,1,1,800,trial.doublecue,588,1
123,40117,2,2,0,trial.doublecue,739,0
123,40117,1,1,0,trial.invalid,624,1
123,40117,1,1,0,trial.invalid,709,1
123,40117,2,1,0,trial.validspatial,613,1
123,40117,2,1,0,trial.validspatial,544,1
123,40117,1,1,400,trial.doublecue,636,1
123,40117,2,2,800,trial.validspatial,679,1
123,40117,2,2,800,trial.validspatial,592,1
123,40117,2,2,0,trial.validspatial,811,1
123,40117,1,2,400,trial.validspatial,796,1
123,40117,2,2,800,trial.invalid,1066,1
123,40117,1,2,0,trial.invalid,875,1
123,40117,2,1,400,trial.validspatial,695,1
123,40117,2,1,400,trial.validspatial,611,1
123,40117,2,1,NaN,trial.nocue,665,1
123,40117,2,2,NaN,trial.nocue,810,1
123,40117,2,1,NaN,trial.nocue,750,1
123,40117,1,1,800,trial.validspatial,628,1
123,40117,1,1,NaN,trial.nocue,629,1
123,40117,2,1,800,trial.doublecue,705,1
123,40117,2,2,NaN,trial.nocue,730,1
123,40117,1,2,400,trial.validspatial,661,1
123,40117,1,1,400,trial.doublecue,713,1
123,40117,2,2,400,trial.invalid,739,1
123,40117,1,1,NaN,trial.nocue,611,1
123,40117,2,1,800,trial.validspatial,570,1
123,40117,2,2,0,trial.validspatial,844,1
123,40117,2,1,800,trial.doublecue,711,1
123,40117,2,1,400,trial.validspatial,560,1
123,40117,2,2,400,trial.validspatial,802,1
123,40117,2,1,0,trial.doublecue,599,1
123,40117,2,2,400,trial.validspatial,697,1
123,40117,2,2,400,trial.invalid,783,1
123,40117,2,2,800,trial.doublecue,568,1
123,40117,1,2,400,trial.doublecue,689,1
123,40117,1,2,0,trial.validspatial,831,1
123,40117,1,2,NaN,trial.nocue,857,1
123,40117,1,1,800,trial.invalid,853,1
123,40117,2,2,800,trial.validspatial,573,1
123,40117,2,1,800,trial.validspatial,609,1
123,40117,2,1,0,trial.validspatial,636,1
123,40117,2,2,NaN,trial.nocue,867,1
123,40117,2,2,800,trial.validspatial,579,1
123,40117,1,1,400,trial.validspatial,1700,0
123,40117,1,2,800,trial.invalid,654,1
123,40117,2,2,0,trial.validspatial,618,0
123,40117,2,2,800,trial.validspatial,785,1
123,40117,1,1,800,trial.validspatial,827,1
123,40117,2,1,NaN,trial.nocue,791,1
123,40117,1,2,NaN,trial.nocue,756,1
123,40117,1,2,800,trial.validspatial,672,1
123,40117,1,2,0,trial.validspatial,538,1
123,40117,2,2,0,trial.invalid,656,1
123,40117,1,1,NaN,trial.nocue,626,1
123,40117,2,2,800,trial.validspatial,827,1
123,40117,2,1,800,trial.validspatial,658,1
123,40117,2,1,0,trial.validspatial,566,1
123,40117,1,1,800,trial.doublecue,827,1
123,40117,2,2,800,trial.invalid,853,1
123,40117,1,2,400,trial.validspatial,564,1
123,40117,2,1,800,trial.validspatial,564,1
123,40117,1,2,400,trial.invalid,577,1
123,40117,1,1,800,trial.validspatial,643,1
123,40117,2,2,400,trial.doublecue,710,1
123,40117,1,1,0,trial.validspatial,544,1
123,40117,2,1,NaN,trial.nocue,1009,1
123,40117,2,1,400,trial.invalid,893,1
123,40117,1,2,800,trial.invalid,793,1
123,40117,1,2,0,trial.doublecue,917,1
123,40117,1,1,400,trial.validspatial,549,1
123,40117,1,2,400,trial.validspatial,660,1
123,40117,1,1,0,trial.doublecue,611,1
123,40117,1,1,0,trial.doublecue,651,1
123,40117,1,2,NaN,trial.nocue,641,0
123,40117,2,1,400,trial.doublecue,707,1
123,40117,2,2,400,trial.validspatial,489,1
123,40117,2,2,800,trial.doublecue,628,1
123,40117,2,2,NaN,trial.nocue,679,1
123,40117,1,2,NaN,trial.nocue,630,1
123,40117,1,2,0,trial.doublecue,960,1
123,40117,2,1,800,trial.invalid,794,1
123,40117,1,2,0,trial.validspatial,720,1
123,40117,1,1,0,trial.validspatial,731,1
123,40117,2,1,0,trial.validspatial,1036,1
123,40117,1,1,400,trial.invalid,1031,0
123,40117,1,2,800,trial.doublecue,630,1
123,40117,2,2,0,trial.validspatial,642,1
123,40117,2,2,0,trial.invalid,658,1
123,40117,1,1,0,trial.validspatial,1464,1
123,40117,1,1,400,trial.invalid,626,1
123,40117,2,1,800,trial.validspatial,472,1
123,40117,2,2,400,trial.doublecue,545,1
123,40117,2,1,0,trial.doublecue,550,1
123,40117,2,2,400,trial.validspatial,864,1
123,40117,1,1,NaN,trial.nocue,776,1
123,40117,2,1,0,trial.invalid,889,1
123,40117,1,2,800,trial.validspatial,824,1
123,40117,1,2,800,trial.doublecue,613,1
123,40117,2,1,400,trial.validspatial,495,1
123,40117,1,1,800,trial.validspatial,730,1
123,40117,1,2,800,trial.validspatial,542,1
123,40117,1,1,0,trial.validspatial,498,1
123,40117,1,2,400,trial.validspatial,243,0
123,40117,2,1,400,trial.invalid,542,1
123,40117,2,1,0,trial.invalid,659,1
123,40117,2,2,NaN,trial.nocue,809,1
123,40117,1,1,800,trial.validspatial,559,1
123,40117,2,2,400,trial.validspatial,634,1
123,40117,2,1,NaN,trial.nocue,789,1
123,40117,1,1,400,trial.validspatial,781,1
123,40117,1,2,NaN,trial.nocue,641,1
123,40117,1,2,0,trial.validspatial,529,1
123,40117,1,2,800,trial.validspatial,454,1
123,40117,1,1,0,trial.validspatial,817,1
123,40117,1,1,400,trial.validspatial,846,1
