subject,date,location_congruence_val,flanker_congruence_val,cue_target_interval,cue_condition,latency,values.correct
106,80717,1,1,0,trial.validspatial,575,1
106,80717,1,2,0,trial.invalid,1204,0
106,80717,1,2,800,trial.validspatial,888,1
106,80717,1,2,400,trial.validspatial,527,1
106,80717,1,2,400,trial.doublecue,615,1
106,80717,2,2,400,trial.validspatial,425,0
106,80717,2,1,400,trial.doublecue,525,1
106,80717,2,1,0,trial.validspatial,648,1
106,80717,2,1,400,trial.validspatial,787,1
106,80717,1,2,800,trial.validspatial,627,0
106,80717,1,1,800,trial.invalid,720,1
106,80717,2,1,400,trial.validspatial,655,1
106,80717,2,1,800,trial.validspatial,494,1
106,80717,2,2,0,trial.validspatial,841,1
106,80717,1,2,0,trial.validspatial,526,0
106,80717,1,1,400,trial.validspatial,787,1
106,80717,1,1,NaN,trial.nocue,579,1
106,80717,1,2,0,trial.validspatial,582,0
106,80717,1,1,NaN,trial.nocue,647,1
106,80717,2,2,0,trial.validspatial,421,0
106,80717,2,1,800,trial.invalid,1008,1
106,80717,2,2,NaN,trial.nocue,750,1
106,80717,1,2,400,trial.invalid,960,1
106,80717,2,2,0,trial.doublecue,609,0
106,80717,1,2,NaN,trial.nocue,976,1
106,80717,1,1,400,trial.validspatial,438,1
106,80717,1,1,800,trial.validspatial,579,1
106,80717,2,1,NaN,trial.nocue,721,1
106,80717,1,1,800,trial.doublecue,441,0
106,80717,2,2,0,trial.doublecue,889,1
106,80717,1,1,0,trial.invalid,645,1
106,80717,1,1,0,trial.invalid,650,1
106,80717,2,1,0,trial.validspatial,655,1
106,80717,2,1,0,trial.validspatial,567,1
106,80717,1,1,400,trial.doublecue,434,1
106,80717,2,2,800,trial.validspatial,694,1
106,80717,2,2,800,trial.validspatial,602,1
106,80717,2,2,0,trial.validspatial,858,1
106,80717,1,2,400,trial.validspatial,1146,1
106,80717,2,2,800,trial.invalid,760,1
106,80717,1,2,0,trial.invalid,1105,1
106,80717,2,1,400,trial.validspatial,804,1
106,80717,2,1,400,trial.validspatial,724,1
106,80717,2,1,NaN,trial.nocue,725,1
106,80717,2,2,NaN,trial.nocue,998,1
106,80717,2,1,NaN,trial.nocue,584,1
106,80717,1,1,800,trial.validspatial,434,1
106,80717,1,1,NaN,trial.nocue,672,1
106,80717,2,1,800,trial.doublecue,682,1
106,80717,2,2,NaN,trial.nocue,827,1
106,80717,1,2,400,trial.validspatial,672,1
106,80717,1,1,400,trial.doublecue,581,1
106,80717,2,2,400,trial.invalid,761,1
106,80717,1,1,NaN,trial.nocue,633,1
106,80717,2,1,800,trial.validspatial,520,1
106,80717,2,2,0,trial.validspatial,560,1
106,80717,2,1,800,trial.doublecue,477,1
106,80717,2,1,400,trial.validspatial,429,1
106,80717,2,2,400,trial.validspatial,633,1
106,80717,2,1,0,trial.doublecue,616,1
106,80717,2,2,400,trial.validspatial,819,1
106,80717,2,2,400,trial.invalid,911,1
106,80717,2,2,800,trial.doublecue,769,1
106,80717,1,2,400,trial.doublecue,740,1
106,80717,1,2,0,trial.validspatial,785,1
106,80717,1,2,NaN,trial.nocue,892,1
106,80717,1,1,800,trial.invalid,950,1
106,80717,2,2,800,trial.validspatial,581,1
106,80717,2,1,800,trial.validspatial,596,1
106,80717,2,1,0,trial.validspatial,616,1
106,80717,2,2,NaN,trial.nocue,1085,1
106,80717,2,2,800,trial.validspatial,790,1
106,80717,1,1,400,trial.validspatial,554,1
106,80717,1,2,800,trial.invalid,912,1
106,80717,2,2,0,trial.validspatial,559,1
106,80717,2,2,800,trial.validspatial,562,1
106,80717,1,1,800,trial.validspatial,568,1
106,80717,2,1,NaN,trial.nocue,757,1
106,80717,1,2,NaN,trial.nocue,748,1
106,80717,1,2,800,trial.validspatial,507,1
106,80717,1,2,0,trial.validspatial,639,1
106,80717,2,2,0,trial.invalid,789,1
106,80717,1,1,NaN,trial.nocue,1018,1
106,80717,2,2,800,trial.validspatial,621,1
106,80717,2,1,800,trial.validspatial,534,1
106,80717,2,1,0,trial.validspatial,528,1
106,80717,1,1,800,trial.doublecue,694,1
106,80717,2,2,800,trial.invalid,497,0
106,80717,1,2,400,trial.validspatial,589,0
106,80717,2,1,800,trial.validspatial,521,1
106,80717,1,2,400,trial.invalid,877,1
106,80717,1,1,800,trial.validspatial,511,1
106,80717,2,2,400,trial.doublecue,669,0
106,80717,1,1,0,trial.validspatial,677,1
106,80717,2,1,NaN,trial.nocue,619,1
106,80717,2,1,400,trial.invalid,793,1
106,80717,1,2,800,trial.invalid,1130,1
106,80717,1,2,0,trial.doublecue,820,1
106,80717,1,1,400,trial.validspatial,532,1
106,80717,1,2,400,trial.validspatial,651,1
106,80717,1,1,0,trial.doublecue,514,1
106,80717,1,1,0,trial.doublecue,702,1
106,80717,1,2,NaN,trial.nocue,954,1
106,80717,2,1,400,trial.doublecue,538,1
106,80717,2,2,400,trial.validspatial,683,1
106,80717,2,2,800,trial.doublecue,764,1
106,80717,2,2,NaN,trial.nocue,649,1
106,80717,1,2,NaN,trial.nocue,1275,1
106,80717,1,2,0,trial.doublecue,830,1
106,80717,2,1,800,trial.invalid,773,1
106,80717,1,2,0,trial.validspatial,732,1
106,80717,1,1,0,trial.validspatial,709,1
106,80717,2,1,0,trial.validspatial,605,1
106,80717,1,1,400,trial.invalid,530,1
106,80717,1,2,800,trial.doublecue,617,0
106,80717,2,2,0,trial.validspatial,780,1
106,80717,2,2,0,trial.invalid,971,1
106,80717,1,1,0,trial.validspatial,788,1
106,80717,1,1,400,trial.invalid,839,1
106,80717,2,1,800,trial.validspatial,660,1
106,80717,2,2,400,trial.doublecue,840,1
106,80717,2,1,0,trial.doublecue,1115,1
106,80717,2,2,400,trial.validspatial,674,1
106,80717,1,1,NaN,trial.nocue,709,1
106,80717,2,1,0,trial.invalid,1082,1
106,80717,1,2,800,trial.validspatial,882,1
106,80717,1,2,800,trial.doublecue,1020,1
106,80717,2,1,400,trial.validspatial,764,1
106,80717,1,1,800,trial.validspatial,688,1
106,80717,1,2,800,trial.validspatial,1118,1
106,80717,1,1,0,trial.validspatial,816,1
106,80717,1,2,400,trial.validspatial,743,1
106,80717,2,1,400,trial.invalid,778,1
106,80717,2,1,0,trial.invalid,618,1
106,80717,2,2,NaN,trial.nocue,1011,1
106,80717,1,1,800,trial.validspatial,428,1
106,80717,2,2,400,trial.validspatial,806,1
106,80717,2,1,NaN,trial.nocue,656,1
106,80717,1,1,400,trial.validspatial,523,1
106,80717,1,2,NaN,trial.nocue,887,1
106,80717,1,2,0,trial.validspatial,624,0
106,80717,1,2,800,trial.validspatial,877,1
106,80717,1,1,0,trial.validspatial,597,1
106,80717,1,1,400,trial.validspatial,515,1
106,80717,1,1,0,trial.validspatial,582,1
106,80717,1,2,0,trial.invalid,907,1
106,80717,1,2,800,trial.validspatial,930,1
106,80717,1,2,400,trial.validspatial,818,1
106,80717,1,2,400,trial.doublecue,792,1
106,80717,2,2,400,trial.validspatial,636,1
106,80717,2,1,400,trial.doublecue,655,1
106,80717,2,1,0,trial.validspatial,682,1
106,80717,2,1,400,trial.validspatial,625,1
106,80717,1,2,800,trial.validspatial,689,1
106,80717,1,1,800,trial.invalid,799,1
106,80717,2,1,400,trial.validspatial,523,1
106,80717,2,1,800,trial.validspatial,479,1
106,80717,2,2,0,trial.validspatial,834,1
106,80717,1,2,0,trial.validspatial,768,1
106,80717,1,1,400,trial.validspatial,630,1
106,80717,1,1,NaN,trial.nocue,581,1
106,80717,1,2,0,trial.validspatial,595,0
106,80717,1,1,NaN,trial.nocue,712,1
106,80717,2,2,0,trial.validspatial,948,1
106,80717,2,1,800,trial.invalid,815,1
106,80717,2,2,NaN,trial.nocue,969,1
106,80717,1,2,400,trial.invalid,936,1
106,80717,2,2,0,trial.doublecue,895,1
106,80717,1,2,NaN,trial.nocue,683,1
106,80717,1,1,400,trial.validspatial,544,1
106,80717,1,1,800,trial.validspatial,609,1
106,80717,2,1,NaN,trial.nocue,692,1
106,80717,1,1,800,trial.doublecue,533,1
106,80717,2,2,0,trial.doublecue,657,0
106,80717,1,1,0,trial.invalid,659,1
106,80717,1,1,0,trial.invalid,656,1
106,80717,2,1,0,trial.validspatial,583,1
106,80717,2,1,0,trial.validspatial,634,1
106,80717,1,1,400,trial.doublecue,949,0
106,80717,2,2,800,trial.validspatial,875,1
106,80717,2,2,800,trial.validspatial,750,1
106,80717,2,2,0,trial.validspatial,927,1
106,80717,1,2,400,trial.validspatial,762,1
106,80717,2,2,800,trial.invalid,696,1
106,80717,1,2,0,trial.invalid,984,1
106,80717,2,1,400,trial.validspatial,655,1
106,80717,2,1,400,trial.validspatial,754,1
106,80717,2,1,NaN,trial.nocue,612,1
106,80717,2,2,NaN,trial.nocue,824,1
106,80717,2,1,NaN,trial.nocue,690,1
106,80717,1,1,800,trial.validspatial,736,1
106,80717,1,1,NaN,trial.nocue,706,1
106,80717,2,1,800,trial.doublecue,648,1
106,80717,2,2,NaN,trial.nocue,729,1
106,80717,1,2,400,trial.validspatial,551,1
106,80717,1,1,400,trial.doublecue,626,1
106,80717,2,2,400,trial.invalid,814,1
106,80717,1,1,NaN,trial.nocue,597,1
106,80717,2,1,800,trial.validspatial,548,1
106,80717,2,2,0,trial.validspatial,708,1
106,80717,2,1,800,trial.doublecue,631,1
106,80717,2,1,400,trial.validspatial,605,1
106,80717,2,2,400,trial.validspatial,614,1
106,80717,2,1,0,trial.doublecue,598,1
106,80717,2,2,400,trial.validspatial,712,1
106,80717,2,2,400,trial.invalid,862,1
106,80717,2,2,800,trial.doublecue,727,1
106,80717,1,2,400,trial.doublecue,726,1
106,80717,1,2,0,trial.validspatial,719,1
106,80717,1,2,NaN,trial.nocue,944,1
106,80717,1,1,800,trial.invalid,907,1
106,80717,2,2,800,trial.validspatial,544,1
106,80717,2,1,800,trial.validspatial,480,1
106,80717,2,1,0,trial.validspatial,940,1
106,80717,2,2,NaN,trial.nocue,916,1
106,80717,2,2,800,trial.validspatial,871,1
106,80717,1,1,400,trial.validspatial,1700,0
106,80717,1,2,800,trial.invalid,600,1
106,80717,2,2,0,trial.validspatial,781,1
106,80717,2,2,800,trial.validspatial,756,1
106,80717,1,1,800,trial.validspatial,636,1
106,80717,2,1,NaN,trial.nocue,843,1
106,80717,1,2,NaN,trial.nocue,615,1
106,80717,1,2,800,trial.validspatial,560,1
106,80717,1,2,0,trial.validspatial,564,1
106,80717,2,2,0,trial.invalid,511,1
106,80717,1,1,NaN,trial.nocue,846,1
106,80717,2,2,800,trial.validspatial,723,1
106,80717,2,1,800,trial.validspatial,497,1
106,80717,2,1,0,trial.validspatial,464,1
106,80717,1,1,800,trial.doublecue,790,1
106,80717,2,2,800,trial.invalid,804,1
106,80717,1,2,400,trial.validspatial,576,1
106,80717,2,1,800,trial.validspatial,626,1
106,80717,1,2,400,trial.invalid,927,1
106,80717,1,1,800,trial.validspatial,617,1
106,80717,2,2,400,trial.doublecue,941,1
106,80717,1,1,0,trial.validspatial,674,1
106,80717,2,1,NaN,trial.nocue,781,1
106,80717,2,1,400,trial.invalid,1039,1
106,80717,1,2,800,trial.invalid,559,0
106,80717,1,2,0,trial.doublecue,854,1
106,80717,1,1,400,trial.validspatial,552,1
106,80717,1,2,400,trial.validspatial,458,1
106,80717,1,1,0,trial.doublecue,771,1
106,80717,1,1,0,trial.doublecue,572,1
106,80717,1,2,NaN,trial.nocue,807,1
106,80717,2,1,400,trial.doublecue,706,1
106,80717,2,2,400,trial.validspatial,955,1
106,80717,2,2,800,trial.doublecue,758,1
106,80717,2,2,NaN,trial.nocue,546,1
106,80717,1,2,NaN,trial.nocue,518,1
106,80717,1,2,0,trial.doublecue,650,1
106,80717,2,1,800,trial.invalid,783,1
106,80717,1,2,0,trial.validspatial,1700,0
106,80717,1,1,0,trial.validspatial,722,1
106,80717,2,1,0,trial.validspatial,799,1
106,80717,1,1,400,trial.invalid,787,1
106,80717,1,2,800,trial.doublecue,482,1
106,80717,2,2,0,trial.validspatial,632,1
106,80717,2,2,0,trial.invalid,636,1
106,80717,1,1,0,trial.validspatial,825,1
106,80717,1,1,400,trial.invalid,765,1
106,80717,2,1,800,trial.validspatial,572,1
106,80717,2,2,400,trial.doublecue,482,1
106,80717,2,1,0,trial.doublecue,540,1
106,80717,2,2,400,trial.validspatial,788,1
106,80717,1,1,NaN,trial.nocue,608,1
106,80717,2,1,0,trial.invalid,589,1
106,80717,1,2,800,trial.validspatial,911,1
106,80717,1,2,800,trial.doublecue,721,1
106,80717,2,1,400,trial.validspatial,489,1
106,80717,1,1,800,trial.validspatial,812,1
106,80717,1,2,800,trial.validspatial,557,1
106,80717,1,1,0,trial.validspatial,780,1
106,80717,1,2,400,trial.validspatial,661,1
106,80717,2,1,400,trial.invalid,547,1
106,80717,2,1,0,trial.invalid,567,1
106,80717,2,2,NaN,trial.nocue,1155,0
106,80717,1,1,800,trial.validspatial,788,1
106,80717,2,2,400,trial.validspatial,687,1
106,80717,2,1,NaN,trial.nocue,743,1
106,80717,1,1,400,trial.validspatial,837,1
106,80717,1,2,NaN,trial.nocue,663,1
106,80717,1,2,0,trial.validspatial,631,1
106,80717,1,2,800,trial.validspatial,477,1
106,80717,1,1,0,trial.validspatial,636,1
106,80717,1,1,400,trial.validspatial,688,1
