subject,date,location_congruence_val,flanker_congruence_val,cue_target_interval,cue_condition,latency,values.correct
210,80717,1,1,0,trial.validspatial,1173,1
210,80717,1,2,0,trial.invalid,1700,0
210,80717,1,2,800,trial.validspatial,830,1
210,80717,1,2,400,trial.validspatial,1035,1
210,80717,1,2,400,trial.doublecue,1478,1
210,80717,2,2,400,trial.validspatial,1700,0
210,80717,2,1,400,trial.doublecue,1483,1
210,80717,2,1,0,trial.validspatial,1241,1
210,80717,2,1,400,trial.validspatial,1095,1
210,80717,1,2,800,trial.validspatial,1632,1
210,80717,1,1,800,trial.invalid,821,1
210,80717,2,1,400,trial.validspatial,1080,0
210,80717,2,1,800,trial.validspatial,747,1
210,80717,2,2,0,trial.validspatial,1242,1
210,80717,1,2,0,trial.validspatial,1241,1
210,80717,1,1,400,trial.validspatial,853,1
210,80717,1,1,NaN,trial.nocue,874,1
210,80717,1,2,0,trial.validspatial,1433,1
210,80717,1,1,NaN,trial.nocue,927,1
210,80717,2,2,0,trial.validspatial,1017,1
210,80717,2,1,800,trial.invalid,1333,1
210,80717,2,2,NaN,trial.nocue,1700,0
210,80717,1,2,400,trial.invalid,1508,1
210,80717,2,2,0,trial.doublecue,1107,1
210,80717,1,2,NaN,trial.nocue,1085,1
210,80717,1,1,400,trial.validspatial,662,1
210,80717,1,1,800,trial.validspatial,486,1
210,80717,2,1,NaN,trial.nocue,700,1
210,80717,1,1,800,trial.doublecue,629,1
210,80717,2,2,0,trial.doublecue,812,0
210,80717,1,1,0,trial.invalid,558,1
210,80717,1,1,0,trial.invalid,593,1
210,80717,2,1,0,trial.validspatial,896,1
210,80717,2,1,0,trial.validspatial,576,1
210,80717,1,1,400,trial.doublecue,607,1
210,80717,2,2,800,trial.validspatial,1019,1
210,80717,2,2,800,trial.validspatial,1055,0
210,80717,2,2,0,trial.validspatial,940,0
210,80717,1,2,400,trial.validspatial,899,1
210,80717,2,2,800,trial.invalid,1025,1
210,80717,1,2,0,trial.invalid,1220,1
210,80717,2,1,400,trial.validspatial,934,1
210,80717,2,1,400,trial.validspatial,713,1
210,80717,2,1,NaN,trial.nocue,884,1
210,80717,2,2,NaN,trial.nocue,920,1
210,80717,2,1,NaN,trial.nocue,681,1
210,80717,1,1,800,trial.validspatial,567,1
210,80717,1,1,NaN,trial.nocue,564,1
210,80717,2,1,800,trial.doublecue,711,1
210,80717,2,2,NaN,trial.nocue,1203,0
210,80717,1,2,400,trial.validspatial,1162,1
210,80717,1,1,400,trial.doublecue,704,1
210,80717,2,2,400,trial.invalid,614,0
210,80717,1,1,NaN,trial.nocue,495,1
210,80717,2,1,800,trial.validspatial,677,1
210,80717,2,2,0,trial.validspatial,452,0
210,80717,2,1,800,trial.doublecue,970,1
210,80717,2,1,400,trial.validspatial,560,1
210,80717,2,2,400,trial.validspatial,849,1
210,80717,2,1,0,trial.doublecue,536,1
210,80717,2,2,400,trial.validspatial,590,0
210,80717,2,2,400,trial.invalid,740,1
210,80717,2,2,800,trial.doublecue,527,0
210,80717,1,2,400,trial.doublecue,755,0
210,80717,1,2,0,trial.validspatial,724,1
210,80717,1,2,NaN,trial.nocue,398,1
210,80717,1,1,800,trial.invalid,602,1
210,80717,2,2,800,trial.validspatial,631,1
210,80717,2,1,800,trial.validspatial,460,1
210,80717,2,1,0,trial.validspatial,660,0
210,80717,2,2,NaN,trial.nocue,686,0
210,80717,2,2,800,trial.validspatial,710,1
210,80717,1,1,400,trial.validspatial,472,1
210,80717,1,2,800,trial.invalid,879,1
210,80717,2,2,0,trial.validspatial,906,1
210,80717,2,2,800,trial.validspatial,629,1
210,80717,1,1,800,trial.validspatial,528,1
210,80717,2,1,NaN,trial.nocue,635,1
210,80717,1,2,NaN,trial.nocue,710,1
210,80717,1,2,800,trial.validspatial,675,0
210,80717,1,2,0,trial.validspatial,1009,1
210,80717,2,2,0,trial.invalid,719,1
210,80717,1,1,NaN,trial.nocue,569,1
210,80717,2,2,800,trial.validspatial,493,0
210,80717,2,1,800,trial.validspatial,468,0
210,80717,2,1,0,trial.validspatial,706,1
210,80717,1,1,800,trial.doublecue,647,1
210,80717,2,2,800,trial.invalid,485,0
210,80717,1,2,400,trial.validspatial,601,0
210,80717,2,1,800,trial.validspatial,831,1
210,80717,1,2,400,trial.invalid,1038,1
210,80717,1,1,800,trial.validspatial,464,1
210,80717,2,2,400,trial.doublecue,863,1
210,80717,1,1,0,trial.validspatial,604,1
210,80717,2,1,NaN,trial.nocue,599,1
210,80717,2,1,400,trial.invalid,674,1
210,80717,1,2,800,trial.invalid,477,1
210,80717,1,2,0,trial.doublecue,516,1
210,80717,1,1,400,trial.validspatial,512,1
210,80717,1,2,400,trial.validspatial,724,0
210,80717,1,1,0,trial.doublecue,1700,0
210,80717,1,1,0,trial.doublecue,457,1
210,80717,1,2,NaN,trial.nocue,700,1
210,80717,2,1,400,trial.doublecue,451,0
210,80717,2,2,400,trial.validspatial,812,1
210,80717,2,2,800,trial.doublecue,859,1
210,80717,2,2,NaN,trial.nocue,855,1
210,80717,1,2,NaN,trial.nocue,839,0
210,80717,1,2,0,trial.doublecue,679,1
210,80717,2,1,800,trial.invalid,638,1
210,80717,1,2,0,trial.validspatial,701,1
210,80717,1,1,0,trial.validspatial,389,1
210,80717,2,1,0,trial.validspatial,613,1
210,80717,1,1,400,trial.invalid,480,1
210,80717,1,2,800,trial.doublecue,739,1
210,80717,2,2,0,trial.validspatial,1700,0
210,80717,2,2,0,trial.invalid,417,0
210,80717,1,1,0,trial.validspatial,500,1
210,80717,1,1,400,trial.invalid,526,1
210,80717,2,1,800,trial.validspatial,472,1
210,80717,2,2,400,trial.doublecue,1015,0
210,80717,2,1,0,trial.doublecue,577,1
210,80717,2,2,400,trial.validspatial,1700,0
210,80717,1,1,NaN,trial.nocue,606,1
210,80717,2,1,0,trial.invalid,474,0
210,80717,1,2,800,trial.validspatial,375,0
210,80717,1,2,800,trial.doublecue,1063,1
210,80717,2,1,400,trial.validspatial,907,0
210,80717,1,1,800,trial.validspatial,561,1
210,80717,1,2,800,trial.validspatial,690,1
210,80717,1,1,0,trial.validspatial,506,1
210,80717,1,2,400,trial.validspatial,596,1
210,80717,2,1,400,trial.invalid,451,0
210,80717,2,1,0,trial.invalid,642,1
210,80717,2,2,NaN,trial.nocue,968,1
210,80717,1,1,800,trial.validspatial,444,1
210,80717,2,2,400,trial.validspatial,659,0
210,80717,2,1,NaN,trial.nocue,571,1
210,80717,1,1,400,trial.validspatial,514,1
210,80717,1,2,NaN,trial.nocue,654,1
210,80717,1,2,0,trial.validspatial,683,1
210,80717,1,2,800,trial.validspatial,447,0
210,80717,1,1,0,trial.validspatial,497,1
210,80717,1,1,400,trial.validspatial,425,1
210,80717,1,1,0,trial.validspatial,442,1
210,80717,1,2,0,trial.invalid,438,1
210,80717,1,2,800,trial.validspatial,538,0
210,80717,1,2,400,trial.validspatial,596,1
210,80717,1,2,400,trial.doublecue,706,1
210,80717,2,2,400,trial.validspatial,532,1
210,80717,2,1,400,trial.doublecue,655,1
210,80717,2,1,0,trial.validspatial,509,1
210,80717,2,1,400,trial.validspatial,488,1
210,80717,1,2,800,trial.validspatial,633,1
210,80717,1,1,800,trial.invalid,607,1
210,80717,2,1,400,trial.validspatial,449,1
210,80717,2,1,800,trial.validspatial,411,1
210,80717,2,2,0,trial.validspatial,651,1
210,80717,1,2,0,trial.validspatial,646,0
210,80717,1,1,400,trial.validspatial,417,1
210,80717,1,1,NaN,trial.nocue,455,1
210,80717,1,2,0,trial.validspatial,600,0
210,80717,1,1,NaN,trial.nocue,555,1
210,80717,2,2,0,trial.validspatial,430,0
210,80717,2,1,800,trial.invalid,639,1
210,80717,2,2,NaN,trial.nocue,904,1
210,80717,1,2,400,trial.invalid,596,0
210,80717,2,2,0,trial.doublecue,653,1
210,80717,1,2,NaN,trial.nocue,589,0
210,80717,1,1,400,trial.validspatial,485,1
210,80717,1,1,800,trial.validspatial,391,1
210,80717,2,1,NaN,trial.nocue,475,1
210,80717,1,1,800,trial.doublecue,512,1
210,80717,2,2,0,trial.doublecue,1103,0
210,80717,1,1,0,trial.invalid,532,1
210,80717,1,1,0,trial.invalid,501,1
210,80717,2,1,0,trial.validspatial,509,1
210,80717,2,1,0,trial.validspatial,457,1
210,80717,1,1,400,trial.doublecue,538,1
210,80717,2,2,800,trial.validspatial,867,1
210,80717,2,2,800,trial.validspatial,544,1
210,80717,2,2,0,trial.validspatial,616,1
210,80717,1,2,400,trial.validspatial,153,0
210,80717,2,2,800,trial.invalid,645,1
210,80717,1,2,0,trial.invalid,504,0
210,80717,2,1,400,trial.validspatial,561,1
210,80717,2,1,400,trial.validspatial,453,1
210,80717,2,1,NaN,trial.nocue,511,1
210,80717,2,2,NaN,trial.nocue,776,1
210,80717,2,1,NaN,trial.nocue,488,1
210,80717,1,1,800,trial.validspatial,480,1
210,80717,1,1,NaN,trial.nocue,444,1
210,80717,2,1,800,trial.doublecue,527,1
210,80717,2,2,NaN,trial.nocue,761,1
210,80717,1,2,400,trial.validspatial,735,1
210,80717,1,1,400,trial.doublecue,596,1
210,80717,2,2,400,trial.invalid,857,1
210,80717,1,1,NaN,trial.nocue,440,1
210,80717,2,1,800,trial.validspatial,432,1
210,80717,2,2,0,trial.validspatial,388,0
210,80717,2,1,800,trial.doublecue,712,1
210,80717,2,1,400,trial.validspatial,491,1
210,80717,2,2,400,trial.validspatial,727,1
210,80717,2,1,0,trial.doublecue,489,1
210,80717,2,2,400,trial.validspatial,740,1
210,80717,2,2,400,trial.invalid,691,0
210,80717,2,2,800,trial.doublecue,614,1
210,80717,1,2,400,trial.doublecue,728,1
210,80717,1,2,0,trial.validspatial,791,1
210,80717,1,2,NaN,trial.nocue,627,1
210,80717,1,1,800,trial.invalid,498,1
210,80717,2,2,800,trial.validspatial,537,1
210,80717,2,1,800,trial.validspatial,387,1
210,80717,2,1,0,trial.validspatial,529,0
210,80717,2,2,NaN,trial.nocue,469,0
210,80717,2,2,800,trial.validspatial,626,1
210,80717,1,1,400,trial.validspatial,1700,0
210,80717,1,2,800,trial.invalid,460,1
210,80717,2,2,0,trial.validspatial,705,0
210,80717,2,2,800,trial.validspatial,471,1
210,80717,1,1,800,trial.validspatial,680,1
210,80717,2,1,NaN,trial.nocue,648,1
210,80717,1,2,NaN,trial.nocue,527,1
210,80717,1,2,800,trial.validspatial,507,1
210,80717,1,2,0,trial.validspatial,493,1
210,80717,2,2,0,trial.invalid,456,1
210,80717,1,1,NaN,trial.nocue,581,1
210,80717,2,2,800,trial.validspatial,539,1
210,80717,2,1,800,trial.validspatial,423,1
210,80717,2,1,0,trial.validspatial,413,1
210,80717,1,1,800,trial.doublecue,666,1
210,80717,2,2,800,trial.invalid,698,1
210,80717,1,2,400,trial.validspatial,449,1
210,80717,2,1,800,trial.validspatial,443,1
210,80717,1,2,400,trial.invalid,480,0
210,80717,1,1,800,trial.validspatial,476,1
210,80717,2,2,400,trial.doublecue,464,0
210,80717,1,1,0,trial.validspatial,553,1
210,80717,2,1,NaN,trial.nocue,874,1
210,80717,2,1,400,trial.invalid,938,1
210,80717,1,2,800,trial.invalid,645,1
210,80717,1,2,0,trial.doublecue,798,1
210,80717,1,1,400,trial.validspatial,476,1
210,80717,1,2,400,trial.validspatial,431,1
210,80717,1,1,0,trial.doublecue,479,1
210,80717,1,1,0,trial.doublecue,452,1
210,80717,1,2,NaN,trial.nocue,501,0
210,80717,2,1,400,trial.doublecue,451,1
210,80717,2,2,400,trial.validspatial,532,1
210,80717,2,2,800,trial.doublecue,437,1
210,80717,2,2,NaN,trial.nocue,407,1
210,80717,1,2,NaN,trial.nocue,543,1
210,80717,1,2,0,trial.doublecue,869,1
210,80717,2,1,800,trial.invalid,548,0
210,80717,1,2,0,trial.validspatial,655,1
210,80717,1,1,0,trial.validspatial,576,1
210,80717,2,1,0,trial.validspatial,791,1
210,80717,1,1,400,trial.invalid,535,0
210,80717,1,2,800,trial.doublecue,465,1
210,80717,2,2,0,trial.validspatial,369,1
210,80717,2,2,0,trial.invalid,456,1
210,80717,1,1,0,trial.validspatial,544,0
210,80717,1,1,400,trial.invalid,567,1
210,80717,2,1,800,trial.validspatial,379,1
210,80717,2,2,400,trial.doublecue,481,1
210,80717,2,1,0,trial.doublecue,441,1
210,80717,2,2,400,trial.validspatial,672,1
210,80717,1,1,NaN,trial.nocue,569,1
210,80717,2,1,0,trial.invalid,523,1
210,80717,1,2,800,trial.validspatial,564,0
210,80717,1,2,800,trial.doublecue,452,1
210,80717,2,1,400,trial.validspatial,456,1
210,80717,1,1,800,trial.validspatial,800,1
210,80717,1,2,800,trial.validspatial,590,1
210,80717,1,1,0,trial.validspatial,479,1
210,80717,1,2,400,trial.validspatial,570,1
210,80717,2,1,400,trial.invalid,590,1
210,80717,2,1,0,trial.invalid,493,0
210,80717,2,2,NaN,trial.nocue,871,1
210,80717,1,1,800,trial.validspatial,638,1
210,80717,2,2,400,trial.validspatial,568,1
210,80717,2,1,NaN,trial.nocue,980,1
210,80717,1,1,400,trial.validspatial,628,1
210,80717,1,2,NaN,trial.nocue,534,1
210,80717,1,2,0,trial.validspatial,906,1
210,80717,1,2,800,trial.validspatial,428,1
210,80717,1,1,0,trial.validspatial,517,1
210,80717,1,1,400,trial.validspatial,747,0
