subject,date,location_congruence_val,flanker_congruence_val,cue_target_interval,cue_condition,latency,values.correct
216,110817,1,1,0,trial.validspatial,496,1
216,110817,1,2,0,trial.invalid,1251,1
216,110817,1,2,800,trial.validspatial,631,1
216,110817,1,2,400,trial.validspatial,602,1
216,110817,1,2,400,trial.doublecue,975,1
216,110817,2,2,400,trial.validspatial,669,1
216,110817,2,1,400,trial.doublecue,722,1
216,110817,2,1,0,trial.validspatial,708,1
216,110817,2,1,400,trial.validspatial,373,1
216,110817,1,2,800,trial.validspatial,427,1
216,110817,1,1,800,trial.invalid,1048,1
216,110817,2,1,400,trial.validspatial,806,1
216,110817,2,1,800,trial.validspatial,368,1
216,110817,2,2,0,trial.validspatial,615,1
216,110817,1,2,0,trial.validspatial,696,1
216,110817,1,1,400,trial.validspatial,401,1
216,110817,1,1,NaN,trial.nocue,560,1
216,110817,1,2,0,trial.validspatial,619,1
216,110817,1,1,NaN,trial.nocue,518,1
216,110817,2,2,0,trial.validspatial,540,1
216,110817,2,1,800,trial.invalid,701,0
216,110817,2,2,NaN,trial.nocue,939,1
216,110817,1,2,400,trial.invalid,647,1
216,110817,2,2,0,trial.doublecue,708,1
216,110817,1,2,NaN,trial.nocue,524,1
216,110817,1,1,400,trial.validspatial,596,1
216,110817,1,1,800,trial.validspatial,501,1
216,110817,2,1,NaN,trial.nocue,705,1
216,110817,1,1,800,trial.doublecue,525,1
216,110817,2,2,0,trial.doublecue,725,1
216,110817,1,1,0,trial.invalid,627,1
216,110817,1,1,0,trial.invalid,691,1
216,110817,2,1,0,trial.validspatial,407,0
216,110817,2,1,0,trial.validspatial,613,1
216,110817,1,1,400,trial.doublecue,461,1
216,110817,2,2,800,trial.validspatial,664,1
216,110817,2,2,800,trial.validspatial,568,1
216,110817,2,2,0,trial.validspatial,617,1
216,110817,1,2,400,trial.validspatial,738,1
216,110817,2,2,800,trial.invalid,639,1
216,110817,1,2,0,trial.invalid,849,1
216,110817,2,1,400,trial.validspatial,524,1
216,110817,2,1,400,trial.validspatial,512,1
216,110817,2,1,NaN,trial.nocue,794,1
216,110817,2,2,NaN,trial.nocue,743,1
216,110817,2,1,NaN,trial.nocue,626,1
216,110817,1,1,800,trial.validspatial,513,1
216,110817,1,1,NaN,trial.nocue,634,1
216,110817,2,1,800,trial.doublecue,570,1
216,110817,2,2,NaN,trial.nocue,579,1
216,110817,1,2,400,trial.validspatial,564,1
216,110817,1,1,400,trial.doublecue,495,1
216,110817,2,2,400,trial.invalid,722,1
216,110817,1,1,NaN,trial.nocue,621,1
216,110817,2,1,800,trial.validspatial,459,1
216,110817,2,2,0,trial.validspatial,671,0
216,110817,2,1,800,trial.doublecue,599,1
216,110817,2,1,400,trial.validspatial,445,1
216,110817,2,2,400,trial.validspatial,433,1
216,110817,2,1,0,trial.doublecue,731,1
216,110817,2,2,400,trial.validspatial,608,1
216,110817,2,2,400,trial.invalid,666,0
216,110817,2,2,800,trial.doublecue,620,1
216,110817,1,2,400,trial.doublecue,578,1
216,110817,1,2,0,trial.validspatial,774,1
216,110817,1,2,NaN,trial.nocue,918,1
216,110817,1,1,800,trial.invalid,768,1
216,110817,2,2,800,trial.validspatial,573,1
216,110817,2,1,800,trial.validspatial,430,1
216,110817,2,1,0,trial.validspatial,539,1
216,110817,2,2,NaN,trial.nocue,875,1
216,110817,2,2,800,trial.validspatial,526,1
216,110817,1,1,400,trial.validspatial,499,1
216,110817,1,2,800,trial.invalid,968,1
216,110817,2,2,0,trial.validspatial,589,1
216,110817,2,2,800,trial.validspatial,522,1
216,110817,1,1,800,trial.validspatial,435,1
216,110817,2,1,NaN,trial.nocue,418,0
216,110817,1,2,NaN,trial.nocue,762,1
216,110817,1,2,800,trial.validspatial,492,1
216,110817,1,2,0,trial.validspatial,668,1
216,110817,2,2,0,trial.invalid,727,1
216,110817,1,1,NaN,trial.nocue,640,1
216,110817,2,2,800,trial.validspatial,501,1
216,110817,2,1,800,trial.validspatial,413,1
216,110817,2,1,0,trial.validspatial,483,1
216,110817,1,1,800,trial.doublecue,680,1
216,110817,2,2,800,trial.invalid,521,0
216,110817,1,2,400,trial.validspatial,505,1
216,110817,2,1,800,trial.validspatial,519,1
216,110817,1,2,400,trial.invalid,872,1
216,110817,1,1,800,trial.validspatial,556,1
216,110817,2,2,400,trial.doublecue,638,1
216,110817,1,1,0,trial.validspatial,536,1
216,110817,2,1,NaN,trial.nocue,587,1
216,110817,2,1,400,trial.invalid,537,1
216,110817,1,2,800,trial.invalid,427,1
216,110817,1,2,0,trial.doublecue,560,1
216,110817,1,1,400,trial.validspatial,431,1
216,110817,1,2,400,trial.validspatial,599,1
216,110817,1,1,0,trial.doublecue,435,1
216,110817,1,1,0,trial.doublecue,396,1
216,110817,1,2,NaN,trial.nocue,685,1
216,110817,2,1,400,trial.doublecue,509,1
216,110817,2,2,400,trial.validspatial,687,1
216,110817,2,2,800,trial.doublecue,704,1
216,110817,2,2,NaN,trial.nocue,742,1
216,110817,1,2,NaN,trial.nocue,531,1
216,110817,1,2,0,trial.doublecue,585,1
216,110817,2,1,800,trial.invalid,566,1
216,110817,1,2,0,trial.validspatial,723,1
216,110817,1,1,0,trial.validspatial,514,1
216,110817,2,1,0,trial.validspatial,558,1
216,110817,1,1,400,trial.invalid,569,1
216,110817,1,2,800,trial.doublecue,654,1
216,110817,2,2,0,trial.validspatial,391,0
216,110817,2,2,0,trial.invalid,603,1
216,110817,1,1,0,trial.validspatial,648,1
216,110817,1,1,400,trial.invalid,635,1
216,110817,2,1,800,trial.validspatial,544,1
216,110817,2,2,400,trial.doublecue,751,1
216,110817,2,1,0,trial.doublecue,613,1
216,110817,2,2,400,trial.validspatial,565,1
216,110817,1,1,NaN,trial.nocue,477,1
216,110817,2,1,0,trial.invalid,494,1
216,110817,1,2,800,trial.validspatial,676,1
216,110817,1,2,800,trial.doublecue,530,0
216,110817,2,1,400,trial.validspatial,760,1
216,110817,1,1,800,trial.validspatial,500,1
216,110817,1,2,800,trial.validspatial,514,1
216,110817,1,1,0,trial.validspatial,479,1
216,110817,1,2,400,trial.validspatial,513,1
216,110817,2,1,400,trial.invalid,663,1
216,110817,2,1,0,trial.invalid,574,1
216,110817,2,2,NaN,trial.nocue,703,1
216,110817,1,1,800,trial.validspatial,454,1
216,110817,2,2,400,trial.validspatial,524,1
216,110817,2,1,NaN,trial.nocue,485,1
216,110817,1,1,400,trial.validspatial,460,1
216,110817,1,2,NaN,trial.nocue,517,1
216,110817,1,2,0,trial.validspatial,631,1
216,110817,1,2,800,trial.validspatial,537,1
216,110817,1,1,0,trial.validspatial,488,1
216,110817,1,1,400,trial.validspatial,454,1
216,110817,1,1,0,trial.validspatial,841,1
216,110817,1,2,0,trial.invalid,997,0
216,110817,1,2,800,trial.validspatial,479,0
216,110817,1,2,400,trial.validspatial,658,1
216,110817,1,2,400,trial.doublecue,449,1
216,110817,2,2,400,trial.validspatial,589,1
216,110817,2,1,400,trial.doublecue,504,1
216,110817,2,1,0,trial.validspatial,434,0
216,110817,2,1,400,trial.validspatial,443,1
216,110817,1,2,800,trial.validspatial,551,1
216,110817,1,1,800,trial.invalid,678,1
216,110817,2,1,400,trial.validspatial,477,1
216,110817,2,1,800,trial.validspatial,406,1
216,110817,2,2,0,trial.validspatial,745,1
216,110817,1,2,0,trial.validspatial,917,1
216,110817,1,1,400,trial.validspatial,468,1
216,110817,1,1,NaN,trial.nocue,540,1
216,110817,1,2,0,trial.validspatial,691,1
216,110817,1,1,NaN,trial.nocue,601,1
216,110817,2,2,0,trial.validspatial,838,1
216,110817,2,1,800,trial.invalid,588,1
216,110817,2,2,NaN,trial.nocue,965,1
216,110817,1,2,400,trial.invalid,696,1
216,110817,2,2,0,trial.doublecue,554,1
216,110817,1,2,NaN,trial.nocue,511,0
216,110817,1,1,400,trial.validspatial,541,1
216,110817,1,1,800,trial.validspatial,461,1
216,110817,2,1,NaN,trial.nocue,693,1
216,110817,1,1,800,trial.doublecue,653,1
216,110817,2,2,0,trial.doublecue,761,1
216,110817,1,1,0,trial.invalid,592,1
216,110817,1,1,0,trial.invalid,1258,1
216,110817,2,1,0,trial.validspatial,809,1
216,110817,2,1,0,trial.validspatial,469,1
216,110817,1,1,400,trial.doublecue,496,1
216,110817,2,2,800,trial.validspatial,692,1
216,110817,2,2,800,trial.validspatial,515,1
216,110817,2,2,0,trial.validspatial,598,1
216,110817,1,2,400,trial.validspatial,531,1
216,110817,2,2,800,trial.invalid,800,1
216,110817,1,2,0,trial.invalid,598,0
216,110817,2,1,400,trial.validspatial,501,1
216,110817,2,1,400,trial.validspatial,482,1
216,110817,2,1,NaN,trial.nocue,554,1
216,110817,2,2,NaN,trial.nocue,846,1
216,110817,2,1,NaN,trial.nocue,496,1
216,110817,1,1,800,trial.validspatial,443,1
216,110817,1,1,NaN,trial.nocue,484,1
216,110817,2,1,800,trial.doublecue,518,1
216,110817,2,2,NaN,trial.nocue,552,1
216,110817,1,2,400,trial.validspatial,595,1
216,110817,1,1,400,trial.doublecue,481,1
216,110817,2,2,400,trial.invalid,542,0
216,110817,1,1,NaN,trial.nocue,496,1
216,110817,2,1,800,trial.validspatial,505,1
216,110817,2,2,0,trial.validspatial,865,1
216,110817,2,1,800,trial.doublecue,576,1
216,110817,2,1,400,trial.validspatial,480,1
216,110817,2,2,400,trial.validspatial,567,1
216,110817,2,1,0,trial.doublecue,670,1
216,110817,2,2,400,trial.validspatial,627,1
216,110817,2,2,400,trial.invalid,884,1
216,110817,2,2,800,trial.doublecue,802,1
216,110817,1,2,400,trial.doublecue,636,1
216,110817,1,2,0,trial.validspatial,731,1
216,110817,1,2,NaN,trial.nocue,561,1
216,110817,1,1,800,trial.invalid,580,1
216,110817,2,2,800,trial.validspatial,562,1
216,110817,2,1,800,trial.validspatial,475,1
216,110817,2,1,0,trial.validspatial,640,1
216,110817,2,2,NaN,trial.nocue,603,1
216,110817,2,2,800,trial.validspatial,575,1
216,110817,1,1,400,trial.validspatial,1700,0
216,110817,1,2,800,trial.invalid,587,1
216,110817,2,2,0,trial.validspatial,778,1
216,110817,2,2,800,trial.validspatial,616,1
216,110817,1,1,800,trial.validspatial,700,1
216,110817,2,1,NaN,trial.nocue,682,1
216,110817,1,2,NaN,trial.nocue,579,1
216,110817,1,2,800,trial.validspatial,509,1
216,110817,1,2,0,trial.validspatial,577,1
216,110817,2,2,0,trial.invalid,501,1
216,110817,1,1,NaN,trial.nocue,630,1
216,110817,2,2,800,trial.validspatial,525,1
216,110817,2,1,800,trial.validspatial,481,1
216,110817,2,1,0,trial.validspatial,440,1
216,110817,1,1,800,trial.doublecue,817,1
216,110817,2,2,800,trial.invalid,772,1
216,110817,1,2,400,trial.validspatial,500,1
216,110817,2,1,800,trial.validspatial,427,1
216,110817,1,2,400,trial.invalid,592,1
216,110817,1,1,800,trial.validspatial,412,1
216,110817,2,2,400,trial.doublecue,613,1
216,110817,1,1,0,trial.validspatial,517,1
216,110817,2,1,NaN,trial.nocue,727,1
216,110817,2,1,400,trial.invalid,798,1
216,110817,1,2,800,trial.invalid,768,1
216,110817,1,2,0,trial.doublecue,817,1
216,110817,1,1,400,trial.validspatial,430,1
216,110817,1,2,400,trial.validspatial,372,1
216,110817,1,1,0,trial.doublecue,558,1
216,110817,1,1,0,trial.doublecue,553,1
216,110817,1,2,NaN,trial.nocue,476,0
216,110817,2,1,400,trial.doublecue,470,1
216,110817,2,2,400,trial.validspatial,518,1
216,110817,2,2,800,trial.doublecue,582,1
216,110817,2,2,NaN,trial.nocue,509,1
216,110817,1,2,NaN,trial.nocue,485,1
216,110817,1,2,0,trial.doublecue,767,1
216,110817,2,1,800,trial.invalid,726,1
216,110817,1,2,0,trial.validspatial,725,1
216,110817,1,1,0,trial.validspatial,593,1
216,110817,2,1,0,trial.validspatial,706,1
216,110817,1,1,400,trial.invalid,980,1
216,110817,1,2,800,trial.doublecue,551,1
216,110817,2,2,0,trial.validspatial,446,1
216,110817,2,2,0,trial.invalid,509,1
216,110817,1,1,0,trial.validspatial,582,1
216,110817,1,1,400,trial.invalid,511,1
216,110817,2,1,800,trial.validspatial,518,1
216,110817,2,2,400,trial.doublecue,1025,1
216,110817,2,1,0,trial.doublecue,534,1
216,110817,2,2,400,trial.validspatial,737,1
216,110817,1,1,NaN,trial.nocue,610,1
216,110817,2,1,0,trial.invalid,702,1
216,110817,1,2,800,trial.validspatial,680,1
216,110817,1,2,800,trial.doublecue,771,1
216,110817,2,1,400,trial.validspatial,453,1
216,110817,1,1,800,trial.validspatial,567,0
216,110817,1,2,800,trial.validspatial,619,1
216,110817,1,1,0,trial.validspatial,513,1
216,110817,1,2,400,trial.validspatial,658,1
216,110817,2,1,400,trial.invalid,507,1
216,110817,2,1,0,trial.invalid,656,1
216,110817,2,2,NaN,trial.nocue,950,1
216,110817,1,1,800,trial.validspatial,839,1
216,110817,2,2,400,trial.validspatial,780,1
216,110817,2,1,NaN,trial.nocue,727,1
216,110817,1,1,400,trial.validspatial,723,1
216,110817,1,2,NaN,trial.nocue,665,1
216,110817,1,2,0,trial.validspatial,655,1
216,110817,1,2,800,trial.validspatial,566,1
216,110817,1,1,0,trial.validspatial,604,1
216,110817,1,1,400,trial.validspatial,803,1
