subject,date,location_congruence_val,flanker_congruence_val,cue_target_interval,cue_condition,latency,values.correct
35,80717,1,1,0,trial.validspatial,1700,0
35,80717,1,2,0,trial.invalid,1700,0
35,80717,1,2,800,trial.validspatial,1168,1
35,80717,1,2,400,trial.validspatial,694,1
35,80717,1,2,400,trial.doublecue,835,1
35,80717,2,2,400,trial.validspatial,560,1
35,80717,2,1,400,trial.doublecue,458,1
35,80717,2,1,0,trial.validspatial,542,1
35,80717,2,1,400,trial.validspatial,449,1
35,80717,1,2,800,trial.validspatial,542,1
35,80717,1,1,800,trial.invalid,807,1
35,80717,2,1,400,trial.validspatial,509,1
35,80717,2,1,800,trial.validspatial,396,1
35,80717,2,2,0,trial.validspatial,623,1
35,80717,1,2,0,trial.validspatial,445,1
35,80717,1,1,400,trial.validspatial,440,1
35,80717,1,1,NaN,trial.nocue,460,1
35,80717,1,2,0,trial.validspatial,423,1
35,80717,1,1,NaN,trial.nocue,446,1
35,80717,2,2,0,trial.validspatial,442,0
35,80717,2,1,800,trial.invalid,752,1
35,80717,2,2,NaN,trial.nocue,608,1
35,80717,1,2,400,trial.invalid,884,1
35,80717,2,2,0,trial.doublecue,543,1
35,80717,1,2,NaN,trial.nocue,633,1
35,80717,1,1,400,trial.validspatial,379,1
35,80717,1,1,800,trial.validspatial,462,1
35,80717,2,1,NaN,trial.nocue,434,1
35,80717,1,1,800,trial.doublecue,408,1
35,80717,2,2,0,trial.doublecue,832,1
35,80717,1,1,0,trial.invalid,499,1
35,80717,1,1,0,trial.invalid,645,1
35,80717,2,1,0,trial.validspatial,584,1
35,80717,2,1,0,trial.validspatial,465,1
35,80717,1,1,400,trial.doublecue,528,1
35,80717,2,2,800,trial.validspatial,459,1
35,80717,2,2,800,trial.validspatial,471,1
35,80717,2,2,0,trial.validspatial,467,1
35,80717,1,2,400,trial.validspatial,443,1
35,80717,2,2,800,trial.invalid,721,1
35,80717,1,2,0,trial.invalid,824,1
35,80717,2,1,400,trial.validspatial,638,1
35,80717,2,1,400,trial.validspatial,589,1
35,80717,2,1,NaN,trial.nocue,615,1
35,80717,2,2,NaN,trial.nocue,748,0
35,80717,2,1,NaN,trial.nocue,430,1
35,80717,1,1,800,trial.validspatial,391,1
35,80717,1,1,NaN,trial.nocue,394,1
35,80717,2,1,800,trial.doublecue,404,1
35,80717,2,2,NaN,trial.nocue,491,1
35,80717,1,2,400,trial.validspatial,461,1
35,80717,1,1,400,trial.doublecue,395,1
35,80717,2,2,400,trial.invalid,640,1
35,80717,1,1,NaN,trial.nocue,429,1
35,80717,2,1,800,trial.validspatial,388,1
35,80717,2,2,0,trial.validspatial,535,1
35,80717,2,1,800,trial.doublecue,476,1
35,80717,2,1,400,trial.validspatial,371,1
35,80717,2,2,400,trial.validspatial,447,1
35,80717,2,1,0,trial.doublecue,471,1
35,80717,2,2,400,trial.validspatial,513,1
35,80717,2,2,400,trial.invalid,634,1
35,80717,2,2,800,trial.doublecue,634,1
35,80717,1,2,400,trial.doublecue,596,1
35,80717,1,2,0,trial.validspatial,568,1
35,80717,1,2,NaN,trial.nocue,524,1
35,80717,1,1,800,trial.invalid,513,1
35,80717,2,2,800,trial.validspatial,425,1
35,80717,2,1,800,trial.validspatial,375,1
35,80717,2,1,0,trial.validspatial,485,1
35,80717,2,2,NaN,trial.nocue,632,1
35,80717,2,2,800,trial.validspatial,428,1
35,80717,1,1,400,trial.validspatial,422,1
35,80717,1,2,800,trial.invalid,714,1
35,80717,2,2,0,trial.validspatial,542,1
35,80717,2,2,800,trial.validspatial,509,1
35,80717,1,1,800,trial.validspatial,481,1
35,80717,2,1,NaN,trial.nocue,467,1
35,80717,1,2,NaN,trial.nocue,632,1
35,80717,1,2,800,trial.validspatial,472,1
35,80717,1,2,0,trial.validspatial,794,1
35,80717,2,2,0,trial.invalid,574,1
35,80717,1,1,NaN,trial.nocue,440,1
35,80717,2,2,800,trial.validspatial,456,1
35,80717,2,1,800,trial.validspatial,466,1
35,80717,2,1,0,trial.validspatial,632,1
35,80717,1,1,800,trial.doublecue,443,1
35,80717,2,2,800,trial.invalid,756,1
35,80717,1,2,400,trial.validspatial,501,1
35,80717,2,1,800,trial.validspatial,387,1
35,80717,1,2,400,trial.invalid,712,1
35,80717,1,1,800,trial.validspatial,385,1
35,80717,2,2,400,trial.doublecue,538,0
35,80717,1,1,0,trial.validspatial,469,1
35,80717,2,1,NaN,trial.nocue,451,1
35,80717,2,1,400,trial.invalid,516,1
35,80717,1,2,800,trial.invalid,518,0
35,80717,1,2,0,trial.doublecue,734,1
35,80717,1,1,400,trial.validspatial,387,1
35,80717,1,2,400,trial.validspatial,474,1
35,80717,1,1,0,trial.doublecue,501,1
35,80717,1,1,0,trial.doublecue,596,1
35,80717,1,2,NaN,trial.nocue,646,1
35,80717,2,1,400,trial.doublecue,514,1
35,80717,2,2,400,trial.validspatial,445,1
35,80717,2,2,800,trial.doublecue,488,1
35,80717,2,2,NaN,trial.nocue,602,1
35,80717,1,2,NaN,trial.nocue,631,1
35,80717,1,2,0,trial.doublecue,615,1
35,80717,2,1,800,trial.invalid,542,1
35,80717,1,2,0,trial.validspatial,648,1
35,80717,1,1,0,trial.validspatial,409,1
35,80717,2,1,0,trial.validspatial,551,1
35,80717,1,1,400,trial.invalid,551,1
35,80717,1,2,800,trial.doublecue,609,1
35,80717,2,2,0,trial.validspatial,459,0
35,80717,2,2,0,trial.invalid,432,1
35,80717,1,1,0,trial.validspatial,400,1
35,80717,1,1,400,trial.invalid,581,1
35,80717,2,1,800,trial.validspatial,530,1
35,80717,2,2,400,trial.doublecue,481,1
35,80717,2,1,0,trial.doublecue,519,1
35,80717,2,2,400,trial.validspatial,530,1
35,80717,1,1,NaN,trial.nocue,438,1
35,80717,2,1,0,trial.invalid,438,1
35,80717,1,2,800,trial.validspatial,447,1
35,80717,1,2,800,trial.doublecue,498,1
35,80717,2,1,400,trial.validspatial,424,1
35,80717,1,1,800,trial.validspatial,477,1
35,80717,1,2,800,trial.validspatial,454,1
35,80717,1,1,0,trial.validspatial,485,1
35,80717,1,2,400,trial.validspatial,472,1
35,80717,2,1,400,trial.invalid,461,1
35,80717,2,1,0,trial.invalid,454,1
35,80717,2,2,NaN,trial.nocue,662,1
35,80717,1,1,800,trial.validspatial,495,1
35,80717,2,2,400,trial.validspatial,462,1
35,80717,2,1,NaN,trial.nocue,506,1
35,80717,1,1,400,trial.validspatial,443,1
35,80717,1,2,NaN,trial.nocue,634,1
35,80717,1,2,0,trial.validspatial,612,1
35,80717,1,2,800,trial.validspatial,439,1
35,80717,1,1,0,trial.validspatial,413,1
35,80717,1,1,400,trial.validspatial,372,1
35,80717,1,1,0,trial.validspatial,475,1
35,80717,1,2,0,trial.invalid,587,0
35,80717,1,2,800,trial.validspatial,472,1
35,80717,1,2,400,trial.validspatial,511,1
35,80717,1,2,400,trial.doublecue,478,1
35,80717,2,2,400,trial.validspatial,481,1
35,80717,2,1,400,trial.doublecue,501,1
35,80717,2,1,0,trial.validspatial,455,1
35,80717,2,1,400,trial.validspatial,390,1
35,80717,1,2,800,trial.validspatial,482,1
35,80717,1,1,800,trial.invalid,461,1
35,80717,2,1,400,trial.validspatial,427,1
35,80717,2,1,800,trial.validspatial,404,1
35,80717,2,2,0,trial.validspatial,526,1
35,80717,1,2,0,trial.validspatial,583,1
35,80717,1,1,400,trial.validspatial,382,1
35,80717,1,1,NaN,trial.nocue,499,1
35,80717,1,2,0,trial.validspatial,507,1
35,80717,1,1,NaN,trial.nocue,483,1
35,80717,2,2,0,trial.validspatial,491,0
35,80717,2,1,800,trial.invalid,498,1
35,80717,2,2,NaN,trial.nocue,708,1
35,80717,1,2,400,trial.invalid,652,1
35,80717,2,2,0,trial.doublecue,654,1
35,80717,1,2,NaN,trial.nocue,436,1
35,80717,1,1,400,trial.validspatial,360,1
35,80717,1,1,800,trial.validspatial,387,1
35,80717,2,1,NaN,trial.nocue,460,1
35,80717,1,1,800,trial.doublecue,452,1
35,80717,2,2,0,trial.doublecue,653,1
35,80717,1,1,0,trial.invalid,538,1
35,80717,1,1,0,trial.invalid,462,1
35,80717,2,1,0,trial.validspatial,475,1
35,80717,2,1,0,trial.validspatial,446,1
35,80717,1,1,400,trial.doublecue,441,1
35,80717,2,2,800,trial.validspatial,427,1
35,80717,2,2,800,trial.validspatial,454,1
35,80717,2,2,0,trial.validspatial,659,1
35,80717,1,2,400,trial.validspatial,488,1
35,80717,2,2,800,trial.invalid,616,1
35,80717,1,2,0,trial.invalid,830,1
35,80717,2,1,400,trial.validspatial,447,1
35,80717,2,1,400,trial.validspatial,379,1
35,80717,2,1,NaN,trial.nocue,431,1
35,80717,2,2,NaN,trial.nocue,438,0
35,80717,2,1,NaN,trial.nocue,452,1
35,80717,1,1,800,trial.validspatial,465,1
35,80717,1,1,NaN,trial.nocue,382,1
35,80717,2,1,800,trial.doublecue,376,1
35,80717,2,2,NaN,trial.nocue,433,0
35,80717,1,2,400,trial.validspatial,530,1
35,80717,1,1,400,trial.doublecue,471,1
35,80717,2,2,400,trial.invalid,429,0
35,80717,1,1,NaN,trial.nocue,505,1
35,80717,2,1,800,trial.validspatial,391,1
35,80717,2,2,0,trial.validspatial,626,1
35,80717,2,1,800,trial.doublecue,492,1
35,80717,2,1,400,trial.validspatial,402,1
35,80717,2,2,400,trial.validspatial,414,1
35,80717,2,1,0,trial.doublecue,494,1
35,80717,2,2,400,trial.validspatial,457,1
35,80717,2,2,400,trial.invalid,555,1
35,80717,2,2,800,trial.doublecue,581,1
35,80717,1,2,400,trial.doublecue,717,1
35,80717,1,2,0,trial.validspatial,584,1
35,80717,1,2,NaN,trial.nocue,469,1
35,80717,1,1,800,trial.invalid,570,1
35,80717,2,2,800,trial.validspatial,409,1
35,80717,2,1,800,trial.validspatial,383,1
35,80717,2,1,0,trial.validspatial,494,1
35,80717,2,2,NaN,trial.nocue,745,1
35,80717,2,2,800,trial.validspatial,437,1
35,80717,1,1,400,trial.validspatial,1700,0
35,80717,1,2,800,trial.invalid,468,1
35,80717,2,2,0,trial.validspatial,686,1
35,80717,2,2,800,trial.validspatial,422,1
35,80717,1,1,800,trial.validspatial,473,1
35,80717,2,1,NaN,trial.nocue,454,1
35,80717,1,2,NaN,trial.nocue,464,1
35,80717,1,2,800,trial.validspatial,524,1
35,80717,1,2,0,trial.validspatial,463,1
35,80717,2,2,0,trial.invalid,368,1
35,80717,1,1,NaN,trial.nocue,401,0
35,80717,2,2,800,trial.validspatial,595,1
35,80717,2,1,800,trial.validspatial,411,1
35,80717,2,1,0,trial.validspatial,387,1
35,80717,1,1,800,trial.doublecue,622,1
35,80717,2,2,800,trial.invalid,572,1
35,80717,1,2,400,trial.validspatial,395,1
35,80717,2,1,800,trial.validspatial,463,1
35,80717,1,2,400,trial.invalid,705,1
35,80717,1,1,800,trial.validspatial,550,1
35,80717,2,2,400,trial.doublecue,428,0
35,80717,1,1,0,trial.validspatial,466,1
35,80717,2,1,NaN,trial.nocue,1125,0
35,80717,2,1,400,trial.invalid,752,1
35,80717,1,2,800,trial.invalid,609,1
35,80717,1,2,0,trial.doublecue,581,1
35,80717,1,1,400,trial.validspatial,353,1
35,80717,1,2,400,trial.validspatial,388,1
35,80717,1,1,0,trial.doublecue,569,1
35,80717,1,1,0,trial.doublecue,396,1
35,80717,1,2,NaN,trial.nocue,701,1
35,80717,2,1,400,trial.doublecue,469,1
35,80717,2,2,400,trial.validspatial,431,1
35,80717,2,2,800,trial.doublecue,443,1
35,80717,2,2,NaN,trial.nocue,430,1
35,80717,1,2,NaN,trial.nocue,417,1
35,80717,1,2,0,trial.doublecue,444,1
35,80717,2,1,800,trial.invalid,423,1
35,80717,1,2,0,trial.validspatial,435,1
35,80717,1,1,0,trial.validspatial,457,1
35,80717,2,1,0,trial.validspatial,641,1
35,80717,1,1,400,trial.invalid,673,1
35,80717,1,2,800,trial.doublecue,415,1
35,80717,2,2,0,trial.validspatial,376,1
35,80717,2,2,0,trial.invalid,447,1
35,80717,1,1,0,trial.validspatial,621,1
35,80717,1,1,400,trial.invalid,489,1
35,80717,2,1,800,trial.validspatial,381,1
35,80717,2,2,400,trial.doublecue,413,1
35,80717,2,1,0,trial.doublecue,397,1
35,80717,2,2,400,trial.validspatial,478,0
35,80717,1,1,NaN,trial.nocue,608,1
35,80717,2,1,0,trial.invalid,461,1
35,80717,1,2,800,trial.validspatial,609,1
35,80717,1,2,800,trial.doublecue,461,1
35,80717,2,1,400,trial.validspatial,478,1
35,80717,1,1,800,trial.validspatial,552,1
35,80717,1,2,800,trial.validspatial,480,1
35,80717,1,1,0,trial.validspatial,407,1
35,80717,1,2,400,trial.validspatial,467,1
35,80717,2,1,400,trial.invalid,481,1
35,80717,2,1,0,trial.invalid,453,1
35,80717,2,2,NaN,trial.nocue,543,1
35,80717,1,1,800,trial.validspatial,529,1
35,80717,2,2,400,trial.validspatial,600,1
35,80717,2,1,NaN,trial.nocue,548,1
35,80717,1,1,400,trial.validspatial,695,1
35,80717,1,2,NaN,trial.nocue,635,1
35,80717,1,2,0,trial.validspatial,460,1
35,80717,1,2,800,trial.validspatial,394,1
35,80717,1,1,0,trial.validspatial,494,1
35,80717,1,1,400,trial.validspatial,708,1
