subject,date,location_congruence_val,flanker_congruence_val,cue_target_interval,cue_condition,latency,values.correct
22,21317,1,1,0,trial.validspatial,1700,0
22,21317,1,2,0,trial.invalid,1700,0
22,21317,1,2,800,trial.validspatial,1271,1
22,21317,1,2,400,trial.validspatial,1116,1
22,21317,1,2,400,trial.doublecue,140,0
22,21317,2,2,400,trial.validspatial,586,0
22,21317,2,1,400,trial.doublecue,750,1
22,21317,2,1,0,trial.validspatial,741,1
22,21317,2,1,400,trial.validspatial,779,1
22,21317,1,2,800,trial.validspatial,466,1
22,21317,1,1,800,trial.invalid,1099,1
22,21317,2,1,400,trial.validspatial,644,1
22,21317,2,1,800,trial.validspatial,575,1
22,21317,2,2,0,trial.validspatial,1583,1
22,21317,1,2,0,trial.validspatial,899,1
22,21317,1,1,400,trial.validspatial,636,1
22,21317,1,1,NaN,trial.nocue,606,1
22,21317,1,2,0,trial.validspatial,713,1
22,21317,1,1,NaN,trial.nocue,688,1
22,21317,2,2,0,trial.validspatial,996,1
22,21317,2,1,800,trial.invalid,851,1
22,21317,2,2,NaN,trial.nocue,1247,1
22,21317,1,2,400,trial.invalid,1035,1
22,21317,2,2,0,trial.doublecue,816,1
22,21317,1,2,NaN,trial.nocue,681,1
22,21317,1,1,400,trial.validspatial,609,1
22,21317,1,1,800,trial.validspatial,500,1
22,21317,2,1,NaN,trial.nocue,762,1
22,21317,1,1,800,trial.doublecue,624,1
22,21317,2,2,0,trial.doublecue,1115,0
22,21317,1,1,0,trial.invalid,690,1
22,21317,1,1,0,trial.invalid,652,1
22,21317,2,1,0,trial.validspatial,787,1
22,21317,2,1,0,trial.validspatial,820,1
22,21317,1,1,400,trial.doublecue,892,1
22,21317,2,2,800,trial.validspatial,523,1
22,21317,2,2,800,trial.validspatial,514,1
22,21317,2,2,0,trial.validspatial,1010,0
22,21317,1,2,400,trial.validspatial,597,1
22,21317,2,2,800,trial.invalid,1267,0
22,21317,1,2,0,trial.invalid,926,1
22,21317,2,1,400,trial.validspatial,399,1
22,21317,2,1,400,trial.validspatial,469,1
22,21317,2,1,NaN,trial.nocue,904,1
22,21317,2,2,NaN,trial.nocue,887,1
22,21317,2,1,NaN,trial.nocue,1700,0
22,21317,1,1,800,trial.validspatial,977,1
22,21317,1,1,NaN,trial.nocue,1485,0
22,21317,2,1,800,trial.doublecue,939,1
22,21317,2,2,NaN,trial.nocue,217,1
22,21317,1,2,400,trial.validspatial,168,1
22,21317,1,1,400,trial.doublecue,181,1
22,21317,2,2,400,trial.invalid,871,1
22,21317,1,1,NaN,trial.nocue,925,1
22,21317,2,1,800,trial.validspatial,760,1
22,21317,2,2,0,trial.validspatial,909,1
22,21317,2,1,800,trial.doublecue,837,1
22,21317,2,1,400,trial.validspatial,832,1
22,21317,2,2,400,trial.validspatial,1114,1
22,21317,2,1,0,trial.doublecue,1058,1
22,21317,2,2,400,trial.validspatial,592,1
22,21317,2,2,400,trial.invalid,1571,1
22,21317,2,2,800,trial.doublecue,993,1
22,21317,1,2,400,trial.doublecue,941,1
22,21317,1,2,0,trial.validspatial,978,1
22,21317,1,2,NaN,trial.nocue,968,1
22,21317,1,1,800,trial.invalid,1054,1
22,21317,2,2,800,trial.validspatial,866,0
22,21317,2,1,800,trial.validspatial,779,0
22,21317,2,1,0,trial.validspatial,1368,1
22,21317,2,2,NaN,trial.nocue,879,1
22,21317,2,2,800,trial.validspatial,718,1
22,21317,1,1,400,trial.validspatial,636,1
22,21317,1,2,800,trial.invalid,1025,1
22,21317,2,2,0,trial.validspatial,1250,1
22,21317,2,2,800,trial.validspatial,679,1
22,21317,1,1,800,trial.validspatial,759,1
22,21317,2,1,NaN,trial.nocue,113,0
22,21317,1,2,NaN,trial.nocue,948,1
22,21317,1,2,800,trial.validspatial,657,1
22,21317,1,2,0,trial.validspatial,1166,1
22,21317,2,2,0,trial.invalid,1095,1
22,21317,1,1,NaN,trial.nocue,979,1
22,21317,2,2,800,trial.validspatial,771,1
22,21317,2,1,800,trial.validspatial,1335,1
22,21317,2,1,0,trial.validspatial,878,1
22,21317,1,1,800,trial.doublecue,989,1
22,21317,2,2,800,trial.invalid,1349,1
22,21317,1,2,400,trial.validspatial,826,1
22,21317,2,1,800,trial.validspatial,760,1
22,21317,1,2,400,trial.invalid,1031,1
22,21317,1,1,800,trial.validspatial,467,1
22,21317,2,2,400,trial.doublecue,914,1
22,21317,1,1,0,trial.validspatial,695,1
22,21317,2,1,NaN,trial.nocue,1017,0
22,21317,2,1,400,trial.invalid,1167,1
22,21317,1,2,800,trial.invalid,999,1
22,21317,1,2,0,trial.doublecue,1661,0
22,21317,1,1,400,trial.validspatial,740,1
22,21317,1,2,400,trial.validspatial,930,0
22,21317,1,1,0,trial.doublecue,681,1
22,21317,1,1,0,trial.doublecue,902,1
22,21317,1,2,NaN,trial.nocue,1098,1
22,21317,2,1,400,trial.doublecue,1555,1
22,21317,2,2,400,trial.validspatial,740,1
22,21317,2,2,800,trial.doublecue,969,1
22,21317,2,2,NaN,trial.nocue,851,1
22,21317,1,2,NaN,trial.nocue,868,1
22,21317,1,2,0,trial.doublecue,1175,1
22,21317,2,1,800,trial.invalid,805,1
22,21317,1,2,0,trial.validspatial,797,1
22,21317,1,1,0,trial.validspatial,952,1
22,21317,2,1,0,trial.validspatial,1056,1
22,21317,1,1,400,trial.invalid,1700,0
22,21317,1,2,800,trial.doublecue,1128,1
22,21317,2,2,0,trial.validspatial,1009,0
22,21317,2,2,0,trial.invalid,1035,0
22,21317,1,1,0,trial.validspatial,1192,0
22,21317,1,1,400,trial.invalid,929,1
22,21317,2,1,800,trial.validspatial,985,1
22,21317,2,2,400,trial.doublecue,1607,1
22,21317,2,1,0,trial.doublecue,957,1
22,21317,2,2,400,trial.validspatial,981,1
22,21317,1,1,NaN,trial.nocue,867,1
22,21317,2,1,0,trial.invalid,867,1
22,21317,1,2,800,trial.validspatial,586,0
22,21317,1,2,800,trial.doublecue,739,1
22,21317,2,1,400,trial.validspatial,626,1
22,21317,1,1,800,trial.validspatial,474,1
22,21317,1,2,800,trial.validspatial,719,1
22,21317,1,1,0,trial.validspatial,728,1
22,21317,1,2,400,trial.validspatial,498,1
22,21317,2,1,400,trial.invalid,763,1
22,21317,2,1,0,trial.invalid,692,1
22,21317,2,2,NaN,trial.nocue,901,1
22,21317,1,1,800,trial.validspatial,417,1
22,21317,2,2,400,trial.validspatial,511,1
22,21317,2,1,NaN,trial.nocue,880,1
22,21317,1,1,400,trial.validspatial,611,1
22,21317,1,2,NaN,trial.nocue,767,1
22,21317,1,2,0,trial.validspatial,684,1
22,21317,1,2,800,trial.validspatial,504,1
22,21317,1,1,0,trial.validspatial,595,1
22,21317,1,1,400,trial.validspatial,688,1
22,21317,1,1,0,trial.validspatial,963,1
22,21317,1,2,0,trial.invalid,1700,0
22,21317,1,2,800,trial.validspatial,663,1
22,21317,1,2,400,trial.validspatial,1700,0
22,21317,1,2,400,trial.doublecue,1008,1
22,21317,2,2,400,trial.validspatial,582,0
22,21317,2,1,400,trial.doublecue,1104,0
22,21317,2,1,0,trial.validspatial,964,0
22,21317,2,1,400,trial.validspatial,750,1
22,21317,1,2,800,trial.validspatial,773,1
22,21317,1,1,800,trial.invalid,665,1
22,21317,2,1,400,trial.validspatial,582,1
22,21317,2,1,800,trial.validspatial,452,1
22,21317,2,2,0,trial.validspatial,781,1
22,21317,1,2,0,trial.validspatial,1090,1
22,21317,1,1,400,trial.validspatial,722,1
22,21317,1,1,NaN,trial.nocue,873,1
22,21317,1,2,0,trial.validspatial,1700,0
22,21317,1,1,NaN,trial.nocue,1006,1
22,21317,2,2,0,trial.validspatial,774,0
22,21317,2,1,800,trial.invalid,841,0
22,21317,2,2,NaN,trial.nocue,914,0
22,21317,1,2,400,trial.invalid,913,1
22,21317,2,2,0,trial.doublecue,989,0
22,21317,1,2,NaN,trial.nocue,938,1
22,21317,1,1,400,trial.validspatial,976,0
22,21317,1,1,800,trial.validspatial,908,1
22,21317,2,1,NaN,trial.nocue,803,1
22,21317,1,1,800,trial.doublecue,706,1
22,21317,2,2,0,trial.doublecue,1087,1
22,21317,1,1,0,trial.invalid,1013,1
22,21317,1,1,0,trial.invalid,887,1
22,21317,2,1,0,trial.validspatial,732,0
22,21317,2,1,0,trial.validspatial,985,1
22,21317,1,1,400,trial.doublecue,766,1
22,21317,2,2,800,trial.validspatial,631,1
22,21317,2,2,800,trial.validspatial,560,1
22,21317,2,2,0,trial.validspatial,788,1
22,21317,1,2,400,trial.validspatial,547,1
22,21317,2,2,800,trial.invalid,701,1
22,21317,1,2,0,trial.invalid,896,1
22,21317,2,1,400,trial.validspatial,622,1
22,21317,2,1,400,trial.validspatial,664,1
22,21317,2,1,NaN,trial.nocue,694,1
22,21317,2,2,NaN,trial.nocue,795,1
22,21317,2,1,NaN,trial.nocue,988,1
22,21317,1,1,800,trial.validspatial,593,1
22,21317,1,1,NaN,trial.nocue,791,1
22,21317,2,1,800,trial.doublecue,605,1
22,21317,2,2,NaN,trial.nocue,1038,1
22,21317,1,2,400,trial.validspatial,1035,1
22,21317,1,1,400,trial.doublecue,875,1
22,21317,2,2,400,trial.invalid,982,1
22,21317,1,1,NaN,trial.nocue,849,1
22,21317,2,1,800,trial.validspatial,834,1
22,21317,2,2,0,trial.validspatial,986,0
22,21317,2,1,800,trial.doublecue,1105,1
22,21317,2,1,400,trial.validspatial,798,1
22,21317,2,2,400,trial.validspatial,1393,1
22,21317,2,1,0,trial.doublecue,839,1
22,21317,2,2,400,trial.validspatial,508,1
22,21317,2,2,400,trial.invalid,605,1
22,21317,2,2,800,trial.doublecue,630,1
22,21317,1,2,400,trial.doublecue,827,1
22,21317,1,2,0,trial.validspatial,912,1
22,21317,1,2,NaN,trial.nocue,945,1
22,21317,1,1,800,trial.invalid,1700,0
22,21317,2,2,800,trial.validspatial,1108,1
22,21317,2,1,800,trial.validspatial,1343,1
22,21317,2,1,0,trial.validspatial,735,1
22,21317,2,2,NaN,trial.nocue,1241,1
22,21317,2,2,800,trial.validspatial,1034,0
22,21317,1,1,400,trial.validspatial,1700,0
22,21317,1,2,800,trial.invalid,1700,0
22,21317,2,2,0,trial.validspatial,1700,0
22,21317,2,2,800,trial.validspatial,1700,0
22,21317,1,1,800,trial.validspatial,1700,0
22,21317,2,1,NaN,trial.nocue,1339,1
22,21317,1,2,NaN,trial.nocue,590,0
22,21317,1,2,800,trial.validspatial,609,1
22,21317,1,2,0,trial.validspatial,589,1
22,21317,2,2,0,trial.invalid,624,1
22,21317,1,1,NaN,trial.nocue,478,1
22,21317,2,2,800,trial.validspatial,415,0
22,21317,2,1,800,trial.validspatial,85,1
22,21317,2,1,0,trial.validspatial,77,0
22,21317,1,1,800,trial.doublecue,142,0
22,21317,2,2,800,trial.invalid,206,0
22,21317,1,2,400,trial.validspatial,12,1
22,21317,2,1,800,trial.validspatial,981,0
22,21317,1,2,400,trial.invalid,259,0
22,21317,1,1,800,trial.validspatial,103,1
22,21317,2,2,400,trial.doublecue,35,0
22,21317,1,1,0,trial.validspatial,14,1
22,21317,2,1,NaN,trial.nocue,73,0
22,21317,2,1,400,trial.invalid,11,1
22,21317,1,2,800,trial.invalid,288,0
22,21317,1,2,0,trial.doublecue,118,1
22,21317,1,1,400,trial.validspatial,266,1
22,21317,1,2,400,trial.validspatial,123,1
22,21317,1,1,0,trial.doublecue,78,1
22,21317,1,1,0,trial.doublecue,131,1
22,21317,1,2,NaN,trial.nocue,44,1
22,21317,2,1,400,trial.doublecue,413,0
22,21317,2,2,400,trial.validspatial,161,1
22,21317,2,2,800,trial.doublecue,135,0
22,21317,2,2,NaN,trial.nocue,37,1
22,21317,1,2,NaN,trial.nocue,206,1
22,21317,1,2,0,trial.doublecue,898,0
22,21317,2,1,800,trial.invalid,89,1
22,21317,1,2,0,trial.validspatial,245,0
22,21317,1,1,0,trial.validspatial,4,0
22,21317,2,1,0,trial.validspatial,1155,0
22,21317,1,1,400,trial.invalid,22,0
22,21317,1,2,800,trial.doublecue,176,0
22,21317,2,2,0,trial.validspatial,487,0
22,21317,2,2,0,trial.invalid,243,1
22,21317,1,1,0,trial.validspatial,39,1
22,21317,1,1,400,trial.invalid,104,0
22,21317,2,1,800,trial.validspatial,400,1
22,21317,2,2,400,trial.doublecue,299,1
22,21317,2,1,0,trial.doublecue,162,0
22,21317,2,2,400,trial.validspatial,112,1
22,21317,1,1,NaN,trial.nocue,205,1
22,21317,2,1,0,trial.invalid,91,0
22,21317,1,2,800,trial.validspatial,655,0
22,21317,1,2,800,trial.doublecue,439,1
22,21317,2,1,400,trial.validspatial,431,0
22,21317,1,1,800,trial.validspatial,108,0
22,21317,1,2,800,trial.validspatial,8,0
22,21317,1,1,0,trial.validspatial,171,0
22,21317,1,2,400,trial.validspatial,5,0
22,21317,2,1,400,trial.invalid,134,0
22,21317,2,1,0,trial.invalid,94,0
22,21317,2,2,NaN,trial.nocue,150,1
22,21317,1,1,800,trial.validspatial,65,1
22,21317,2,2,400,trial.validspatial,725,0
22,21317,2,1,NaN,trial.nocue,71,0
22,21317,1,1,400,trial.validspatial,221,1
22,21317,1,2,NaN,trial.nocue,307,0
22,21317,1,2,0,trial.validspatial,263,1
22,21317,1,2,800,trial.validspatial,680,1
22,21317,1,1,0,trial.validspatial,74,0
22,21317,1,1,400,trial.validspatial,251,1
