subject,date,location_congruence_val,flanker_congruence_val,cue_target_interval,cue_condition,latency,values.correct
95,40117,1,1,0,trial.validspatial,943,1
95,40117,1,2,0,trial.invalid,1304,1
95,40117,1,2,800,trial.validspatial,1232,0
95,40117,1,2,400,trial.validspatial,711,0
95,40117,1,2,400,trial.doublecue,701,0
95,40117,2,2,400,trial.validspatial,726,0
95,40117,2,1,400,trial.doublecue,662,1
95,40117,2,1,0,trial.validspatial,657,1
95,40117,2,1,400,trial.validspatial,472,1
95,40117,1,2,800,trial.validspatial,731,0
95,40117,1,1,800,trial.invalid,726,1
95,40117,2,1,400,trial.validspatial,571,1
95,40117,2,1,800,trial.validspatial,567,1
95,40117,2,2,0,trial.validspatial,621,0
95,40117,1,2,0,trial.validspatial,1015,0
95,40117,1,1,400,trial.validspatial,952,1
95,40117,1,1,NaN,trial.nocue,962,1
95,40117,1,2,0,trial.validspatial,825,0
95,40117,1,1,NaN,trial.nocue,952,1
95,40117,2,2,0,trial.validspatial,933,0
95,40117,2,1,800,trial.invalid,716,1
95,40117,2,2,NaN,trial.nocue,1065,0
95,40117,1,2,400,trial.invalid,843,0
95,40117,2,2,0,trial.doublecue,712,0
95,40117,1,2,NaN,trial.nocue,995,0
95,40117,1,1,400,trial.validspatial,549,1
95,40117,1,1,800,trial.validspatial,478,1
95,40117,2,1,NaN,trial.nocue,555,1
95,40117,1,1,800,trial.doublecue,480,1
95,40117,2,2,0,trial.doublecue,538,0
95,40117,1,1,0,trial.invalid,738,1
95,40117,1,1,0,trial.invalid,596,1
95,40117,2,1,0,trial.validspatial,497,1
95,40117,2,1,0,trial.validspatial,559,1
95,40117,1,1,400,trial.doublecue,539,1
95,40117,2,2,800,trial.validspatial,704,0
95,40117,2,2,800,trial.validspatial,664,0
95,40117,2,2,0,trial.validspatial,1006,0
95,40117,1,2,400,trial.validspatial,971,0
95,40117,2,2,800,trial.invalid,866,0
95,40117,1,2,0,trial.invalid,943,0
95,40117,2,1,400,trial.validspatial,579,1
95,40117,2,1,400,trial.validspatial,486,1
95,40117,2,1,NaN,trial.nocue,623,1
95,40117,2,2,NaN,trial.nocue,888,0
95,40117,2,1,NaN,trial.nocue,591,1
95,40117,1,1,800,trial.validspatial,532,1
95,40117,1,1,NaN,trial.nocue,840,1
95,40117,2,1,800,trial.doublecue,468,1
95,40117,2,2,NaN,trial.nocue,1464,0
95,40117,1,2,400,trial.validspatial,626,0
95,40117,1,1,400,trial.doublecue,532,1
95,40117,2,2,400,trial.invalid,895,0
95,40117,1,1,NaN,trial.nocue,550,1
95,40117,2,1,800,trial.validspatial,526,1
95,40117,2,2,0,trial.validspatial,426,0
95,40117,2,1,800,trial.doublecue,622,1
95,40117,2,1,400,trial.validspatial,452,1
95,40117,2,2,400,trial.validspatial,951,0
95,40117,2,1,0,trial.doublecue,707,1
95,40117,2,2,400,trial.validspatial,916,0
95,40117,2,2,400,trial.invalid,1665,1
95,40117,2,2,800,trial.doublecue,927,0
95,40117,1,2,400,trial.doublecue,631,0
95,40117,1,2,0,trial.validspatial,776,0
95,40117,1,2,NaN,trial.nocue,992,0
95,40117,1,1,800,trial.invalid,685,1
95,40117,2,2,800,trial.validspatial,632,0
95,40117,2,1,800,trial.validspatial,511,1
95,40117,2,1,0,trial.validspatial,506,1
95,40117,2,2,NaN,trial.nocue,642,0
95,40117,2,2,800,trial.validspatial,748,0
95,40117,1,1,400,trial.validspatial,739,1
95,40117,1,2,800,trial.invalid,751,0
95,40117,2,2,0,trial.validspatial,854,0
95,40117,2,2,800,trial.validspatial,776,0
95,40117,1,1,800,trial.validspatial,549,1
95,40117,2,1,NaN,trial.nocue,524,1
95,40117,1,2,NaN,trial.nocue,705,0
95,40117,1,2,800,trial.validspatial,539,0
95,40117,1,2,0,trial.validspatial,627,0
95,40117,2,2,0,trial.invalid,706,0
95,40117,1,1,NaN,trial.nocue,573,1
95,40117,2,2,800,trial.validspatial,466,0
95,40117,2,1,800,trial.validspatial,508,1
95,40117,2,1,0,trial.validspatial,676,1
95,40117,1,1,800,trial.doublecue,462,1
95,40117,2,2,800,trial.invalid,671,0
95,40117,1,2,400,trial.validspatial,554,0
95,40117,2,1,800,trial.validspatial,498,1
95,40117,1,2,400,trial.invalid,892,0
95,40117,1,1,800,trial.validspatial,522,1
95,40117,2,2,400,trial.doublecue,622,0
95,40117,1,1,0,trial.validspatial,678,1
95,40117,2,1,NaN,trial.nocue,510,1
95,40117,2,1,400,trial.invalid,628,1
95,40117,1,2,800,trial.invalid,1068,0
95,40117,1,2,0,trial.doublecue,988,0
95,40117,1,1,400,trial.validspatial,447,1
95,40117,1,2,400,trial.validspatial,1198,0
95,40117,1,1,0,trial.doublecue,1427,1
95,40117,1,1,0,trial.doublecue,556,1
95,40117,1,2,NaN,trial.nocue,899,0
95,40117,2,1,400,trial.doublecue,621,1
95,40117,2,2,400,trial.validspatial,667,0
95,40117,2,2,800,trial.doublecue,746,0
95,40117,2,2,NaN,trial.nocue,946,0
95,40117,1,2,NaN,trial.nocue,795,0
95,40117,1,2,0,trial.doublecue,710,0
95,40117,2,1,800,trial.invalid,585,1
95,40117,1,2,0,trial.validspatial,1021,0
95,40117,1,1,0,trial.validspatial,509,1
95,40117,2,1,0,trial.validspatial,480,1
95,40117,1,1,400,trial.invalid,464,1
95,40117,1,2,800,trial.doublecue,709,0
95,40117,2,2,0,trial.validspatial,601,0
95,40117,2,2,0,trial.invalid,568,0
95,40117,1,1,0,trial.validspatial,569,1
95,40117,1,1,400,trial.invalid,508,1
95,40117,2,1,800,trial.validspatial,596,1
95,40117,2,2,400,trial.doublecue,451,0
95,40117,2,1,0,trial.doublecue,630,1
95,40117,2,2,400,trial.validspatial,900,0
95,40117,1,1,NaN,trial.nocue,509,1
95,40117,2,1,0,trial.invalid,514,1
95,40117,1,2,800,trial.validspatial,847,0
95,40117,1,2,800,trial.doublecue,676,0
95,40117,2,1,400,trial.validspatial,598,1
95,40117,1,1,800,trial.validspatial,524,1
95,40117,1,2,800,trial.validspatial,660,0
95,40117,1,1,0,trial.validspatial,525,1
95,40117,1,2,400,trial.validspatial,851,0
95,40117,2,1,400,trial.invalid,531,1
95,40117,2,1,0,trial.invalid,540,1
95,40117,2,2,NaN,trial.nocue,828,0
95,40117,1,1,800,trial.validspatial,569,1
95,40117,2,2,400,trial.validspatial,692,0
95,40117,2,1,NaN,trial.nocue,1007,1
95,40117,1,1,400,trial.validspatial,455,1
95,40117,1,2,NaN,trial.nocue,776,0
95,40117,1,2,0,trial.validspatial,696,0
95,40117,1,2,800,trial.validspatial,615,0
95,40117,1,1,0,trial.validspatial,520,1
95,40117,1,1,400,trial.validspatial,402,1
95,40117,1,1,0,trial.validspatial,493,1
95,40117,1,2,0,trial.invalid,980,0
95,40117,1,2,800,trial.validspatial,635,0
95,40117,1,2,400,trial.validspatial,612,0
95,40117,1,2,400,trial.doublecue,603,0
95,40117,2,2,400,trial.validspatial,604,0
95,40117,2,1,400,trial.doublecue,524,1
95,40117,2,1,0,trial.validspatial,425,1
95,40117,2,1,400,trial.validspatial,561,1
95,40117,1,2,800,trial.validspatial,710,0
95,40117,1,1,800,trial.invalid,520,1
95,40117,2,1,400,trial.validspatial,481,1
95,40117,2,1,800,trial.validspatial,504,1
95,40117,2,2,0,trial.validspatial,543,0
95,40117,1,2,0,trial.validspatial,982,0
95,40117,1,1,400,trial.validspatial,510,1
95,40117,1,1,NaN,trial.nocue,423,1
95,40117,1,2,0,trial.validspatial,915,0
95,40117,1,1,NaN,trial.nocue,553,1
95,40117,2,2,0,trial.validspatial,699,0
95,40117,2,1,800,trial.invalid,542,1
95,40117,2,2,NaN,trial.nocue,795,0
95,40117,1,2,400,trial.invalid,751,0
95,40117,2,2,0,trial.doublecue,738,0
95,40117,1,2,NaN,trial.nocue,1377,1
95,40117,1,1,400,trial.validspatial,597,1
95,40117,1,1,800,trial.validspatial,444,1
95,40117,2,1,NaN,trial.nocue,578,1
95,40117,1,1,800,trial.doublecue,456,1
95,40117,2,2,0,trial.doublecue,847,0
95,40117,1,1,0,trial.invalid,602,1
95,40117,1,1,0,trial.invalid,671,1
95,40117,2,1,0,trial.validspatial,468,1
95,40117,2,1,0,trial.validspatial,513,1
95,40117,1,1,400,trial.doublecue,462,1
95,40117,2,2,800,trial.validspatial,713,0
95,40117,2,2,800,trial.validspatial,777,0
95,40117,2,2,0,trial.validspatial,1339,0
95,40117,1,2,400,trial.validspatial,670,0
95,40117,2,2,800,trial.invalid,858,0
95,40117,1,2,0,trial.invalid,779,0
95,40117,2,1,400,trial.validspatial,564,1
95,40117,2,1,400,trial.validspatial,600,1
95,40117,2,1,NaN,trial.nocue,628,1
95,40117,2,2,NaN,trial.nocue,801,0
95,40117,2,1,NaN,trial.nocue,623,1
95,40117,1,1,800,trial.validspatial,429,1
95,40117,1,1,NaN,trial.nocue,413,1
95,40117,2,1,800,trial.doublecue,516,1
95,40117,2,2,NaN,trial.nocue,961,0
95,40117,1,2,400,trial.validspatial,620,0
95,40117,1,1,400,trial.doublecue,533,1
95,40117,2,2,400,trial.invalid,525,0
95,40117,1,1,NaN,trial.nocue,588,1
95,40117,2,1,800,trial.validspatial,469,1
95,40117,2,2,0,trial.validspatial,751,0
95,40117,2,1,800,trial.doublecue,486,1
95,40117,2,1,400,trial.validspatial,410,1
95,40117,2,2,400,trial.validspatial,655,0
95,40117,2,1,0,trial.doublecue,542,1
95,40117,2,2,400,trial.validspatial,624,0
95,40117,2,2,400,trial.invalid,811,0
95,40117,2,2,800,trial.doublecue,611,0
95,40117,1,2,400,trial.doublecue,886,0
95,40117,1,2,0,trial.validspatial,1161,0
95,40117,1,2,NaN,trial.nocue,855,0
95,40117,1,1,800,trial.invalid,726,1
95,40117,2,2,800,trial.validspatial,695,0
95,40117,2,1,800,trial.validspatial,553,1
95,40117,2,1,0,trial.validspatial,628,0
95,40117,2,2,NaN,trial.nocue,785,0
95,40117,2,2,800,trial.validspatial,914,0
95,40117,1,1,400,trial.validspatial,1700,0
95,40117,1,2,800,trial.invalid,671,1
95,40117,2,2,0,trial.validspatial,957,0
95,40117,2,2,800,trial.validspatial,602,0
95,40117,1,1,800,trial.validspatial,609,0
95,40117,2,1,NaN,trial.nocue,711,0
95,40117,1,2,NaN,trial.nocue,653,0
95,40117,1,2,800,trial.validspatial,542,1
95,40117,1,2,0,trial.validspatial,453,1
95,40117,2,2,0,trial.invalid,502,1
95,40117,1,1,NaN,trial.nocue,590,0
95,40117,2,2,800,trial.validspatial,523,1
95,40117,2,1,800,trial.validspatial,523,1
95,40117,2,1,0,trial.validspatial,454,1
95,40117,1,1,800,trial.doublecue,1033,0
95,40117,2,2,800,trial.invalid,965,0
95,40117,1,2,400,trial.validspatial,533,1
95,40117,2,1,800,trial.validspatial,714,1
95,40117,1,2,400,trial.invalid,1001,0
95,40117,1,1,800,trial.validspatial,651,1
95,40117,2,2,400,trial.doublecue,673,0
95,40117,1,1,0,trial.validspatial,573,1
95,40117,2,1,NaN,trial.nocue,886,0
95,40117,2,1,400,trial.invalid,779,0
95,40117,1,2,800,trial.invalid,850,0
95,40117,1,2,0,trial.doublecue,754,0
95,40117,1,1,400,trial.validspatial,1700,0
95,40117,1,2,400,trial.validspatial,1072,1
95,40117,1,1,0,trial.doublecue,628,1
95,40117,1,1,0,trial.doublecue,576,1
95,40117,1,2,NaN,trial.nocue,857,0
95,40117,2,1,400,trial.doublecue,608,1
95,40117,2,2,400,trial.validspatial,542,1
95,40117,2,2,800,trial.doublecue,572,1
95,40117,2,2,NaN,trial.nocue,461,1
95,40117,1,2,NaN,trial.nocue,404,1
95,40117,1,2,0,trial.doublecue,680,0
95,40117,2,1,800,trial.invalid,664,0
95,40117,1,2,0,trial.validspatial,865,0
95,40117,1,1,0,trial.validspatial,625,0
95,40117,2,1,0,trial.validspatial,754,0
95,40117,1,1,400,trial.invalid,932,0
95,40117,1,2,800,trial.doublecue,525,1
95,40117,2,2,0,trial.validspatial,527,1
95,40117,2,2,0,trial.invalid,670,1
95,40117,1,1,0,trial.validspatial,654,0
95,40117,1,1,400,trial.invalid,623,1
95,40117,2,1,800,trial.validspatial,583,1
95,40117,2,2,400,trial.doublecue,444,1
95,40117,2,1,0,trial.doublecue,554,1
95,40117,2,2,400,trial.validspatial,977,0
95,40117,1,1,NaN,trial.nocue,628,0
95,40117,2,1,0,trial.invalid,535,1
95,40117,1,2,800,trial.validspatial,502,0
95,40117,1,2,800,trial.doublecue,600,1
95,40117,2,1,400,trial.validspatial,526,1
95,40117,1,1,800,trial.validspatial,567,0
95,40117,1,2,800,trial.validspatial,509,1
95,40117,1,1,0,trial.validspatial,437,1
95,40117,1,2,400,trial.validspatial,584,0
95,40117,2,1,400,trial.invalid,572,1
95,40117,2,1,0,trial.invalid,642,0
95,40117,2,2,NaN,trial.nocue,903,0
95,40117,1,1,800,trial.validspatial,668,0
95,40117,2,2,400,trial.validspatial,690,0
95,40117,2,1,NaN,trial.nocue,851,0
95,40117,1,1,400,trial.validspatial,829,0
95,40117,1,2,NaN,trial.nocue,571,1
95,40117,1,2,0,trial.validspatial,1108,0
95,40117,1,2,800,trial.validspatial,518,1
95,40117,1,1,0,trial.validspatial,550,1
95,40117,1,1,400,trial.validspatial,840,0
