subject,date,location_congruence_val,flanker_congruence_val,cue_target_interval,cue_condition,latency,values.correct
575,63017,1,1,0,trial.validspatial,1203,1
575,63017,1,2,0,trial.invalid,1086,1
575,63017,1,2,800,trial.validspatial,1700,0
575,63017,1,2,400,trial.validspatial,1068,1
575,63017,1,2,400,trial.doublecue,1147,1
575,63017,2,2,400,trial.validspatial,864,1
575,63017,2,1,400,trial.doublecue,1279,1
575,63017,2,1,0,trial.validspatial,952,1
575,63017,2,1,400,trial.validspatial,921,1
575,63017,1,2,800,trial.validspatial,887,1
575,63017,1,1,800,trial.invalid,846,1
575,63017,2,1,400,trial.validspatial,936,1
575,63017,2,1,800,trial.validspatial,779,1
575,63017,2,2,0,trial.validspatial,827,1
575,63017,1,2,0,trial.validspatial,664,1
575,63017,1,1,400,trial.validspatial,496,1
575,63017,1,1,NaN,trial.nocue,838,1
575,63017,1,2,0,trial.validspatial,688,1
575,63017,1,1,NaN,trial.nocue,796,1
575,63017,2,2,0,trial.validspatial,756,1
575,63017,2,1,800,trial.invalid,699,1
575,63017,2,2,NaN,trial.nocue,1044,1
575,63017,1,2,400,trial.invalid,1236,0
575,63017,2,2,0,trial.doublecue,749,1
575,63017,1,2,NaN,trial.nocue,949,1
575,63017,1,1,400,trial.validspatial,775,1
575,63017,1,1,800,trial.validspatial,1094,1
575,63017,2,1,NaN,trial.nocue,856,1
575,63017,1,1,800,trial.doublecue,664,1
575,63017,2,2,0,trial.doublecue,1539,1
575,63017,1,1,0,trial.invalid,823,1
575,63017,1,1,0,trial.invalid,772,1
575,63017,2,1,0,trial.validspatial,773,1
575,63017,2,1,0,trial.validspatial,706,1
575,63017,1,1,400,trial.doublecue,976,1
575,63017,2,2,800,trial.validspatial,664,1
575,63017,2,2,800,trial.validspatial,722,1
575,63017,2,2,0,trial.validspatial,1118,1
575,63017,1,2,400,trial.validspatial,721,1
575,63017,2,2,800,trial.invalid,1178,1
575,63017,1,2,0,trial.invalid,1004,1
575,63017,2,1,400,trial.validspatial,790,1
575,63017,2,1,400,trial.validspatial,639,1
575,63017,2,1,NaN,trial.nocue,792,1
575,63017,2,2,NaN,trial.nocue,806,1
575,63017,2,1,NaN,trial.nocue,757,1
575,63017,1,1,800,trial.validspatial,589,1
575,63017,1,1,NaN,trial.nocue,725,1
575,63017,2,1,800,trial.doublecue,753,1
575,63017,2,2,NaN,trial.nocue,661,1
575,63017,1,2,400,trial.validspatial,731,1
575,63017,1,1,400,trial.doublecue,845,1
575,63017,2,2,400,trial.invalid,1428,1
575,63017,1,1,NaN,trial.nocue,737,1
575,63017,2,1,800,trial.validspatial,714,1
575,63017,2,2,0,trial.validspatial,937,1
575,63017,2,1,800,trial.doublecue,676,1
575,63017,2,1,400,trial.validspatial,477,1
575,63017,2,2,400,trial.validspatial,787,1
575,63017,2,1,0,trial.doublecue,819,1
575,63017,2,2,400,trial.validspatial,791,1
575,63017,2,2,400,trial.invalid,929,1
575,63017,2,2,800,trial.doublecue,959,1
575,63017,1,2,400,trial.doublecue,911,1
575,63017,1,2,0,trial.validspatial,819,1
575,63017,1,2,NaN,trial.nocue,1116,1
575,63017,1,1,800,trial.invalid,1003,1
575,63017,2,2,800,trial.validspatial,873,1
575,63017,2,1,800,trial.validspatial,1039,1
575,63017,2,1,0,trial.validspatial,957,1
575,63017,2,2,NaN,trial.nocue,1073,1
575,63017,2,2,800,trial.validspatial,668,1
575,63017,1,1,400,trial.validspatial,761,1
575,63017,1,2,800,trial.invalid,632,0
575,63017,2,2,0,trial.validspatial,801,1
575,63017,2,2,800,trial.validspatial,660,1
575,63017,1,1,800,trial.validspatial,475,1
575,63017,2,1,NaN,trial.nocue,940,1
575,63017,1,2,NaN,trial.nocue,850,1
575,63017,1,2,800,trial.validspatial,557,1
575,63017,1,2,0,trial.validspatial,1049,0
575,63017,2,2,0,trial.invalid,994,1
575,63017,1,1,NaN,trial.nocue,725,1
575,63017,2,2,800,trial.validspatial,751,1
575,63017,2,1,800,trial.validspatial,829,1
575,63017,2,1,0,trial.validspatial,820,1
575,63017,1,1,800,trial.doublecue,914,1
575,63017,2,2,800,trial.invalid,868,1
575,63017,1,2,400,trial.validspatial,1149,1
575,63017,2,1,800,trial.validspatial,638,1
575,63017,1,2,400,trial.invalid,967,1
575,63017,1,1,800,trial.validspatial,649,1
575,63017,2,2,400,trial.doublecue,908,1
575,63017,1,1,0,trial.validspatial,999,1
575,63017,2,1,NaN,trial.nocue,1006,1
575,63017,2,1,400,trial.invalid,960,1
575,63017,1,2,800,trial.invalid,948,1
575,63017,1,2,0,trial.doublecue,1113,1
575,63017,1,1,400,trial.validspatial,476,1
575,63017,1,2,400,trial.validspatial,570,1
575,63017,1,1,0,trial.doublecue,802,1
575,63017,1,1,0,trial.doublecue,680,1
575,63017,1,2,NaN,trial.nocue,771,1
575,63017,2,1,400,trial.doublecue,770,1
575,63017,2,2,400,trial.validspatial,635,1
575,63017,2,2,800,trial.doublecue,855,1
575,63017,2,2,NaN,trial.nocue,605,1
575,63017,1,2,NaN,trial.nocue,1084,1
575,63017,1,2,0,trial.doublecue,774,1
575,63017,2,1,800,trial.invalid,893,1
575,63017,1,2,0,trial.validspatial,842,1
575,63017,1,1,0,trial.validspatial,981,1
575,63017,2,1,0,trial.validspatial,566,1
575,63017,1,1,400,trial.invalid,766,1
575,63017,1,2,800,trial.doublecue,690,1
575,63017,2,2,0,trial.validspatial,909,1
575,63017,2,2,0,trial.invalid,967,1
575,63017,1,1,0,trial.validspatial,715,1
575,63017,1,1,400,trial.invalid,907,1
575,63017,2,1,800,trial.validspatial,594,1
575,63017,2,2,400,trial.doublecue,877,1
575,63017,2,1,0,trial.doublecue,1067,1
575,63017,2,2,400,trial.validspatial,910,1
575,63017,1,1,NaN,trial.nocue,822,1
575,63017,2,1,0,trial.invalid,682,1
575,63017,1,2,800,trial.validspatial,995,1
575,63017,1,2,800,trial.doublecue,998,1
575,63017,2,1,400,trial.validspatial,595,1
575,63017,1,1,800,trial.validspatial,520,1
575,63017,1,2,800,trial.validspatial,729,1
575,63017,1,1,0,trial.validspatial,712,1
575,63017,1,2,400,trial.validspatial,623,1
575,63017,2,1,400,trial.invalid,761,1
575,63017,2,1,0,trial.invalid,871,1
575,63017,2,2,NaN,trial.nocue,869,1
575,63017,1,1,800,trial.validspatial,888,1
575,63017,2,2,400,trial.validspatial,649,1
575,63017,2,1,NaN,trial.nocue,804,1
575,63017,1,1,400,trial.validspatial,581,1
575,63017,1,2,NaN,trial.nocue,1062,1
575,63017,1,2,0,trial.validspatial,1094,1
575,63017,1,2,800,trial.validspatial,958,1
575,63017,1,1,0,trial.validspatial,911,1
575,63017,1,1,400,trial.validspatial,883,1
575,63017,1,1,0,trial.validspatial,960,1
575,63017,1,2,0,trial.invalid,1268,1
575,63017,1,2,800,trial.validspatial,725,1
575,63017,1,2,400,trial.validspatial,910,1
575,63017,1,2,400,trial.doublecue,1072,1
575,63017,2,2,400,trial.validspatial,636,1
575,63017,2,1,400,trial.doublecue,932,1
575,63017,2,1,0,trial.validspatial,903,1
575,63017,2,1,400,trial.validspatial,464,1
575,63017,1,2,800,trial.validspatial,747,1
575,63017,1,1,800,trial.invalid,771,1
575,63017,2,1,400,trial.validspatial,912,1
575,63017,2,1,800,trial.validspatial,639,1
575,63017,2,2,0,trial.validspatial,1016,1
575,63017,1,2,0,trial.validspatial,825,1
575,63017,1,1,400,trial.validspatial,690,1
575,63017,1,1,NaN,trial.nocue,1267,1
575,63017,1,2,0,trial.validspatial,751,1
575,63017,1,1,NaN,trial.nocue,854,1
575,63017,2,2,0,trial.validspatial,849,1
575,63017,2,1,800,trial.invalid,573,1
575,63017,2,2,NaN,trial.nocue,1700,0
575,63017,1,2,400,trial.invalid,1517,1
575,63017,2,2,0,trial.doublecue,1044,1
575,63017,1,2,NaN,trial.nocue,809,1
575,63017,1,1,400,trial.validspatial,527,1
575,63017,1,1,800,trial.validspatial,881,1
575,63017,2,1,NaN,trial.nocue,900,1
575,63017,1,1,800,trial.doublecue,1102,1
575,63017,2,2,0,trial.doublecue,1027,1
575,63017,1,1,0,trial.invalid,916,1
575,63017,1,1,0,trial.invalid,1700,0
575,63017,2,1,0,trial.validspatial,863,1
575,63017,2,1,0,trial.validspatial,1044,1
575,63017,1,1,400,trial.doublecue,838,1
575,63017,2,2,800,trial.validspatial,773,0
575,63017,2,2,800,trial.validspatial,1116,1
575,63017,2,2,0,trial.validspatial,1024,1
575,63017,1,2,400,trial.validspatial,826,1
575,63017,2,2,800,trial.invalid,1053,1
575,63017,1,2,0,trial.invalid,965,1
575,63017,2,1,400,trial.validspatial,614,1
575,63017,2,1,400,trial.validspatial,587,1
575,63017,2,1,NaN,trial.nocue,1700,0
575,63017,2,2,NaN,trial.nocue,773,1
575,63017,2,1,NaN,trial.nocue,825,1
575,63017,1,1,800,trial.validspatial,895,1
575,63017,1,1,NaN,trial.nocue,824,1
575,63017,2,1,800,trial.doublecue,734,1
575,63017,2,2,NaN,trial.nocue,1221,1
575,63017,1,2,400,trial.validspatial,1071,1
575,63017,1,1,400,trial.doublecue,1326,1
575,63017,2,2,400,trial.invalid,1036,1
575,63017,1,1,NaN,trial.nocue,718,1
575,63017,2,1,800,trial.validspatial,647,1
575,63017,2,2,0,trial.validspatial,872,1
575,63017,2,1,800,trial.doublecue,711,1
575,63017,2,1,400,trial.validspatial,714,1
575,63017,2,2,400,trial.validspatial,1134,1
575,63017,2,1,0,trial.doublecue,888,1
575,63017,2,2,400,trial.validspatial,1489,1
575,63017,2,2,400,trial.invalid,841,1
575,63017,2,2,800,trial.doublecue,1101,1
575,63017,1,2,400,trial.doublecue,753,1
575,63017,1,2,0,trial.validspatial,1211,1
575,63017,1,2,NaN,trial.nocue,1180,1
575,63017,1,1,800,trial.invalid,808,1
575,63017,2,2,800,trial.validspatial,805,1
575,63017,2,1,800,trial.validspatial,873,1
575,63017,2,1,0,trial.validspatial,1146,1
575,63017,2,2,NaN,trial.nocue,1126,1
575,63017,2,2,800,trial.validspatial,750,0
575,63017,1,1,400,trial.validspatial,1700,0
575,63017,1,2,800,trial.invalid,828,1
575,63017,2,2,0,trial.validspatial,1116,1
575,63017,2,2,800,trial.validspatial,677,1
575,63017,1,1,800,trial.validspatial,760,1
575,63017,2,1,NaN,trial.nocue,786,1
575,63017,1,2,NaN,trial.nocue,759,1
575,63017,1,2,800,trial.validspatial,767,1
575,63017,1,2,0,trial.validspatial,972,1
575,63017,2,2,0,trial.invalid,714,1
575,63017,1,1,NaN,trial.nocue,974,1
575,63017,2,2,800,trial.validspatial,811,1
575,63017,2,1,800,trial.validspatial,850,1
575,63017,2,1,0,trial.validspatial,427,1
575,63017,1,1,800,trial.doublecue,1005,0
575,63017,2,2,800,trial.invalid,956,1
575,63017,1,2,400,trial.validspatial,803,1
575,63017,2,1,800,trial.validspatial,795,1
575,63017,1,2,400,trial.invalid,782,1
575,63017,1,1,800,trial.validspatial,889,1
575,63017,2,2,400,trial.doublecue,960,0
575,63017,1,1,0,trial.validspatial,707,1
575,63017,2,1,NaN,trial.nocue,822,1
575,63017,2,1,400,trial.invalid,1146,1
575,63017,1,2,800,trial.invalid,1700,0
575,63017,1,2,0,trial.doublecue,879,1
575,63017,1,1,400,trial.validspatial,760,1
575,63017,1,2,400,trial.validspatial,504,1
575,63017,1,1,0,trial.doublecue,669,1
575,63017,1,1,0,trial.doublecue,604,1
575,63017,1,2,NaN,trial.nocue,1011,0
575,63017,2,1,400,trial.doublecue,665,1
575,63017,2,2,400,trial.validspatial,775,1
575,63017,2,2,800,trial.doublecue,764,1
575,63017,2,2,NaN,trial.nocue,809,1
575,63017,1,2,NaN,trial.nocue,796,1
575,63017,1,2,0,trial.doublecue,1078,1
575,63017,2,1,800,trial.invalid,732,1
575,63017,1,2,0,trial.validspatial,842,1
575,63017,1,1,0,trial.validspatial,948,1
575,63017,2,1,0,trial.validspatial,1064,1
575,63017,1,1,400,trial.invalid,1161,1
575,63017,1,2,800,trial.doublecue,733,1
575,63017,2,2,0,trial.validspatial,1087,1
575,63017,2,2,0,trial.invalid,919,1
575,63017,1,1,0,trial.validspatial,1014,1
575,63017,1,1,400,trial.invalid,826,1
575,63017,2,1,800,trial.validspatial,1083,1
575,63017,2,2,400,trial.doublecue,1200,1
575,63017,2,1,0,trial.doublecue,1300,1
575,63017,2,2,400,trial.validspatial,1216,1
575,63017,1,1,NaN,trial.nocue,1113,1
575,63017,2,1,0,trial.invalid,1069,1
575,63017,1,2,800,trial.validspatial,1161,1
575,63017,1,2,800,trial.doublecue,626,1
575,63017,2,1,400,trial.validspatial,606,1
575,63017,1,1,800,trial.validspatial,986,1
575,63017,1,2,800,trial.validspatial,819,1
575,63017,1,1,0,trial.validspatial,751,1
575,63017,1,2,400,trial.validspatial,904,1
575,63017,2,1,400,trial.invalid,617,1
575,63017,2,1,0,trial.invalid,1054,1
575,63017,2,2,NaN,trial.nocue,978,1
575,63017,1,1,800,trial.validspatial,1648,1
575,63017,2,2,400,trial.validspatial,1126,1
575,63017,2,1,NaN,trial.nocue,1271,0
575,63017,1,1,400,trial.validspatial,1148,1
575,63017,1,2,NaN,trial.nocue,1069,1
575,63017,1,2,0,trial.validspatial,822,1
575,63017,1,2,800,trial.validspatial,552,1
575,63017,1,1,0,trial.validspatial,138,1
575,63017,1,1,400,trial.validspatial,730,1
