subject,date,location_congruence_val,flanker_congruence_val,cue_target_interval,cue_condition,latency,values.correct
198,62917,1,1,0,trial.validspatial,1700,0
198,62917,1,2,0,trial.invalid,1631,0
198,62917,1,2,800,trial.validspatial,1574,0
198,62917,1,2,400,trial.validspatial,1191,0
198,62917,1,2,400,trial.doublecue,1196,1
198,62917,2,2,400,trial.validspatial,1646,1
198,62917,2,1,400,trial.doublecue,1700,0
198,62917,2,1,0,trial.validspatial,1700,0
198,62917,2,1,400,trial.validspatial,1137,1
198,62917,1,2,800,trial.validspatial,590,0
198,62917,1,1,800,trial.invalid,1700,0
198,62917,2,1,400,trial.validspatial,1074,1
198,62917,2,1,800,trial.validspatial,1111,1
198,62917,2,2,0,trial.validspatial,1700,0
198,62917,1,2,0,trial.validspatial,1580,1
198,62917,1,1,400,trial.validspatial,1087,1
198,62917,1,1,NaN,trial.nocue,988,1
198,62917,1,2,0,trial.validspatial,1463,1
198,62917,1,1,NaN,trial.nocue,1342,1
198,62917,2,2,0,trial.validspatial,1533,1
198,62917,2,1,800,trial.invalid,971,1
198,62917,2,2,NaN,trial.nocue,1700,0
198,62917,1,2,400,trial.invalid,1578,1
198,62917,2,2,0,trial.doublecue,901,1
198,62917,1,2,NaN,trial.nocue,1410,1
198,62917,1,1,400,trial.validspatial,955,1
198,62917,1,1,800,trial.validspatial,914,1
198,62917,2,1,NaN,trial.nocue,1066,1
198,62917,1,1,800,trial.doublecue,1281,1
198,62917,2,2,0,trial.doublecue,1700,0
198,62917,1,1,0,trial.invalid,1257,1
198,62917,1,1,0,trial.invalid,985,1
198,62917,2,1,0,trial.validspatial,1344,1
198,62917,2,1,0,trial.validspatial,810,1
198,62917,1,1,400,trial.doublecue,1268,1
198,62917,2,2,800,trial.validspatial,1135,1
198,62917,2,2,800,trial.validspatial,1290,1
198,62917,2,2,0,trial.validspatial,782,1
198,62917,1,2,400,trial.validspatial,900,1
198,62917,2,2,800,trial.invalid,1255,1
198,62917,1,2,0,trial.invalid,1681,1
198,62917,2,1,400,trial.validspatial,665,1
198,62917,2,1,400,trial.validspatial,792,1
198,62917,2,1,NaN,trial.nocue,658,1
198,62917,2,2,NaN,trial.nocue,1129,1
198,62917,2,1,NaN,trial.nocue,962,1
198,62917,1,1,800,trial.validspatial,717,1
198,62917,1,1,NaN,trial.nocue,686,1
198,62917,2,1,800,trial.doublecue,897,1
198,62917,2,2,NaN,trial.nocue,1249,1
198,62917,1,2,400,trial.validspatial,1258,1
198,62917,1,1,400,trial.doublecue,1510,1
198,62917,2,2,400,trial.invalid,1185,1
198,62917,1,1,NaN,trial.nocue,861,1
198,62917,2,1,800,trial.validspatial,909,1
198,62917,2,2,0,trial.validspatial,1123,1
198,62917,2,1,800,trial.doublecue,1023,1
198,62917,2,1,400,trial.validspatial,585,1
198,62917,2,2,400,trial.validspatial,1046,1
198,62917,2,1,0,trial.doublecue,781,1
198,62917,2,2,400,trial.validspatial,1329,1
198,62917,2,2,400,trial.invalid,1053,1
198,62917,2,2,800,trial.doublecue,1241,1
198,62917,1,2,400,trial.doublecue,885,1
198,62917,1,2,0,trial.validspatial,1700,0
198,62917,1,2,NaN,trial.nocue,1174,1
198,62917,1,1,800,trial.invalid,664,1
198,62917,2,2,800,trial.validspatial,1447,1
198,62917,2,1,800,trial.validspatial,747,1
198,62917,2,1,0,trial.validspatial,1345,1
198,62917,2,2,NaN,trial.nocue,1342,1
198,62917,2,2,800,trial.validspatial,871,1
198,62917,1,1,400,trial.validspatial,829,1
198,62917,1,2,800,trial.invalid,1179,1
198,62917,2,2,0,trial.validspatial,1029,1
198,62917,2,2,800,trial.validspatial,1128,1
198,62917,1,1,800,trial.validspatial,808,1
198,62917,2,1,NaN,trial.nocue,750,1
198,62917,1,2,NaN,trial.nocue,1161,1
198,62917,1,2,800,trial.validspatial,1700,0
198,62917,1,2,0,trial.validspatial,1687,1
198,62917,2,2,0,trial.invalid,1183,1
198,62917,1,1,NaN,trial.nocue,1226,1
198,62917,2,2,800,trial.validspatial,1153,1
198,62917,2,1,800,trial.validspatial,747,1
198,62917,2,1,0,trial.validspatial,815,1
198,62917,1,1,800,trial.doublecue,1090,1
198,62917,2,2,800,trial.invalid,1004,1
198,62917,1,2,400,trial.validspatial,917,1
198,62917,2,1,800,trial.validspatial,816,1
198,62917,1,2,400,trial.invalid,1383,1
198,62917,1,1,800,trial.validspatial,754,1
198,62917,2,2,400,trial.doublecue,1216,1
198,62917,1,1,0,trial.validspatial,974,1
198,62917,2,1,NaN,trial.nocue,733,1
198,62917,2,1,400,trial.invalid,1094,1
198,62917,1,2,800,trial.invalid,1700,0
198,62917,1,2,0,trial.doublecue,1222,1
198,62917,1,1,400,trial.validspatial,980,1
198,62917,1,2,400,trial.validspatial,1347,1
198,62917,1,1,0,trial.doublecue,776,1
198,62917,1,1,0,trial.doublecue,931,1
198,62917,1,2,NaN,trial.nocue,1324,1
198,62917,2,1,400,trial.doublecue,1111,1
198,62917,2,2,400,trial.validspatial,840,1
198,62917,2,2,800,trial.doublecue,1171,1
198,62917,2,2,NaN,trial.nocue,1700,0
198,62917,1,2,NaN,trial.nocue,1108,1
198,62917,1,2,0,trial.doublecue,1231,1
198,62917,2,1,800,trial.invalid,1161,1
198,62917,1,2,0,trial.validspatial,1233,1
198,62917,1,1,0,trial.validspatial,772,1
198,62917,2,1,0,trial.validspatial,857,1
198,62917,1,1,400,trial.invalid,1419,1
198,62917,1,2,800,trial.doublecue,1320,1
198,62917,2,2,0,trial.validspatial,1141,1
198,62917,2,2,0,trial.invalid,1700,0
198,62917,1,1,0,trial.validspatial,730,1
198,62917,1,1,400,trial.invalid,700,1
198,62917,2,1,800,trial.validspatial,778,1
198,62917,2,2,400,trial.doublecue,1360,1
198,62917,2,1,0,trial.doublecue,948,1
198,62917,2,2,400,trial.validspatial,1261,1
198,62917,1,1,NaN,trial.nocue,865,1
198,62917,2,1,0,trial.invalid,954,1
198,62917,1,2,800,trial.validspatial,1557,1
198,62917,1,2,800,trial.doublecue,960,1
198,62917,2,1,400,trial.validspatial,950,1
198,62917,1,1,800,trial.validspatial,858,1
198,62917,1,2,800,trial.validspatial,1079,1
198,62917,1,1,0,trial.validspatial,783,1
198,62917,1,2,400,trial.validspatial,983,1
198,62917,2,1,400,trial.invalid,1065,1
198,62917,2,1,0,trial.invalid,653,1
198,62917,2,2,NaN,trial.nocue,1105,1
198,62917,1,1,800,trial.validspatial,754,1
198,62917,2,2,400,trial.validspatial,925,1
198,62917,2,1,NaN,trial.nocue,1052,1
198,62917,1,1,400,trial.validspatial,867,1
198,62917,1,2,NaN,trial.nocue,1487,1
198,62917,1,2,0,trial.validspatial,841,1
198,62917,1,2,800,trial.validspatial,1111,1
198,62917,1,1,0,trial.validspatial,662,1
198,62917,1,1,400,trial.validspatial,1004,1
198,62917,1,1,0,trial.validspatial,1353,1
198,62917,1,2,0,trial.invalid,1692,1
198,62917,1,2,800,trial.validspatial,1240,1
198,62917,1,2,400,trial.validspatial,1232,1
198,62917,1,2,400,trial.doublecue,1210,1
198,62917,2,2,400,trial.validspatial,1114,1
198,62917,2,1,400,trial.doublecue,1059,1
198,62917,2,1,0,trial.validspatial,684,1
198,62917,2,1,400,trial.validspatial,1506,1
198,62917,1,2,800,trial.validspatial,1700,0
198,62917,1,1,800,trial.invalid,1120,1
198,62917,2,1,400,trial.validspatial,1129,1
198,62917,2,1,800,trial.validspatial,880,1
198,62917,2,2,0,trial.validspatial,1309,1
198,62917,1,2,0,trial.validspatial,1129,1
198,62917,1,1,400,trial.validspatial,1163,1
198,62917,1,1,NaN,trial.nocue,768,1
198,62917,1,2,0,trial.validspatial,1301,1
198,62917,1,1,NaN,trial.nocue,1687,0
198,62917,2,2,0,trial.validspatial,1263,1
198,62917,2,1,800,trial.invalid,796,1
198,62917,2,2,NaN,trial.nocue,1522,1
198,62917,1,2,400,trial.invalid,1074,1
198,62917,2,2,0,trial.doublecue,982,1
198,62917,1,2,NaN,trial.nocue,1700,0
198,62917,1,1,400,trial.validspatial,1051,1
198,62917,1,1,800,trial.validspatial,693,1
198,62917,2,1,NaN,trial.nocue,793,1
198,62917,1,1,800,trial.doublecue,1140,1
198,62917,2,2,0,trial.doublecue,1156,1
198,62917,1,1,0,trial.invalid,1323,1
198,62917,1,1,0,trial.invalid,783,1
198,62917,2,1,0,trial.validspatial,915,1
198,62917,2,1,0,trial.validspatial,804,1
198,62917,1,1,400,trial.doublecue,789,1
198,62917,2,2,800,trial.validspatial,1190,1
198,62917,2,2,800,trial.validspatial,1237,1
198,62917,2,2,0,trial.validspatial,986,1
198,62917,1,2,400,trial.validspatial,963,1
198,62917,2,2,800,trial.invalid,1062,1
198,62917,1,2,0,trial.invalid,1071,1
198,62917,2,1,400,trial.validspatial,808,1
198,62917,2,1,400,trial.validspatial,1102,1
198,62917,2,1,NaN,trial.nocue,644,1
198,62917,2,2,NaN,trial.nocue,1191,1
198,62917,2,1,NaN,trial.nocue,1199,1
198,62917,1,1,800,trial.validspatial,725,1
198,62917,1,1,NaN,trial.nocue,812,1
198,62917,2,1,800,trial.doublecue,996,1
198,62917,2,2,NaN,trial.nocue,1326,1
198,62917,1,2,400,trial.validspatial,900,1
198,62917,1,1,400,trial.doublecue,1158,1
198,62917,2,2,400,trial.invalid,1009,1
198,62917,1,1,NaN,trial.nocue,1003,1
198,62917,2,1,800,trial.validspatial,796,1
198,62917,2,2,0,trial.validspatial,878,1
198,62917,2,1,800,trial.doublecue,974,1
198,62917,2,1,400,trial.validspatial,724,1
198,62917,2,2,400,trial.validspatial,989,1
198,62917,2,1,0,trial.doublecue,1700,0
198,62917,2,2,400,trial.validspatial,1179,1
198,62917,2,2,400,trial.invalid,1661,1
198,62917,2,2,800,trial.doublecue,1063,1
198,62917,1,2,400,trial.doublecue,1032,1
198,62917,1,2,0,trial.validspatial,1422,1
198,62917,1,2,NaN,trial.nocue,1041,1
198,62917,1,1,800,trial.invalid,824,1
198,62917,2,2,800,trial.validspatial,1210,1
198,62917,2,1,800,trial.validspatial,748,1
198,62917,2,1,0,trial.validspatial,1238,1
198,62917,2,2,NaN,trial.nocue,1304,1
198,62917,2,2,800,trial.validspatial,1359,1
198,62917,1,1,400,trial.validspatial,1700,0
198,62917,1,2,800,trial.invalid,1193,1
198,62917,2,2,0,trial.validspatial,1174,1
198,62917,2,2,800,trial.validspatial,1046,1
198,62917,1,1,800,trial.validspatial,1487,1
198,62917,2,1,NaN,trial.nocue,709,1
198,62917,1,2,NaN,trial.nocue,1096,1
198,62917,1,2,800,trial.validspatial,1098,1
198,62917,1,2,0,trial.validspatial,608,1
198,62917,2,2,0,trial.invalid,834,1
198,62917,1,1,NaN,trial.nocue,1700,0
198,62917,2,2,800,trial.validspatial,938,1
198,62917,2,1,800,trial.validspatial,1117,1
198,62917,2,1,0,trial.validspatial,758,1
198,62917,1,1,800,trial.doublecue,946,1
198,62917,2,2,800,trial.invalid,1097,1
198,62917,1,2,400,trial.validspatial,1496,1
198,62917,2,1,800,trial.validspatial,754,1
198,62917,1,2,400,trial.invalid,1374,1
198,62917,1,1,800,trial.validspatial,1093,1
198,62917,2,2,400,trial.doublecue,1197,1
198,62917,1,1,0,trial.validspatial,818,1
198,62917,2,1,NaN,trial.nocue,1409,1
198,62917,2,1,400,trial.invalid,1261,1
198,62917,1,2,800,trial.invalid,1384,1
198,62917,1,2,0,trial.doublecue,1041,1
198,62917,1,1,400,trial.validspatial,1063,1
198,62917,1,2,400,trial.validspatial,801,1
198,62917,1,1,0,trial.doublecue,778,1
198,62917,1,1,0,trial.doublecue,906,1
198,62917,1,2,NaN,trial.nocue,683,0
198,62917,2,1,400,trial.doublecue,1053,1
198,62917,2,2,400,trial.validspatial,1179,1
198,62917,2,2,800,trial.doublecue,1154,1
198,62917,2,2,NaN,trial.nocue,900,1
198,62917,1,2,NaN,trial.nocue,850,1
198,62917,1,2,0,trial.doublecue,1302,1
198,62917,2,1,800,trial.invalid,1188,1
198,62917,1,2,0,trial.validspatial,965,1
198,62917,1,1,0,trial.validspatial,922,1
198,62917,2,1,0,trial.validspatial,924,1
198,62917,1,1,400,trial.invalid,1700,0
198,62917,1,2,800,trial.doublecue,747,1
198,62917,2,2,0,trial.validspatial,986,1
198,62917,2,2,0,trial.invalid,637,1
198,62917,1,1,0,trial.validspatial,1161,1
198,62917,1,1,400,trial.invalid,1062,1
198,62917,2,1,800,trial.validspatial,720,1
198,62917,2,2,400,trial.doublecue,688,1
198,62917,2,1,0,trial.doublecue,940,1
198,62917,2,2,400,trial.validspatial,1277,1
198,62917,1,1,NaN,trial.nocue,1387,1
198,62917,2,1,0,trial.invalid,1144,1
198,62917,1,2,800,trial.validspatial,1273,1
198,62917,1,2,800,trial.doublecue,1366,1
198,62917,2,1,400,trial.validspatial,869,1
198,62917,1,1,800,trial.validspatial,1700,0
198,62917,1,2,800,trial.validspatial,796,1
198,62917,1,1,0,trial.validspatial,596,1
198,62917,1,2,400,trial.validspatial,1652,1
198,62917,2,1,400,trial.invalid,737,1
198,62917,2,1,0,trial.invalid,1051,1
198,62917,2,2,NaN,trial.nocue,1147,1
198,62917,1,1,800,trial.validspatial,1031,1
198,62917,2,2,400,trial.validspatial,809,1
198,62917,2,1,NaN,trial.nocue,1700,0
198,62917,1,1,400,trial.validspatial,972,1
198,62917,1,2,NaN,trial.nocue,752,1
198,62917,1,2,0,trial.validspatial,1147,1
198,62917,1,2,800,trial.validspatial,781,1
198,62917,1,1,0,trial.validspatial,860,1
198,62917,1,1,400,trial.validspatial,1281,0
