subject,date,location_congruence_val,flanker_congruence_val,cue_target_interval,cue_condition,latency,values.correct
417,63017,1,1,0,trial.validspatial,1442,1
417,63017,1,2,0,trial.invalid,1235,1
417,63017,1,2,800,trial.validspatial,1137,1
417,63017,1,2,400,trial.validspatial,1105,1
417,63017,1,2,400,trial.doublecue,742,0
417,63017,2,2,400,trial.validspatial,1182,1
417,63017,2,1,400,trial.doublecue,976,1
417,63017,2,1,0,trial.validspatial,1112,1
417,63017,2,1,400,trial.validspatial,702,1
417,63017,1,2,800,trial.validspatial,1052,1
417,63017,1,1,800,trial.invalid,766,1
417,63017,2,1,400,trial.validspatial,782,1
417,63017,2,1,800,trial.validspatial,605,1
417,63017,2,2,0,trial.validspatial,935,1
417,63017,1,2,0,trial.validspatial,1009,1
417,63017,1,1,400,trial.validspatial,892,1
417,63017,1,1,NaN,trial.nocue,729,1
417,63017,1,2,0,trial.validspatial,851,1
417,63017,1,1,NaN,trial.nocue,696,1
417,63017,2,2,0,trial.validspatial,1008,1
417,63017,2,1,800,trial.invalid,741,1
417,63017,2,2,NaN,trial.nocue,936,1
417,63017,1,2,400,trial.invalid,964,1
417,63017,2,2,0,trial.doublecue,1072,1
417,63017,1,2,NaN,trial.nocue,833,1
417,63017,1,1,400,trial.validspatial,518,1
417,63017,1,1,800,trial.validspatial,627,1
417,63017,2,1,NaN,trial.nocue,685,1
417,63017,1,1,800,trial.doublecue,688,1
417,63017,2,2,0,trial.doublecue,1151,1
417,63017,1,1,0,trial.invalid,839,1
417,63017,1,1,0,trial.invalid,663,1
417,63017,2,1,0,trial.validspatial,589,1
417,63017,2,1,0,trial.validspatial,507,1
417,63017,1,1,400,trial.doublecue,482,1
417,63017,2,2,800,trial.validspatial,876,1
417,63017,2,2,800,trial.validspatial,793,1
417,63017,2,2,0,trial.validspatial,730,1
417,63017,1,2,400,trial.validspatial,664,1
417,63017,2,2,800,trial.invalid,717,1
417,63017,1,2,0,trial.invalid,1065,1
417,63017,2,1,400,trial.validspatial,945,1
417,63017,2,1,400,trial.validspatial,617,1
417,63017,2,1,NaN,trial.nocue,1238,1
417,63017,2,2,NaN,trial.nocue,996,1
417,63017,2,1,NaN,trial.nocue,636,1
417,63017,1,1,800,trial.validspatial,827,1
417,63017,1,1,NaN,trial.nocue,615,1
417,63017,2,1,800,trial.doublecue,660,1
417,63017,2,2,NaN,trial.nocue,906,1
417,63017,1,2,400,trial.validspatial,617,1
417,63017,1,1,400,trial.doublecue,630,1
417,63017,2,2,400,trial.invalid,473,0
417,63017,1,1,NaN,trial.nocue,602,1
417,63017,2,1,800,trial.validspatial,471,1
417,63017,2,2,0,trial.validspatial,933,1
417,63017,2,1,800,trial.doublecue,653,1
417,63017,2,1,400,trial.validspatial,716,1
417,63017,2,2,400,trial.validspatial,835,1
417,63017,2,1,0,trial.doublecue,641,1
417,63017,2,2,400,trial.validspatial,969,1
417,63017,2,2,400,trial.invalid,347,0
417,63017,2,2,800,trial.doublecue,798,1
417,63017,1,2,400,trial.doublecue,877,1
417,63017,1,2,0,trial.validspatial,691,1
417,63017,1,2,NaN,trial.nocue,849,1
417,63017,1,1,800,trial.invalid,636,1
417,63017,2,2,800,trial.validspatial,755,1
417,63017,2,1,800,trial.validspatial,536,1
417,63017,2,1,0,trial.validspatial,795,1
417,63017,2,2,NaN,trial.nocue,1086,0
417,63017,2,2,800,trial.validspatial,1071,1
417,63017,1,1,400,trial.validspatial,1700,0
417,63017,1,2,800,trial.invalid,807,1
417,63017,2,2,0,trial.validspatial,675,1
417,63017,2,2,800,trial.validspatial,780,1
417,63017,1,1,800,trial.validspatial,564,1
417,63017,2,1,NaN,trial.nocue,605,1
417,63017,1,2,NaN,trial.nocue,793,1
417,63017,1,2,800,trial.validspatial,497,0
417,63017,1,2,0,trial.validspatial,1102,1
417,63017,2,2,0,trial.invalid,717,1
417,63017,1,1,NaN,trial.nocue,1109,0
417,63017,2,2,800,trial.validspatial,685,1
417,63017,2,1,800,trial.validspatial,419,1
417,63017,2,1,0,trial.validspatial,797,1
417,63017,1,1,800,trial.doublecue,573,1
417,63017,2,2,800,trial.invalid,486,0
417,63017,1,2,400,trial.validspatial,886,0
417,63017,2,1,800,trial.validspatial,678,1
417,63017,1,2,400,trial.invalid,1070,1
417,63017,1,1,800,trial.validspatial,474,1
417,63017,2,2,400,trial.doublecue,658,1
417,63017,1,1,0,trial.validspatial,578,1
417,63017,2,1,NaN,trial.nocue,635,1
417,63017,2,1,400,trial.invalid,642,1
417,63017,1,2,800,trial.invalid,919,1
417,63017,1,2,0,trial.doublecue,1303,1
417,63017,1,1,400,trial.validspatial,858,1
417,63017,1,2,400,trial.validspatial,863,1
417,63017,1,1,0,trial.doublecue,511,1
417,63017,1,1,0,trial.doublecue,627,1
417,63017,1,2,NaN,trial.nocue,745,1
417,63017,2,1,400,trial.doublecue,669,1
417,63017,2,2,400,trial.validspatial,880,1
417,63017,2,2,800,trial.doublecue,867,1
417,63017,2,2,NaN,trial.nocue,895,1
417,63017,1,2,NaN,trial.nocue,993,1
417,63017,1,2,0,trial.doublecue,1317,1
417,63017,2,1,800,trial.invalid,884,1
417,63017,1,2,0,trial.validspatial,863,1
417,63017,1,1,0,trial.validspatial,1700,0
417,63017,2,1,0,trial.validspatial,694,1
417,63017,1,1,400,trial.invalid,763,1
417,63017,1,2,800,trial.doublecue,704,1
417,63017,2,2,0,trial.validspatial,889,1
417,63017,2,2,0,trial.invalid,722,1
417,63017,1,1,0,trial.validspatial,540,1
417,63017,1,1,400,trial.invalid,666,1
417,63017,2,1,800,trial.validspatial,770,1
417,63017,2,2,400,trial.doublecue,709,1
417,63017,2,1,0,trial.doublecue,550,1
417,63017,2,2,400,trial.validspatial,663,1
417,63017,1,1,NaN,trial.nocue,620,1
417,63017,2,1,0,trial.invalid,550,1
417,63017,1,2,800,trial.validspatial,784,1
417,63017,1,2,800,trial.doublecue,707,1
417,63017,2,1,400,trial.validspatial,473,1
417,63017,1,1,800,trial.validspatial,635,1
417,63017,1,2,800,trial.validspatial,589,1
417,63017,1,1,0,trial.validspatial,697,1
417,63017,1,2,400,trial.validspatial,669,1
417,63017,2,1,400,trial.invalid,708,1
417,63017,2,1,0,trial.invalid,633,1
417,63017,2,2,NaN,trial.nocue,733,1
417,63017,1,1,800,trial.validspatial,539,1
417,63017,2,2,400,trial.validspatial,613,1
417,63017,2,1,NaN,trial.nocue,647,1
417,63017,1,1,400,trial.validspatial,466,1
417,63017,1,2,NaN,trial.nocue,610,1
417,63017,1,2,0,trial.validspatial,903,1
417,63017,1,2,800,trial.validspatial,582,1
417,63017,1,1,0,trial.validspatial,747,1
417,63017,1,1,400,trial.validspatial,623,1
417,63017,1,1,0,trial.validspatial,755,1
417,63017,1,2,0,trial.invalid,988,1
417,63017,1,2,800,trial.validspatial,1039,1
417,63017,1,2,400,trial.validspatial,668,1
417,63017,1,2,400,trial.doublecue,715,1
417,63017,2,2,400,trial.validspatial,629,1
417,63017,2,1,400,trial.doublecue,517,1
417,63017,2,1,0,trial.validspatial,616,1
417,63017,2,1,400,trial.validspatial,592,1
417,63017,1,2,800,trial.validspatial,1015,1
417,63017,1,1,800,trial.invalid,712,1
417,63017,2,1,400,trial.validspatial,551,1
417,63017,2,1,800,trial.validspatial,478,1
417,63017,2,2,0,trial.validspatial,1008,1
417,63017,1,2,0,trial.validspatial,1256,1
417,63017,1,1,400,trial.validspatial,613,1
417,63017,1,1,NaN,trial.nocue,689,1
417,63017,1,2,0,trial.validspatial,957,1
417,63017,1,1,NaN,trial.nocue,679,1
417,63017,2,2,0,trial.validspatial,963,1
417,63017,2,1,800,trial.invalid,742,0
417,63017,2,2,NaN,trial.nocue,1256,1
417,63017,1,2,400,trial.invalid,942,1
417,63017,2,2,0,trial.doublecue,968,1
417,63017,1,2,NaN,trial.nocue,859,1
417,63017,1,1,400,trial.validspatial,530,1
417,63017,1,1,800,trial.validspatial,410,1
417,63017,2,1,NaN,trial.nocue,879,1
417,63017,1,1,800,trial.doublecue,576,1
417,63017,2,2,0,trial.doublecue,950,1
417,63017,1,1,0,trial.invalid,598,1
417,63017,1,1,0,trial.invalid,538,1
417,63017,2,1,0,trial.validspatial,510,1
417,63017,2,1,0,trial.validspatial,523,1
417,63017,1,1,400,trial.doublecue,546,1
417,63017,2,2,800,trial.validspatial,835,1
417,63017,2,2,800,trial.validspatial,424,0
417,63017,2,2,0,trial.validspatial,691,1
417,63017,1,2,400,trial.validspatial,704,1
417,63017,2,2,800,trial.invalid,599,1
417,63017,1,2,0,trial.invalid,740,1
417,63017,2,1,400,trial.validspatial,518,1
417,63017,2,1,400,trial.validspatial,559,1
417,63017,2,1,NaN,trial.nocue,691,1
417,63017,2,2,NaN,trial.nocue,903,1
417,63017,2,1,NaN,trial.nocue,633,1
417,63017,1,1,800,trial.validspatial,662,1
417,63017,1,1,NaN,trial.nocue,561,1
417,63017,2,1,800,trial.doublecue,882,1
417,63017,2,2,NaN,trial.nocue,897,1
417,63017,1,2,400,trial.validspatial,893,1
417,63017,1,1,400,trial.doublecue,602,1
417,63017,2,2,400,trial.invalid,741,1
417,63017,1,1,NaN,trial.nocue,827,1
417,63017,2,1,800,trial.validspatial,805,1
417,63017,2,2,0,trial.validspatial,1013,1
417,63017,2,1,800,trial.doublecue,642,1
417,63017,2,1,400,trial.validspatial,467,1
417,63017,2,2,400,trial.validspatial,828,1
417,63017,2,1,0,trial.doublecue,699,1
417,63017,2,2,400,trial.validspatial,758,1
417,63017,2,2,400,trial.invalid,742,1
417,63017,2,2,800,trial.doublecue,819,1
417,63017,1,2,400,trial.doublecue,1586,0
417,63017,1,2,0,trial.validspatial,1339,1
417,63017,1,2,NaN,trial.nocue,1020,1
417,63017,1,1,800,trial.invalid,686,1
417,63017,2,2,800,trial.validspatial,650,1
417,63017,2,1,800,trial.validspatial,530,1
417,63017,2,1,0,trial.validspatial,810,1
417,63017,2,2,NaN,trial.nocue,775,1
417,63017,2,2,800,trial.validspatial,1226,1
417,63017,1,1,400,trial.validspatial,1700,0
417,63017,1,2,800,trial.invalid,701,1
417,63017,2,2,0,trial.validspatial,836,1
417,63017,2,2,800,trial.validspatial,650,1
417,63017,1,1,800,trial.validspatial,884,1
417,63017,2,1,NaN,trial.nocue,887,1
417,63017,1,2,NaN,trial.nocue,857,1
417,63017,1,2,800,trial.validspatial,749,1
417,63017,1,2,0,trial.validspatial,636,1
417,63017,2,2,0,trial.invalid,602,1
417,63017,1,1,NaN,trial.nocue,770,1
417,63017,2,2,800,trial.validspatial,651,1
417,63017,2,1,800,trial.validspatial,474,1
417,63017,2,1,0,trial.validspatial,534,1
417,63017,1,1,800,trial.doublecue,700,0
417,63017,2,2,800,trial.invalid,979,1
417,63017,1,2,400,trial.validspatial,601,1
417,63017,2,1,800,trial.validspatial,559,1
417,63017,1,2,400,trial.invalid,866,1
417,63017,1,1,800,trial.validspatial,824,1
417,63017,2,2,400,trial.doublecue,1056,1
417,63017,1,1,0,trial.validspatial,656,1
417,63017,2,1,NaN,trial.nocue,721,1
417,63017,2,1,400,trial.invalid,854,1
417,63017,1,2,800,trial.invalid,868,1
417,63017,1,2,0,trial.doublecue,812,1
417,63017,1,1,400,trial.validspatial,459,1
417,63017,1,2,400,trial.validspatial,429,1
417,63017,1,1,0,trial.doublecue,498,0
417,63017,1,1,0,trial.doublecue,450,1
417,63017,1,2,NaN,trial.nocue,976,1
417,63017,2,1,400,trial.doublecue,670,1
417,63017,2,2,400,trial.validspatial,615,1
417,63017,2,2,800,trial.doublecue,648,1
417,63017,2,2,NaN,trial.nocue,653,1
417,63017,1,2,NaN,trial.nocue,704,1
417,63017,1,2,0,trial.doublecue,1360,1
417,63017,2,1,800,trial.invalid,830,1
417,63017,1,2,0,trial.validspatial,822,1
417,63017,1,1,0,trial.validspatial,853,1
417,63017,2,1,0,trial.validspatial,1047,1
417,63017,1,1,400,trial.invalid,848,1
417,63017,1,2,800,trial.doublecue,756,1
417,63017,2,2,0,trial.validspatial,670,1
417,63017,2,2,0,trial.invalid,685,1
417,63017,1,1,0,trial.validspatial,886,1
417,63017,1,1,400,trial.invalid,863,1
417,63017,2,1,800,trial.validspatial,119,0
417,63017,2,2,400,trial.doublecue,743,1
417,63017,2,1,0,trial.doublecue,638,1
417,63017,2,2,400,trial.validspatial,924,1
417,63017,1,1,NaN,trial.nocue,704,1
417,63017,2,1,0,trial.invalid,649,1
417,63017,1,2,800,trial.validspatial,857,1
417,63017,1,2,800,trial.doublecue,781,1
417,63017,2,1,400,trial.validspatial,567,1
417,63017,1,1,800,trial.validspatial,891,1
417,63017,1,2,800,trial.validspatial,1067,1
417,63017,1,1,0,trial.validspatial,1039,0
417,63017,1,2,400,trial.validspatial,847,1
417,63017,2,1,400,trial.invalid,1700,0
417,63017,2,1,0,trial.invalid,660,1
417,63017,2,2,NaN,trial.nocue,783,1
417,63017,1,1,800,trial.validspatial,512,1
417,63017,2,2,400,trial.validspatial,896,1
417,63017,2,1,NaN,trial.nocue,643,1
417,63017,1,1,400,trial.validspatial,650,1
417,63017,1,2,NaN,trial.nocue,634,1
417,63017,1,2,0,trial.validspatial,744,1
417,63017,1,2,800,trial.validspatial,552,1
417,63017,1,1,0,trial.validspatial,837,1
417,63017,1,1,400,trial.validspatial,753,1
