subject,date,location_congruence_val,flanker_congruence_val,cue_target_interval,cue_condition,latency,values.correct
642,80817,1,1,0,trial.validspatial,1136,1
642,80817,1,2,0,trial.invalid,754,0
642,80817,1,2,800,trial.validspatial,783,1
642,80817,1,2,400,trial.validspatial,575,1
642,80817,1,2,400,trial.doublecue,912,1
642,80817,2,2,400,trial.validspatial,670,1
642,80817,2,1,400,trial.doublecue,800,1
642,80817,2,1,0,trial.validspatial,600,1
642,80817,2,1,400,trial.validspatial,437,0
642,80817,1,2,800,trial.validspatial,721,1
642,80817,1,1,800,trial.invalid,734,1
642,80817,2,1,400,trial.validspatial,510,1
642,80817,2,1,800,trial.validspatial,637,1
642,80817,2,2,0,trial.validspatial,726,1
642,80817,1,2,0,trial.validspatial,676,1
642,80817,1,1,400,trial.validspatial,469,1
642,80817,1,1,NaN,trial.nocue,631,1
642,80817,1,2,0,trial.validspatial,525,1
642,80817,1,1,NaN,trial.nocue,719,1
642,80817,2,2,0,trial.validspatial,819,1
642,80817,2,1,800,trial.invalid,718,1
642,80817,2,2,NaN,trial.nocue,1060,1
642,80817,1,2,400,trial.invalid,1118,0
642,80817,2,2,0,trial.doublecue,1019,1
642,80817,1,2,NaN,trial.nocue,867,1
642,80817,1,1,400,trial.validspatial,518,1
642,80817,1,1,800,trial.validspatial,622,1
642,80817,2,1,NaN,trial.nocue,602,1
642,80817,1,1,800,trial.doublecue,699,1
642,80817,2,2,0,trial.doublecue,812,1
642,80817,1,1,0,trial.invalid,908,1
642,80817,1,1,0,trial.invalid,632,1
642,80817,2,1,0,trial.validspatial,701,1
642,80817,2,1,0,trial.validspatial,605,1
642,80817,1,1,400,trial.doublecue,486,1
642,80817,2,2,800,trial.validspatial,634,1
642,80817,2,2,800,trial.validspatial,676,1
642,80817,2,2,0,trial.validspatial,769,1
642,80817,1,2,400,trial.validspatial,580,1
642,80817,2,2,800,trial.invalid,895,1
642,80817,1,2,0,trial.invalid,1167,0
642,80817,2,1,400,trial.validspatial,461,1
642,80817,2,1,400,trial.validspatial,465,1
642,80817,2,1,NaN,trial.nocue,481,1
642,80817,2,2,NaN,trial.nocue,760,1
642,80817,2,1,NaN,trial.nocue,447,1
642,80817,1,1,800,trial.validspatial,551,1
642,80817,1,1,NaN,trial.nocue,609,1
642,80817,2,1,800,trial.doublecue,525,1
642,80817,2,2,NaN,trial.nocue,944,1
642,80817,1,2,400,trial.validspatial,595,1
642,80817,1,1,400,trial.doublecue,635,1
642,80817,2,2,400,trial.invalid,835,1
642,80817,1,1,NaN,trial.nocue,616,1
642,80817,2,1,800,trial.validspatial,468,1
642,80817,2,2,0,trial.validspatial,741,1
642,80817,2,1,800,trial.doublecue,699,1
642,80817,2,1,400,trial.validspatial,458,1
642,80817,2,2,400,trial.validspatial,555,1
642,80817,2,1,0,trial.doublecue,531,1
642,80817,2,2,400,trial.validspatial,527,1
642,80817,2,2,400,trial.invalid,841,1
642,80817,2,2,800,trial.doublecue,857,1
642,80817,1,2,400,trial.doublecue,756,1
642,80817,1,2,0,trial.validspatial,811,1
642,80817,1,2,NaN,trial.nocue,1022,1
642,80817,1,1,800,trial.invalid,806,1
642,80817,2,2,800,trial.validspatial,589,1
642,80817,2,1,800,trial.validspatial,481,1
642,80817,2,1,0,trial.validspatial,509,1
642,80817,2,2,NaN,trial.nocue,1700,0
642,80817,2,2,800,trial.validspatial,1700,0
642,80817,1,1,400,trial.validspatial,1700,0
642,80817,1,2,800,trial.invalid,1700,0
642,80817,2,2,0,trial.validspatial,1700,0
642,80817,2,2,800,trial.validspatial,1700,0
642,80817,1,1,800,trial.validspatial,1700,0
642,80817,2,1,NaN,trial.nocue,1700,0
642,80817,1,2,NaN,trial.nocue,1700,0
642,80817,1,2,800,trial.validspatial,1700,0
642,80817,1,2,0,trial.validspatial,1700,0
642,80817,2,2,0,trial.invalid,1700,0
642,80817,1,1,NaN,trial.nocue,1700,0
642,80817,2,2,800,trial.validspatial,1700,0
642,80817,2,1,800,trial.validspatial,1700,0
642,80817,2,1,0,trial.validspatial,1700,0
642,80817,1,1,800,trial.doublecue,1700,0
642,80817,2,2,800,trial.invalid,1700,0
642,80817,1,2,400,trial.validspatial,1700,0
642,80817,2,1,800,trial.validspatial,1700,0
642,80817,1,2,400,trial.invalid,1700,0
642,80817,1,1,800,trial.validspatial,1700,0
642,80817,2,2,400,trial.doublecue,1700,0
642,80817,1,1,0,trial.validspatial,1700,0
642,80817,2,1,NaN,trial.nocue,1700,0
642,80817,2,1,400,trial.invalid,1700,0
642,80817,1,2,800,trial.invalid,1700,0
642,80817,1,2,0,trial.doublecue,1700,0
642,80817,1,1,400,trial.validspatial,1700,0
642,80817,1,2,400,trial.validspatial,1700,0
642,80817,1,1,0,trial.doublecue,569,1
642,80817,1,1,0,trial.doublecue,808,1
642,80817,1,2,NaN,trial.nocue,829,1
642,80817,2,1,400,trial.doublecue,483,1
642,80817,2,2,400,trial.validspatial,623,1
642,80817,2,2,800,trial.doublecue,762,1
642,80817,2,2,NaN,trial.nocue,1022,1
642,80817,1,2,NaN,trial.nocue,802,1
642,80817,1,2,0,trial.doublecue,807,1
642,80817,2,1,800,trial.invalid,689,0
642,80817,1,2,0,trial.validspatial,762,1
642,80817,1,1,0,trial.validspatial,590,1
642,80817,2,1,0,trial.validspatial,568,1
642,80817,1,1,400,trial.invalid,645,1
642,80817,1,2,800,trial.doublecue,748,1
642,80817,2,2,0,trial.validspatial,771,1
642,80817,2,2,0,trial.invalid,932,1
642,80817,1,1,0,trial.validspatial,676,1
642,80817,1,1,400,trial.invalid,676,1
642,80817,2,1,800,trial.validspatial,529,1
642,80817,2,2,400,trial.doublecue,639,1
642,80817,2,1,0,trial.doublecue,500,1
642,80817,2,2,400,trial.validspatial,462,1
642,80817,1,1,NaN,trial.nocue,722,1
642,80817,2,1,0,trial.invalid,515,1
642,80817,1,2,800,trial.validspatial,763,1
642,80817,1,2,800,trial.doublecue,738,1
642,80817,2,1,400,trial.validspatial,638,1
642,80817,1,1,800,trial.validspatial,442,1
642,80817,1,2,800,trial.validspatial,709,1
642,80817,1,1,0,trial.validspatial,566,1
642,80817,1,2,400,trial.validspatial,619,1
642,80817,2,1,400,trial.invalid,831,1
642,80817,2,1,0,trial.invalid,680,1
642,80817,2,2,NaN,trial.nocue,931,1
642,80817,1,1,800,trial.validspatial,459,1
642,80817,2,2,400,trial.validspatial,592,1
642,80817,2,1,NaN,trial.nocue,513,1
642,80817,1,1,400,trial.validspatial,429,1
642,80817,1,2,NaN,trial.nocue,760,1
642,80817,1,2,0,trial.validspatial,906,1
642,80817,1,2,800,trial.validspatial,793,1
642,80817,1,1,0,trial.validspatial,540,1
642,80817,1,1,400,trial.validspatial,430,1
642,80817,1,1,0,trial.validspatial,680,1
642,80817,1,2,0,trial.invalid,651,0
642,80817,1,2,800,trial.validspatial,538,1
642,80817,1,2,400,trial.validspatial,636,1
642,80817,1,2,400,trial.doublecue,879,1
642,80817,2,2,400,trial.validspatial,611,1
642,80817,2,1,400,trial.doublecue,782,1
642,80817,2,1,0,trial.validspatial,697,1
642,80817,2,1,400,trial.validspatial,736,1
642,80817,1,2,800,trial.validspatial,610,1
642,80817,1,1,800,trial.invalid,787,1
642,80817,2,1,400,trial.validspatial,437,1
642,80817,2,1,800,trial.validspatial,437,1
642,80817,2,2,0,trial.validspatial,774,0
642,80817,1,2,0,trial.validspatial,801,1
642,80817,1,1,400,trial.validspatial,459,1
642,80817,1,1,NaN,trial.nocue,426,1
642,80817,1,2,0,trial.validspatial,783,1
642,80817,1,1,NaN,trial.nocue,590,1
642,80817,2,2,0,trial.validspatial,907,1
642,80817,2,1,800,trial.invalid,676,1
642,80817,2,2,NaN,trial.nocue,909,0
642,80817,1,2,400,trial.invalid,791,0
642,80817,2,2,0,trial.doublecue,728,1
642,80817,1,2,NaN,trial.nocue,835,1
642,80817,1,1,400,trial.validspatial,466,1
642,80817,1,1,800,trial.validspatial,416,1
642,80817,2,1,NaN,trial.nocue,863,1
642,80817,1,1,800,trial.doublecue,672,1
642,80817,2,2,0,trial.doublecue,849,1
642,80817,1,1,0,trial.invalid,603,1
642,80817,1,1,0,trial.invalid,551,1
642,80817,2,1,0,trial.validspatial,628,1
642,80817,2,1,0,trial.validspatial,575,1
642,80817,1,1,400,trial.doublecue,563,1
642,80817,2,2,800,trial.validspatial,736,1
642,80817,2,2,800,trial.validspatial,573,1
642,80817,2,2,0,trial.validspatial,867,0
642,80817,1,2,400,trial.validspatial,575,1
642,80817,2,2,800,trial.invalid,1085,1
642,80817,1,2,0,trial.invalid,885,0
642,80817,2,1,400,trial.validspatial,479,1
642,80817,2,1,400,trial.validspatial,403,1
642,80817,2,1,NaN,trial.nocue,631,1
642,80817,2,2,NaN,trial.nocue,829,1
642,80817,2,1,NaN,trial.nocue,610,1
642,80817,1,1,800,trial.validspatial,411,1
642,80817,1,1,NaN,trial.nocue,645,1
642,80817,2,1,800,trial.doublecue,493,1
642,80817,2,2,NaN,trial.nocue,718,0
642,80817,1,2,400,trial.validspatial,845,0
642,80817,1,1,400,trial.doublecue,565,1
642,80817,2,2,400,trial.invalid,856,1
642,80817,1,1,NaN,trial.nocue,506,1
642,80817,2,1,800,trial.validspatial,422,1
642,80817,2,2,0,trial.validspatial,698,0
642,80817,2,1,800,trial.doublecue,552,1
642,80817,2,1,400,trial.validspatial,436,1
642,80817,2,2,400,trial.validspatial,622,1
642,80817,2,1,0,trial.doublecue,608,1
642,80817,2,2,400,trial.validspatial,644,0
642,80817,2,2,400,trial.invalid,766,1
642,80817,2,2,800,trial.doublecue,831,1
642,80817,1,2,400,trial.doublecue,697,1
642,80817,1,2,0,trial.validspatial,1001,1
642,80817,1,2,NaN,trial.nocue,798,0
642,80817,1,1,800,trial.invalid,762,1
642,80817,2,2,800,trial.validspatial,542,1
642,80817,2,1,800,trial.validspatial,459,1
642,80817,2,1,0,trial.validspatial,756,1
642,80817,2,2,NaN,trial.nocue,714,1
642,80817,2,2,800,trial.validspatial,671,1
642,80817,1,1,400,trial.validspatial,1700,0
642,80817,1,2,800,trial.invalid,585,1
642,80817,2,2,0,trial.validspatial,788,0
642,80817,2,2,800,trial.validspatial,543,1
642,80817,1,1,800,trial.validspatial,606,1
642,80817,2,1,NaN,trial.nocue,793,1
642,80817,1,2,NaN,trial.nocue,545,1
642,80817,1,2,800,trial.validspatial,642,1
642,80817,1,2,0,trial.validspatial,590,1
642,80817,2,2,0,trial.invalid,438,1
642,80817,1,1,NaN,trial.nocue,548,1
642,80817,2,2,800,trial.validspatial,721,1
642,80817,2,1,800,trial.validspatial,461,1
642,80817,2,1,0,trial.validspatial,431,1
642,80817,1,1,800,trial.doublecue,777,0
642,80817,2,2,800,trial.invalid,842,1
642,80817,1,2,400,trial.validspatial,475,1
642,80817,2,1,800,trial.validspatial,516,1
642,80817,1,2,400,trial.invalid,707,1
642,80817,1,1,800,trial.validspatial,615,1
642,80817,2,2,400,trial.doublecue,964,1
642,80817,1,1,0,trial.validspatial,756,1
642,80817,2,1,NaN,trial.nocue,632,0
642,80817,2,1,400,trial.invalid,1038,1
642,80817,1,2,800,trial.invalid,856,1
642,80817,1,2,0,trial.doublecue,594,1
642,80817,1,1,400,trial.validspatial,581,1
642,80817,1,2,400,trial.validspatial,444,1
642,80817,1,1,0,trial.doublecue,671,1
642,80817,1,1,0,trial.doublecue,674,1
642,80817,1,2,NaN,trial.nocue,950,1
642,80817,2,1,400,trial.doublecue,499,1
642,80817,2,2,400,trial.validspatial,835,1
642,80817,2,2,800,trial.doublecue,499,1
642,80817,2,2,NaN,trial.nocue,752,1
642,80817,1,2,NaN,trial.nocue,545,1
642,80817,1,2,0,trial.doublecue,563,1
642,80817,2,1,800,trial.invalid,556,1
642,80817,1,2,0,trial.validspatial,948,1
642,80817,1,1,0,trial.validspatial,631,1
642,80817,2,1,0,trial.validspatial,748,1
642,80817,1,1,400,trial.invalid,775,0
642,80817,1,2,800,trial.doublecue,496,1
642,80817,2,2,0,trial.validspatial,468,1
642,80817,2,2,0,trial.invalid,762,1
642,80817,1,1,0,trial.validspatial,1038,1
642,80817,1,1,400,trial.invalid,597,1
642,80817,2,1,800,trial.validspatial,509,1
642,80817,2,2,400,trial.doublecue,560,1
642,80817,2,1,0,trial.doublecue,651,1
642,80817,2,2,400,trial.validspatial,983,1
642,80817,1,1,NaN,trial.nocue,810,1
642,80817,2,1,0,trial.invalid,571,1
642,80817,1,2,800,trial.validspatial,810,0
642,80817,1,2,800,trial.doublecue,623,1
642,80817,2,1,400,trial.validspatial,460,1
642,80817,1,1,800,trial.validspatial,835,1
642,80817,1,2,800,trial.validspatial,646,1
642,80817,1,1,0,trial.validspatial,529,1
642,80817,1,2,400,trial.validspatial,692,1
642,80817,2,1,400,trial.invalid,972,1
642,80817,2,1,0,trial.invalid,677,1
642,80817,2,2,NaN,trial.nocue,1460,0
642,80817,1,1,800,trial.validspatial,945,1
642,80817,2,2,400,trial.validspatial,681,1
642,80817,2,1,NaN,trial.nocue,954,1
642,80817,1,1,400,trial.validspatial,812,1
642,80817,1,2,NaN,trial.nocue,758,1
642,80817,1,2,0,trial.validspatial,627,1
642,80817,1,2,800,trial.validspatial,424,1
642,80817,1,1,0,trial.validspatial,584,1
642,80817,1,1,400,trial.validspatial,834,1
