subject,date,location_congruence_val,flanker_congruence_val,cue_target_interval,cue_condition,latency,values.correct
11,101817,1,1,0,trial.validspatial,1700,0
11,101817,1,2,0,trial.invalid,1567,1
11,101817,1,2,800,trial.validspatial,796,1
11,101817,1,2,400,trial.validspatial,776,1
11,101817,1,2,400,trial.doublecue,822,1
11,101817,2,2,400,trial.validspatial,917,1
11,101817,2,1,400,trial.doublecue,1047,1
11,101817,2,1,0,trial.validspatial,637,1
11,101817,2,1,400,trial.validspatial,476,1
11,101817,1,2,800,trial.validspatial,825,1
11,101817,1,1,800,trial.invalid,875,1
11,101817,2,1,400,trial.validspatial,515,1
11,101817,2,1,800,trial.validspatial,513,1
11,101817,2,2,0,trial.validspatial,724,1
11,101817,1,2,0,trial.validspatial,1351,1
11,101817,1,1,400,trial.validspatial,437,1
11,101817,1,1,NaN,trial.nocue,600,1
11,101817,1,2,0,trial.validspatial,721,1
11,101817,1,1,NaN,trial.nocue,585,1
11,101817,2,2,0,trial.validspatial,787,1
11,101817,2,1,800,trial.invalid,943,1
11,101817,2,2,NaN,trial.nocue,660,1
11,101817,1,2,400,trial.invalid,852,1
11,101817,2,2,0,trial.doublecue,978,1
11,101817,1,2,NaN,trial.nocue,1107,1
11,101817,1,1,400,trial.validspatial,499,1
11,101817,1,1,800,trial.validspatial,454,1
11,101817,2,1,NaN,trial.nocue,665,1
11,101817,1,1,800,trial.doublecue,624,1
11,101817,2,2,0,trial.doublecue,906,1
11,101817,1,1,0,trial.invalid,639,1
11,101817,1,1,0,trial.invalid,518,1
11,101817,2,1,0,trial.validspatial,494,1
11,101817,2,1,0,trial.validspatial,657,1
11,101817,1,1,400,trial.doublecue,470,1
11,101817,2,2,800,trial.validspatial,511,1
11,101817,2,2,800,trial.validspatial,633,1
11,101817,2,2,0,trial.validspatial,686,1
11,101817,1,2,400,trial.validspatial,591,1
11,101817,2,2,800,trial.invalid,650,1
11,101817,1,2,0,trial.invalid,857,1
11,101817,2,1,400,trial.validspatial,785,1
11,101817,2,1,400,trial.validspatial,445,1
11,101817,2,1,NaN,trial.nocue,721,1
11,101817,2,2,NaN,trial.nocue,1391,1
11,101817,2,1,NaN,trial.nocue,884,1
11,101817,1,1,800,trial.validspatial,476,1
11,101817,1,1,NaN,trial.nocue,556,1
11,101817,2,1,800,trial.doublecue,584,1
11,101817,2,2,NaN,trial.nocue,754,1
11,101817,1,2,400,trial.validspatial,596,1
11,101817,1,1,400,trial.doublecue,719,1
11,101817,2,2,400,trial.invalid,764,1
11,101817,1,1,NaN,trial.nocue,691,1
11,101817,2,1,800,trial.validspatial,524,1
11,101817,2,2,0,trial.validspatial,750,1
11,101817,2,1,800,trial.doublecue,635,1
11,101817,2,1,400,trial.validspatial,533,1
11,101817,2,2,400,trial.validspatial,513,1
11,101817,2,1,0,trial.doublecue,708,1
11,101817,2,2,400,trial.validspatial,677,1
11,101817,2,2,400,trial.invalid,853,1
11,101817,2,2,800,trial.doublecue,790,1
11,101817,1,2,400,trial.doublecue,774,1
11,101817,1,2,0,trial.validspatial,698,1
11,101817,1,2,NaN,trial.nocue,689,1
11,101817,1,1,800,trial.invalid,593,1
11,101817,2,2,800,trial.validspatial,747,1
11,101817,2,1,800,trial.validspatial,759,1
11,101817,2,1,0,trial.validspatial,687,1
11,101817,2,2,NaN,trial.nocue,828,1
11,101817,2,2,800,trial.validspatial,606,1
11,101817,1,1,400,trial.validspatial,586,1
11,101817,1,2,800,trial.invalid,724,1
11,101817,2,2,0,trial.validspatial,553,1
11,101817,2,2,800,trial.validspatial,731,1
11,101817,1,1,800,trial.validspatial,755,1
11,101817,2,1,NaN,trial.nocue,543,1
11,101817,1,2,NaN,trial.nocue,717,1
11,101817,1,2,800,trial.validspatial,661,1
11,101817,1,2,0,trial.validspatial,693,1
11,101817,2,2,0,trial.invalid,842,1
11,101817,1,1,NaN,trial.nocue,689,1
11,101817,2,2,800,trial.validspatial,585,1
11,101817,2,1,800,trial.validspatial,594,1
11,101817,2,1,0,trial.validspatial,691,1
11,101817,1,1,800,trial.doublecue,629,1
11,101817,2,2,800,trial.invalid,820,1
11,101817,1,2,400,trial.validspatial,636,1
11,101817,2,1,800,trial.validspatial,543,1
11,101817,1,2,400,trial.invalid,754,1
11,101817,1,1,800,trial.validspatial,468,1
11,101817,2,2,400,trial.doublecue,772,1
11,101817,1,1,0,trial.validspatial,516,1
11,101817,2,1,NaN,trial.nocue,697,1
11,101817,2,1,400,trial.invalid,663,1
11,101817,1,2,800,trial.invalid,994,1
11,101817,1,2,0,trial.doublecue,722,1
11,101817,1,1,400,trial.validspatial,533,1
11,101817,1,2,400,trial.validspatial,798,1
11,101817,1,1,0,trial.doublecue,480,1
11,101817,1,1,0,trial.doublecue,691,1
11,101817,1,2,NaN,trial.nocue,653,1
11,101817,2,1,400,trial.doublecue,525,1
11,101817,2,2,400,trial.validspatial,615,1
11,101817,2,2,800,trial.doublecue,689,1
11,101817,2,2,NaN,trial.nocue,877,1
11,101817,1,2,NaN,trial.nocue,692,1
11,101817,1,2,0,trial.doublecue,792,1
11,101817,2,1,800,trial.invalid,939,1
11,101817,1,2,0,trial.validspatial,677,1
11,101817,1,1,0,trial.validspatial,620,1
11,101817,2,1,0,trial.validspatial,656,1
11,101817,1,1,400,trial.invalid,647,1
11,101817,1,2,800,trial.doublecue,686,1
11,101817,2,2,0,trial.validspatial,610,1
11,101817,2,2,0,trial.invalid,726,1
11,101817,1,1,0,trial.validspatial,549,1
11,101817,1,1,400,trial.invalid,576,1
11,101817,2,1,800,trial.validspatial,543,1
11,101817,2,2,400,trial.doublecue,756,1
11,101817,2,1,0,trial.doublecue,1020,1
11,101817,2,2,400,trial.validspatial,594,1
11,101817,1,1,NaN,trial.nocue,552,1
11,101817,2,1,0,trial.invalid,660,1
11,101817,1,2,800,trial.validspatial,656,1
11,101817,1,2,800,trial.doublecue,726,1
11,101817,2,1,400,trial.validspatial,996,1
11,101817,1,1,800,trial.validspatial,598,1
11,101817,1,2,800,trial.validspatial,602,1
11,101817,1,1,0,trial.validspatial,588,1
11,101817,1,2,400,trial.validspatial,899,1
11,101817,2,1,400,trial.invalid,960,1
11,101817,2,1,0,trial.invalid,707,1
11,101817,2,2,NaN,trial.nocue,614,1
11,101817,1,1,800,trial.validspatial,528,1
11,101817,2,2,400,trial.validspatial,572,1
11,101817,2,1,NaN,trial.nocue,505,1
11,101817,1,1,400,trial.validspatial,526,1
11,101817,1,2,NaN,trial.nocue,619,1
11,101817,1,2,0,trial.validspatial,658,1
11,101817,1,2,800,trial.validspatial,624,1
11,101817,1,1,0,trial.validspatial,634,1
11,101817,1,1,400,trial.validspatial,431,1
11,101817,1,1,0,trial.validspatial,661,1
11,101817,1,2,0,trial.invalid,805,1
11,101817,1,2,800,trial.validspatial,589,1
11,101817,1,2,400,trial.validspatial,762,1
11,101817,1,2,400,trial.doublecue,659,1
11,101817,2,2,400,trial.validspatial,531,1
11,101817,2,1,400,trial.doublecue,573,1
11,101817,2,1,0,trial.validspatial,643,1
11,101817,2,1,400,trial.validspatial,477,1
11,101817,1,2,800,trial.validspatial,517,1
11,101817,1,1,800,trial.invalid,648,1
11,101817,2,1,400,trial.validspatial,516,1
11,101817,2,1,800,trial.validspatial,514,1
11,101817,2,2,0,trial.validspatial,764,1
11,101817,1,2,0,trial.validspatial,562,1
11,101817,1,1,400,trial.validspatial,531,1
11,101817,1,1,NaN,trial.nocue,417,1
11,101817,1,2,0,trial.validspatial,663,1
11,101817,1,1,NaN,trial.nocue,432,1
11,101817,2,2,0,trial.validspatial,732,1
11,101817,2,1,800,trial.invalid,539,0
11,101817,2,2,NaN,trial.nocue,704,1
11,101817,1,2,400,trial.invalid,885,1
11,101817,2,2,0,trial.doublecue,871,1
11,101817,1,2,NaN,trial.nocue,992,1
11,101817,1,1,400,trial.validspatial,461,1
11,101817,1,1,800,trial.validspatial,493,1
11,101817,2,1,NaN,trial.nocue,675,1
11,101817,1,1,800,trial.doublecue,565,1
11,101817,2,2,0,trial.doublecue,929,1
11,101817,1,1,0,trial.invalid,690,1
11,101817,1,1,0,trial.invalid,611,1
11,101817,2,1,0,trial.validspatial,559,1
11,101817,2,1,0,trial.validspatial,668,1
11,101817,1,1,400,trial.doublecue,442,1
11,101817,2,2,800,trial.validspatial,667,1
11,101817,2,2,800,trial.validspatial,1101,1
11,101817,2,2,0,trial.validspatial,638,1
11,101817,1,2,400,trial.validspatial,573,1
11,101817,2,2,800,trial.invalid,664,1
11,101817,1,2,0,trial.invalid,776,1
11,101817,2,1,400,trial.validspatial,531,1
11,101817,2,1,400,trial.validspatial,484,1
11,101817,2,1,NaN,trial.nocue,784,1
11,101817,2,2,NaN,trial.nocue,871,1
11,101817,2,1,NaN,trial.nocue,684,1
11,101817,1,1,800,trial.validspatial,480,1
11,101817,1,1,NaN,trial.nocue,557,1
11,101817,2,1,800,trial.doublecue,569,1
11,101817,2,2,NaN,trial.nocue,559,1
11,101817,1,2,400,trial.validspatial,693,1
11,101817,1,1,400,trial.doublecue,608,1
11,101817,2,2,400,trial.invalid,881,1
11,101817,1,1,NaN,trial.nocue,516,1
11,101817,2,1,800,trial.validspatial,493,1
11,101817,2,2,0,trial.validspatial,812,1
11,101817,2,1,800,trial.doublecue,686,1
11,101817,2,1,400,trial.validspatial,500,1
11,101817,2,2,400,trial.validspatial,559,1
11,101817,2,1,0,trial.doublecue,855,1
11,101817,2,2,400,trial.validspatial,727,1
11,101817,2,2,400,trial.invalid,1082,1
11,101817,2,2,800,trial.doublecue,860,1
11,101817,1,2,400,trial.doublecue,616,1
11,101817,1,2,0,trial.validspatial,667,1
11,101817,1,2,NaN,trial.nocue,765,1
11,101817,1,1,800,trial.invalid,776,1
11,101817,2,2,800,trial.validspatial,605,1
11,101817,2,1,800,trial.validspatial,614,1
11,101817,2,1,0,trial.validspatial,678,1
11,101817,2,2,NaN,trial.nocue,875,1
11,101817,2,2,800,trial.validspatial,596,1
11,101817,1,1,400,trial.validspatial,1700,0
11,101817,1,2,800,trial.invalid,730,1
11,101817,2,2,0,trial.validspatial,1396,1
11,101817,2,2,800,trial.validspatial,561,1
11,101817,1,1,800,trial.validspatial,582,1
11,101817,2,1,NaN,trial.nocue,716,1
11,101817,1,2,NaN,trial.nocue,519,1
11,101817,1,2,800,trial.validspatial,727,1
11,101817,1,2,0,trial.validspatial,545,1
11,101817,2,2,0,trial.invalid,487,1
11,101817,1,1,NaN,trial.nocue,664,1
11,101817,2,2,800,trial.validspatial,607,1
11,101817,2,1,800,trial.validspatial,627,1
11,101817,2,1,0,trial.validspatial,489,1
11,101817,1,1,800,trial.doublecue,711,1
11,101817,2,2,800,trial.invalid,747,1
11,101817,1,2,400,trial.validspatial,468,1
11,101817,2,1,800,trial.validspatial,427,1
11,101817,1,2,400,trial.invalid,813,1
11,101817,1,1,800,trial.validspatial,543,1
11,101817,2,2,400,trial.doublecue,752,1
11,101817,1,1,0,trial.validspatial,643,1
11,101817,2,1,NaN,trial.nocue,664,0
11,101817,2,1,400,trial.invalid,1053,1
11,101817,1,2,800,trial.invalid,796,1
11,101817,1,2,0,trial.doublecue,737,1
11,101817,1,1,400,trial.validspatial,545,1
11,101817,1,2,400,trial.validspatial,547,1
11,101817,1,1,0,trial.doublecue,677,1
11,101817,1,1,0,trial.doublecue,548,1
11,101817,1,2,NaN,trial.nocue,1160,1
11,101817,2,1,400,trial.doublecue,617,1
11,101817,2,2,400,trial.validspatial,634,1
11,101817,2,2,800,trial.doublecue,459,1
11,101817,2,2,NaN,trial.nocue,634,1
11,101817,1,2,NaN,trial.nocue,534,1
11,101817,1,2,0,trial.doublecue,543,1
11,101817,2,1,800,trial.invalid,937,1
11,101817,1,2,0,trial.validspatial,747,1
11,101817,1,1,0,trial.validspatial,669,1
11,101817,2,1,0,trial.validspatial,808,1
11,101817,1,1,400,trial.invalid,835,1
11,101817,1,2,800,trial.doublecue,554,1
11,101817,2,2,0,trial.validspatial,467,1
11,101817,2,2,0,trial.invalid,823,1
11,101817,1,1,0,trial.validspatial,831,1
11,101817,1,1,400,trial.invalid,783,1
11,101817,2,1,800,trial.validspatial,475,1
11,101817,2,2,400,trial.doublecue,663,1
11,101817,2,1,0,trial.doublecue,643,1
11,101817,2,2,400,trial.validspatial,1074,1
11,101817,1,1,NaN,trial.nocue,722,1
11,101817,2,1,0,trial.invalid,526,1
11,101817,1,2,800,trial.validspatial,507,0
11,101817,1,2,800,trial.doublecue,746,1
11,101817,2,1,400,trial.validspatial,640,1
11,101817,1,1,800,trial.validspatial,846,1
11,101817,1,2,800,trial.validspatial,1372,1
11,101817,1,1,0,trial.validspatial,489,1
11,101817,1,2,400,trial.validspatial,1125,1
11,101817,2,1,400,trial.invalid,829,1
11,101817,2,1,0,trial.invalid,682,1
11,101817,2,2,NaN,trial.nocue,962,1
11,101817,1,1,800,trial.validspatial,840,1
11,101817,2,2,400,trial.validspatial,1074,1
11,101817,2,1,NaN,trial.nocue,847,1
11,101817,1,1,400,trial.validspatial,913,1
11,101817,1,2,NaN,trial.nocue,777,1
11,101817,1,2,0,trial.validspatial,720,1
11,101817,1,2,800,trial.validspatial,547,1
11,101817,1,1,0,trial.validspatial,732,1
11,101817,1,1,400,trial.validspatial,1081,1
