subject,date,location_congruence_val,flanker_congruence_val,cue_target_interval,cue_condition,latency,values.correct
624,63017,1,1,0,trial.validspatial,551,1
624,63017,1,2,0,trial.invalid,825,0
624,63017,1,2,800,trial.validspatial,526,1
624,63017,1,2,400,trial.validspatial,69,1
624,63017,1,2,400,trial.doublecue,186,1
624,63017,2,2,400,trial.validspatial,646,0
624,63017,2,1,400,trial.doublecue,644,1
624,63017,2,1,0,trial.validspatial,605,1
624,63017,2,1,400,trial.validspatial,417,1
624,63017,1,2,800,trial.validspatial,598,1
624,63017,1,1,800,trial.invalid,884,1
624,63017,2,1,400,trial.validspatial,251,0
624,63017,2,1,800,trial.validspatial,567,0
624,63017,2,2,0,trial.validspatial,470,0
624,63017,1,2,0,trial.validspatial,569,1
624,63017,1,1,400,trial.validspatial,450,1
624,63017,1,1,NaN,trial.nocue,534,1
624,63017,1,2,0,trial.validspatial,700,0
624,63017,1,1,NaN,trial.nocue,512,1
624,63017,2,2,0,trial.validspatial,382,0
624,63017,2,1,800,trial.invalid,465,0
624,63017,2,2,NaN,trial.nocue,915,0
624,63017,1,2,400,trial.invalid,543,1
624,63017,2,2,0,trial.doublecue,737,1
624,63017,1,2,NaN,trial.nocue,540,1
624,63017,1,1,400,trial.validspatial,436,1
624,63017,1,1,800,trial.validspatial,537,1
624,63017,2,1,NaN,trial.nocue,476,0
624,63017,1,1,800,trial.doublecue,415,1
624,63017,2,2,0,trial.doublecue,556,0
624,63017,1,1,0,trial.invalid,431,1
624,63017,1,1,0,trial.invalid,571,1
624,63017,2,1,0,trial.validspatial,546,1
624,63017,2,1,0,trial.validspatial,398,0
624,63017,1,1,400,trial.doublecue,456,1
624,63017,2,2,800,trial.validspatial,360,0
624,63017,2,2,800,trial.validspatial,400,0
624,63017,2,2,0,trial.validspatial,679,0
624,63017,1,2,400,trial.validspatial,605,1
624,63017,2,2,800,trial.invalid,408,0
624,63017,1,2,0,trial.invalid,958,0
624,63017,2,1,400,trial.validspatial,424,0
624,63017,2,1,400,trial.validspatial,418,0
624,63017,2,1,NaN,trial.nocue,462,0
624,63017,2,2,NaN,trial.nocue,400,0
624,63017,2,1,NaN,trial.nocue,763,0
624,63017,1,1,800,trial.validspatial,452,1
624,63017,1,1,NaN,trial.nocue,486,0
624,63017,2,1,800,trial.doublecue,360,0
624,63017,2,2,NaN,trial.nocue,345,0
624,63017,1,2,400,trial.validspatial,387,1
624,63017,1,1,400,trial.doublecue,354,1
624,63017,2,2,400,trial.invalid,430,0
624,63017,1,1,NaN,trial.nocue,349,1
624,63017,2,1,800,trial.validspatial,380,0
624,63017,2,2,0,trial.validspatial,369,0
624,63017,2,1,800,trial.doublecue,519,0
624,63017,2,1,400,trial.validspatial,350,0
624,63017,2,2,400,trial.validspatial,5,0
624,63017,2,1,0,trial.doublecue,404,0
624,63017,2,2,400,trial.validspatial,95,0
624,63017,2,2,400,trial.invalid,2,1
624,63017,2,2,800,trial.doublecue,354,0
624,63017,1,2,400,trial.doublecue,417,1
624,63017,1,2,0,trial.validspatial,311,1
624,63017,1,2,NaN,trial.nocue,787,1
624,63017,1,1,800,trial.invalid,378,1
624,63017,2,2,800,trial.validspatial,432,0
624,63017,2,1,800,trial.validspatial,269,0
624,63017,2,1,0,trial.validspatial,1700,0
624,63017,2,2,NaN,trial.nocue,1700,0
624,63017,2,2,800,trial.validspatial,450,0
624,63017,1,1,400,trial.validspatial,1700,0
624,63017,1,2,800,trial.invalid,1700,0
624,63017,2,2,0,trial.validspatial,494,1
624,63017,2,2,800,trial.validspatial,418,0
624,63017,1,1,800,trial.validspatial,1700,0
624,63017,2,1,NaN,trial.nocue,1700,0
624,63017,1,2,NaN,trial.nocue,395,1
624,63017,1,2,800,trial.validspatial,283,1
624,63017,1,2,0,trial.validspatial,1700,0
624,63017,2,2,0,trial.invalid,1700,0
624,63017,1,1,NaN,trial.nocue,533,1
624,63017,2,2,800,trial.validspatial,1700,0
624,63017,2,1,800,trial.validspatial,606,0
624,63017,2,1,0,trial.validspatial,613,1
624,63017,1,1,800,trial.doublecue,1700,0
624,63017,2,2,800,trial.invalid,411,0
624,63017,1,2,400,trial.validspatial,1700,0
624,63017,2,1,800,trial.validspatial,395,0
624,63017,1,2,400,trial.invalid,564,1
624,63017,1,1,800,trial.validspatial,499,1
624,63017,2,2,400,trial.doublecue,1700,0
624,63017,1,1,0,trial.validspatial,1700,0
624,63017,2,1,NaN,trial.nocue,617,0
624,63017,2,1,400,trial.invalid,1700,0
624,63017,1,2,800,trial.invalid,339,1
624,63017,1,2,0,trial.doublecue,1700,0
624,63017,1,1,400,trial.validspatial,370,1
624,63017,1,2,400,trial.validspatial,469,1
624,63017,1,1,0,trial.doublecue,1700,0
624,63017,1,1,0,trial.doublecue,422,1
624,63017,1,2,NaN,trial.nocue,498,1
624,63017,2,1,400,trial.doublecue,1700,0
624,63017,2,2,400,trial.validspatial,358,0
624,63017,2,2,800,trial.doublecue,1700,0
624,63017,2,2,NaN,trial.nocue,459,0
624,63017,1,2,NaN,trial.nocue,1700,0
624,63017,1,2,0,trial.doublecue,456,1
624,63017,2,1,800,trial.invalid,1700,0
624,63017,1,2,0,trial.validspatial,464,1
624,63017,1,1,0,trial.validspatial,507,1
624,63017,2,1,0,trial.validspatial,557,0
624,63017,1,1,400,trial.invalid,501,1
624,63017,1,2,800,trial.doublecue,404,1
624,63017,2,2,0,trial.validspatial,1700,0
624,63017,2,2,0,trial.invalid,561,0
624,63017,1,1,0,trial.validspatial,1700,0
624,63017,1,1,400,trial.invalid,1700,0
624,63017,2,1,800,trial.validspatial,605,1
624,63017,2,2,400,trial.doublecue,1700,0
624,63017,2,1,0,trial.doublecue,1700,0
624,63017,2,2,400,trial.validspatial,1700,0
624,63017,1,1,NaN,trial.nocue,1700,0
624,63017,2,1,0,trial.invalid,1700,0
624,63017,1,2,800,trial.validspatial,392,0
624,63017,1,2,800,trial.doublecue,1700,0
624,63017,2,1,400,trial.validspatial,114,0
624,63017,1,1,800,trial.validspatial,364,1
624,63017,1,2,800,trial.validspatial,1700,0
624,63017,1,1,0,trial.validspatial,1700,0
624,63017,1,2,400,trial.validspatial,75,1
624,63017,2,1,400,trial.invalid,604,0
624,63017,2,1,0,trial.invalid,465,0
624,63017,2,2,NaN,trial.nocue,448,0
624,63017,1,1,800,trial.validspatial,1700,0
624,63017,2,2,400,trial.validspatial,361,0
624,63017,2,1,NaN,trial.nocue,1700,0
624,63017,1,1,400,trial.validspatial,508,1
624,63017,1,2,NaN,trial.nocue,1700,0
624,63017,1,2,0,trial.validspatial,1700,0
624,63017,1,2,800,trial.validspatial,1700,0
624,63017,1,1,0,trial.validspatial,405,1
624,63017,1,1,400,trial.validspatial,1700,0
624,63017,1,1,0,trial.validspatial,375,1
624,63017,1,2,0,trial.invalid,614,1
624,63017,1,2,800,trial.validspatial,1700,0
624,63017,1,2,400,trial.validspatial,1700,0
624,63017,1,2,400,trial.doublecue,587,0
624,63017,2,2,400,trial.validspatial,292,0
624,63017,2,1,400,trial.doublecue,391,0
624,63017,2,1,0,trial.validspatial,564,0
624,63017,2,1,400,trial.validspatial,437,0
624,63017,1,2,800,trial.validspatial,469,1
624,63017,1,1,800,trial.invalid,388,1
624,63017,2,1,400,trial.validspatial,482,1
624,63017,2,1,800,trial.validspatial,471,0
624,63017,2,2,0,trial.validspatial,948,0
624,63017,1,2,0,trial.validspatial,521,1
624,63017,1,1,400,trial.validspatial,434,1
624,63017,1,1,NaN,trial.nocue,471,1
624,63017,1,2,0,trial.validspatial,696,0
624,63017,1,1,NaN,trial.nocue,776,1
624,63017,2,2,0,trial.validspatial,450,0
624,63017,2,1,800,trial.invalid,35,0
624,63017,2,2,NaN,trial.nocue,385,0
624,63017,1,2,400,trial.invalid,367,1
624,63017,2,2,0,trial.doublecue,486,0
624,63017,1,2,NaN,trial.nocue,447,1
624,63017,1,1,400,trial.validspatial,357,1
624,63017,1,1,800,trial.validspatial,355,1
624,63017,2,1,NaN,trial.nocue,416,0
624,63017,1,1,800,trial.doublecue,423,1
624,63017,2,2,0,trial.doublecue,570,0
624,63017,1,1,0,trial.invalid,433,1
624,63017,1,1,0,trial.invalid,450,1
624,63017,2,1,0,trial.validspatial,631,1
624,63017,2,1,0,trial.validspatial,469,0
624,63017,1,1,400,trial.doublecue,376,1
624,63017,2,2,800,trial.validspatial,383,0
624,63017,2,2,800,trial.validspatial,366,0
624,63017,2,2,0,trial.validspatial,542,1
624,63017,1,2,400,trial.validspatial,310,1
624,63017,2,2,800,trial.invalid,345,0
624,63017,1,2,0,trial.invalid,433,1
624,63017,2,1,400,trial.validspatial,357,0
624,63017,2,1,400,trial.validspatial,401,0
624,63017,2,1,NaN,trial.nocue,413,0
624,63017,2,2,NaN,trial.nocue,516,0
624,63017,2,1,NaN,trial.nocue,502,0
624,63017,1,1,800,trial.validspatial,493,1
624,63017,1,1,NaN,trial.nocue,585,1
624,63017,2,1,800,trial.doublecue,398,0
624,63017,2,2,NaN,trial.nocue,476,0
624,63017,1,2,400,trial.validspatial,526,1
624,63017,1,1,400,trial.doublecue,390,1
624,63017,2,2,400,trial.invalid,380,0
624,63017,1,1,NaN,trial.nocue,350,1
624,63017,2,1,800,trial.validspatial,384,0
624,63017,2,2,0,trial.validspatial,396,0
624,63017,2,1,800,trial.doublecue,455,0
624,63017,2,1,400,trial.validspatial,476,0
624,63017,2,2,400,trial.validspatial,384,0
624,63017,2,1,0,trial.doublecue,499,0
624,63017,2,2,400,trial.validspatial,469,0
624,63017,2,2,400,trial.invalid,624,1
624,63017,2,2,800,trial.doublecue,303,0
624,63017,1,2,400,trial.doublecue,351,1
624,63017,1,2,0,trial.validspatial,395,1
624,63017,1,2,NaN,trial.nocue,515,1
624,63017,1,1,800,trial.invalid,453,1
624,63017,2,2,800,trial.validspatial,309,0
624,63017,2,1,800,trial.validspatial,509,1
624,63017,2,1,0,trial.validspatial,622,1
624,63017,2,2,NaN,trial.nocue,510,0
624,63017,2,2,800,trial.validspatial,387,0
624,63017,1,1,400,trial.validspatial,656,0
624,63017,1,2,800,trial.invalid,517,1
624,63017,2,2,0,trial.validspatial,584,1
624,63017,2,2,800,trial.validspatial,1700,0
624,63017,1,1,800,trial.validspatial,329,1
624,63017,2,1,NaN,trial.nocue,438,1
624,63017,1,2,NaN,trial.nocue,377,0
624,63017,1,2,800,trial.validspatial,378,0
624,63017,1,2,0,trial.validspatial,759,0
624,63017,2,2,0,trial.invalid,480,0
624,63017,1,1,NaN,trial.nocue,1333,1
624,63017,2,2,800,trial.validspatial,205,0
624,63017,2,1,800,trial.validspatial,438,0
624,63017,2,1,0,trial.validspatial,330,0
624,63017,1,1,800,trial.doublecue,411,0
624,63017,2,2,800,trial.invalid,451,1
624,63017,1,2,400,trial.validspatial,418,1
624,63017,2,1,800,trial.validspatial,433,1
624,63017,1,2,400,trial.invalid,462,1
624,63017,1,1,800,trial.validspatial,493,1
624,63017,2,2,400,trial.doublecue,367,0
624,63017,1,1,0,trial.validspatial,339,0
624,63017,2,1,NaN,trial.nocue,661,0
624,63017,2,1,400,trial.invalid,420,1
624,63017,1,2,800,trial.invalid,411,0
624,63017,1,2,0,trial.doublecue,447,1
624,63017,1,1,400,trial.validspatial,518,1
624,63017,1,2,400,trial.validspatial,490,1
624,63017,1,1,0,trial.doublecue,425,0
624,63017,1,1,0,trial.doublecue,309,1
624,63017,1,2,NaN,trial.nocue,573,0
624,63017,2,1,400,trial.doublecue,410,1
624,63017,2,2,400,trial.validspatial,511,1
624,63017,2,2,800,trial.doublecue,424,0
624,63017,2,2,NaN,trial.nocue,365,0
624,63017,1,2,NaN,trial.nocue,312,1
624,63017,1,2,0,trial.doublecue,329,0
624,63017,2,1,800,trial.invalid,396,0
624,63017,1,2,0,trial.validspatial,528,0
624,63017,1,1,0,trial.validspatial,378,1
624,63017,2,1,0,trial.validspatial,302,0
624,63017,1,1,400,trial.invalid,443,1
624,63017,1,2,800,trial.doublecue,317,0
624,63017,2,2,0,trial.validspatial,190,0
624,63017,2,2,0,trial.invalid,351,0
624,63017,1,1,0,trial.validspatial,359,0
624,63017,1,1,400,trial.invalid,409,0
624,63017,2,1,800,trial.validspatial,343,1
624,63017,2,2,400,trial.doublecue,380,1
624,63017,2,1,0,trial.doublecue,363,0
624,63017,2,2,400,trial.validspatial,432,0
624,63017,1,1,NaN,trial.nocue,605,1
624,63017,2,1,0,trial.invalid,424,1
624,63017,1,2,800,trial.validspatial,344,0
624,63017,1,2,800,trial.doublecue,371,1
624,63017,2,1,400,trial.validspatial,337,0
624,63017,1,1,800,trial.validspatial,446,0
624,63017,1,2,800,trial.validspatial,373,0
624,63017,1,1,0,trial.validspatial,445,0
624,63017,1,2,400,trial.validspatial,347,0
624,63017,2,1,400,trial.invalid,463,0
624,63017,2,1,0,trial.invalid,407,0
624,63017,2,2,NaN,trial.nocue,525,0
624,63017,1,1,800,trial.validspatial,606,0
624,63017,2,2,400,trial.validspatial,470,0
624,63017,2,1,NaN,trial.nocue,496,1
624,63017,1,1,400,trial.validspatial,700,1
624,63017,1,2,NaN,trial.nocue,432,0
624,63017,1,2,0,trial.validspatial,280,0
624,63017,1,2,800,trial.validspatial,433,0
624,63017,1,1,0,trial.validspatial,807,0
624,63017,1,1,400,trial.validspatial,723,0
