subject,date,location_congruence_val,flanker_congruence_val,cue_target_interval,cue_condition,latency,values.correct
127,62917,1,1,0,trial.validspatial,915,1
127,62917,1,2,0,trial.invalid,1648,0
127,62917,1,2,800,trial.validspatial,1210,1
127,62917,1,2,400,trial.validspatial,1388,1
127,62917,1,2,400,trial.doublecue,1179,1
127,62917,2,2,400,trial.validspatial,984,1
127,62917,2,1,400,trial.doublecue,979,1
127,62917,2,1,0,trial.validspatial,1223,1
127,62917,2,1,400,trial.validspatial,876,1
127,62917,1,2,800,trial.validspatial,1094,1
127,62917,1,1,800,trial.invalid,1125,1
127,62917,2,1,400,trial.validspatial,684,1
127,62917,2,1,800,trial.validspatial,863,1
127,62917,2,2,0,trial.validspatial,1331,1
127,62917,1,2,0,trial.validspatial,994,1
127,62917,1,1,400,trial.validspatial,854,1
127,62917,1,1,NaN,trial.nocue,797,1
127,62917,1,2,0,trial.validspatial,1308,1
127,62917,1,1,NaN,trial.nocue,964,1
127,62917,2,2,0,trial.validspatial,940,1
127,62917,2,1,800,trial.invalid,882,1
127,62917,2,2,NaN,trial.nocue,943,1
127,62917,1,2,400,trial.invalid,1022,1
127,62917,2,2,0,trial.doublecue,903,1
127,62917,1,2,NaN,trial.nocue,1032,1
127,62917,1,1,400,trial.validspatial,634,1
127,62917,1,1,800,trial.validspatial,670,1
127,62917,2,1,NaN,trial.nocue,886,1
127,62917,1,1,800,trial.doublecue,710,1
127,62917,2,2,0,trial.doublecue,1022,1
127,62917,1,1,0,trial.invalid,653,1
127,62917,1,1,0,trial.invalid,765,1
127,62917,2,1,0,trial.validspatial,893,1
127,62917,2,1,0,trial.validspatial,680,1
127,62917,1,1,400,trial.doublecue,591,1
127,62917,2,2,800,trial.validspatial,1700,0
127,62917,2,2,800,trial.validspatial,882,1
127,62917,2,2,0,trial.validspatial,674,1
127,62917,1,2,400,trial.validspatial,878,1
127,62917,2,2,800,trial.invalid,975,1
127,62917,1,2,0,trial.invalid,984,1
127,62917,2,1,400,trial.validspatial,676,1
127,62917,2,1,400,trial.validspatial,567,1
127,62917,2,1,NaN,trial.nocue,971,1
127,62917,2,2,NaN,trial.nocue,712,1
127,62917,2,1,NaN,trial.nocue,707,1
127,62917,1,1,800,trial.validspatial,573,1
127,62917,1,1,NaN,trial.nocue,786,1
127,62917,2,1,800,trial.doublecue,783,1
127,62917,2,2,NaN,trial.nocue,960,1
127,62917,1,2,400,trial.validspatial,703,1
127,62917,1,1,400,trial.doublecue,748,1
127,62917,2,2,400,trial.invalid,962,1
127,62917,1,1,NaN,trial.nocue,795,1
127,62917,2,1,800,trial.validspatial,626,1
127,62917,2,2,0,trial.validspatial,802,1
127,62917,2,1,800,trial.doublecue,762,1
127,62917,2,1,400,trial.validspatial,729,1
127,62917,2,2,400,trial.validspatial,811,1
127,62917,2,1,0,trial.doublecue,844,1
127,62917,2,2,400,trial.validspatial,727,1
127,62917,2,2,400,trial.invalid,800,1
127,62917,2,2,800,trial.doublecue,810,1
127,62917,1,2,400,trial.doublecue,799,1
127,62917,1,2,0,trial.validspatial,1032,1
127,62917,1,2,NaN,trial.nocue,939,1
127,62917,1,1,800,trial.invalid,863,1
127,62917,2,2,800,trial.validspatial,776,1
127,62917,2,1,800,trial.validspatial,570,1
127,62917,2,1,0,trial.validspatial,823,1
127,62917,2,2,NaN,trial.nocue,1053,1
127,62917,2,2,800,trial.validspatial,752,1
127,62917,1,1,400,trial.validspatial,1700,0
127,62917,1,2,800,trial.invalid,1129,1
127,62917,2,2,0,trial.validspatial,976,1
127,62917,2,2,800,trial.validspatial,784,1
127,62917,1,1,800,trial.validspatial,625,1
127,62917,2,1,NaN,trial.nocue,846,1
127,62917,1,2,NaN,trial.nocue,1079,1
127,62917,1,2,800,trial.validspatial,774,1
127,62917,1,2,0,trial.validspatial,1207,1
127,62917,2,2,0,trial.invalid,1048,1
127,62917,1,1,NaN,trial.nocue,857,1
127,62917,2,2,800,trial.validspatial,902,1
127,62917,2,1,800,trial.validspatial,544,1
127,62917,2,1,0,trial.validspatial,783,1
127,62917,1,1,800,trial.doublecue,851,1
127,62917,2,2,800,trial.invalid,1546,1
127,62917,1,2,400,trial.validspatial,1256,1
127,62917,2,1,800,trial.validspatial,640,1
127,62917,1,2,400,trial.invalid,1056,1
127,62917,1,1,800,trial.validspatial,701,1
127,62917,2,2,400,trial.doublecue,948,1
127,62917,1,1,0,trial.validspatial,701,1
127,62917,2,1,NaN,trial.nocue,591,1
127,62917,2,1,400,trial.invalid,983,1
127,62917,1,2,800,trial.invalid,1345,1
127,62917,1,2,0,trial.doublecue,903,1
127,62917,1,1,400,trial.validspatial,647,1
127,62917,1,2,400,trial.validspatial,897,1
127,62917,1,1,0,trial.doublecue,785,1
127,62917,1,1,0,trial.doublecue,857,1
127,62917,1,2,NaN,trial.nocue,1051,1
127,62917,2,1,400,trial.doublecue,732,1
127,62917,2,2,400,trial.validspatial,737,1
127,62917,2,2,800,trial.doublecue,1500,1
127,62917,2,2,NaN,trial.nocue,842,1
127,62917,1,2,NaN,trial.nocue,1700,0
127,62917,1,2,0,trial.doublecue,1002,1
127,62917,2,1,800,trial.invalid,946,1
127,62917,1,2,0,trial.validspatial,1114,1
127,62917,1,1,0,trial.validspatial,804,1
127,62917,2,1,0,trial.validspatial,1035,1
127,62917,1,1,400,trial.invalid,1016,1
127,62917,1,2,800,trial.doublecue,924,1
127,62917,2,2,0,trial.validspatial,1339,1
127,62917,2,2,0,trial.invalid,1013,1
127,62917,1,1,0,trial.validspatial,859,1
127,62917,1,1,400,trial.invalid,903,1
127,62917,2,1,800,trial.validspatial,667,1
127,62917,2,2,400,trial.doublecue,985,1
127,62917,2,1,0,trial.doublecue,775,1
127,62917,2,2,400,trial.validspatial,1106,1
127,62917,1,1,NaN,trial.nocue,822,1
127,62917,2,1,0,trial.invalid,756,1
127,62917,1,2,800,trial.validspatial,837,1
127,62917,1,2,800,trial.doublecue,1336,1
127,62917,2,1,400,trial.validspatial,762,1
127,62917,1,1,800,trial.validspatial,723,1
127,62917,1,2,800,trial.validspatial,831,1
127,62917,1,1,0,trial.validspatial,619,1
127,62917,1,2,400,trial.validspatial,872,1
127,62917,2,1,400,trial.invalid,1155,1
127,62917,2,1,0,trial.invalid,963,1
127,62917,2,2,NaN,trial.nocue,1067,1
127,62917,1,1,800,trial.validspatial,608,1
127,62917,2,2,400,trial.validspatial,726,1
127,62917,2,1,NaN,trial.nocue,656,1
127,62917,1,1,400,trial.validspatial,627,1
127,62917,1,2,NaN,trial.nocue,721,1
127,62917,1,2,0,trial.validspatial,1050,1
127,62917,1,2,800,trial.validspatial,877,1
127,62917,1,1,0,trial.validspatial,742,1
127,62917,1,1,400,trial.validspatial,504,1
127,62917,1,1,0,trial.validspatial,870,1
127,62917,1,2,0,trial.invalid,1523,1
127,62917,1,2,800,trial.validspatial,989,1
127,62917,1,2,400,trial.validspatial,776,1
127,62917,1,2,400,trial.doublecue,1199,1
127,62917,2,2,400,trial.validspatial,724,1
127,62917,2,1,400,trial.doublecue,782,1
127,62917,2,1,0,trial.validspatial,746,1
127,62917,2,1,400,trial.validspatial,581,1
127,62917,1,2,800,trial.validspatial,831,1
127,62917,1,1,800,trial.invalid,718,1
127,62917,2,1,400,trial.validspatial,628,1
127,62917,2,1,800,trial.validspatial,712,1
127,62917,2,2,0,trial.validspatial,836,1
127,62917,1,2,0,trial.validspatial,923,1
127,62917,1,1,400,trial.validspatial,892,1
127,62917,1,1,NaN,trial.nocue,831,1
127,62917,1,2,0,trial.validspatial,1093,1
127,62917,1,1,NaN,trial.nocue,733,1
127,62917,2,2,0,trial.validspatial,892,1
127,62917,2,1,800,trial.invalid,1001,1
127,62917,2,2,NaN,trial.nocue,1311,1
127,62917,1,2,400,trial.invalid,1325,1
127,62917,2,2,0,trial.doublecue,1110,1
127,62917,1,2,NaN,trial.nocue,1700,0
127,62917,1,1,400,trial.validspatial,649,1
127,62917,1,1,800,trial.validspatial,589,1
127,62917,2,1,NaN,trial.nocue,749,1
127,62917,1,1,800,trial.doublecue,694,1
127,62917,2,2,0,trial.doublecue,1700,0
127,62917,1,1,0,trial.invalid,795,1
127,62917,1,1,0,trial.invalid,776,1
127,62917,2,1,0,trial.validspatial,680,1
127,62917,2,1,0,trial.validspatial,648,1
127,62917,1,1,400,trial.doublecue,646,1
127,62917,2,2,800,trial.validspatial,909,1
127,62917,2,2,800,trial.validspatial,1097,1
127,62917,2,2,0,trial.validspatial,1028,1
127,62917,1,2,400,trial.validspatial,865,1
127,62917,2,2,800,trial.invalid,994,1
127,62917,1,2,0,trial.invalid,1067,1
127,62917,2,1,400,trial.validspatial,647,1
127,62917,2,1,400,trial.validspatial,570,1
127,62917,2,1,NaN,trial.nocue,663,1
127,62917,2,2,NaN,trial.nocue,1038,1
127,62917,2,1,NaN,trial.nocue,873,1
127,62917,1,1,800,trial.validspatial,630,1
127,62917,1,1,NaN,trial.nocue,651,1
127,62917,2,1,800,trial.doublecue,873,1
127,62917,2,2,NaN,trial.nocue,1329,1
127,62917,1,2,400,trial.validspatial,737,1
127,62917,1,1,400,trial.doublecue,789,1
127,62917,2,2,400,trial.invalid,1051,1
127,62917,1,1,NaN,trial.nocue,883,1
127,62917,2,1,800,trial.validspatial,699,1
127,62917,2,2,0,trial.validspatial,722,1
127,62917,2,1,800,trial.doublecue,567,1
127,62917,2,1,400,trial.validspatial,511,1
127,62917,2,2,400,trial.validspatial,801,1
127,62917,2,1,0,trial.doublecue,641,1
127,62917,2,2,400,trial.validspatial,806,1
127,62917,2,2,400,trial.invalid,927,1
127,62917,2,2,800,trial.doublecue,898,1
127,62917,1,2,400,trial.doublecue,976,1
127,62917,1,2,0,trial.validspatial,1298,1
127,62917,1,2,NaN,trial.nocue,1029,1
127,62917,1,1,800,trial.invalid,786,1
127,62917,2,2,800,trial.validspatial,826,1
127,62917,2,1,800,trial.validspatial,627,1
127,62917,2,1,0,trial.validspatial,873,1
127,62917,2,2,NaN,trial.nocue,1071,1
127,62917,2,2,800,trial.validspatial,618,1
127,62917,1,1,400,trial.validspatial,1700,0
127,62917,1,2,800,trial.invalid,1181,1
127,62917,2,2,0,trial.validspatial,1371,1
127,62917,2,2,800,trial.validspatial,876,1
127,62917,1,1,800,trial.validspatial,767,1
127,62917,2,1,NaN,trial.nocue,942,1
127,62917,1,2,NaN,trial.nocue,843,1
127,62917,1,2,800,trial.validspatial,734,1
127,62917,1,2,0,trial.validspatial,634,1
127,62917,2,2,0,trial.invalid,633,1
127,62917,1,1,NaN,trial.nocue,787,1
127,62917,2,2,800,trial.validspatial,938,1
127,62917,2,1,800,trial.validspatial,640,1
127,62917,2,1,0,trial.validspatial,796,1
127,62917,1,1,800,trial.doublecue,888,1
127,62917,2,2,800,trial.invalid,1175,1
127,62917,1,2,400,trial.validspatial,698,1
127,62917,2,1,800,trial.validspatial,770,1
127,62917,1,2,400,trial.invalid,912,1
127,62917,1,1,800,trial.validspatial,736,1
127,62917,2,2,400,trial.doublecue,878,1
127,62917,1,1,0,trial.validspatial,771,1
127,62917,2,1,NaN,trial.nocue,1105,1
127,62917,2,1,400,trial.invalid,1101,1
127,62917,1,2,800,trial.invalid,976,1
127,62917,1,2,0,trial.doublecue,937,1
127,62917,1,1,400,trial.validspatial,619,1
127,62917,1,2,400,trial.validspatial,767,1
127,62917,1,1,0,trial.doublecue,799,1
127,62917,1,1,0,trial.doublecue,847,1
127,62917,1,2,NaN,trial.nocue,1700,0
127,62917,2,1,400,trial.doublecue,765,1
127,62917,2,2,400,trial.validspatial,826,1
127,62917,2,2,800,trial.doublecue,834,1
127,62917,2,2,NaN,trial.nocue,773,1
127,62917,1,2,NaN,trial.nocue,760,1
127,62917,1,2,0,trial.doublecue,959,1
127,62917,2,1,800,trial.invalid,779,1
127,62917,1,2,0,trial.validspatial,990,1
127,62917,1,1,0,trial.validspatial,851,1
127,62917,2,1,0,trial.validspatial,900,1
127,62917,1,1,400,trial.invalid,1053,1
127,62917,1,2,800,trial.doublecue,616,1
127,62917,2,2,0,trial.validspatial,603,1
127,62917,2,2,0,trial.invalid,799,1
127,62917,1,1,0,trial.validspatial,1075,1
127,62917,1,1,400,trial.invalid,670,1
127,62917,2,1,800,trial.validspatial,887,1
127,62917,2,2,400,trial.doublecue,716,1
127,62917,2,1,0,trial.doublecue,840,1
127,62917,2,2,400,trial.validspatial,1217,1
127,62917,1,1,NaN,trial.nocue,752,1
127,62917,2,1,0,trial.invalid,717,1
127,62917,1,2,800,trial.validspatial,1178,1
127,62917,1,2,800,trial.doublecue,747,1
127,62917,2,1,400,trial.validspatial,730,1
127,62917,1,1,800,trial.validspatial,1011,1
127,62917,1,2,800,trial.validspatial,770,1
127,62917,1,1,0,trial.validspatial,585,1
127,62917,1,2,400,trial.validspatial,939,1
127,62917,2,1,400,trial.invalid,771,1
127,62917,2,1,0,trial.invalid,798,1
127,62917,2,2,NaN,trial.nocue,1047,1
127,62917,1,1,800,trial.validspatial,826,1
127,62917,2,2,400,trial.validspatial,975,1
127,62917,2,1,NaN,trial.nocue,897,1
127,62917,1,1,400,trial.validspatial,1172,1
127,62917,1,2,NaN,trial.nocue,720,1
127,62917,1,2,0,trial.validspatial,1073,1
127,62917,1,2,800,trial.validspatial,874,1
127,62917,1,1,0,trial.validspatial,800,1
127,62917,1,1,400,trial.validspatial,1445,1
