subject,date,location_congruence_val,flanker_congruence_val,cue_target_interval,cue_condition,latency,values.correct
110,110217,1,1,0,trial.validspatial,1032,1
110,110217,1,2,0,trial.invalid,743,0
110,110217,1,2,800,trial.validspatial,905,1
110,110217,1,2,400,trial.validspatial,856,1
110,110217,1,2,400,trial.doublecue,917,1
110,110217,2,2,400,trial.validspatial,744,1
110,110217,2,1,400,trial.doublecue,750,1
110,110217,2,1,0,trial.validspatial,752,1
110,110217,2,1,400,trial.validspatial,479,1
110,110217,1,2,800,trial.validspatial,472,0
110,110217,1,1,800,trial.invalid,1094,1
110,110217,2,1,400,trial.validspatial,634,1
110,110217,2,1,800,trial.validspatial,428,1
110,110217,2,2,0,trial.validspatial,682,1
110,110217,1,2,0,trial.validspatial,636,1
110,110217,1,1,400,trial.validspatial,429,1
110,110217,1,1,NaN,trial.nocue,663,1
110,110217,1,2,0,trial.validspatial,622,1
110,110217,1,1,NaN,trial.nocue,566,1
110,110217,2,2,0,trial.validspatial,773,1
110,110217,2,1,800,trial.invalid,825,1
110,110217,2,2,NaN,trial.nocue,764,1
110,110217,1,2,400,trial.invalid,1033,1
110,110217,2,2,0,trial.doublecue,939,1
110,110217,1,2,NaN,trial.nocue,697,1
110,110217,1,1,400,trial.validspatial,501,1
110,110217,1,1,800,trial.validspatial,541,1
110,110217,2,1,NaN,trial.nocue,572,1
110,110217,1,1,800,trial.doublecue,464,1
110,110217,2,2,0,trial.doublecue,571,0
110,110217,1,1,0,trial.invalid,635,1
110,110217,1,1,0,trial.invalid,762,1
110,110217,2,1,0,trial.validspatial,672,1
110,110217,2,1,0,trial.validspatial,501,1
110,110217,1,1,400,trial.doublecue,479,1
110,110217,2,2,800,trial.validspatial,777,0
110,110217,2,2,800,trial.validspatial,529,1
110,110217,2,2,0,trial.validspatial,648,1
110,110217,1,2,400,trial.validspatial,749,1
110,110217,2,2,800,trial.invalid,905,1
110,110217,1,2,0,trial.invalid,994,1
110,110217,2,1,400,trial.validspatial,539,1
110,110217,2,1,400,trial.validspatial,444,1
110,110217,2,1,NaN,trial.nocue,677,1
110,110217,2,2,NaN,trial.nocue,586,0
110,110217,2,1,NaN,trial.nocue,552,1
110,110217,1,1,800,trial.validspatial,453,1
110,110217,1,1,NaN,trial.nocue,530,1
110,110217,2,1,800,trial.doublecue,472,1
110,110217,2,2,NaN,trial.nocue,678,1
110,110217,1,2,400,trial.validspatial,668,0
110,110217,1,1,400,trial.doublecue,604,1
110,110217,2,2,400,trial.invalid,951,1
110,110217,1,1,NaN,trial.nocue,478,1
110,110217,2,1,800,trial.validspatial,394,1
110,110217,2,2,0,trial.validspatial,828,1
110,110217,2,1,800,trial.doublecue,627,1
110,110217,2,1,400,trial.validspatial,512,1
110,110217,2,2,400,trial.validspatial,579,1
110,110217,2,1,0,trial.doublecue,703,1
110,110217,2,2,400,trial.validspatial,668,1
110,110217,2,2,400,trial.invalid,815,1
110,110217,2,2,800,trial.doublecue,614,1
110,110217,1,2,400,trial.doublecue,830,1
110,110217,1,2,0,trial.validspatial,745,1
110,110217,1,2,NaN,trial.nocue,691,1
110,110217,1,1,800,trial.invalid,633,1
110,110217,2,2,800,trial.validspatial,879,1
110,110217,2,1,800,trial.validspatial,766,1
110,110217,2,1,0,trial.validspatial,657,1
110,110217,2,2,NaN,trial.nocue,685,1
110,110217,2,2,800,trial.validspatial,648,1
110,110217,1,1,400,trial.validspatial,588,1
110,110217,1,2,800,trial.invalid,746,1
110,110217,2,2,0,trial.validspatial,683,1
110,110217,2,2,800,trial.validspatial,653,1
110,110217,1,1,800,trial.validspatial,485,1
110,110217,2,1,NaN,trial.nocue,612,1
110,110217,1,2,NaN,trial.nocue,667,1
110,110217,1,2,800,trial.validspatial,524,0
110,110217,1,2,0,trial.validspatial,833,1
110,110217,2,2,0,trial.invalid,572,0
110,110217,1,1,NaN,trial.nocue,750,1
110,110217,2,2,800,trial.validspatial,614,1
110,110217,2,1,800,trial.validspatial,636,1
110,110217,2,1,0,trial.validspatial,527,1
110,110217,1,1,800,trial.doublecue,633,1
110,110217,2,2,800,trial.invalid,903,1
110,110217,1,2,400,trial.validspatial,416,0
110,110217,2,1,800,trial.validspatial,531,1
110,110217,1,2,400,trial.invalid,665,1
110,110217,1,1,800,trial.validspatial,540,1
110,110217,2,2,400,trial.doublecue,801,1
110,110217,1,1,0,trial.validspatial,566,1
110,110217,2,1,NaN,trial.nocue,536,1
110,110217,2,1,400,trial.invalid,666,1
110,110217,1,2,800,trial.invalid,882,1
110,110217,1,2,0,trial.doublecue,680,1
110,110217,1,1,400,trial.validspatial,505,1
110,110217,1,2,400,trial.validspatial,550,0
110,110217,1,1,0,trial.doublecue,533,1
110,110217,1,1,0,trial.doublecue,366,1
110,110217,1,2,NaN,trial.nocue,582,0
110,110217,2,1,400,trial.doublecue,467,1
110,110217,2,2,400,trial.validspatial,650,1
110,110217,2,2,800,trial.doublecue,538,0
110,110217,2,2,NaN,trial.nocue,911,1
110,110217,1,2,NaN,trial.nocue,846,1
110,110217,1,2,0,trial.doublecue,589,1
110,110217,2,1,800,trial.invalid,581,1
110,110217,1,2,0,trial.validspatial,609,1
110,110217,1,1,0,trial.validspatial,589,1
110,110217,2,1,0,trial.validspatial,531,1
110,110217,1,1,400,trial.invalid,617,1
110,110217,1,2,800,trial.doublecue,390,1
110,110217,2,2,0,trial.validspatial,449,0
110,110217,2,2,0,trial.invalid,996,1
110,110217,1,1,0,trial.validspatial,574,1
110,110217,1,1,400,trial.invalid,532,1
110,110217,2,1,800,trial.validspatial,450,1
110,110217,2,2,400,trial.doublecue,761,1
110,110217,2,1,0,trial.doublecue,587,1
110,110217,2,2,400,trial.validspatial,430,1
110,110217,1,1,NaN,trial.nocue,636,1
110,110217,2,1,0,trial.invalid,492,1
110,110217,1,2,800,trial.validspatial,635,1
110,110217,1,2,800,trial.doublecue,390,0
110,110217,2,1,400,trial.validspatial,537,1
110,110217,1,1,800,trial.validspatial,450,1
110,110217,1,2,800,trial.validspatial,475,0
110,110217,1,1,0,trial.validspatial,552,1
110,110217,1,2,400,trial.validspatial,790,1
110,110217,2,1,400,trial.invalid,673,1
110,110217,2,1,0,trial.invalid,517,1
110,110217,2,2,NaN,trial.nocue,513,0
110,110217,1,1,800,trial.validspatial,498,1
110,110217,2,2,400,trial.validspatial,580,1
110,110217,2,1,NaN,trial.nocue,464,1
110,110217,1,1,400,trial.validspatial,678,1
110,110217,1,2,NaN,trial.nocue,699,1
110,110217,1,2,0,trial.validspatial,463,0
110,110217,1,2,800,trial.validspatial,482,1
110,110217,1,1,0,trial.validspatial,559,1
110,110217,1,1,400,trial.validspatial,377,1
110,110217,1,1,0,trial.validspatial,539,1
110,110217,1,2,0,trial.invalid,841,0
110,110217,1,2,800,trial.validspatial,643,1
110,110217,1,2,400,trial.validspatial,693,0
110,110217,1,2,400,trial.doublecue,587,0
110,110217,2,2,400,trial.validspatial,638,1
110,110217,2,1,400,trial.doublecue,637,1
110,110217,2,1,0,trial.validspatial,500,1
110,110217,2,1,400,trial.validspatial,378,1
110,110217,1,2,800,trial.validspatial,599,1
110,110217,1,1,800,trial.invalid,731,1
110,110217,2,1,400,trial.validspatial,490,1
110,110217,2,1,800,trial.validspatial,375,1
110,110217,2,2,0,trial.validspatial,507,1
110,110217,1,2,0,trial.validspatial,968,1
110,110217,1,1,400,trial.validspatial,448,1
110,110217,1,1,NaN,trial.nocue,384,1
110,110217,1,2,0,trial.validspatial,534,1
110,110217,1,1,NaN,trial.nocue,501,1
110,110217,2,2,0,trial.validspatial,451,0
110,110217,2,1,800,trial.invalid,523,1
110,110217,2,2,NaN,trial.nocue,507,0
110,110217,1,2,400,trial.invalid,896,1
110,110217,2,2,0,trial.doublecue,807,1
110,110217,1,2,NaN,trial.nocue,674,1
110,110217,1,1,400,trial.validspatial,416,1
110,110217,1,1,800,trial.validspatial,410,1
110,110217,2,1,NaN,trial.nocue,688,1
110,110217,1,1,800,trial.doublecue,654,1
110,110217,2,2,0,trial.doublecue,580,0
110,110217,1,1,0,trial.invalid,628,1
110,110217,1,1,0,trial.invalid,510,1
110,110217,2,1,0,trial.validspatial,523,1
110,110217,2,1,0,trial.validspatial,476,1
110,110217,1,1,400,trial.doublecue,520,1
110,110217,2,2,800,trial.validspatial,487,0
110,110217,2,2,800,trial.validspatial,500,1
110,110217,2,2,0,trial.validspatial,677,1
110,110217,1,2,400,trial.validspatial,464,0
110,110217,2,2,800,trial.invalid,725,1
110,110217,1,2,0,trial.invalid,445,0
110,110217,2,1,400,trial.validspatial,479,1
110,110217,2,1,400,trial.validspatial,406,1
110,110217,2,1,NaN,trial.nocue,490,1
110,110217,2,2,NaN,trial.nocue,695,0
110,110217,2,1,NaN,trial.nocue,784,1
110,110217,1,1,800,trial.validspatial,480,1
110,110217,1,1,NaN,trial.nocue,470,1
110,110217,2,1,800,trial.doublecue,402,1
110,110217,2,2,NaN,trial.nocue,624,1
110,110217,1,2,400,trial.validspatial,652,1
110,110217,1,1,400,trial.doublecue,539,1
110,110217,2,2,400,trial.invalid,518,0
110,110217,1,1,NaN,trial.nocue,488,1
110,110217,2,1,800,trial.validspatial,417,1
110,110217,2,2,0,trial.validspatial,445,0
110,110217,2,1,800,trial.doublecue,506,1
110,110217,2,1,400,trial.validspatial,427,1
110,110217,2,2,400,trial.validspatial,467,0
110,110217,2,1,0,trial.doublecue,450,1
110,110217,2,2,400,trial.validspatial,416,0
110,110217,2,2,400,trial.invalid,859,1
110,110217,2,2,800,trial.doublecue,586,0
110,110217,1,2,400,trial.doublecue,630,1
110,110217,1,2,0,trial.validspatial,794,1
110,110217,1,2,NaN,trial.nocue,713,1
110,110217,1,1,800,trial.invalid,642,1
110,110217,2,2,800,trial.validspatial,675,1
110,110217,2,1,800,trial.validspatial,423,1
110,110217,2,1,0,trial.validspatial,585,1
110,110217,2,2,NaN,trial.nocue,832,1
110,110217,2,2,800,trial.validspatial,508,1
110,110217,1,1,400,trial.validspatial,1700,0
110,110217,1,2,800,trial.invalid,561,0
110,110217,2,2,0,trial.validspatial,913,1
110,110217,2,2,800,trial.validspatial,647,1
110,110217,1,1,800,trial.validspatial,585,0
110,110217,2,1,NaN,trial.nocue,485,0
110,110217,1,2,NaN,trial.nocue,576,1
110,110217,1,2,800,trial.validspatial,488,1
110,110217,1,2,0,trial.validspatial,551,1
110,110217,2,2,0,trial.invalid,444,1
110,110217,1,1,NaN,trial.nocue,461,1
110,110217,2,2,800,trial.validspatial,555,1
110,110217,2,1,800,trial.validspatial,422,1
110,110217,2,1,0,trial.validspatial,426,1
110,110217,1,1,800,trial.doublecue,645,1
110,110217,2,2,800,trial.invalid,532,1
110,110217,1,2,400,trial.validspatial,418,1
110,110217,2,1,800,trial.validspatial,464,1
110,110217,1,2,400,trial.invalid,513,1
110,110217,1,1,800,trial.validspatial,602,1
110,110217,2,2,400,trial.doublecue,423,0
110,110217,1,1,0,trial.validspatial,575,1
110,110217,2,1,NaN,trial.nocue,691,1
110,110217,2,1,400,trial.invalid,813,1
110,110217,1,2,800,trial.invalid,530,0
110,110217,1,2,0,trial.doublecue,552,0
110,110217,1,1,400,trial.validspatial,514,1
110,110217,1,2,400,trial.validspatial,454,1
110,110217,1,1,0,trial.doublecue,517,1
110,110217,1,1,0,trial.doublecue,512,1
110,110217,1,2,NaN,trial.nocue,456,0
110,110217,2,1,400,trial.doublecue,526,1
110,110217,2,2,400,trial.validspatial,700,1
110,110217,2,2,800,trial.doublecue,501,1
110,110217,2,2,NaN,trial.nocue,561,1
110,110217,1,2,NaN,trial.nocue,510,1
110,110217,1,2,0,trial.doublecue,508,1
110,110217,2,1,800,trial.invalid,555,1
110,110217,1,2,0,trial.validspatial,619,1
110,110217,1,1,0,trial.validspatial,668,1
110,110217,2,1,0,trial.validspatial,649,1
110,110217,1,1,400,trial.invalid,599,0
110,110217,1,2,800,trial.doublecue,475,1
110,110217,2,2,0,trial.validspatial,576,1
110,110217,2,2,0,trial.invalid,779,1
110,110217,1,1,0,trial.validspatial,791,1
110,110217,1,1,400,trial.invalid,618,1
110,110217,2,1,800,trial.validspatial,500,1
110,110217,2,2,400,trial.doublecue,466,1
110,110217,2,1,0,trial.doublecue,565,1
110,110217,2,2,400,trial.validspatial,515,0
110,110217,1,1,NaN,trial.nocue,474,0
110,110217,2,1,0,trial.invalid,624,1
110,110217,1,2,800,trial.validspatial,672,1
110,110217,1,2,800,trial.doublecue,826,1
110,110217,2,1,400,trial.validspatial,465,1
110,110217,1,1,800,trial.validspatial,449,0
110,110217,1,2,800,trial.validspatial,638,1
110,110217,1,1,0,trial.validspatial,459,1
110,110217,1,2,400,trial.validspatial,581,1
110,110217,2,1,400,trial.invalid,457,1
110,110217,2,1,0,trial.invalid,599,1
110,110217,2,2,NaN,trial.nocue,819,1
110,110217,1,1,800,trial.validspatial,617,1
110,110217,2,2,400,trial.validspatial,498,1
110,110217,2,1,NaN,trial.nocue,652,1
110,110217,1,1,400,trial.validspatial,846,1
110,110217,1,2,NaN,trial.nocue,501,1
110,110217,1,2,0,trial.validspatial,543,1
110,110217,1,2,800,trial.validspatial,408,1
110,110217,1,1,0,trial.validspatial,472,1
110,110217,1,1,400,trial.validspatial,697,0
