subject,date,location_congruence_val,flanker_congruence_val,cue_target_interval,cue_condition,latency,values.correct
273,80717,1,1,0,trial.validspatial,606,1
273,80717,1,2,0,trial.invalid,582,1
273,80717,1,2,800,trial.validspatial,609,1
273,80717,1,2,400,trial.validspatial,1700,0
273,80717,1,2,400,trial.doublecue,1094,1
273,80717,2,2,400,trial.validspatial,386,0
273,80717,2,1,400,trial.doublecue,544,0
273,80717,2,1,0,trial.validspatial,1700,0
273,80717,2,1,400,trial.validspatial,327,0
273,80717,1,2,800,trial.validspatial,470,1
273,80717,1,1,800,trial.invalid,608,1
273,80717,2,1,400,trial.validspatial,1700,0
273,80717,2,1,800,trial.validspatial,1700,0
273,80717,2,2,0,trial.validspatial,615,0
273,80717,1,2,0,trial.validspatial,468,1
273,80717,1,1,400,trial.validspatial,340,1
273,80717,1,1,NaN,trial.nocue,423,1
273,80717,1,2,0,trial.validspatial,411,1
273,80717,1,1,NaN,trial.nocue,336,1
273,80717,2,2,0,trial.validspatial,322,0
273,80717,2,1,800,trial.invalid,485,0
273,80717,2,2,NaN,trial.nocue,449,0
273,80717,1,2,400,trial.invalid,541,1
273,80717,2,2,0,trial.doublecue,492,0
273,80717,1,2,NaN,trial.nocue,511,1
273,80717,1,1,400,trial.validspatial,140,0
273,80717,1,1,800,trial.validspatial,1700,0
273,80717,2,1,NaN,trial.nocue,510,0
273,80717,1,1,800,trial.doublecue,425,1
273,80717,2,2,0,trial.doublecue,364,0
273,80717,1,1,0,trial.invalid,692,1
273,80717,1,1,0,trial.invalid,606,1
273,80717,2,1,0,trial.validspatial,381,0
273,80717,2,1,0,trial.validspatial,377,0
273,80717,1,1,400,trial.doublecue,456,1
273,80717,2,2,800,trial.validspatial,1700,0
273,80717,2,2,800,trial.validspatial,425,0
273,80717,2,2,0,trial.validspatial,787,0
273,80717,1,2,400,trial.validspatial,682,1
273,80717,2,2,800,trial.invalid,408,0
273,80717,1,2,0,trial.invalid,160,0
273,80717,2,1,400,trial.validspatial,1124,0
273,80717,2,1,400,trial.validspatial,1141,0
273,80717,2,1,NaN,trial.nocue,884,0
273,80717,2,2,NaN,trial.nocue,1170,1
273,80717,2,1,NaN,trial.nocue,839,0
273,80717,1,1,800,trial.validspatial,486,1
273,80717,1,1,NaN,trial.nocue,607,1
273,80717,2,1,800,trial.doublecue,461,0
273,80717,2,2,NaN,trial.nocue,1700,0
273,80717,1,2,400,trial.validspatial,532,1
273,80717,1,1,400,trial.doublecue,609,1
273,80717,2,2,400,trial.invalid,275,1
273,80717,1,1,NaN,trial.nocue,493,1
273,80717,2,1,800,trial.validspatial,510,0
273,80717,2,2,0,trial.validspatial,61,1
273,80717,2,1,800,trial.doublecue,643,0
273,80717,2,1,400,trial.validspatial,354,0
273,80717,2,2,400,trial.validspatial,376,0
273,80717,2,1,0,trial.doublecue,558,0
273,80717,2,2,400,trial.validspatial,387,0
273,80717,2,2,400,trial.invalid,467,0
273,80717,2,2,800,trial.doublecue,399,0
273,80717,1,2,400,trial.doublecue,457,1
273,80717,1,2,0,trial.validspatial,333,1
273,80717,1,2,NaN,trial.nocue,484,1
273,80717,1,1,800,trial.invalid,506,1
273,80717,2,2,800,trial.validspatial,438,0
273,80717,2,1,800,trial.validspatial,379,0
273,80717,2,1,0,trial.validspatial,494,0
273,80717,2,2,NaN,trial.nocue,474,0
273,80717,2,2,800,trial.validspatial,357,0
273,80717,1,1,400,trial.validspatial,222,1
273,80717,1,2,800,trial.invalid,1028,1
273,80717,2,2,0,trial.validspatial,1700,0
273,80717,2,2,800,trial.validspatial,757,0
273,80717,1,1,800,trial.validspatial,472,1
273,80717,2,1,NaN,trial.nocue,1700,0
273,80717,1,2,NaN,trial.nocue,501,1
273,80717,1,2,800,trial.validspatial,465,1
273,80717,1,2,0,trial.validspatial,495,1
273,80717,2,2,0,trial.invalid,544,0
273,80717,1,1,NaN,trial.nocue,589,1
273,80717,2,2,800,trial.validspatial,547,0
273,80717,2,1,800,trial.validspatial,763,0
273,80717,2,1,0,trial.validspatial,805,0
273,80717,1,1,800,trial.doublecue,429,1
273,80717,2,2,800,trial.invalid,269,1
273,80717,1,2,400,trial.validspatial,320,1
273,80717,2,1,800,trial.validspatial,502,0
273,80717,1,2,400,trial.invalid,83,0
273,80717,1,1,800,trial.validspatial,379,1
273,80717,2,2,400,trial.doublecue,417,0
273,80717,1,1,0,trial.validspatial,401,1
273,80717,2,1,NaN,trial.nocue,1700,0
273,80717,2,1,400,trial.invalid,1700,0
273,80717,1,2,800,trial.invalid,399,1
273,80717,1,2,0,trial.doublecue,437,1
273,80717,1,1,400,trial.validspatial,295,1
273,80717,1,2,400,trial.validspatial,469,1
273,80717,1,1,0,trial.doublecue,571,1
273,80717,1,1,0,trial.doublecue,597,1
273,80717,1,2,NaN,trial.nocue,1700,0
273,80717,2,1,400,trial.doublecue,450,0
273,80717,2,2,400,trial.validspatial,355,0
273,80717,2,2,800,trial.doublecue,405,0
273,80717,2,2,NaN,trial.nocue,550,0
273,80717,1,2,NaN,trial.nocue,555,1
273,80717,1,2,0,trial.doublecue,993,0
273,80717,2,1,800,trial.invalid,648,0
273,80717,1,2,0,trial.validspatial,360,1
273,80717,1,1,0,trial.validspatial,410,1
273,80717,2,1,0,trial.validspatial,420,0
273,80717,1,1,400,trial.invalid,509,1
273,80717,1,2,800,trial.doublecue,453,1
273,80717,2,2,0,trial.validspatial,35,0
273,80717,2,2,0,trial.invalid,1366,1
273,80717,1,1,0,trial.validspatial,414,1
273,80717,1,1,400,trial.invalid,443,1
273,80717,2,1,800,trial.validspatial,534,0
273,80717,2,2,400,trial.doublecue,944,0
273,80717,2,1,0,trial.doublecue,1700,0
273,80717,2,2,400,trial.validspatial,1700,0
273,80717,1,1,NaN,trial.nocue,658,1
273,80717,2,1,0,trial.invalid,523,0
273,80717,1,2,800,trial.validspatial,450,1
273,80717,1,2,800,trial.doublecue,453,1
273,80717,2,1,400,trial.validspatial,471,0
273,80717,1,1,800,trial.validspatial,444,1
273,80717,1,2,800,trial.validspatial,375,1
273,80717,1,1,0,trial.validspatial,804,1
273,80717,1,2,400,trial.validspatial,635,1
273,80717,2,1,400,trial.invalid,606,0
273,80717,2,1,0,trial.invalid,696,0
273,80717,2,2,NaN,trial.nocue,424,0
273,80717,1,1,800,trial.validspatial,458,1
273,80717,2,2,400,trial.validspatial,284,0
273,80717,2,1,NaN,trial.nocue,757,0
273,80717,1,1,400,trial.validspatial,1700,0
273,80717,1,2,NaN,trial.nocue,1492,1
273,80717,1,2,0,trial.validspatial,497,1
273,80717,1,2,800,trial.validspatial,458,1
273,80717,1,1,0,trial.validspatial,486,1
273,80717,1,1,400,trial.validspatial,335,1
273,80717,1,1,0,trial.validspatial,482,1
273,80717,1,2,0,trial.invalid,640,1
273,80717,1,2,800,trial.validspatial,604,1
273,80717,1,2,400,trial.validspatial,271,1
273,80717,1,2,400,trial.doublecue,1700,0
273,80717,2,2,400,trial.validspatial,307,0
273,80717,2,1,400,trial.doublecue,590,0
273,80717,2,1,0,trial.validspatial,1700,0
273,80717,2,1,400,trial.validspatial,297,0
273,80717,1,2,800,trial.validspatial,436,1
273,80717,1,1,800,trial.invalid,472,1
273,80717,2,1,400,trial.validspatial,351,0
273,80717,2,1,800,trial.validspatial,433,0
273,80717,2,2,0,trial.validspatial,547,0
273,80717,1,2,0,trial.validspatial,386,1
273,80717,1,1,400,trial.validspatial,464,1
273,80717,1,1,NaN,trial.nocue,578,1
273,80717,1,2,0,trial.validspatial,632,1
273,80717,1,1,NaN,trial.nocue,500,1
273,80717,2,2,0,trial.validspatial,407,0
273,80717,2,1,800,trial.invalid,103,0
273,80717,2,2,NaN,trial.nocue,542,0
273,80717,1,2,400,trial.invalid,398,1
273,80717,2,2,0,trial.doublecue,577,0
273,80717,1,2,NaN,trial.nocue,418,1
273,80717,1,1,400,trial.validspatial,375,1
273,80717,1,1,800,trial.validspatial,522,1
273,80717,2,1,NaN,trial.nocue,528,0
273,80717,1,1,800,trial.doublecue,1700,0
273,80717,2,2,0,trial.doublecue,1556,0
273,80717,1,1,0,trial.invalid,518,1
273,80717,1,1,0,trial.invalid,322,1
273,80717,2,1,0,trial.validspatial,590,0
273,80717,2,1,0,trial.validspatial,537,0
273,80717,1,1,400,trial.doublecue,567,1
273,80717,2,2,800,trial.validspatial,429,0
273,80717,2,2,800,trial.validspatial,485,0
273,80717,2,2,0,trial.validspatial,957,0
273,80717,1,2,400,trial.validspatial,298,1
273,80717,2,2,800,trial.invalid,394,1
273,80717,1,2,0,trial.invalid,866,1
273,80717,2,1,400,trial.validspatial,465,0
273,80717,2,1,400,trial.validspatial,454,0
273,80717,2,1,NaN,trial.nocue,612,0
273,80717,2,2,NaN,trial.nocue,1700,0
273,80717,2,1,NaN,trial.nocue,1700,0
273,80717,1,1,800,trial.validspatial,624,1
273,80717,1,1,NaN,trial.nocue,671,1
273,80717,2,1,800,trial.doublecue,1700,0
273,80717,2,2,NaN,trial.nocue,475,0
273,80717,1,2,400,trial.validspatial,1700,0
273,80717,1,1,400,trial.doublecue,431,1
273,80717,2,2,400,trial.invalid,410,0
273,80717,1,1,NaN,trial.nocue,842,1
273,80717,2,1,800,trial.validspatial,1700,0
273,80717,2,2,0,trial.validspatial,1700,0
273,80717,2,1,800,trial.doublecue,681,0
273,80717,2,1,400,trial.validspatial,479,0
273,80717,2,2,400,trial.validspatial,347,0
273,80717,2,1,0,trial.doublecue,557,0
273,80717,2,2,400,trial.validspatial,720,0
273,80717,2,2,400,trial.invalid,142,1
273,80717,2,2,800,trial.doublecue,803,0
273,80717,1,2,400,trial.doublecue,436,1
273,80717,1,2,0,trial.validspatial,495,1
273,80717,1,2,NaN,trial.nocue,760,1
273,80717,1,1,800,trial.invalid,464,1
273,80717,2,2,800,trial.validspatial,546,0
273,80717,2,1,800,trial.validspatial,409,0
273,80717,2,1,0,trial.validspatial,540,0
273,80717,2,2,NaN,trial.nocue,447,0
273,80717,2,2,800,trial.validspatial,455,0
273,80717,1,1,400,trial.validspatial,885,0
273,80717,1,2,800,trial.invalid,1700,0
273,80717,2,2,0,trial.validspatial,983,1
273,80717,2,2,800,trial.validspatial,621,1
273,80717,1,1,800,trial.validspatial,459,1
273,80717,2,1,NaN,trial.nocue,531,1
273,80717,1,2,NaN,trial.nocue,727,0
273,80717,1,2,800,trial.validspatial,303,0
273,80717,1,2,0,trial.validspatial,568,0
273,80717,2,2,0,trial.invalid,1700,0
273,80717,1,1,NaN,trial.nocue,654,1
273,80717,2,2,800,trial.validspatial,616,1
273,80717,2,1,800,trial.validspatial,1098,0
273,80717,2,1,0,trial.validspatial,1094,0
273,80717,1,1,800,trial.doublecue,765,0
273,80717,2,2,800,trial.invalid,1700,0
273,80717,1,2,400,trial.validspatial,1700,0
273,80717,2,1,800,trial.validspatial,403,1
273,80717,1,2,400,trial.invalid,508,1
273,80717,1,1,800,trial.validspatial,633,1
273,80717,2,2,400,trial.doublecue,651,0
273,80717,1,1,0,trial.validspatial,457,0
273,80717,2,1,NaN,trial.nocue,562,0
273,80717,2,1,400,trial.invalid,1700,0
273,80717,1,2,800,trial.invalid,659,0
273,80717,1,2,0,trial.doublecue,1120,1
273,80717,1,1,400,trial.validspatial,251,1
273,80717,1,2,400,trial.validspatial,729,1
273,80717,1,1,0,trial.doublecue,549,0
273,80717,1,1,0,trial.doublecue,660,1
273,80717,1,2,NaN,trial.nocue,499,0
273,80717,2,1,400,trial.doublecue,755,1
273,80717,2,2,400,trial.validspatial,1700,0
273,80717,2,2,800,trial.doublecue,644,0
273,80717,2,2,NaN,trial.nocue,1700,0
273,80717,1,2,NaN,trial.nocue,1700,0
273,80717,1,2,0,trial.doublecue,460,0
273,80717,2,1,800,trial.invalid,350,0
273,80717,1,2,0,trial.validspatial,578,0
273,80717,1,1,0,trial.validspatial,440,1
273,80717,2,1,0,trial.validspatial,561,0
273,80717,1,1,400,trial.invalid,689,1
273,80717,1,2,800,trial.doublecue,1700,0
273,80717,2,2,0,trial.validspatial,197,0
273,80717,2,2,0,trial.invalid,491,0
273,80717,1,1,0,trial.validspatial,650,0
273,80717,1,1,400,trial.invalid,783,0
273,80717,2,1,800,trial.validspatial,672,1
273,80717,2,2,400,trial.doublecue,1700,0
273,80717,2,1,0,trial.doublecue,66,0
273,80717,2,2,400,trial.validspatial,557,0
273,80717,1,1,NaN,trial.nocue,328,1
273,80717,2,1,0,trial.invalid,409,1
273,80717,1,2,800,trial.validspatial,370,0
273,80717,1,2,800,trial.doublecue,1700,0
273,80717,2,1,400,trial.validspatial,285,0
273,80717,1,1,800,trial.validspatial,411,0
273,80717,1,2,800,trial.validspatial,465,0
273,80717,1,1,0,trial.validspatial,562,0
273,80717,1,2,400,trial.validspatial,638,0
273,80717,2,1,400,trial.invalid,585,0
273,80717,2,1,0,trial.invalid,340,0
273,80717,2,2,NaN,trial.nocue,485,0
273,80717,1,1,800,trial.validspatial,71,1
273,80717,2,2,400,trial.validspatial,436,1
273,80717,2,1,NaN,trial.nocue,536,1
273,80717,1,1,400,trial.validspatial,506,1
273,80717,1,2,NaN,trial.nocue,433,1
273,80717,1,2,0,trial.validspatial,466,0
273,80717,1,2,800,trial.validspatial,1302,0
273,80717,1,1,0,trial.validspatial,1700,0
273,80717,1,1,400,trial.validspatial,1700,0
