subject,date,location_congruence_val,flanker_congruence_val,cue_target_interval,cue_condition,latency,values.correct
158,80717,1,1,0,trial.validspatial,1075,1
158,80717,1,2,0,trial.invalid,1215,1
158,80717,1,2,800,trial.validspatial,793,1
158,80717,1,2,400,trial.validspatial,675,1
158,80717,1,2,400,trial.doublecue,425,1
158,80717,2,2,400,trial.validspatial,493,0
158,80717,2,1,400,trial.doublecue,600,0
158,80717,2,1,0,trial.validspatial,631,0
158,80717,2,1,400,trial.validspatial,452,0
158,80717,1,2,800,trial.validspatial,352,1
158,80717,1,1,800,trial.invalid,613,1
158,80717,2,1,400,trial.validspatial,415,1
158,80717,2,1,800,trial.validspatial,410,1
158,80717,2,2,0,trial.validspatial,730,1
158,80717,1,2,0,trial.validspatial,419,0
158,80717,1,1,400,trial.validspatial,476,1
158,80717,1,1,NaN,trial.nocue,632,1
158,80717,1,2,0,trial.validspatial,502,0
158,80717,1,1,NaN,trial.nocue,886,1
158,80717,2,2,0,trial.validspatial,390,0
158,80717,2,1,800,trial.invalid,554,0
158,80717,2,2,NaN,trial.nocue,887,0
158,80717,1,2,400,trial.invalid,435,1
158,80717,2,2,0,trial.doublecue,633,0
158,80717,1,2,NaN,trial.nocue,629,1
158,80717,1,1,400,trial.validspatial,453,1
158,80717,1,1,800,trial.validspatial,342,1
158,80717,2,1,NaN,trial.nocue,668,1
158,80717,1,1,800,trial.doublecue,388,1
158,80717,2,2,0,trial.doublecue,1125,1
158,80717,1,1,0,trial.invalid,496,1
158,80717,1,1,0,trial.invalid,513,1
158,80717,2,1,0,trial.validspatial,637,1
158,80717,2,1,0,trial.validspatial,571,1
158,80717,1,1,400,trial.doublecue,445,1
158,80717,2,2,800,trial.validspatial,367,0
158,80717,2,2,800,trial.validspatial,485,0
158,80717,2,2,0,trial.validspatial,886,1
158,80717,1,2,400,trial.validspatial,948,1
158,80717,2,2,800,trial.invalid,724,1
158,80717,1,2,0,trial.invalid,468,0
158,80717,2,1,400,trial.validspatial,605,1
158,80717,2,1,400,trial.validspatial,610,1
158,80717,2,1,NaN,trial.nocue,725,1
158,80717,2,2,NaN,trial.nocue,913,1
158,80717,2,1,NaN,trial.nocue,533,1
158,80717,1,1,800,trial.validspatial,706,1
158,80717,1,1,NaN,trial.nocue,666,1
158,80717,2,1,800,trial.doublecue,598,1
158,80717,2,2,NaN,trial.nocue,832,1
158,80717,1,2,400,trial.validspatial,577,1
158,80717,1,1,400,trial.doublecue,416,1
158,80717,2,2,400,trial.invalid,947,0
158,80717,1,1,NaN,trial.nocue,591,1
158,80717,2,1,800,trial.validspatial,689,0
158,80717,2,2,0,trial.validspatial,437,0
158,80717,2,1,800,trial.doublecue,650,1
158,80717,2,1,400,trial.validspatial,432,1
158,80717,2,2,400,trial.validspatial,688,1
158,80717,2,1,0,trial.doublecue,515,0
158,80717,2,2,400,trial.validspatial,816,0
158,80717,2,2,400,trial.invalid,715,1
158,80717,2,2,800,trial.doublecue,545,1
158,80717,1,2,400,trial.doublecue,433,0
158,80717,1,2,0,trial.validspatial,951,1
158,80717,1,2,NaN,trial.nocue,798,1
158,80717,1,1,800,trial.invalid,708,1
158,80717,2,2,800,trial.validspatial,516,1
158,80717,2,1,800,trial.validspatial,556,1
158,80717,2,1,0,trial.validspatial,758,1
158,80717,2,2,NaN,trial.nocue,855,1
158,80717,2,2,800,trial.validspatial,614,1
158,80717,1,1,400,trial.validspatial,453,1
158,80717,1,2,800,trial.invalid,503,1
158,80717,2,2,0,trial.validspatial,774,1
158,80717,2,2,800,trial.validspatial,909,0
158,80717,1,1,800,trial.validspatial,666,1
158,80717,2,1,NaN,trial.nocue,584,1
158,80717,1,2,NaN,trial.nocue,758,1
158,80717,1,2,800,trial.validspatial,580,1
158,80717,1,2,0,trial.validspatial,665,1
158,80717,2,2,0,trial.invalid,694,0
158,80717,1,1,NaN,trial.nocue,642,1
158,80717,2,2,800,trial.validspatial,1700,0
158,80717,2,1,800,trial.validspatial,476,1
158,80717,2,1,0,trial.validspatial,419,1
158,80717,1,1,800,trial.doublecue,1324,1
158,80717,2,2,800,trial.invalid,709,1
158,80717,1,2,400,trial.validspatial,539,1
158,80717,2,1,800,trial.validspatial,560,1
158,80717,1,2,400,trial.invalid,551,0
158,80717,1,1,800,trial.validspatial,394,1
158,80717,2,2,400,trial.doublecue,714,1
158,80717,1,1,0,trial.validspatial,803,1
158,80717,2,1,NaN,trial.nocue,593,1
158,80717,2,1,400,trial.invalid,680,1
158,80717,1,2,800,trial.invalid,851,1
158,80717,1,2,0,trial.doublecue,759,0
158,80717,1,1,400,trial.validspatial,486,1
158,80717,1,2,400,trial.validspatial,625,1
158,80717,1,1,0,trial.doublecue,459,1
158,80717,1,1,0,trial.doublecue,548,1
158,80717,1,2,NaN,trial.nocue,760,1
158,80717,2,1,400,trial.doublecue,694,0
158,80717,2,2,400,trial.validspatial,766,1
158,80717,2,2,800,trial.doublecue,610,1
158,80717,2,2,NaN,trial.nocue,593,1
158,80717,1,2,NaN,trial.nocue,712,1
158,80717,1,2,0,trial.doublecue,618,1
158,80717,2,1,800,trial.invalid,783,0
158,80717,1,2,0,trial.validspatial,553,1
158,80717,1,1,0,trial.validspatial,501,1
158,80717,2,1,0,trial.validspatial,488,1
158,80717,1,1,400,trial.invalid,567,1
158,80717,1,2,800,trial.doublecue,563,1
158,80717,2,2,0,trial.validspatial,930,1
158,80717,2,2,0,trial.invalid,604,1
158,80717,1,1,0,trial.validspatial,622,1
158,80717,1,1,400,trial.invalid,430,1
158,80717,2,1,800,trial.validspatial,438,1
158,80717,2,2,400,trial.doublecue,928,1
158,80717,2,1,0,trial.doublecue,513,1
158,80717,2,2,400,trial.validspatial,524,1
158,80717,1,1,NaN,trial.nocue,521,1
158,80717,2,1,0,trial.invalid,451,1
158,80717,1,2,800,trial.validspatial,424,0
158,80717,1,2,800,trial.doublecue,1034,1
158,80717,2,1,400,trial.validspatial,888,1
158,80717,1,1,800,trial.validspatial,444,1
158,80717,1,2,800,trial.validspatial,574,1
158,80717,1,1,0,trial.validspatial,583,1
158,80717,1,2,400,trial.validspatial,610,1
158,80717,2,1,400,trial.invalid,739,1
158,80717,2,1,0,trial.invalid,512,1
158,80717,2,2,NaN,trial.nocue,650,1
158,80717,1,1,800,trial.validspatial,459,1
158,80717,2,2,400,trial.validspatial,309,0
158,80717,2,1,NaN,trial.nocue,510,1
158,80717,1,1,400,trial.validspatial,488,1
158,80717,1,2,NaN,trial.nocue,649,1
158,80717,1,2,0,trial.validspatial,729,1
158,80717,1,2,800,trial.validspatial,489,1
158,80717,1,1,0,trial.validspatial,436,1
158,80717,1,1,400,trial.validspatial,398,1
158,80717,1,1,0,trial.validspatial,432,1
158,80717,1,2,0,trial.invalid,910,1
158,80717,1,2,800,trial.validspatial,494,1
158,80717,1,2,400,trial.validspatial,379,1
158,80717,1,2,400,trial.doublecue,850,1
158,80717,2,2,400,trial.validspatial,545,1
158,80717,2,1,400,trial.doublecue,600,1
158,80717,2,1,0,trial.validspatial,551,1
158,80717,2,1,400,trial.validspatial,551,1
158,80717,1,2,800,trial.validspatial,306,0
158,80717,1,1,800,trial.invalid,563,1
158,80717,2,1,400,trial.validspatial,481,1
158,80717,2,1,800,trial.validspatial,415,1
158,80717,2,2,0,trial.validspatial,771,1
158,80717,1,2,0,trial.validspatial,526,0
158,80717,1,1,400,trial.validspatial,337,1
158,80717,1,1,NaN,trial.nocue,359,1
158,80717,1,2,0,trial.validspatial,639,1
158,80717,1,1,NaN,trial.nocue,432,1
158,80717,2,2,0,trial.validspatial,689,1
158,80717,2,1,800,trial.invalid,1399,1
158,80717,2,2,NaN,trial.nocue,459,0
158,80717,1,2,400,trial.invalid,917,1
158,80717,2,2,0,trial.doublecue,739,1
158,80717,1,2,NaN,trial.nocue,632,1
158,80717,1,1,400,trial.validspatial,493,1
158,80717,1,1,800,trial.validspatial,362,1
158,80717,2,1,NaN,trial.nocue,540,1
158,80717,1,1,800,trial.doublecue,463,1
158,80717,2,2,0,trial.doublecue,914,1
158,80717,1,1,0,trial.invalid,577,1
158,80717,1,1,0,trial.invalid,446,1
158,80717,2,1,0,trial.validspatial,495,0
158,80717,2,1,0,trial.validspatial,460,0
158,80717,1,1,400,trial.doublecue,506,1
158,80717,2,2,800,trial.validspatial,843,1
158,80717,2,2,800,trial.validspatial,957,1
158,80717,2,2,0,trial.validspatial,781,1
158,80717,1,2,400,trial.validspatial,553,1
158,80717,2,2,800,trial.invalid,476,0
158,80717,1,2,0,trial.invalid,752,1
158,80717,2,1,400,trial.validspatial,615,1
158,80717,2,1,400,trial.validspatial,412,1
158,80717,2,1,NaN,trial.nocue,564,1
158,80717,2,2,NaN,trial.nocue,743,1
158,80717,2,1,NaN,trial.nocue,402,1
158,80717,1,1,800,trial.validspatial,574,1
158,80717,1,1,NaN,trial.nocue,517,1
158,80717,2,1,800,trial.doublecue,714,1
158,80717,2,2,NaN,trial.nocue,852,1
158,80717,1,2,400,trial.validspatial,379,0
158,80717,1,1,400,trial.doublecue,443,1
158,80717,2,2,400,trial.invalid,375,0
158,80717,1,1,NaN,trial.nocue,463,1
158,80717,2,1,800,trial.validspatial,589,1
158,80717,2,2,0,trial.validspatial,695,1
158,80717,2,1,800,trial.doublecue,527,1
158,80717,2,1,400,trial.validspatial,403,1
158,80717,2,2,400,trial.validspatial,591,1
158,80717,2,1,0,trial.doublecue,486,1
158,80717,2,2,400,trial.validspatial,708,1
158,80717,2,2,400,trial.invalid,877,1
158,80717,2,2,800,trial.doublecue,790,1
158,80717,1,2,400,trial.doublecue,597,1
158,80717,1,2,0,trial.validspatial,652,1
158,80717,1,2,NaN,trial.nocue,746,1
158,80717,1,1,800,trial.invalid,666,1
158,80717,2,2,800,trial.validspatial,548,1
158,80717,2,1,800,trial.validspatial,359,1
158,80717,2,1,0,trial.validspatial,473,1
158,80717,2,2,NaN,trial.nocue,864,1
158,80717,2,2,800,trial.validspatial,485,1
158,80717,1,1,400,trial.validspatial,1700,0
158,80717,1,2,800,trial.invalid,457,1
158,80717,2,2,0,trial.validspatial,710,1
158,80717,2,2,800,trial.validspatial,582,1
158,80717,1,1,800,trial.validspatial,617,1
158,80717,2,1,NaN,trial.nocue,661,1
158,80717,1,2,NaN,trial.nocue,376,0
158,80717,1,2,800,trial.validspatial,544,1
158,80717,1,2,0,trial.validspatial,478,1
158,80717,2,2,0,trial.invalid,362,1
158,80717,1,1,NaN,trial.nocue,516,1
158,80717,2,2,800,trial.validspatial,440,1
158,80717,2,1,800,trial.validspatial,474,1
158,80717,2,1,0,trial.validspatial,407,1
158,80717,1,1,800,trial.doublecue,406,0
158,80717,2,2,800,trial.invalid,726,1
158,80717,1,2,400,trial.validspatial,410,1
158,80717,2,1,800,trial.validspatial,373,1
158,80717,1,2,400,trial.invalid,502,0
158,80717,1,1,800,trial.validspatial,432,1
158,80717,2,2,400,trial.doublecue,801,1
158,80717,1,1,0,trial.validspatial,649,0
158,80717,2,1,NaN,trial.nocue,514,0
158,80717,2,1,400,trial.invalid,630,1
158,80717,1,2,800,trial.invalid,452,0
158,80717,1,2,0,trial.doublecue,595,1
158,80717,1,1,400,trial.validspatial,702,1
158,80717,1,2,400,trial.validspatial,456,1
158,80717,1,1,0,trial.doublecue,699,1
158,80717,1,1,0,trial.doublecue,442,1
158,80717,1,2,NaN,trial.nocue,545,0
158,80717,2,1,400,trial.doublecue,487,1
158,80717,2,2,400,trial.validspatial,694,1
158,80717,2,2,800,trial.doublecue,485,1
158,80717,2,2,NaN,trial.nocue,441,1
158,80717,1,2,NaN,trial.nocue,463,1
158,80717,1,2,0,trial.doublecue,746,1
158,80717,2,1,800,trial.invalid,702,1
158,80717,1,2,0,trial.validspatial,592,0
158,80717,1,1,0,trial.validspatial,492,1
158,80717,2,1,0,trial.validspatial,794,0
158,80717,1,1,400,trial.invalid,980,1
158,80717,1,2,800,trial.doublecue,675,1
158,80717,2,2,0,trial.validspatial,545,1
158,80717,2,2,0,trial.invalid,623,1
158,80717,1,1,0,trial.validspatial,802,1
158,80717,1,1,400,trial.invalid,634,1
158,80717,2,1,800,trial.validspatial,627,1
158,80717,2,2,400,trial.doublecue,566,1
158,80717,2,1,0,trial.doublecue,900,1
158,80717,2,2,400,trial.validspatial,556,0
158,80717,1,1,NaN,trial.nocue,797,1
158,80717,2,1,0,trial.invalid,694,1
158,80717,1,2,800,trial.validspatial,940,1
158,80717,1,2,800,trial.doublecue,651,1
158,80717,2,1,400,trial.validspatial,558,1
158,80717,1,1,800,trial.validspatial,775,1
158,80717,1,2,800,trial.validspatial,944,1
158,80717,1,1,0,trial.validspatial,426,1
158,80717,1,2,400,trial.validspatial,574,1
158,80717,2,1,400,trial.invalid,550,1
158,80717,2,1,0,trial.invalid,550,1
158,80717,2,2,NaN,trial.nocue,771,1
158,80717,1,1,800,trial.validspatial,732,1
158,80717,2,2,400,trial.validspatial,642,1
158,80717,2,1,NaN,trial.nocue,672,1
158,80717,1,1,400,trial.validspatial,681,1
158,80717,1,2,NaN,trial.nocue,587,1
158,80717,1,2,0,trial.validspatial,558,1
158,80717,1,2,800,trial.validspatial,393,1
158,80717,1,1,0,trial.validspatial,471,1
158,80717,1,1,400,trial.validspatial,709,1
