subject,date,location_congruence_val,flanker_congruence_val,cue_target_interval,cue_condition,latency,values.correct
40,40217,1,1,0,trial.validspatial,854,1
40,40217,1,2,0,trial.invalid,1119,1
40,40217,1,2,800,trial.validspatial,840,1
40,40217,1,2,400,trial.validspatial,922,1
40,40217,1,2,400,trial.doublecue,996,1
40,40217,2,2,400,trial.validspatial,750,1
40,40217,2,1,400,trial.doublecue,858,1
40,40217,2,1,0,trial.validspatial,665,1
40,40217,2,1,400,trial.validspatial,631,1
40,40217,1,2,800,trial.validspatial,898,1
40,40217,1,1,800,trial.invalid,751,1
40,40217,2,1,400,trial.validspatial,753,1
40,40217,2,1,800,trial.validspatial,625,1
40,40217,2,2,0,trial.validspatial,818,1
40,40217,1,2,0,trial.validspatial,841,1
40,40217,1,1,400,trial.validspatial,634,1
40,40217,1,1,NaN,trial.nocue,733,1
40,40217,1,2,0,trial.validspatial,753,1
40,40217,1,1,NaN,trial.nocue,821,1
40,40217,2,2,0,trial.validspatial,890,1
40,40217,2,1,800,trial.invalid,896,1
40,40217,2,2,NaN,trial.nocue,991,1
40,40217,1,2,400,trial.invalid,973,1
40,40217,2,2,0,trial.doublecue,881,1
40,40217,1,2,NaN,trial.nocue,914,1
40,40217,1,1,400,trial.validspatial,932,1
40,40217,1,1,800,trial.validspatial,802,1
40,40217,2,1,NaN,trial.nocue,818,1
40,40217,1,1,800,trial.doublecue,695,1
40,40217,2,2,0,trial.doublecue,937,1
40,40217,1,1,0,trial.invalid,785,1
40,40217,1,1,0,trial.invalid,820,1
40,40217,2,1,0,trial.validspatial,781,1
40,40217,2,1,0,trial.validspatial,884,1
40,40217,1,1,400,trial.doublecue,836,1
40,40217,2,2,800,trial.validspatial,887,1
40,40217,2,2,800,trial.validspatial,747,1
40,40217,2,2,0,trial.validspatial,868,1
40,40217,1,2,400,trial.validspatial,820,1
40,40217,2,2,800,trial.invalid,796,1
40,40217,1,2,0,trial.invalid,1190,1
40,40217,2,1,400,trial.validspatial,885,1
40,40217,2,1,400,trial.validspatial,814,1
40,40217,2,1,NaN,trial.nocue,919,1
40,40217,2,2,NaN,trial.nocue,1007,1
40,40217,2,1,NaN,trial.nocue,778,1
40,40217,1,1,800,trial.validspatial,788,1
40,40217,1,1,NaN,trial.nocue,791,1
40,40217,2,1,800,trial.doublecue,753,1
40,40217,2,2,NaN,trial.nocue,997,1
40,40217,1,2,400,trial.validspatial,845,1
40,40217,1,1,400,trial.doublecue,845,1
40,40217,2,2,400,trial.invalid,998,1
40,40217,1,1,NaN,trial.nocue,757,1
40,40217,2,1,800,trial.validspatial,725,1
40,40217,2,2,0,trial.validspatial,945,1
40,40217,2,1,800,trial.doublecue,783,1
40,40217,2,1,400,trial.validspatial,664,1
40,40217,2,2,400,trial.validspatial,748,1
40,40217,2,1,0,trial.doublecue,874,1
40,40217,2,2,400,trial.validspatial,889,1
40,40217,2,2,400,trial.invalid,927,1
40,40217,2,2,800,trial.doublecue,889,1
40,40217,1,2,400,trial.doublecue,873,1
40,40217,1,2,0,trial.validspatial,966,1
40,40217,1,2,NaN,trial.nocue,832,1
40,40217,1,1,800,trial.invalid,551,1
40,40217,2,2,800,trial.validspatial,578,1
40,40217,2,1,800,trial.validspatial,434,1
40,40217,2,1,0,trial.validspatial,550,1
40,40217,2,2,NaN,trial.nocue,738,1
40,40217,2,2,800,trial.validspatial,576,1
40,40217,1,1,400,trial.validspatial,617,1
40,40217,1,2,800,trial.invalid,921,1
40,40217,2,2,0,trial.validspatial,856,1
40,40217,2,2,800,trial.validspatial,650,1
40,40217,1,1,800,trial.validspatial,615,1
40,40217,2,1,NaN,trial.nocue,693,1
40,40217,1,2,NaN,trial.nocue,742,1
40,40217,1,2,800,trial.validspatial,793,1
40,40217,1,2,0,trial.validspatial,758,1
40,40217,2,2,0,trial.invalid,863,1
40,40217,1,1,NaN,trial.nocue,790,1
40,40217,2,2,800,trial.validspatial,542,1
40,40217,2,1,800,trial.validspatial,473,1
40,40217,2,1,0,trial.validspatial,635,1
40,40217,1,1,800,trial.doublecue,649,1
40,40217,2,2,800,trial.invalid,886,1
40,40217,1,2,400,trial.validspatial,759,1
40,40217,2,1,800,trial.validspatial,673,1
40,40217,1,2,400,trial.invalid,877,1
40,40217,1,1,800,trial.validspatial,740,1
40,40217,2,2,400,trial.doublecue,912,1
40,40217,1,1,0,trial.validspatial,839,1
40,40217,2,1,NaN,trial.nocue,719,1
40,40217,2,1,400,trial.invalid,656,1
40,40217,1,2,800,trial.invalid,905,1
40,40217,1,2,0,trial.doublecue,867,1
40,40217,1,1,400,trial.validspatial,599,1
40,40217,1,2,400,trial.validspatial,677,1
40,40217,1,1,0,trial.doublecue,669,1
40,40217,1,1,0,trial.doublecue,663,1
40,40217,1,2,NaN,trial.nocue,818,1
40,40217,2,1,400,trial.doublecue,658,1
40,40217,2,2,400,trial.validspatial,794,1
40,40217,2,2,800,trial.doublecue,770,1
40,40217,2,2,NaN,trial.nocue,1055,1
40,40217,1,2,NaN,trial.nocue,771,1
40,40217,1,2,0,trial.doublecue,828,1
40,40217,2,1,800,trial.invalid,754,1
40,40217,1,2,0,trial.validspatial,727,1
40,40217,1,1,0,trial.validspatial,610,1
40,40217,2,1,0,trial.validspatial,683,1
40,40217,1,1,400,trial.invalid,663,1
40,40217,1,2,800,trial.doublecue,836,1
40,40217,2,2,0,trial.validspatial,774,1
40,40217,2,2,0,trial.invalid,1182,1
40,40217,1,1,0,trial.validspatial,617,1
40,40217,1,1,400,trial.invalid,564,1
40,40217,2,1,800,trial.validspatial,520,1
40,40217,2,2,400,trial.doublecue,717,1
40,40217,2,1,0,trial.doublecue,680,1
40,40217,2,2,400,trial.validspatial,661,1
40,40217,1,1,NaN,trial.nocue,782,1
40,40217,2,1,0,trial.invalid,667,1
40,40217,1,2,800,trial.validspatial,796,1
40,40217,1,2,800,trial.doublecue,592,1
40,40217,2,1,400,trial.validspatial,724,1
40,40217,1,1,800,trial.validspatial,515,1
40,40217,1,2,800,trial.validspatial,629,1
40,40217,1,1,0,trial.validspatial,671,1
40,40217,1,2,400,trial.validspatial,773,1
40,40217,2,1,400,trial.invalid,716,1
40,40217,2,1,0,trial.invalid,690,1
40,40217,2,2,NaN,trial.nocue,751,1
40,40217,1,1,800,trial.validspatial,691,1
40,40217,2,2,400,trial.validspatial,731,1
40,40217,2,1,NaN,trial.nocue,725,1
40,40217,1,1,400,trial.validspatial,707,1
40,40217,1,2,NaN,trial.nocue,769,1
40,40217,1,2,0,trial.validspatial,767,1
40,40217,1,2,800,trial.validspatial,703,1
40,40217,1,1,0,trial.validspatial,808,1
40,40217,1,1,400,trial.validspatial,749,1
40,40217,1,1,0,trial.validspatial,660,1
40,40217,1,2,0,trial.invalid,915,1
40,40217,1,2,800,trial.validspatial,770,1
40,40217,1,2,400,trial.validspatial,762,1
40,40217,1,2,400,trial.doublecue,703,1
40,40217,2,2,400,trial.validspatial,810,1
40,40217,2,1,400,trial.doublecue,780,1
40,40217,2,1,0,trial.validspatial,749,1
40,40217,2,1,400,trial.validspatial,568,1
40,40217,1,2,800,trial.validspatial,597,1
40,40217,1,1,800,trial.invalid,612,1
40,40217,2,1,400,trial.validspatial,593,1
40,40217,2,1,800,trial.validspatial,475,1
40,40217,2,2,0,trial.validspatial,906,1
40,40217,1,2,0,trial.validspatial,856,1
40,40217,1,1,400,trial.validspatial,645,1
40,40217,1,1,NaN,trial.nocue,687,1
40,40217,1,2,0,trial.validspatial,797,1
40,40217,1,1,NaN,trial.nocue,729,1
40,40217,2,2,0,trial.validspatial,787,1
40,40217,2,1,800,trial.invalid,739,1
40,40217,2,2,NaN,trial.nocue,841,1
40,40217,1,2,400,trial.invalid,896,1
40,40217,2,2,0,trial.doublecue,1007,1
40,40217,1,2,NaN,trial.nocue,887,1
40,40217,1,1,400,trial.validspatial,830,1
40,40217,1,1,800,trial.validspatial,507,1
40,40217,2,1,NaN,trial.nocue,721,1
40,40217,1,1,800,trial.doublecue,633,1
40,40217,2,2,0,trial.doublecue,867,1
40,40217,1,1,0,trial.invalid,819,1
40,40217,1,1,0,trial.invalid,759,1
40,40217,2,1,0,trial.validspatial,728,1
40,40217,2,1,0,trial.validspatial,758,1
40,40217,1,1,400,trial.doublecue,785,1
40,40217,2,2,800,trial.validspatial,783,1
40,40217,2,2,800,trial.validspatial,713,1
40,40217,2,2,0,trial.validspatial,864,1
40,40217,1,2,400,trial.validspatial,769,1
40,40217,2,2,800,trial.invalid,748,1
40,40217,1,2,0,trial.invalid,894,1
40,40217,2,1,400,trial.validspatial,661,1
40,40217,2,1,400,trial.validspatial,719,1
40,40217,2,1,NaN,trial.nocue,768,1
40,40217,2,2,NaN,trial.nocue,911,1
40,40217,2,1,NaN,trial.nocue,681,1
40,40217,1,1,800,trial.validspatial,663,1
40,40217,1,1,NaN,trial.nocue,767,1
40,40217,2,1,800,trial.doublecue,600,1
40,40217,2,2,NaN,trial.nocue,890,1
40,40217,1,2,400,trial.validspatial,692,1
40,40217,1,1,400,trial.doublecue,654,1
40,40217,2,2,400,trial.invalid,788,1
40,40217,1,1,NaN,trial.nocue,739,1
40,40217,2,1,800,trial.validspatial,618,1
40,40217,2,2,0,trial.validspatial,923,1
40,40217,2,1,800,trial.doublecue,618,1
40,40217,2,1,400,trial.validspatial,574,1
40,40217,2,2,400,trial.validspatial,642,1
40,40217,2,1,0,trial.doublecue,779,1
40,40217,2,2,400,trial.validspatial,761,1
40,40217,2,2,400,trial.invalid,778,1
40,40217,2,2,800,trial.doublecue,739,1
40,40217,1,2,400,trial.doublecue,714,1
40,40217,1,2,0,trial.validspatial,820,1
40,40217,1,2,NaN,trial.nocue,816,1
40,40217,1,1,800,trial.invalid,678,1
40,40217,2,2,800,trial.validspatial,775,1
40,40217,2,1,800,trial.validspatial,620,1
40,40217,2,1,0,trial.validspatial,818,1
40,40217,2,2,NaN,trial.nocue,714,1
40,40217,2,2,800,trial.validspatial,850,1
40,40217,1,1,400,trial.validspatial,1700,0
40,40217,1,2,800,trial.invalid,683,1
40,40217,2,2,0,trial.validspatial,812,1
40,40217,2,2,800,trial.validspatial,680,1
40,40217,1,1,800,trial.validspatial,828,1
40,40217,2,1,NaN,trial.nocue,758,1
40,40217,1,2,NaN,trial.nocue,731,1
40,40217,1,2,800,trial.validspatial,707,1
40,40217,1,2,0,trial.validspatial,663,1
40,40217,2,2,0,trial.invalid,529,1
40,40217,1,1,NaN,trial.nocue,865,1
40,40217,2,2,800,trial.validspatial,573,1
40,40217,2,1,800,trial.validspatial,555,1
40,40217,2,1,0,trial.validspatial,497,1
40,40217,1,1,800,trial.doublecue,988,1
40,40217,2,2,800,trial.invalid,818,1
40,40217,1,2,400,trial.validspatial,602,1
40,40217,2,1,800,trial.validspatial,651,1
40,40217,1,2,400,trial.invalid,782,1
40,40217,1,1,800,trial.validspatial,589,1
40,40217,2,2,400,trial.doublecue,697,1
40,40217,1,1,0,trial.validspatial,600,1
40,40217,2,1,NaN,trial.nocue,730,1
40,40217,2,1,400,trial.invalid,717,1
40,40217,1,2,800,trial.invalid,832,1
40,40217,1,2,0,trial.doublecue,896,1
40,40217,1,1,400,trial.validspatial,628,1
40,40217,1,2,400,trial.validspatial,496,1
40,40217,1,1,0,trial.doublecue,595,1
40,40217,1,1,0,trial.doublecue,541,1
40,40217,1,2,NaN,trial.nocue,786,1
40,40217,2,1,400,trial.doublecue,563,1
40,40217,2,2,400,trial.validspatial,606,1
40,40217,2,2,800,trial.doublecue,552,1
40,40217,2,2,NaN,trial.nocue,654,1
40,40217,1,2,NaN,trial.nocue,636,1
40,40217,1,2,0,trial.doublecue,790,1
40,40217,2,1,800,trial.invalid,851,1
40,40217,1,2,0,trial.validspatial,749,1
40,40217,1,1,0,trial.validspatial,661,1
40,40217,2,1,0,trial.validspatial,651,1
40,40217,1,1,400,trial.invalid,829,1
40,40217,1,2,800,trial.doublecue,716,1
40,40217,2,2,0,trial.validspatial,782,1
40,40217,2,2,0,trial.invalid,698,1
40,40217,1,1,0,trial.validspatial,762,1
40,40217,1,1,400,trial.invalid,587,1
40,40217,2,1,800,trial.validspatial,516,1
40,40217,2,2,400,trial.doublecue,568,1
40,40217,2,1,0,trial.doublecue,572,1
40,40217,2,2,400,trial.validspatial,787,1
40,40217,1,1,NaN,trial.nocue,692,1
40,40217,2,1,0,trial.invalid,646,1
40,40217,1,2,800,trial.validspatial,904,1
40,40217,1,2,800,trial.doublecue,807,1
40,40217,2,1,400,trial.validspatial,505,1
40,40217,1,1,800,trial.validspatial,762,1
40,40217,1,2,800,trial.validspatial,751,1
40,40217,1,1,0,trial.validspatial,601,1
40,40217,1,2,400,trial.validspatial,751,1
40,40217,2,1,400,trial.invalid,630,1
40,40217,2,1,0,trial.invalid,683,1
40,40217,2,2,NaN,trial.nocue,757,1
40,40217,1,1,800,trial.validspatial,710,1
40,40217,2,2,400,trial.validspatial,840,1
40,40217,2,1,NaN,trial.nocue,700,1
40,40217,1,1,400,trial.validspatial,732,1
40,40217,1,2,NaN,trial.nocue,628,1
40,40217,1,2,0,trial.validspatial,656,1
40,40217,1,2,800,trial.validspatial,606,1
40,40217,1,1,0,trial.validspatial,683,1
40,40217,1,1,400,trial.validspatial,793,1
