subject,date,location_congruence_val,flanker_congruence_val,cue_target_interval,cue_condition,latency,values.correct
15,21317,1,1,0,trial.validspatial,1068,1
15,21317,1,2,0,trial.invalid,1022,1
15,21317,1,2,800,trial.validspatial,718,1
15,21317,1,2,400,trial.validspatial,869,1
15,21317,1,2,400,trial.doublecue,1149,1
15,21317,2,2,400,trial.validspatial,1030,1
15,21317,2,1,400,trial.doublecue,721,1
15,21317,2,1,0,trial.validspatial,734,1
15,21317,2,1,400,trial.validspatial,678,1
15,21317,1,2,800,trial.validspatial,757,1
15,21317,1,1,800,trial.invalid,726,1
15,21317,2,1,400,trial.validspatial,998,1
15,21317,2,1,800,trial.validspatial,805,1
15,21317,2,2,0,trial.validspatial,809,1
15,21317,1,2,0,trial.validspatial,804,1
15,21317,1,1,400,trial.validspatial,591,1
15,21317,1,1,NaN,trial.nocue,609,1
15,21317,1,2,0,trial.validspatial,730,1
15,21317,1,1,NaN,trial.nocue,660,1
15,21317,2,2,0,trial.validspatial,799,1
15,21317,2,1,800,trial.invalid,967,1
15,21317,2,2,NaN,trial.nocue,1089,1
15,21317,1,2,400,trial.invalid,915,1
15,21317,2,2,0,trial.doublecue,911,1
15,21317,1,2,NaN,trial.nocue,828,1
15,21317,1,1,400,trial.validspatial,610,1
15,21317,1,1,800,trial.validspatial,520,1
15,21317,2,1,NaN,trial.nocue,626,1
15,21317,1,1,800,trial.doublecue,906,1
15,21317,2,2,0,trial.doublecue,1700,0
15,21317,1,1,0,trial.invalid,663,1
15,21317,1,1,0,trial.invalid,630,1
15,21317,2,1,0,trial.validspatial,583,1
15,21317,2,1,0,trial.validspatial,503,1
15,21317,1,1,400,trial.doublecue,405,1
15,21317,2,2,800,trial.validspatial,622,1
15,21317,2,2,800,trial.validspatial,954,1
15,21317,2,2,0,trial.validspatial,569,1
15,21317,1,2,400,trial.validspatial,772,1
15,21317,2,2,800,trial.invalid,513,0
15,21317,1,2,0,trial.invalid,708,1
15,21317,2,1,400,trial.validspatial,465,1
15,21317,2,1,400,trial.validspatial,491,1
15,21317,2,1,NaN,trial.nocue,669,1
15,21317,2,2,NaN,trial.nocue,1009,1
15,21317,2,1,NaN,trial.nocue,526,1
15,21317,1,1,800,trial.validspatial,647,1
15,21317,1,1,NaN,trial.nocue,381,1
15,21317,2,1,800,trial.doublecue,568,1
15,21317,2,2,NaN,trial.nocue,1242,1
15,21317,1,2,400,trial.validspatial,692,1
15,21317,1,1,400,trial.doublecue,489,1
15,21317,2,2,400,trial.invalid,882,1
15,21317,1,1,NaN,trial.nocue,677,1
15,21317,2,1,800,trial.validspatial,645,1
15,21317,2,2,0,trial.validspatial,757,1
15,21317,2,1,800,trial.doublecue,624,1
15,21317,2,1,400,trial.validspatial,576,1
15,21317,2,2,400,trial.validspatial,915,1
15,21317,2,1,0,trial.doublecue,756,1
15,21317,2,2,400,trial.validspatial,760,1
15,21317,2,2,400,trial.invalid,1007,1
15,21317,2,2,800,trial.doublecue,678,1
15,21317,1,2,400,trial.doublecue,567,1
15,21317,1,2,0,trial.validspatial,821,1
15,21317,1,2,NaN,trial.nocue,758,1
15,21317,1,1,800,trial.invalid,712,1
15,21317,2,2,800,trial.validspatial,682,1
15,21317,2,1,800,trial.validspatial,495,1
15,21317,2,1,0,trial.validspatial,519,1
15,21317,2,2,NaN,trial.nocue,1039,1
15,21317,2,2,800,trial.validspatial,560,1
15,21317,1,1,400,trial.validspatial,401,1
15,21317,1,2,800,trial.invalid,733,1
15,21317,2,2,0,trial.validspatial,588,0
15,21317,2,2,800,trial.validspatial,659,1
15,21317,1,1,800,trial.validspatial,542,1
15,21317,2,1,NaN,trial.nocue,591,1
15,21317,1,2,NaN,trial.nocue,883,1
15,21317,1,2,800,trial.validspatial,747,1
15,21317,1,2,0,trial.validspatial,753,1
15,21317,2,2,0,trial.invalid,612,0
15,21317,1,1,NaN,trial.nocue,540,1
15,21317,2,2,800,trial.validspatial,756,1
15,21317,2,1,800,trial.validspatial,588,1
15,21317,2,1,0,trial.validspatial,523,1
15,21317,1,1,800,trial.doublecue,628,1
15,21317,2,2,800,trial.invalid,478,0
15,21317,1,2,400,trial.validspatial,928,1
15,21317,2,1,800,trial.validspatial,700,0
15,21317,1,2,400,trial.invalid,1324,1
15,21317,1,1,800,trial.validspatial,595,1
15,21317,2,2,400,trial.doublecue,790,1
15,21317,1,1,0,trial.validspatial,713,1
15,21317,2,1,NaN,trial.nocue,651,1
15,21317,2,1,400,trial.invalid,708,1
15,21317,1,2,800,trial.invalid,621,0
15,21317,1,2,0,trial.doublecue,1039,1
15,21317,1,1,400,trial.validspatial,570,1
15,21317,1,2,400,trial.validspatial,903,1
15,21317,1,1,0,trial.doublecue,759,1
15,21317,1,1,0,trial.doublecue,812,1
15,21317,1,2,NaN,trial.nocue,1020,1
15,21317,2,1,400,trial.doublecue,674,1
15,21317,2,2,400,trial.validspatial,555,1
15,21317,2,2,800,trial.doublecue,666,1
15,21317,2,2,NaN,trial.nocue,747,1
15,21317,1,2,NaN,trial.nocue,1058,1
15,21317,1,2,0,trial.doublecue,850,1
15,21317,2,1,800,trial.invalid,789,1
15,21317,1,2,0,trial.validspatial,820,1
15,21317,1,1,0,trial.validspatial,672,1
15,21317,2,1,0,trial.validspatial,531,1
15,21317,1,1,400,trial.invalid,681,1
15,21317,1,2,800,trial.doublecue,817,1
15,21317,2,2,0,trial.validspatial,944,1
15,21317,2,2,0,trial.invalid,769,1
15,21317,1,1,0,trial.validspatial,683,1
15,21317,1,1,400,trial.invalid,718,1
15,21317,2,1,800,trial.validspatial,636,1
15,21317,2,2,400,trial.doublecue,1020,1
15,21317,2,1,0,trial.doublecue,584,1
15,21317,2,2,400,trial.validspatial,906,1
15,21317,1,1,NaN,trial.nocue,631,1
15,21317,2,1,0,trial.invalid,560,1
15,21317,1,2,800,trial.validspatial,950,1
15,21317,1,2,800,trial.doublecue,931,1
15,21317,2,1,400,trial.validspatial,648,1
15,21317,1,1,800,trial.validspatial,579,1
15,21317,1,2,800,trial.validspatial,779,1
15,21317,1,1,0,trial.validspatial,613,1
15,21317,1,2,400,trial.validspatial,768,1
15,21317,2,1,400,trial.invalid,763,1
15,21317,2,1,0,trial.invalid,1030,1
15,21317,2,2,NaN,trial.nocue,1700,0
15,21317,1,1,800,trial.validspatial,547,1
15,21317,2,2,400,trial.validspatial,955,1
15,21317,2,1,NaN,trial.nocue,635,1
15,21317,1,1,400,trial.validspatial,647,1
15,21317,1,2,NaN,trial.nocue,857,1
15,21317,1,2,0,trial.validspatial,921,1
15,21317,1,2,800,trial.validspatial,647,1
15,21317,1,1,0,trial.validspatial,712,1
15,21317,1,1,400,trial.validspatial,534,1
15,21317,1,1,0,trial.validspatial,629,1
15,21317,1,2,0,trial.invalid,994,1
15,21317,1,2,800,trial.validspatial,578,1
15,21317,1,2,400,trial.validspatial,664,1
15,21317,1,2,400,trial.doublecue,736,1
15,21317,2,2,400,trial.validspatial,616,1
15,21317,2,1,400,trial.doublecue,764,1
15,21317,2,1,0,trial.validspatial,496,1
15,21317,2,1,400,trial.validspatial,422,1
15,21317,1,2,800,trial.validspatial,782,1
15,21317,1,1,800,trial.invalid,650,1
15,21317,2,1,400,trial.validspatial,425,1
15,21317,2,1,800,trial.validspatial,697,1
15,21317,2,2,0,trial.validspatial,822,1
15,21317,1,2,0,trial.validspatial,794,1
15,21317,1,1,400,trial.validspatial,555,1
15,21317,1,1,NaN,trial.nocue,662,1
15,21317,1,2,0,trial.validspatial,887,1
15,21317,1,1,NaN,trial.nocue,531,1
15,21317,2,2,0,trial.validspatial,955,1
15,21317,2,1,800,trial.invalid,771,1
15,21317,2,2,NaN,trial.nocue,917,1
15,21317,1,2,400,trial.invalid,1190,1
15,21317,2,2,0,trial.doublecue,978,1
15,21317,1,2,NaN,trial.nocue,1080,1
15,21317,1,1,400,trial.validspatial,580,1
15,21317,1,1,800,trial.validspatial,532,1
15,21317,2,1,NaN,trial.nocue,574,1
15,21317,1,1,800,trial.doublecue,462,1
15,21317,2,2,0,trial.doublecue,947,1
15,21317,1,1,0,trial.invalid,549,1
15,21317,1,1,0,trial.invalid,567,1
15,21317,2,1,0,trial.validspatial,566,1
15,21317,2,1,0,trial.validspatial,540,1
15,21317,1,1,400,trial.doublecue,581,1
15,21317,2,2,800,trial.validspatial,948,1
15,21317,2,2,800,trial.validspatial,712,1
15,21317,2,2,0,trial.validspatial,671,1
15,21317,1,2,400,trial.validspatial,592,1
15,21317,2,2,800,trial.invalid,804,1
15,21317,1,2,0,trial.invalid,838,1
15,21317,2,1,400,trial.validspatial,557,1
15,21317,2,1,400,trial.validspatial,502,1
15,21317,2,1,NaN,trial.nocue,543,1
15,21317,2,2,NaN,trial.nocue,903,1
15,21317,2,1,NaN,trial.nocue,740,1
15,21317,1,1,800,trial.validspatial,558,1
15,21317,1,1,NaN,trial.nocue,628,1
15,21317,2,1,800,trial.doublecue,669,1
15,21317,2,2,NaN,trial.nocue,1166,1
15,21317,1,2,400,trial.validspatial,721,1
15,21317,1,1,400,trial.doublecue,565,1
15,21317,2,2,400,trial.invalid,960,1
15,21317,1,1,NaN,trial.nocue,850,1
15,21317,2,1,800,trial.validspatial,810,1
15,21317,2,2,0,trial.validspatial,849,1
15,21317,2,1,800,trial.doublecue,773,1
15,21317,2,1,400,trial.validspatial,509,1
15,21317,2,2,400,trial.validspatial,808,1
15,21317,2,1,0,trial.doublecue,649,1
15,21317,2,2,400,trial.validspatial,809,1
15,21317,2,2,400,trial.invalid,831,1
15,21317,2,2,800,trial.doublecue,638,1
15,21317,1,2,400,trial.doublecue,655,1
15,21317,1,2,0,trial.validspatial,939,1
15,21317,1,2,NaN,trial.nocue,877,1
15,21317,1,1,800,trial.invalid,736,1
15,21317,2,2,800,trial.validspatial,600,1
15,21317,2,1,800,trial.validspatial,597,1
15,21317,2,1,0,trial.validspatial,694,1
15,21317,2,2,NaN,trial.nocue,942,1
15,21317,2,2,800,trial.validspatial,766,1
15,21317,1,1,400,trial.validspatial,1700,0
15,21317,1,2,800,trial.invalid,557,1
15,21317,2,2,0,trial.validspatial,975,1
15,21317,2,2,800,trial.validspatial,646,1
15,21317,1,1,800,trial.validspatial,981,1
15,21317,2,1,NaN,trial.nocue,821,1
15,21317,1,2,NaN,trial.nocue,693,1
15,21317,1,2,800,trial.validspatial,601,1
15,21317,1,2,0,trial.validspatial,694,1
15,21317,2,2,0,trial.invalid,460,1
15,21317,1,1,NaN,trial.nocue,676,1
15,21317,2,2,800,trial.validspatial,854,1
15,21317,2,1,800,trial.validspatial,526,1
15,21317,2,1,0,trial.validspatial,492,1
15,21317,1,1,800,trial.doublecue,794,1
15,21317,2,2,800,trial.invalid,717,1
15,21317,1,2,400,trial.validspatial,621,1
15,21317,2,1,800,trial.validspatial,544,1
15,21317,1,2,400,trial.invalid,585,1
15,21317,1,1,800,trial.validspatial,621,1
15,21317,2,2,400,trial.doublecue,762,1
15,21317,1,1,0,trial.validspatial,698,1
15,21317,2,1,NaN,trial.nocue,918,1
15,21317,2,1,400,trial.invalid,1039,1
15,21317,1,2,800,trial.invalid,706,1
15,21317,1,2,0,trial.doublecue,581,1
15,21317,1,1,400,trial.validspatial,514,1
15,21317,1,2,400,trial.validspatial,641,1
15,21317,1,1,0,trial.doublecue,603,1
15,21317,1,1,0,trial.doublecue,595,1
15,21317,1,2,NaN,trial.nocue,719,0
15,21317,2,1,400,trial.doublecue,583,1
15,21317,2,2,400,trial.validspatial,555,1
15,21317,2,2,800,trial.doublecue,593,1
15,21317,2,2,NaN,trial.nocue,1700,0
15,21317,1,2,NaN,trial.nocue,569,1
15,21317,1,2,0,trial.doublecue,698,1
15,21317,2,1,800,trial.invalid,765,1
15,21317,1,2,0,trial.validspatial,787,1
15,21317,1,1,0,trial.validspatial,776,1
15,21317,2,1,0,trial.validspatial,819,1
15,21317,1,1,400,trial.invalid,903,1
15,21317,1,2,800,trial.doublecue,574,1
15,21317,2,2,0,trial.validspatial,734,1
15,21317,2,2,0,trial.invalid,648,1
15,21317,1,1,0,trial.validspatial,732,1
15,21317,1,1,400,trial.invalid,674,1
15,21317,2,1,800,trial.validspatial,505,1
15,21317,2,2,400,trial.doublecue,559,1
15,21317,2,1,0,trial.doublecue,648,1
15,21317,2,2,400,trial.validspatial,976,1
15,21317,1,1,NaN,trial.nocue,811,1
15,21317,2,1,0,trial.invalid,641,1
15,21317,1,2,800,trial.validspatial,1034,1
15,21317,1,2,800,trial.doublecue,605,1
15,21317,2,1,400,trial.validspatial,484,1
15,21317,1,1,800,trial.validspatial,652,1
15,21317,1,2,800,trial.validspatial,747,1
15,21317,1,1,0,trial.validspatial,467,1
15,21317,1,2,400,trial.validspatial,600,1
15,21317,2,1,400,trial.invalid,521,1
15,21317,2,1,0,trial.invalid,724,1
15,21317,2,2,NaN,trial.nocue,1019,1
15,21317,1,1,800,trial.validspatial,778,1
15,21317,2,2,400,trial.validspatial,779,1
15,21317,2,1,NaN,trial.nocue,1056,1
15,21317,1,1,400,trial.validspatial,954,1
15,21317,1,2,NaN,trial.nocue,836,1
15,21317,1,2,0,trial.validspatial,686,1
15,21317,1,2,800,trial.validspatial,578,1
15,21317,1,1,0,trial.validspatial,611,1
15,21317,1,1,400,trial.validspatial,983,1
