subject,date,location_congruence_val,flanker_congruence_val,cue_target_interval,cue_condition,latency,values.correct
6,21317,1,1,0,trial.validspatial,1006,1
6,21317,1,2,0,trial.invalid,1244,1
6,21317,1,2,800,trial.validspatial,855,1
6,21317,1,2,400,trial.validspatial,685,1
6,21317,1,2,400,trial.doublecue,815,1
6,21317,2,2,400,trial.validspatial,837,1
6,21317,2,1,400,trial.doublecue,785,1
6,21317,2,1,0,trial.validspatial,827,1
6,21317,2,1,400,trial.validspatial,704,1
6,21317,1,2,800,trial.validspatial,700,1
6,21317,1,1,800,trial.invalid,790,1
6,21317,2,1,400,trial.validspatial,815,1
6,21317,2,1,800,trial.validspatial,775,1
6,21317,2,2,0,trial.validspatial,794,1
6,21317,1,2,0,trial.validspatial,797,1
6,21317,1,1,400,trial.validspatial,605,1
6,21317,1,1,NaN,trial.nocue,594,1
6,21317,1,2,0,trial.validspatial,724,1
6,21317,1,1,NaN,trial.nocue,738,1
6,21317,2,2,0,trial.validspatial,797,1
6,21317,2,1,800,trial.invalid,973,1
6,21317,2,2,NaN,trial.nocue,746,1
6,21317,1,2,400,trial.invalid,1064,1
6,21317,2,2,0,trial.doublecue,739,1
6,21317,1,2,NaN,trial.nocue,714,1
6,21317,1,1,400,trial.validspatial,505,1
6,21317,1,1,800,trial.validspatial,408,1
6,21317,2,1,NaN,trial.nocue,793,1
6,21317,1,1,800,trial.doublecue,595,1
6,21317,2,2,0,trial.doublecue,702,1
6,21317,1,1,0,trial.invalid,659,1
6,21317,1,1,0,trial.invalid,490,1
6,21317,2,1,0,trial.validspatial,818,1
6,21317,2,1,0,trial.validspatial,622,1
6,21317,1,1,400,trial.doublecue,498,1
6,21317,2,2,800,trial.validspatial,555,1
6,21317,2,2,800,trial.validspatial,777,1
6,21317,2,2,0,trial.validspatial,588,1
6,21317,1,2,400,trial.validspatial,552,1
6,21317,2,2,800,trial.invalid,725,1
6,21317,1,2,0,trial.invalid,879,1
6,21317,2,1,400,trial.validspatial,651,1
6,21317,2,1,400,trial.validspatial,564,1
6,21317,2,1,NaN,trial.nocue,794,1
6,21317,2,2,NaN,trial.nocue,789,1
6,21317,2,1,NaN,trial.nocue,737,1
6,21317,1,1,800,trial.validspatial,513,1
6,21317,1,1,NaN,trial.nocue,518,1
6,21317,2,1,800,trial.doublecue,488,1
6,21317,2,2,NaN,trial.nocue,660,1
6,21317,1,2,400,trial.validspatial,536,1
6,21317,1,1,400,trial.doublecue,668,1
6,21317,2,2,400,trial.invalid,865,1
6,21317,1,1,NaN,trial.nocue,641,1
6,21317,2,1,800,trial.validspatial,765,1
6,21317,2,2,0,trial.validspatial,737,1
6,21317,2,1,800,trial.doublecue,714,1
6,21317,2,1,400,trial.validspatial,458,1
6,21317,2,2,400,trial.validspatial,555,1
6,21317,2,1,0,trial.doublecue,670,1
6,21317,2,2,400,trial.validspatial,573,1
6,21317,2,2,400,trial.invalid,737,1
6,21317,2,2,800,trial.doublecue,744,1
6,21317,1,2,400,trial.doublecue,758,1
6,21317,1,2,0,trial.validspatial,620,1
6,21317,1,2,NaN,trial.nocue,771,1
6,21317,1,1,800,trial.invalid,469,1
6,21317,2,2,800,trial.validspatial,629,1
6,21317,2,1,800,trial.validspatial,650,1
6,21317,2,1,0,trial.validspatial,761,1
6,21317,2,2,NaN,trial.nocue,655,1
6,21317,2,2,800,trial.validspatial,541,1
6,21317,1,1,400,trial.validspatial,375,1
6,21317,1,2,800,trial.invalid,696,1
6,21317,2,2,0,trial.validspatial,607,1
6,21317,2,2,800,trial.validspatial,640,1
6,21317,1,1,800,trial.validspatial,540,1
6,21317,2,1,NaN,trial.nocue,570,1
6,21317,1,2,NaN,trial.nocue,850,1
6,21317,1,2,800,trial.validspatial,634,1
6,21317,1,2,0,trial.validspatial,689,1
6,21317,2,2,0,trial.invalid,744,1
6,21317,1,1,NaN,trial.nocue,718,1
6,21317,2,2,800,trial.validspatial,686,1
6,21317,2,1,800,trial.validspatial,457,1
6,21317,2,1,0,trial.validspatial,678,1
6,21317,1,1,800,trial.doublecue,349,1
6,21317,2,2,800,trial.invalid,866,1
6,21317,1,2,400,trial.validspatial,538,1
6,21317,2,1,800,trial.validspatial,467,1
6,21317,1,2,400,trial.invalid,488,0
6,21317,1,1,800,trial.validspatial,695,1
6,21317,2,2,400,trial.doublecue,696,1
6,21317,1,1,0,trial.validspatial,550,1
6,21317,2,1,NaN,trial.nocue,619,1
6,21317,2,1,400,trial.invalid,658,1
6,21317,1,2,800,trial.invalid,855,1
6,21317,1,2,0,trial.doublecue,626,1
6,21317,1,1,400,trial.validspatial,534,1
6,21317,1,2,400,trial.validspatial,745,1
6,21317,1,1,0,trial.doublecue,493,1
6,21317,1,1,0,trial.doublecue,541,1
6,21317,1,2,NaN,trial.nocue,741,1
6,21317,2,1,400,trial.doublecue,921,1
6,21317,2,2,400,trial.validspatial,725,1
6,21317,2,2,800,trial.doublecue,706,1
6,21317,2,2,NaN,trial.nocue,733,1
6,21317,1,2,NaN,trial.nocue,601,1
6,21317,1,2,0,trial.doublecue,800,1
6,21317,2,1,800,trial.invalid,855,1
6,21317,1,2,0,trial.validspatial,801,1
6,21317,1,1,0,trial.validspatial,597,1
6,21317,2,1,0,trial.validspatial,660,1
6,21317,1,1,400,trial.invalid,813,1
6,21317,1,2,800,trial.doublecue,794,1
6,21317,2,2,0,trial.validspatial,681,1
6,21317,2,2,0,trial.invalid,834,1
6,21317,1,1,0,trial.validspatial,576,1
6,21317,1,1,400,trial.invalid,615,1
6,21317,2,1,800,trial.validspatial,701,1
6,21317,2,2,400,trial.doublecue,736,1
6,21317,2,1,0,trial.doublecue,671,1
6,21317,2,2,400,trial.validspatial,640,1
6,21317,1,1,NaN,trial.nocue,520,1
6,21317,2,1,0,trial.invalid,604,1
6,21317,1,2,800,trial.validspatial,592,1
6,21317,1,2,800,trial.doublecue,596,1
6,21317,2,1,400,trial.validspatial,724,1
6,21317,1,1,800,trial.validspatial,522,1
6,21317,1,2,800,trial.validspatial,644,1
6,21317,1,1,0,trial.validspatial,576,1
6,21317,1,2,400,trial.validspatial,704,1
6,21317,2,1,400,trial.invalid,710,1
6,21317,2,1,0,trial.invalid,623,1
6,21317,2,2,NaN,trial.nocue,629,1
6,21317,1,1,800,trial.validspatial,523,1
6,21317,2,2,400,trial.validspatial,590,1
6,21317,2,1,NaN,trial.nocue,995,1
6,21317,1,1,400,trial.validspatial,474,1
6,21317,1,2,NaN,trial.nocue,547,1
6,21317,1,2,0,trial.validspatial,620,1
6,21317,1,2,800,trial.validspatial,471,1
6,21317,1,1,0,trial.validspatial,497,1
6,21317,1,1,400,trial.validspatial,392,1
6,21317,1,1,0,trial.validspatial,557,1
6,21317,1,2,0,trial.invalid,983,1
6,21317,1,2,800,trial.validspatial,791,1
6,21317,1,2,400,trial.validspatial,664,1
6,21317,1,2,400,trial.doublecue,675,1
6,21317,2,2,400,trial.validspatial,586,1
6,21317,2,1,400,trial.doublecue,672,1
6,21317,2,1,0,trial.validspatial,705,1
6,21317,2,1,400,trial.validspatial,746,1
6,21317,1,2,800,trial.validspatial,915,1
6,21317,1,1,800,trial.invalid,673,1
6,21317,2,1,400,trial.validspatial,672,1
6,21317,2,1,800,trial.validspatial,467,1
6,21317,2,2,0,trial.validspatial,705,1
6,21317,1,2,0,trial.validspatial,809,1
6,21317,1,1,400,trial.validspatial,610,1
6,21317,1,1,NaN,trial.nocue,591,1
6,21317,1,2,0,trial.validspatial,782,1
6,21317,1,1,NaN,trial.nocue,565,1
6,21317,2,2,0,trial.validspatial,686,1
6,21317,2,1,800,trial.invalid,629,1
6,21317,2,2,NaN,trial.nocue,846,1
6,21317,1,2,400,trial.invalid,740,1
6,21317,2,2,0,trial.doublecue,827,1
6,21317,1,2,NaN,trial.nocue,738,1
6,21317,1,1,400,trial.validspatial,437,1
6,21317,1,1,800,trial.validspatial,414,1
6,21317,2,1,NaN,trial.nocue,613,1
6,21317,1,1,800,trial.doublecue,439,1
6,21317,2,2,0,trial.doublecue,631,1
6,21317,1,1,0,trial.invalid,647,1
6,21317,1,1,0,trial.invalid,611,1
6,21317,2,1,0,trial.validspatial,837,1
6,21317,2,1,0,trial.validspatial,711,1
6,21317,1,1,400,trial.doublecue,453,1
6,21317,2,2,800,trial.validspatial,572,1
6,21317,2,2,800,trial.validspatial,624,1
6,21317,2,2,0,trial.validspatial,594,1
6,21317,1,2,400,trial.validspatial,616,1
6,21317,2,2,800,trial.invalid,695,1
6,21317,1,2,0,trial.invalid,633,1
6,21317,2,1,400,trial.validspatial,683,1
6,21317,2,1,400,trial.validspatial,721,1
6,21317,2,1,NaN,trial.nocue,559,1
6,21317,2,2,NaN,trial.nocue,679,1
6,21317,2,1,NaN,trial.nocue,738,1
6,21317,1,1,800,trial.validspatial,470,1
6,21317,1,1,NaN,trial.nocue,510,1
6,21317,2,1,800,trial.doublecue,514,1
6,21317,2,2,NaN,trial.nocue,328,0
6,21317,1,2,400,trial.validspatial,644,1
6,21317,1,1,400,trial.doublecue,680,1
6,21317,2,2,400,trial.invalid,668,1
6,21317,1,1,NaN,trial.nocue,537,1
6,21317,2,1,800,trial.validspatial,603,1
6,21317,2,2,0,trial.validspatial,670,1
6,21317,2,1,800,trial.doublecue,708,1
6,21317,2,1,400,trial.validspatial,501,1
6,21317,2,2,400,trial.validspatial,611,1
6,21317,2,1,0,trial.doublecue,571,1
6,21317,2,2,400,trial.validspatial,587,1
6,21317,2,2,400,trial.invalid,699,1
6,21317,2,2,800,trial.doublecue,585,1
6,21317,1,2,400,trial.doublecue,729,1
6,21317,1,2,0,trial.validspatial,821,1
6,21317,1,2,NaN,trial.nocue,552,1
6,21317,1,1,800,trial.invalid,629,1
6,21317,2,2,800,trial.validspatial,669,1
6,21317,2,1,800,trial.validspatial,544,1
6,21317,2,1,0,trial.validspatial,834,1
6,21317,2,2,NaN,trial.nocue,686,1
6,21317,2,2,800,trial.validspatial,676,1
6,21317,1,1,400,trial.validspatial,1700,0
6,21317,1,2,800,trial.invalid,621,1
6,21317,2,2,0,trial.validspatial,824,1
6,21317,2,2,800,trial.validspatial,543,1
6,21317,1,1,800,trial.validspatial,632,1
6,21317,2,1,NaN,trial.nocue,658,1
6,21317,1,2,NaN,trial.nocue,684,1
6,21317,1,2,800,trial.validspatial,658,1
6,21317,1,2,0,trial.validspatial,699,1
6,21317,2,2,0,trial.invalid,452,1
6,21317,1,1,NaN,trial.nocue,650,1
6,21317,2,2,800,trial.validspatial,569,1
6,21317,2,1,800,trial.validspatial,545,1
6,21317,2,1,0,trial.validspatial,482,1
6,21317,1,1,800,trial.doublecue,724,1
6,21317,2,2,800,trial.invalid,687,1
6,21317,1,2,400,trial.validspatial,523,1
6,21317,2,1,800,trial.validspatial,503,1
6,21317,1,2,400,trial.invalid,708,1
6,21317,1,1,800,trial.validspatial,925,1
6,21317,2,2,400,trial.doublecue,769,1
6,21317,1,1,0,trial.validspatial,584,1
6,21317,2,1,NaN,trial.nocue,1191,1
6,21317,2,1,400,trial.invalid,708,1
6,21317,1,2,800,trial.invalid,732,1
6,21317,1,2,0,trial.doublecue,643,1
6,21317,1,1,400,trial.validspatial,456,1
6,21317,1,2,400,trial.validspatial,436,1
6,21317,1,1,0,trial.doublecue,637,1
6,21317,1,1,0,trial.doublecue,527,1
6,21317,1,2,NaN,trial.nocue,757,1
6,21317,2,1,400,trial.doublecue,610,1
6,21317,2,2,400,trial.validspatial,561,1
6,21317,2,2,800,trial.doublecue,549,1
6,21317,2,2,NaN,trial.nocue,603,1
6,21317,1,2,NaN,trial.nocue,453,1
6,21317,1,2,0,trial.doublecue,619,1
6,21317,2,1,800,trial.invalid,537,1
6,21317,1,2,0,trial.validspatial,647,1
6,21317,1,1,0,trial.validspatial,697,1
6,21317,2,1,0,trial.validspatial,615,1
6,21317,1,1,400,trial.invalid,617,1
6,21317,1,2,800,trial.doublecue,663,1
6,21317,2,2,0,trial.validspatial,530,1
6,21317,2,2,0,trial.invalid,592,1
6,21317,1,1,0,trial.validspatial,1021,1
6,21317,1,1,400,trial.invalid,819,1
6,21317,2,1,800,trial.validspatial,425,1
6,21317,2,2,400,trial.doublecue,416,1
6,21317,2,1,0,trial.doublecue,689,1
6,21317,2,2,400,trial.validspatial,726,1
6,21317,1,1,NaN,trial.nocue,628,1
6,21317,2,1,0,trial.invalid,467,1
6,21317,1,2,800,trial.validspatial,689,1
6,21317,1,2,800,trial.doublecue,560,1
6,21317,2,1,400,trial.validspatial,449,1
6,21317,1,1,800,trial.validspatial,692,1
6,21317,1,2,800,trial.validspatial,630,1
6,21317,1,1,0,trial.validspatial,483,1
6,21317,1,2,400,trial.validspatial,650,1
6,21317,2,1,400,trial.invalid,566,1
6,21317,2,1,0,trial.invalid,571,1
6,21317,2,2,NaN,trial.nocue,671,1
6,21317,1,1,800,trial.validspatial,527,1
6,21317,2,2,400,trial.validspatial,588,1
6,21317,2,1,NaN,trial.nocue,738,1
6,21317,1,1,400,trial.validspatial,577,1
6,21317,1,2,NaN,trial.nocue,567,1
6,21317,1,2,0,trial.validspatial,611,1
6,21317,1,2,800,trial.validspatial,510,1
6,21317,1,1,0,trial.validspatial,681,1
6,21317,1,1,400,trial.validspatial,813,1
