subject,date,location_congruence_val,flanker_congruence_val,cue_target_interval,cue_condition,latency,values.correct
103,62917,1,1,0,trial.validspatial,1083,1
103,62917,1,2,0,trial.invalid,1197,1
103,62917,1,2,800,trial.validspatial,1141,1
103,62917,1,2,400,trial.validspatial,865,1
103,62917,1,2,400,trial.doublecue,792,1
103,62917,2,2,400,trial.validspatial,935,1
103,62917,2,1,400,trial.doublecue,793,1
103,62917,2,1,0,trial.validspatial,868,1
103,62917,2,1,400,trial.validspatial,681,1
103,62917,1,2,800,trial.validspatial,1461,1
103,62917,1,1,800,trial.invalid,775,1
103,62917,2,1,400,trial.validspatial,978,1
103,62917,2,1,800,trial.validspatial,1451,1
103,62917,2,2,0,trial.validspatial,863,1
103,62917,1,2,0,trial.validspatial,1449,1
103,62917,1,1,400,trial.validspatial,808,1
103,62917,1,1,NaN,trial.nocue,1092,1
103,62917,1,2,0,trial.validspatial,781,1
103,62917,1,1,NaN,trial.nocue,752,1
103,62917,2,2,0,trial.validspatial,1313,1
103,62917,2,1,800,trial.invalid,808,1
103,62917,2,2,NaN,trial.nocue,1063,0
103,62917,1,2,400,trial.invalid,1537,0
103,62917,2,2,0,trial.doublecue,1178,1
103,62917,1,2,NaN,trial.nocue,957,1
103,62917,1,1,400,trial.validspatial,695,1
103,62917,1,1,800,trial.validspatial,610,1
103,62917,2,1,NaN,trial.nocue,884,1
103,62917,1,1,800,trial.doublecue,687,1
103,62917,2,2,0,trial.doublecue,709,0
103,62917,1,1,0,trial.invalid,654,1
103,62917,1,1,0,trial.invalid,608,1
103,62917,2,1,0,trial.validspatial,739,1
103,62917,2,1,0,trial.validspatial,817,1
103,62917,1,1,400,trial.doublecue,488,1
103,62917,2,2,800,trial.validspatial,566,0
103,62917,2,2,800,trial.validspatial,1133,1
103,62917,2,2,0,trial.validspatial,978,0
103,62917,1,2,400,trial.validspatial,748,1
103,62917,2,2,800,trial.invalid,971,0
103,62917,1,2,0,trial.invalid,736,1
103,62917,2,1,400,trial.validspatial,1037,1
103,62917,2,1,400,trial.validspatial,647,1
103,62917,2,1,NaN,trial.nocue,889,1
103,62917,2,2,NaN,trial.nocue,1121,0
103,62917,2,1,NaN,trial.nocue,924,1
103,62917,1,1,800,trial.validspatial,632,1
103,62917,1,1,NaN,trial.nocue,846,1
103,62917,2,1,800,trial.doublecue,732,1
103,62917,2,2,NaN,trial.nocue,1420,0
103,62917,1,2,400,trial.validspatial,1413,1
103,62917,1,1,400,trial.doublecue,669,1
103,62917,2,2,400,trial.invalid,1365,1
103,62917,1,1,NaN,trial.nocue,812,1
103,62917,2,1,800,trial.validspatial,730,1
103,62917,2,2,0,trial.validspatial,1145,1
103,62917,2,1,800,trial.doublecue,840,1
103,62917,2,1,400,trial.validspatial,727,1
103,62917,2,2,400,trial.validspatial,853,1
103,62917,2,1,0,trial.doublecue,693,1
103,62917,2,2,400,trial.validspatial,727,0
103,62917,2,2,400,trial.invalid,1009,1
103,62917,2,2,800,trial.doublecue,852,0
103,62917,1,2,400,trial.doublecue,1270,1
103,62917,1,2,0,trial.validspatial,896,1
103,62917,1,2,NaN,trial.nocue,1592,0
103,62917,1,1,800,trial.invalid,729,1
103,62917,2,2,800,trial.validspatial,1040,1
103,62917,2,1,800,trial.validspatial,718,1
103,62917,2,1,0,trial.validspatial,765,1
103,62917,2,2,NaN,trial.nocue,996,0
103,62917,2,2,800,trial.validspatial,1190,1
103,62917,1,1,400,trial.validspatial,535,1
103,62917,1,2,800,trial.invalid,1183,1
103,62917,2,2,0,trial.validspatial,861,1
103,62917,2,2,800,trial.validspatial,1302,1
103,62917,1,1,800,trial.validspatial,578,1
103,62917,2,1,NaN,trial.nocue,794,1
103,62917,1,2,NaN,trial.nocue,878,1
103,62917,1,2,800,trial.validspatial,954,1
103,62917,1,2,0,trial.validspatial,724,1
103,62917,2,2,0,trial.invalid,824,0
103,62917,1,1,NaN,trial.nocue,733,1
103,62917,2,2,800,trial.validspatial,751,1
103,62917,2,1,800,trial.validspatial,1700,0
103,62917,2,1,0,trial.validspatial,1700,0
103,62917,1,1,800,trial.doublecue,1700,0
103,62917,2,2,800,trial.invalid,1700,0
103,62917,1,2,400,trial.validspatial,1700,0
103,62917,2,1,800,trial.validspatial,1700,0
103,62917,1,2,400,trial.invalid,1700,0
103,62917,1,1,800,trial.validspatial,1700,0
103,62917,2,2,400,trial.doublecue,1700,0
103,62917,1,1,0,trial.validspatial,1700,0
103,62917,2,1,NaN,trial.nocue,1700,0
103,62917,2,1,400,trial.invalid,1700,0
103,62917,1,2,800,trial.invalid,1700,0
103,62917,1,2,0,trial.doublecue,1700,0
103,62917,1,1,400,trial.validspatial,1700,0
103,62917,1,2,400,trial.validspatial,1700,0
103,62917,1,1,0,trial.doublecue,1700,0
103,62917,1,1,0,trial.doublecue,1700,0
103,62917,1,2,NaN,trial.nocue,1700,0
103,62917,2,1,400,trial.doublecue,1700,0
103,62917,2,2,400,trial.validspatial,1700,0
103,62917,2,2,800,trial.doublecue,1700,0
103,62917,2,2,NaN,trial.nocue,1700,0
103,62917,1,2,NaN,trial.nocue,1700,0
103,62917,1,2,0,trial.doublecue,1700,0
103,62917,2,1,800,trial.invalid,1700,0
103,62917,1,2,0,trial.validspatial,1700,0
103,62917,1,1,0,trial.validspatial,1700,0
103,62917,2,1,0,trial.validspatial,1700,0
103,62917,1,1,400,trial.invalid,1700,0
103,62917,1,2,800,trial.doublecue,1700,0
103,62917,2,2,0,trial.validspatial,1700,0
103,62917,2,2,0,trial.invalid,1700,0
103,62917,1,1,0,trial.validspatial,1700,0
103,62917,1,1,400,trial.invalid,1700,0
103,62917,2,1,800,trial.validspatial,1700,0
103,62917,2,2,400,trial.doublecue,1700,0
103,62917,2,1,0,trial.doublecue,1700,0
103,62917,2,2,400,trial.validspatial,1700,0
103,62917,1,1,NaN,trial.nocue,1700,0
103,62917,2,1,0,trial.invalid,1700,0
103,62917,1,2,800,trial.validspatial,1700,0
103,62917,1,2,800,trial.doublecue,1700,0
103,62917,2,1,400,trial.validspatial,1700,0
103,62917,1,1,800,trial.validspatial,1700,0
103,62917,1,2,800,trial.validspatial,1700,0
103,62917,1,1,0,trial.validspatial,1700,0
103,62917,1,2,400,trial.validspatial,1700,0
103,62917,2,1,400,trial.invalid,1700,0
103,62917,2,1,0,trial.invalid,1700,0
103,62917,2,2,NaN,trial.nocue,1700,0
103,62917,1,1,800,trial.validspatial,1700,0
103,62917,2,2,400,trial.validspatial,1700,0
103,62917,2,1,NaN,trial.nocue,1700,0
103,62917,1,1,400,trial.validspatial,1700,0
103,62917,1,2,NaN,trial.nocue,1700,0
103,62917,1,2,0,trial.validspatial,1700,0
103,62917,1,2,800,trial.validspatial,1700,0
103,62917,1,1,0,trial.validspatial,1700,0
103,62917,1,1,400,trial.validspatial,1700,0
103,62917,1,1,0,trial.validspatial,1700,0
103,62917,1,2,0,trial.invalid,1700,0
103,62917,1,2,800,trial.validspatial,1700,0
103,62917,1,2,400,trial.validspatial,1700,0
103,62917,1,2,400,trial.doublecue,1700,0
103,62917,2,2,400,trial.validspatial,1700,0
103,62917,2,1,400,trial.doublecue,1700,0
103,62917,2,1,0,trial.validspatial,1700,0
103,62917,2,1,400,trial.validspatial,1700,0
103,62917,1,2,800,trial.validspatial,1700,0
103,62917,1,1,800,trial.invalid,1700,0
103,62917,2,1,400,trial.validspatial,1700,0
103,62917,2,1,800,trial.validspatial,1700,0
103,62917,2,2,0,trial.validspatial,1700,0
103,62917,1,2,0,trial.validspatial,1700,0
103,62917,1,1,400,trial.validspatial,1700,0
103,62917,1,1,NaN,trial.nocue,1700,0
103,62917,1,2,0,trial.validspatial,1700,0
103,62917,1,1,NaN,trial.nocue,1700,0
103,62917,2,2,0,trial.validspatial,1700,0
103,62917,2,1,800,trial.invalid,1700,0
103,62917,2,2,NaN,trial.nocue,1700,0
103,62917,1,2,400,trial.invalid,1700,0
103,62917,2,2,0,trial.doublecue,1700,0
103,62917,1,2,NaN,trial.nocue,1700,0
103,62917,1,1,400,trial.validspatial,1700,0
103,62917,1,1,800,trial.validspatial,1700,0
103,62917,2,1,NaN,trial.nocue,1700,0
103,62917,1,1,800,trial.doublecue,1700,0
103,62917,2,2,0,trial.doublecue,1700,0
103,62917,1,1,0,trial.invalid,1700,0
103,62917,1,1,0,trial.invalid,1700,0
103,62917,2,1,0,trial.validspatial,1700,0
103,62917,2,1,0,trial.validspatial,1700,0
103,62917,1,1,400,trial.doublecue,1700,0
103,62917,2,2,800,trial.validspatial,1700,0
103,62917,2,2,800,trial.validspatial,1700,0
103,62917,2,2,0,trial.validspatial,1700,0
103,62917,1,2,400,trial.validspatial,1700,0
103,62917,2,2,800,trial.invalid,1700,0
103,62917,1,2,0,trial.invalid,1700,0
103,62917,2,1,400,trial.validspatial,1700,0
103,62917,2,1,400,trial.validspatial,1700,0
103,62917,2,1,NaN,trial.nocue,1700,0
103,62917,2,2,NaN,trial.nocue,1700,0
103,62917,2,1,NaN,trial.nocue,1700,0
103,62917,1,1,800,trial.validspatial,1700,0
103,62917,1,1,NaN,trial.nocue,1700,0
103,62917,2,1,800,trial.doublecue,1700,0
103,62917,2,2,NaN,trial.nocue,1700,0
103,62917,1,2,400,trial.validspatial,1700,0
103,62917,1,1,400,trial.doublecue,1700,0
103,62917,2,2,400,trial.invalid,1700,0
103,62917,1,1,NaN,trial.nocue,1700,0
103,62917,2,1,800,trial.validspatial,1700,0
103,62917,2,2,0,trial.validspatial,1700,0
103,62917,2,1,800,trial.doublecue,1700,0
103,62917,2,1,400,trial.validspatial,1700,0
103,62917,2,2,400,trial.validspatial,1700,0
103,62917,2,1,0,trial.doublecue,1700,0
103,62917,2,2,400,trial.validspatial,1700,0
103,62917,2,2,400,trial.invalid,1700,0
103,62917,2,2,800,trial.doublecue,1700,0
103,62917,1,2,400,trial.doublecue,1700,0
103,62917,1,2,0,trial.validspatial,1700,0
103,62917,1,2,NaN,trial.nocue,1700,0
103,62917,1,1,800,trial.invalid,1700,0
103,62917,2,2,800,trial.validspatial,1700,0
103,62917,2,1,800,trial.validspatial,1700,0
103,62917,2,1,0,trial.validspatial,1700,0
103,62917,2,2,NaN,trial.nocue,1700,0
103,62917,2,2,800,trial.validspatial,1700,0
103,62917,1,1,400,trial.validspatial,1700,0
103,62917,1,2,800,trial.invalid,1700,0
103,62917,2,2,0,trial.validspatial,1700,0
103,62917,2,2,800,trial.validspatial,1700,0
103,62917,1,1,800,trial.validspatial,1700,0
103,62917,2,1,NaN,trial.nocue,1700,0
103,62917,1,2,NaN,trial.nocue,1700,0
103,62917,1,2,800,trial.validspatial,1700,0
103,62917,1,2,0,trial.validspatial,1700,0
103,62917,2,2,0,trial.invalid,1700,0
103,62917,1,1,NaN,trial.nocue,1700,0
103,62917,2,2,800,trial.validspatial,1700,0
103,62917,2,1,800,trial.validspatial,1700,0
103,62917,2,1,0,trial.validspatial,1700,0
103,62917,1,1,800,trial.doublecue,1700,0
103,62917,2,2,800,trial.invalid,1700,0
103,62917,1,2,400,trial.validspatial,1700,0
103,62917,2,1,800,trial.validspatial,1700,0
103,62917,1,2,400,trial.invalid,1700,0
103,62917,1,1,800,trial.validspatial,1700,0
103,62917,2,2,400,trial.doublecue,1700,0
103,62917,1,1,0,trial.validspatial,1700,0
103,62917,2,1,NaN,trial.nocue,1700,0
103,62917,2,1,400,trial.invalid,1700,0
103,62917,1,2,800,trial.invalid,1700,0
103,62917,1,2,0,trial.doublecue,1700,0
103,62917,1,1,400,trial.validspatial,1700,0
103,62917,1,2,400,trial.validspatial,1700,0
103,62917,1,1,0,trial.doublecue,1700,0
103,62917,1,1,0,trial.doublecue,1700,0
103,62917,1,2,NaN,trial.nocue,1700,0
103,62917,2,1,400,trial.doublecue,1700,0
103,62917,2,2,400,trial.validspatial,1700,0
103,62917,2,2,800,trial.doublecue,1700,0
103,62917,2,2,NaN,trial.nocue,1700,0
103,62917,1,2,NaN,trial.nocue,1700,0
103,62917,1,2,0,trial.doublecue,1700,0
103,62917,2,1,800,trial.invalid,1700,0
103,62917,1,2,0,trial.validspatial,1700,0
103,62917,1,1,0,trial.validspatial,1700,0
103,62917,2,1,0,trial.validspatial,1700,0
103,62917,1,1,400,trial.invalid,1700,0
103,62917,1,2,800,trial.doublecue,1700,0
103,62917,2,2,0,trial.validspatial,1700,0
103,62917,2,2,0,trial.invalid,1700,0
103,62917,1,1,0,trial.validspatial,1700,0
103,62917,1,1,400,trial.invalid,1700,0
103,62917,2,1,800,trial.validspatial,1700,0
103,62917,2,2,400,trial.doublecue,1700,0
103,62917,2,1,0,trial.doublecue,1700,0
103,62917,2,2,400,trial.validspatial,1700,0
103,62917,1,1,NaN,trial.nocue,1700,0
103,62917,2,1,0,trial.invalid,1700,0
103,62917,1,2,800,trial.validspatial,1700,0
103,62917,1,2,800,trial.doublecue,1700,0
103,62917,2,1,400,trial.validspatial,1700,0
103,62917,1,1,800,trial.validspatial,1700,0
103,62917,1,2,800,trial.validspatial,1700,0
103,62917,1,1,0,trial.validspatial,1700,0
103,62917,1,2,400,trial.validspatial,1700,0
103,62917,2,1,400,trial.invalid,1700,0
103,62917,2,1,0,trial.invalid,1700,0
103,62917,2,2,NaN,trial.nocue,1700,0
103,62917,1,1,800,trial.validspatial,1700,0
103,62917,2,2,400,trial.validspatial,1700,0
103,62917,2,1,NaN,trial.nocue,1700,0
103,62917,1,1,400,trial.validspatial,1700,0
103,62917,1,2,NaN,trial.nocue,1700,0
103,62917,1,2,0,trial.validspatial,1700,0
103,62917,1,2,800,trial.validspatial,1700,0
103,62917,1,1,0,trial.validspatial,1700,0
103,62917,1,1,400,trial.validspatial,1700,0
