subject,date,location_congruence_val,flanker_congruence_val,cue_target_interval,cue_condition,latency,values.correct
175,61417,1,1,0,trial.validspatial,1700,0
175,61417,1,2,0,trial.invalid,1410,1
175,61417,1,2,800,trial.validspatial,904,1
175,61417,1,2,400,trial.validspatial,744,1
175,61417,1,2,400,trial.doublecue,785,1
175,61417,2,2,400,trial.validspatial,456,0
175,61417,2,1,400,trial.doublecue,658,1
175,61417,2,1,0,trial.validspatial,616,1
175,61417,2,1,400,trial.validspatial,907,1
175,61417,1,2,800,trial.validspatial,1015,1
175,61417,1,1,800,trial.invalid,672,1
175,61417,2,1,400,trial.validspatial,697,1
175,61417,2,1,800,trial.validspatial,447,1
175,61417,2,2,0,trial.validspatial,811,1
175,61417,1,2,0,trial.validspatial,1238,1
175,61417,1,1,400,trial.validspatial,484,1
175,61417,1,1,NaN,trial.nocue,634,1
175,61417,1,2,0,trial.validspatial,732,1
175,61417,1,1,NaN,trial.nocue,754,1
175,61417,2,2,0,trial.validspatial,1076,1
175,61417,2,1,800,trial.invalid,745,1
175,61417,2,2,NaN,trial.nocue,794,1
175,61417,1,2,400,trial.invalid,1036,1
175,61417,2,2,0,trial.doublecue,1369,1
175,61417,1,2,NaN,trial.nocue,828,1
175,61417,1,1,400,trial.validspatial,694,1
175,61417,1,1,800,trial.validspatial,457,1
175,61417,2,1,NaN,trial.nocue,1135,1
175,61417,1,1,800,trial.doublecue,639,1
175,61417,2,2,0,trial.doublecue,1019,1
175,61417,1,1,0,trial.invalid,1072,1
175,61417,1,1,0,trial.invalid,741,1
175,61417,2,1,0,trial.validspatial,644,1
175,61417,2,1,0,trial.validspatial,772,1
175,61417,1,1,400,trial.doublecue,635,1
175,61417,2,2,800,trial.validspatial,571,1
175,61417,2,2,800,trial.validspatial,663,1
175,61417,2,2,0,trial.validspatial,728,1
175,61417,1,2,400,trial.validspatial,730,1
175,61417,2,2,800,trial.invalid,889,1
175,61417,1,2,0,trial.invalid,1048,1
175,61417,2,1,400,trial.validspatial,633,1
175,61417,2,1,400,trial.validspatial,599,1
175,61417,2,1,NaN,trial.nocue,1002,1
175,61417,2,2,NaN,trial.nocue,733,1
175,61417,2,1,NaN,trial.nocue,535,1
175,61417,1,1,800,trial.validspatial,454,1
175,61417,1,1,NaN,trial.nocue,535,1
175,61417,2,1,800,trial.doublecue,886,1
175,61417,2,2,NaN,trial.nocue,675,1
175,61417,1,2,400,trial.validspatial,692,1
175,61417,1,1,400,trial.doublecue,597,1
175,61417,2,2,400,trial.invalid,856,1
175,61417,1,1,NaN,trial.nocue,768,1
175,61417,2,1,800,trial.validspatial,544,1
175,61417,2,2,0,trial.validspatial,1175,1
175,61417,2,1,800,trial.doublecue,695,1
175,61417,2,1,400,trial.validspatial,522,1
175,61417,2,2,400,trial.validspatial,724,1
175,61417,2,1,0,trial.doublecue,564,1
175,61417,2,2,400,trial.validspatial,730,1
175,61417,2,2,400,trial.invalid,1700,0
175,61417,2,2,800,trial.doublecue,659,1
175,61417,1,2,400,trial.doublecue,457,0
175,61417,1,2,0,trial.validspatial,681,1
175,61417,1,2,NaN,trial.nocue,685,1
175,61417,1,1,800,trial.invalid,514,1
175,61417,2,2,800,trial.validspatial,853,1
175,61417,2,1,800,trial.validspatial,511,1
175,61417,2,1,0,trial.validspatial,919,1
175,61417,2,2,NaN,trial.nocue,724,1
175,61417,2,2,800,trial.validspatial,882,1
175,61417,1,1,400,trial.validspatial,613,1
175,61417,1,2,800,trial.invalid,768,1
175,61417,2,2,0,trial.validspatial,994,1
175,61417,2,2,800,trial.validspatial,783,1
175,61417,1,1,800,trial.validspatial,508,1
175,61417,2,1,NaN,trial.nocue,720,1
175,61417,1,2,NaN,trial.nocue,782,1
175,61417,1,2,800,trial.validspatial,638,1
175,61417,1,2,0,trial.validspatial,871,1
175,61417,2,2,0,trial.invalid,872,1
175,61417,1,1,NaN,trial.nocue,743,1
175,61417,2,2,800,trial.validspatial,832,1
175,61417,2,1,800,trial.validspatial,552,1
175,61417,2,1,0,trial.validspatial,789,1
175,61417,1,1,800,trial.doublecue,890,1
175,61417,2,2,800,trial.invalid,707,1
175,61417,1,2,400,trial.validspatial,992,1
175,61417,2,1,800,trial.validspatial,628,1
175,61417,1,2,400,trial.invalid,800,1
175,61417,1,1,800,trial.validspatial,577,1
175,61417,2,2,400,trial.doublecue,843,1
175,61417,1,1,0,trial.validspatial,776,1
175,61417,2,1,NaN,trial.nocue,984,1
175,61417,2,1,400,trial.invalid,731,1
175,61417,1,2,800,trial.invalid,992,1
175,61417,1,2,0,trial.doublecue,718,1
175,61417,1,1,400,trial.validspatial,488,1
175,61417,1,2,400,trial.validspatial,639,1
175,61417,1,1,0,trial.doublecue,666,1
175,61417,1,1,0,trial.doublecue,603,1
175,61417,1,2,NaN,trial.nocue,851,1
175,61417,2,1,400,trial.doublecue,882,1
175,61417,2,2,400,trial.validspatial,523,1
175,61417,2,2,800,trial.doublecue,856,1
175,61417,2,2,NaN,trial.nocue,1155,1
175,61417,1,2,NaN,trial.nocue,894,1
175,61417,1,2,0,trial.doublecue,981,1
175,61417,2,1,800,trial.invalid,686,1
175,61417,1,2,0,trial.validspatial,723,1
175,61417,1,1,0,trial.validspatial,599,1
175,61417,2,1,0,trial.validspatial,703,1
175,61417,1,1,400,trial.invalid,649,1
175,61417,1,2,800,trial.doublecue,753,1
175,61417,2,2,0,trial.validspatial,734,1
175,61417,2,2,0,trial.invalid,854,1
175,61417,1,1,0,trial.validspatial,612,1
175,61417,1,1,400,trial.invalid,662,1
175,61417,2,1,800,trial.validspatial,758,1
175,61417,2,2,400,trial.doublecue,820,1
175,61417,2,1,0,trial.doublecue,530,1
175,61417,2,2,400,trial.validspatial,489,1
175,61417,1,1,NaN,trial.nocue,785,1
175,61417,2,1,0,trial.invalid,632,1
175,61417,1,2,800,trial.validspatial,606,1
175,61417,1,2,800,trial.doublecue,788,1
175,61417,2,1,400,trial.validspatial,635,1
175,61417,1,1,800,trial.validspatial,668,1
175,61417,1,2,800,trial.validspatial,563,1
175,61417,1,1,0,trial.validspatial,563,1
175,61417,1,2,400,trial.validspatial,497,1
175,61417,2,1,400,trial.invalid,839,1
175,61417,2,1,0,trial.invalid,683,1
175,61417,2,2,NaN,trial.nocue,1036,1
175,61417,1,1,800,trial.validspatial,664,1
175,61417,2,2,400,trial.validspatial,779,1
175,61417,2,1,NaN,trial.nocue,1010,1
175,61417,1,1,400,trial.validspatial,636,1
175,61417,1,2,NaN,trial.nocue,812,1
175,61417,1,2,0,trial.validspatial,816,1
175,61417,1,2,800,trial.validspatial,716,1
175,61417,1,1,0,trial.validspatial,1004,1
175,61417,1,1,400,trial.validspatial,555,1
175,61417,1,1,0,trial.validspatial,651,1
175,61417,1,2,0,trial.invalid,835,1
175,61417,1,2,800,trial.validspatial,768,1
175,61417,1,2,400,trial.validspatial,583,1
175,61417,1,2,400,trial.doublecue,797,1
175,61417,2,2,400,trial.validspatial,574,1
175,61417,2,1,400,trial.doublecue,555,1
175,61417,2,1,0,trial.validspatial,607,1
175,61417,2,1,400,trial.validspatial,638,1
175,61417,1,2,800,trial.validspatial,787,1
175,61417,1,1,800,trial.invalid,626,1
175,61417,2,1,400,trial.validspatial,627,1
175,61417,2,1,800,trial.validspatial,527,1
175,61417,2,2,0,trial.validspatial,768,1
175,61417,1,2,0,trial.validspatial,758,1
175,61417,1,1,400,trial.validspatial,577,1
175,61417,1,1,NaN,trial.nocue,531,1
175,61417,1,2,0,trial.validspatial,647,1
175,61417,1,1,NaN,trial.nocue,580,1
175,61417,2,2,0,trial.validspatial,981,1
175,61417,2,1,800,trial.invalid,658,1
175,61417,2,2,NaN,trial.nocue,929,1
175,61417,1,2,400,trial.invalid,781,1
175,61417,2,2,0,trial.doublecue,800,1
175,61417,1,2,NaN,trial.nocue,795,1
175,61417,1,1,400,trial.validspatial,564,1
175,61417,1,1,800,trial.validspatial,576,1
175,61417,2,1,NaN,trial.nocue,784,1
175,61417,1,1,800,trial.doublecue,558,1
175,61417,2,2,0,trial.doublecue,937,1
175,61417,1,1,0,trial.invalid,798,1
175,61417,1,1,0,trial.invalid,631,1
175,61417,2,1,0,trial.validspatial,737,1
175,61417,2,1,0,trial.validspatial,585,1
175,61417,1,1,400,trial.doublecue,498,1
175,61417,2,2,800,trial.validspatial,562,1
175,61417,2,2,800,trial.validspatial,557,1
175,61417,2,2,0,trial.validspatial,682,1
175,61417,1,2,400,trial.validspatial,846,1
175,61417,2,2,800,trial.invalid,719,1
175,61417,1,2,0,trial.invalid,1064,1
175,61417,2,1,400,trial.validspatial,618,1
175,61417,2,1,400,trial.validspatial,890,1
175,61417,2,1,NaN,trial.nocue,1019,1
175,61417,2,2,NaN,trial.nocue,726,1
175,61417,2,1,NaN,trial.nocue,817,1
175,61417,1,1,800,trial.validspatial,542,1
175,61417,1,1,NaN,trial.nocue,716,1
175,61417,2,1,800,trial.doublecue,647,1
175,61417,2,2,NaN,trial.nocue,764,1
175,61417,1,2,400,trial.validspatial,661,1
175,61417,1,1,400,trial.doublecue,575,1
175,61417,2,2,400,trial.invalid,996,1
175,61417,1,1,NaN,trial.nocue,741,1
175,61417,2,1,800,trial.validspatial,499,1
175,61417,2,2,0,trial.validspatial,935,1
175,61417,2,1,800,trial.doublecue,643,1
175,61417,2,1,400,trial.validspatial,563,1
175,61417,2,2,400,trial.validspatial,767,1
175,61417,2,1,0,trial.doublecue,1150,1
175,61417,2,2,400,trial.validspatial,607,1
175,61417,2,2,400,trial.invalid,716,1
175,61417,2,2,800,trial.doublecue,602,1
175,61417,1,2,400,trial.doublecue,752,1
175,61417,1,2,0,trial.validspatial,1091,1
175,61417,1,2,NaN,trial.nocue,667,1
175,61417,1,1,800,trial.invalid,669,1
175,61417,2,2,800,trial.validspatial,808,1
175,61417,2,1,800,trial.validspatial,536,1
175,61417,2,1,0,trial.validspatial,846,1
175,61417,2,2,NaN,trial.nocue,695,1
175,61417,2,2,800,trial.validspatial,694,1
175,61417,1,1,400,trial.validspatial,1700,0
175,61417,1,2,800,trial.invalid,719,1
175,61417,2,2,0,trial.validspatial,1122,1
175,61417,2,2,800,trial.validspatial,792,1
175,61417,1,1,800,trial.validspatial,615,1
175,61417,2,1,NaN,trial.nocue,609,1
175,61417,1,2,NaN,trial.nocue,626,1
175,61417,1,2,800,trial.validspatial,1137,1
175,61417,1,2,0,trial.validspatial,553,1
175,61417,2,2,0,trial.invalid,583,1
175,61417,1,1,NaN,trial.nocue,696,1
175,61417,2,2,800,trial.validspatial,699,1
175,61417,2,1,800,trial.validspatial,620,1
175,61417,2,1,0,trial.validspatial,631,1
175,61417,1,1,800,trial.doublecue,905,1
175,61417,2,2,800,trial.invalid,807,1
175,61417,1,2,400,trial.validspatial,535,1
175,61417,2,1,800,trial.validspatial,559,1
175,61417,1,2,400,trial.invalid,746,1
175,61417,1,1,800,trial.validspatial,755,1
175,61417,2,2,400,trial.doublecue,939,1
175,61417,1,1,0,trial.validspatial,761,1
175,61417,2,1,NaN,trial.nocue,768,1
175,61417,2,1,400,trial.invalid,854,1
175,61417,1,2,800,trial.invalid,1700,0
175,61417,1,2,0,trial.doublecue,860,1
175,61417,1,1,400,trial.validspatial,485,1
175,61417,1,2,400,trial.validspatial,506,1
175,61417,1,1,0,trial.doublecue,579,1
175,61417,1,1,0,trial.doublecue,542,1
175,61417,1,2,NaN,trial.nocue,903,1
175,61417,2,1,400,trial.doublecue,741,1
175,61417,2,2,400,trial.validspatial,620,1
175,61417,2,2,800,trial.doublecue,728,1
175,61417,2,2,NaN,trial.nocue,791,1
175,61417,1,2,NaN,trial.nocue,722,1
175,61417,1,2,0,trial.doublecue,613,1
175,61417,2,1,800,trial.invalid,646,1
175,61417,1,2,0,trial.validspatial,665,1
175,61417,1,1,0,trial.validspatial,771,1
175,61417,2,1,0,trial.validspatial,796,1
175,61417,1,1,400,trial.invalid,734,0
175,61417,1,2,800,trial.doublecue,523,1
175,61417,2,2,0,trial.validspatial,808,1
175,61417,2,2,0,trial.invalid,837,1
175,61417,1,1,0,trial.validspatial,783,1
175,61417,1,1,400,trial.invalid,679,1
175,61417,2,1,800,trial.validspatial,470,1
175,61417,2,2,400,trial.doublecue,525,1
175,61417,2,1,0,trial.doublecue,776,1
175,61417,2,2,400,trial.validspatial,1020,1
175,61417,1,1,NaN,trial.nocue,1024,1
175,61417,2,1,0,trial.invalid,635,1
175,61417,1,2,800,trial.validspatial,834,1
175,61417,1,2,800,trial.doublecue,646,1
175,61417,2,1,400,trial.validspatial,529,1
175,61417,1,1,800,trial.validspatial,829,1
175,61417,1,2,800,trial.validspatial,534,1
175,61417,1,1,0,trial.validspatial,474,1
175,61417,1,2,400,trial.validspatial,647,1
175,61417,2,1,400,trial.invalid,702,1
175,61417,2,1,0,trial.invalid,695,1
175,61417,2,2,NaN,trial.nocue,711,1
175,61417,1,1,800,trial.validspatial,785,1
175,61417,2,2,400,trial.validspatial,644,1
175,61417,2,1,NaN,trial.nocue,692,1
175,61417,1,1,400,trial.validspatial,600,1
175,61417,1,2,NaN,trial.nocue,595,1
175,61417,1,2,0,trial.validspatial,628,1
175,61417,1,2,800,trial.validspatial,468,1
175,61417,1,1,0,trial.validspatial,1226,1
175,61417,1,1,400,trial.validspatial,706,1
