subject,date,location_congruence_val,flanker_congruence_val,cue_target_interval,cue_condition,latency,values.correct
647,63017,1,1,0,trial.validspatial,912,1
647,63017,1,2,0,trial.invalid,1700,0
647,63017,1,2,800,trial.validspatial,1700,0
647,63017,1,2,400,trial.validspatial,694,1
647,63017,1,2,400,trial.doublecue,692,1
647,63017,2,2,400,trial.validspatial,648,1
647,63017,2,1,400,trial.doublecue,459,1
647,63017,2,1,0,trial.validspatial,543,1
647,63017,2,1,400,trial.validspatial,362,1
647,63017,1,2,800,trial.validspatial,556,1
647,63017,1,1,800,trial.invalid,722,1
647,63017,2,1,400,trial.validspatial,399,1
647,63017,2,1,800,trial.validspatial,435,1
647,63017,2,2,0,trial.validspatial,542,1
647,63017,1,2,0,trial.validspatial,707,1
647,63017,1,1,400,trial.validspatial,483,1
647,63017,1,1,NaN,trial.nocue,490,1
647,63017,1,2,0,trial.validspatial,479,1
647,63017,1,1,NaN,trial.nocue,587,1
647,63017,2,2,0,trial.validspatial,354,0
647,63017,2,1,800,trial.invalid,647,1
647,63017,2,2,NaN,trial.nocue,1700,0
647,63017,1,2,400,trial.invalid,874,1
647,63017,2,2,0,trial.doublecue,641,1
647,63017,1,2,NaN,trial.nocue,722,1
647,63017,1,1,400,trial.validspatial,435,1
647,63017,1,1,800,trial.validspatial,543,1
647,63017,2,1,NaN,trial.nocue,805,1
647,63017,1,1,800,trial.doublecue,708,1
647,63017,2,2,0,trial.doublecue,1700,0
647,63017,1,1,0,trial.invalid,584,1
647,63017,1,1,0,trial.invalid,749,1
647,63017,2,1,0,trial.validspatial,611,1
647,63017,2,1,0,trial.validspatial,1022,0
647,63017,1,1,400,trial.doublecue,537,1
647,63017,2,2,800,trial.validspatial,638,1
647,63017,2,2,800,trial.validspatial,544,1
647,63017,2,2,0,trial.validspatial,666,1
647,63017,1,2,400,trial.validspatial,626,1
647,63017,2,2,800,trial.invalid,874,1
647,63017,1,2,0,trial.invalid,1090,0
647,63017,2,1,400,trial.validspatial,541,1
647,63017,2,1,400,trial.validspatial,423,1
647,63017,2,1,NaN,trial.nocue,812,1
647,63017,2,2,NaN,trial.nocue,719,1
647,63017,2,1,NaN,trial.nocue,513,1
647,63017,1,1,800,trial.validspatial,530,1
647,63017,1,1,NaN,trial.nocue,550,1
647,63017,2,1,800,trial.doublecue,738,1
647,63017,2,2,NaN,trial.nocue,666,1
647,63017,1,2,400,trial.validspatial,536,1
647,63017,1,1,400,trial.doublecue,651,1
647,63017,2,2,400,trial.invalid,703,1
647,63017,1,1,NaN,trial.nocue,735,1
647,63017,2,1,800,trial.validspatial,469,1
647,63017,2,2,0,trial.validspatial,637,1
647,63017,2,1,800,trial.doublecue,766,1
647,63017,2,1,400,trial.validspatial,708,1
647,63017,2,2,400,trial.validspatial,436,1
647,63017,2,1,0,trial.doublecue,1060,1
647,63017,2,2,400,trial.validspatial,535,1
647,63017,2,2,400,trial.invalid,822,1
647,63017,2,2,800,trial.doublecue,728,1
647,63017,1,2,400,trial.doublecue,669,1
647,63017,1,2,0,trial.validspatial,693,1
647,63017,1,2,NaN,trial.nocue,860,1
647,63017,1,1,800,trial.invalid,528,1
647,63017,2,2,800,trial.validspatial,520,1
647,63017,2,1,800,trial.validspatial,448,1
647,63017,2,1,0,trial.validspatial,566,1
647,63017,2,2,NaN,trial.nocue,682,1
647,63017,2,2,800,trial.validspatial,557,1
647,63017,1,1,400,trial.validspatial,627,1
647,63017,1,2,800,trial.invalid,666,1
647,63017,2,2,0,trial.validspatial,639,1
647,63017,2,2,800,trial.validspatial,537,1
647,63017,1,1,800,trial.validspatial,440,1
647,63017,2,1,NaN,trial.nocue,638,1
647,63017,1,2,NaN,trial.nocue,725,1
647,63017,1,2,800,trial.validspatial,691,1
647,63017,1,2,0,trial.validspatial,659,1
647,63017,2,2,0,trial.invalid,735,1
647,63017,1,1,NaN,trial.nocue,709,1
647,63017,2,2,800,trial.validspatial,717,1
647,63017,2,1,800,trial.validspatial,423,1
647,63017,2,1,0,trial.validspatial,534,1
647,63017,1,1,800,trial.doublecue,527,1
647,63017,2,2,800,trial.invalid,1054,1
647,63017,1,2,400,trial.validspatial,539,1
647,63017,2,1,800,trial.validspatial,385,1
647,63017,1,2,400,trial.invalid,793,1
647,63017,1,1,800,trial.validspatial,461,1
647,63017,2,2,400,trial.doublecue,765,1
647,63017,1,1,0,trial.validspatial,933,1
647,63017,2,1,NaN,trial.nocue,632,1
647,63017,2,1,400,trial.invalid,630,1
647,63017,1,2,800,trial.invalid,737,1
647,63017,1,2,0,trial.doublecue,910,1
647,63017,1,1,400,trial.validspatial,461,1
647,63017,1,2,400,trial.validspatial,527,1
647,63017,1,1,0,trial.doublecue,653,1
647,63017,1,1,0,trial.doublecue,520,1
647,63017,1,2,NaN,trial.nocue,551,1
647,63017,2,1,400,trial.doublecue,622,1
647,63017,2,2,400,trial.validspatial,514,1
647,63017,2,2,800,trial.doublecue,780,1
647,63017,2,2,NaN,trial.nocue,666,1
647,63017,1,2,NaN,trial.nocue,732,1
647,63017,1,2,0,trial.doublecue,672,1
647,63017,2,1,800,trial.invalid,651,1
647,63017,1,2,0,trial.validspatial,689,1
647,63017,1,1,0,trial.validspatial,561,1
647,63017,2,1,0,trial.validspatial,788,1
647,63017,1,1,400,trial.invalid,696,1
647,63017,1,2,800,trial.doublecue,531,1
647,63017,2,2,0,trial.validspatial,521,0
647,63017,2,2,0,trial.invalid,745,1
647,63017,1,1,0,trial.validspatial,548,1
647,63017,1,1,400,trial.invalid,637,1
647,63017,2,1,800,trial.validspatial,608,1
647,63017,2,2,400,trial.doublecue,613,1
647,63017,2,1,0,trial.doublecue,690,1
647,63017,2,2,400,trial.validspatial,593,1
647,63017,1,1,NaN,trial.nocue,588,1
647,63017,2,1,0,trial.invalid,609,1
647,63017,1,2,800,trial.validspatial,580,1
647,63017,1,2,800,trial.doublecue,534,1
647,63017,2,1,400,trial.validspatial,663,1
647,63017,1,1,800,trial.validspatial,518,1
647,63017,1,2,800,trial.validspatial,665,1
647,63017,1,1,0,trial.validspatial,613,1
647,63017,1,2,400,trial.validspatial,600,1
647,63017,2,1,400,trial.invalid,930,1
647,63017,2,1,0,trial.invalid,673,1
647,63017,2,2,NaN,trial.nocue,707,1
647,63017,1,1,800,trial.validspatial,493,1
647,63017,2,2,400,trial.validspatial,569,1
647,63017,2,1,NaN,trial.nocue,587,1
647,63017,1,1,400,trial.validspatial,524,1
647,63017,1,2,NaN,trial.nocue,657,1
647,63017,1,2,0,trial.validspatial,689,1
647,63017,1,2,800,trial.validspatial,488,1
647,63017,1,1,0,trial.validspatial,656,1
647,63017,1,1,400,trial.validspatial,430,1
647,63017,1,1,0,trial.validspatial,609,1
647,63017,1,2,0,trial.invalid,695,1
647,63017,1,2,800,trial.validspatial,669,1
647,63017,1,2,400,trial.validspatial,567,1
647,63017,1,2,400,trial.doublecue,516,1
647,63017,2,2,400,trial.validspatial,528,1
647,63017,2,1,400,trial.doublecue,698,1
647,63017,2,1,0,trial.validspatial,500,1
647,63017,2,1,400,trial.validspatial,405,1
647,63017,1,2,800,trial.validspatial,551,1
647,63017,1,1,800,trial.invalid,573,1
647,63017,2,1,400,trial.validspatial,442,1
647,63017,2,1,800,trial.validspatial,494,1
647,63017,2,2,0,trial.validspatial,713,1
647,63017,1,2,0,trial.validspatial,629,1
647,63017,1,1,400,trial.validspatial,433,1
647,63017,1,1,NaN,trial.nocue,441,1
647,63017,1,2,0,trial.validspatial,719,1
647,63017,1,1,NaN,trial.nocue,603,1
647,63017,2,2,0,trial.validspatial,803,1
647,63017,2,1,800,trial.invalid,855,1
647,63017,2,2,NaN,trial.nocue,644,1
647,63017,1,2,400,trial.invalid,740,1
647,63017,2,2,0,trial.doublecue,836,1
647,63017,1,2,NaN,trial.nocue,652,1
647,63017,1,1,400,trial.validspatial,452,1
647,63017,1,1,800,trial.validspatial,464,1
647,63017,2,1,NaN,trial.nocue,576,1
647,63017,1,1,800,trial.doublecue,559,1
647,63017,2,2,0,trial.doublecue,815,1
647,63017,1,1,0,trial.invalid,668,1
647,63017,1,1,0,trial.invalid,740,1
647,63017,2,1,0,trial.validspatial,506,1
647,63017,2,1,0,trial.validspatial,530,1
647,63017,1,1,400,trial.doublecue,442,1
647,63017,2,2,800,trial.validspatial,664,1
647,63017,2,2,800,trial.validspatial,515,1
647,63017,2,2,0,trial.validspatial,573,1
647,63017,1,2,400,trial.validspatial,602,1
647,63017,2,2,800,trial.invalid,697,1
647,63017,1,2,0,trial.invalid,825,1
647,63017,2,1,400,trial.validspatial,549,1
647,63017,2,1,400,trial.validspatial,527,1
647,63017,2,1,NaN,trial.nocue,610,1
647,63017,2,2,NaN,trial.nocue,695,1
647,63017,2,1,NaN,trial.nocue,497,1
647,63017,1,1,800,trial.validspatial,514,1
647,63017,1,1,NaN,trial.nocue,567,1
647,63017,2,1,800,trial.doublecue,443,1
647,63017,2,2,NaN,trial.nocue,723,1
647,63017,1,2,400,trial.validspatial,529,1
647,63017,1,1,400,trial.doublecue,437,1
647,63017,2,2,400,trial.invalid,635,1
647,63017,1,1,NaN,trial.nocue,514,1
647,63017,2,1,800,trial.validspatial,504,1
647,63017,2,2,0,trial.validspatial,663,1
647,63017,2,1,800,trial.doublecue,928,1
647,63017,2,1,400,trial.validspatial,542,1
647,63017,2,2,400,trial.validspatial,479,1
647,63017,2,1,0,trial.doublecue,607,1
647,63017,2,2,400,trial.validspatial,450,0
647,63017,2,2,400,trial.invalid,802,1
647,63017,2,2,800,trial.doublecue,476,1
647,63017,1,2,400,trial.doublecue,689,1
647,63017,1,2,0,trial.validspatial,594,1
647,63017,1,2,NaN,trial.nocue,629,1
647,63017,1,1,800,trial.invalid,611,1
647,63017,2,2,800,trial.validspatial,730,1
647,63017,2,1,800,trial.validspatial,514,1
647,63017,2,1,0,trial.validspatial,575,1
647,63017,2,2,NaN,trial.nocue,452,0
647,63017,2,2,800,trial.validspatial,543,1
647,63017,1,1,400,trial.validspatial,1700,0
647,63017,1,2,800,trial.invalid,614,1
647,63017,2,2,0,trial.validspatial,765,1
647,63017,2,2,800,trial.validspatial,685,1
647,63017,1,1,800,trial.validspatial,495,1
647,63017,2,1,NaN,trial.nocue,493,1
647,63017,1,2,NaN,trial.nocue,521,1
647,63017,1,2,800,trial.validspatial,602,1
647,63017,1,2,0,trial.validspatial,501,1
647,63017,2,2,0,trial.invalid,398,1
647,63017,1,1,NaN,trial.nocue,536,1
647,63017,2,2,800,trial.validspatial,494,1
647,63017,2,1,800,trial.validspatial,403,1
647,63017,2,1,0,trial.validspatial,519,1
647,63017,1,1,800,trial.doublecue,681,1
647,63017,2,2,800,trial.invalid,484,1
647,63017,1,2,400,trial.validspatial,428,1
647,63017,2,1,800,trial.validspatial,444,1
647,63017,1,2,400,trial.invalid,458,1
647,63017,1,1,800,trial.validspatial,541,1
647,63017,2,2,400,trial.doublecue,403,0
647,63017,1,1,0,trial.validspatial,628,1
647,63017,2,1,NaN,trial.nocue,809,1
647,63017,2,1,400,trial.invalid,719,1
647,63017,1,2,800,trial.invalid,502,0
647,63017,1,2,0,trial.doublecue,796,1
647,63017,1,1,400,trial.validspatial,493,1
647,63017,1,2,400,trial.validspatial,488,1
647,63017,1,1,0,trial.doublecue,511,1
647,63017,1,1,0,trial.doublecue,598,1
647,63017,1,2,NaN,trial.nocue,775,1
647,63017,2,1,400,trial.doublecue,628,1
647,63017,2,2,400,trial.validspatial,538,1
647,63017,2,2,800,trial.doublecue,472,1
647,63017,2,2,NaN,trial.nocue,559,1
647,63017,1,2,NaN,trial.nocue,632,1
647,63017,1,2,0,trial.doublecue,605,1
647,63017,2,1,800,trial.invalid,559,1
647,63017,1,2,0,trial.validspatial,633,1
647,63017,1,1,0,trial.validspatial,584,1
647,63017,2,1,0,trial.validspatial,607,1
647,63017,1,1,400,trial.invalid,719,1
647,63017,1,2,800,trial.doublecue,512,1
647,63017,2,2,0,trial.validspatial,402,1
647,63017,2,2,0,trial.invalid,590,1
647,63017,1,1,0,trial.validspatial,659,1
647,63017,1,1,400,trial.invalid,509,1
647,63017,2,1,800,trial.validspatial,398,1
647,63017,2,2,400,trial.doublecue,531,1
647,63017,2,1,0,trial.doublecue,519,1
647,63017,2,2,400,trial.validspatial,767,1
647,63017,1,1,NaN,trial.nocue,437,0
647,63017,2,1,0,trial.invalid,609,1
647,63017,1,2,800,trial.validspatial,750,1
647,63017,1,2,800,trial.doublecue,549,1
647,63017,2,1,400,trial.validspatial,475,1
647,63017,1,1,800,trial.validspatial,627,1
647,63017,1,2,800,trial.validspatial,539,1
647,63017,1,1,0,trial.validspatial,417,1
647,63017,1,2,400,trial.validspatial,491,1
647,63017,2,1,400,trial.invalid,626,1
647,63017,2,1,0,trial.invalid,518,1
647,63017,2,2,NaN,trial.nocue,630,0
647,63017,1,1,800,trial.validspatial,608,1
647,63017,2,2,400,trial.validspatial,724,1
647,63017,2,1,NaN,trial.nocue,668,1
647,63017,1,1,400,trial.validspatial,619,1
647,63017,1,2,NaN,trial.nocue,576,1
647,63017,1,2,0,trial.validspatial,535,1
647,63017,1,2,800,trial.validspatial,439,1
647,63017,1,1,0,trial.validspatial,549,1
647,63017,1,1,400,trial.validspatial,720,1
