subject,date,location_congruence_val,flanker_congruence_val,cue_target_interval,cue_condition,latency,values.correct
140,110717,1,1,0,trial.validspatial,626,1
140,110717,1,2,0,trial.invalid,1391,1
140,110717,1,2,800,trial.validspatial,926,1
140,110717,1,2,400,trial.validspatial,821,1
140,110717,1,2,400,trial.doublecue,935,1
140,110717,2,2,400,trial.validspatial,763,1
140,110717,2,1,400,trial.doublecue,605,1
140,110717,2,1,0,trial.validspatial,686,1
140,110717,2,1,400,trial.validspatial,461,1
140,110717,1,2,800,trial.validspatial,206,1
140,110717,1,1,800,trial.invalid,715,1
140,110717,2,1,400,trial.validspatial,509,1
140,110717,2,1,800,trial.validspatial,426,1
140,110717,2,2,0,trial.validspatial,895,1
140,110717,1,2,0,trial.validspatial,784,1
140,110717,1,1,400,trial.validspatial,455,1
140,110717,1,1,NaN,trial.nocue,538,1
140,110717,1,2,0,trial.validspatial,846,1
140,110717,1,1,NaN,trial.nocue,650,1
140,110717,2,2,0,trial.validspatial,815,1
140,110717,2,1,800,trial.invalid,651,1
140,110717,2,2,NaN,trial.nocue,760,1
140,110717,1,2,400,trial.invalid,719,1
140,110717,2,2,0,trial.doublecue,841,1
140,110717,1,2,NaN,trial.nocue,726,1
140,110717,1,1,400,trial.validspatial,420,1
140,110717,1,1,800,trial.validspatial,577,1
140,110717,2,1,NaN,trial.nocue,665,1
140,110717,1,1,800,trial.doublecue,488,1
140,110717,2,2,0,trial.doublecue,871,1
140,110717,1,1,0,trial.invalid,640,1
140,110717,1,1,0,trial.invalid,827,1
140,110717,2,1,0,trial.validspatial,641,1
140,110717,2,1,0,trial.validspatial,631,1
140,110717,1,1,400,trial.doublecue,602,1
140,110717,2,2,800,trial.validspatial,704,1
140,110717,2,2,800,trial.validspatial,649,1
140,110717,2,2,0,trial.validspatial,881,1
140,110717,1,2,400,trial.validspatial,840,1
140,110717,2,2,800,trial.invalid,758,1
140,110717,1,2,0,trial.invalid,826,1
140,110717,2,1,400,trial.validspatial,525,1
140,110717,2,1,400,trial.validspatial,591,1
140,110717,2,1,NaN,trial.nocue,791,1
140,110717,2,2,NaN,trial.nocue,811,1
140,110717,2,1,NaN,trial.nocue,677,1
140,110717,1,1,800,trial.validspatial,509,1
140,110717,1,1,NaN,trial.nocue,576,1
140,110717,2,1,800,trial.doublecue,593,1
140,110717,2,2,NaN,trial.nocue,905,0
140,110717,1,2,400,trial.validspatial,1700,0
140,110717,1,1,400,trial.doublecue,499,1
140,110717,2,2,400,trial.invalid,643,0
140,110717,1,1,NaN,trial.nocue,591,1
140,110717,2,1,800,trial.validspatial,500,1
140,110717,2,2,0,trial.validspatial,890,1
140,110717,2,1,800,trial.doublecue,520,1
140,110717,2,1,400,trial.validspatial,585,1
140,110717,2,2,400,trial.validspatial,740,1
140,110717,2,1,0,trial.doublecue,666,1
140,110717,2,2,400,trial.validspatial,625,1
140,110717,2,2,400,trial.invalid,898,1
140,110717,2,2,800,trial.doublecue,688,1
140,110717,1,2,400,trial.doublecue,773,1
140,110717,1,2,0,trial.validspatial,715,1
140,110717,1,2,NaN,trial.nocue,869,1
140,110717,1,1,800,trial.invalid,596,1
140,110717,2,2,800,trial.validspatial,522,1
140,110717,2,1,800,trial.validspatial,639,1
140,110717,2,1,0,trial.validspatial,609,1
140,110717,2,2,NaN,trial.nocue,912,0
140,110717,2,2,800,trial.validspatial,675,1
140,110717,1,1,400,trial.validspatial,453,1
140,110717,1,2,800,trial.invalid,904,1
140,110717,2,2,0,trial.validspatial,784,1
140,110717,2,2,800,trial.validspatial,560,1
140,110717,1,1,800,trial.validspatial,707,1
140,110717,2,1,NaN,trial.nocue,613,1
140,110717,1,2,NaN,trial.nocue,726,1
140,110717,1,2,800,trial.validspatial,907,1
140,110717,1,2,0,trial.validspatial,977,0
140,110717,2,2,0,trial.invalid,1065,0
140,110717,1,1,NaN,trial.nocue,1036,1
140,110717,2,2,800,trial.validspatial,589,1
140,110717,2,1,800,trial.validspatial,640,1
140,110717,2,1,0,trial.validspatial,594,1
140,110717,1,1,800,trial.doublecue,521,1
140,110717,2,2,800,trial.invalid,735,1
140,110717,1,2,400,trial.validspatial,604,1
140,110717,2,1,800,trial.validspatial,609,1
140,110717,1,2,400,trial.invalid,758,1
140,110717,1,1,800,trial.validspatial,537,1
140,110717,2,2,400,trial.doublecue,1430,0
140,110717,1,1,0,trial.validspatial,832,1
140,110717,2,1,NaN,trial.nocue,1700,0
140,110717,2,1,400,trial.invalid,750,1
140,110717,1,2,800,trial.invalid,800,1
140,110717,1,2,0,trial.doublecue,781,1
140,110717,1,1,400,trial.validspatial,469,1
140,110717,1,2,400,trial.validspatial,841,1
140,110717,1,1,0,trial.doublecue,518,1
140,110717,1,1,0,trial.doublecue,542,1
140,110717,1,2,NaN,trial.nocue,585,1
140,110717,2,1,400,trial.doublecue,751,1
140,110717,2,2,400,trial.validspatial,996,1
140,110717,2,2,800,trial.doublecue,693,1
140,110717,2,2,NaN,trial.nocue,932,1
140,110717,1,2,NaN,trial.nocue,1239,1
140,110717,1,2,0,trial.doublecue,1700,0
140,110717,2,1,800,trial.invalid,618,1
140,110717,1,2,0,trial.validspatial,1115,1
140,110717,1,1,0,trial.validspatial,963,1
140,110717,2,1,0,trial.validspatial,577,1
140,110717,1,1,400,trial.invalid,704,1
140,110717,1,2,800,trial.doublecue,732,1
140,110717,2,2,0,trial.validspatial,711,1
140,110717,2,2,0,trial.invalid,816,0
140,110717,1,1,0,trial.validspatial,627,1
140,110717,1,1,400,trial.invalid,664,1
140,110717,2,1,800,trial.validspatial,469,1
140,110717,2,2,400,trial.doublecue,628,1
140,110717,2,1,0,trial.doublecue,541,1
140,110717,2,2,400,trial.validspatial,688,1
140,110717,1,1,NaN,trial.nocue,544,1
140,110717,2,1,0,trial.invalid,643,1
140,110717,1,2,800,trial.validspatial,545,1
140,110717,1,2,800,trial.doublecue,568,0
140,110717,2,1,400,trial.validspatial,623,1
140,110717,1,1,800,trial.validspatial,586,1
140,110717,1,2,800,trial.validspatial,953,1
140,110717,1,1,0,trial.validspatial,1700,0
140,110717,1,2,400,trial.validspatial,227,1
140,110717,2,1,400,trial.invalid,686,1
140,110717,2,1,0,trial.invalid,534,1
140,110717,2,2,NaN,trial.nocue,959,0
140,110717,1,1,800,trial.validspatial,432,1
140,110717,2,2,400,trial.validspatial,656,1
140,110717,2,1,NaN,trial.nocue,679,1
140,110717,1,1,400,trial.validspatial,513,1
140,110717,1,2,NaN,trial.nocue,846,1
140,110717,1,2,0,trial.validspatial,716,1
140,110717,1,2,800,trial.validspatial,603,1
140,110717,1,1,0,trial.validspatial,587,1
140,110717,1,1,400,trial.validspatial,373,1
140,110717,1,1,0,trial.validspatial,627,1
140,110717,1,2,0,trial.invalid,820,1
140,110717,1,2,800,trial.validspatial,582,1
140,110717,1,2,400,trial.validspatial,592,1
140,110717,1,2,400,trial.doublecue,647,1
140,110717,2,2,400,trial.validspatial,722,1
140,110717,2,1,400,trial.doublecue,595,1
140,110717,2,1,0,trial.validspatial,559,1
140,110717,2,1,400,trial.validspatial,512,1
140,110717,1,2,800,trial.validspatial,569,1
140,110717,1,1,800,trial.invalid,628,1
140,110717,2,1,400,trial.validspatial,573,1
140,110717,2,1,800,trial.validspatial,570,1
140,110717,2,2,0,trial.validspatial,914,1
140,110717,1,2,0,trial.validspatial,775,1
140,110717,1,1,400,trial.validspatial,504,1
140,110717,1,1,NaN,trial.nocue,479,1
140,110717,1,2,0,trial.validspatial,568,0
140,110717,1,1,NaN,trial.nocue,537,1
140,110717,2,2,0,trial.validspatial,736,1
140,110717,2,1,800,trial.invalid,712,1
140,110717,2,2,NaN,trial.nocue,1002,1
140,110717,1,2,400,trial.invalid,683,1
140,110717,2,2,0,trial.doublecue,820,1
140,110717,1,2,NaN,trial.nocue,843,1
140,110717,1,1,400,trial.validspatial,549,1
140,110717,1,1,800,trial.validspatial,453,1
140,110717,2,1,NaN,trial.nocue,667,1
140,110717,1,1,800,trial.doublecue,559,1
140,110717,2,2,0,trial.doublecue,664,0
140,110717,1,1,0,trial.invalid,603,1
140,110717,1,1,0,trial.invalid,758,1
140,110717,2,1,0,trial.validspatial,630,1
140,110717,2,1,0,trial.validspatial,538,1
140,110717,1,1,400,trial.doublecue,669,1
140,110717,2,2,800,trial.validspatial,602,1
140,110717,2,2,800,trial.validspatial,729,1
140,110717,2,2,0,trial.validspatial,728,1
140,110717,1,2,400,trial.validspatial,583,1
140,110717,2,2,800,trial.invalid,991,1
140,110717,1,2,0,trial.invalid,1052,1
140,110717,2,1,400,trial.validspatial,483,1
140,110717,2,1,400,trial.validspatial,490,1
140,110717,2,1,NaN,trial.nocue,548,1
140,110717,2,2,NaN,trial.nocue,630,0
140,110717,2,1,NaN,trial.nocue,676,1
140,110717,1,1,800,trial.validspatial,504,1
140,110717,1,1,NaN,trial.nocue,641,1
140,110717,2,1,800,trial.doublecue,578,1
140,110717,2,2,NaN,trial.nocue,738,1
140,110717,1,2,400,trial.validspatial,630,1
140,110717,1,1,400,trial.doublecue,511,1
140,110717,2,2,400,trial.invalid,648,0
140,110717,1,1,NaN,trial.nocue,624,1
140,110717,2,1,800,trial.validspatial,479,1
140,110717,2,2,0,trial.validspatial,703,1
140,110717,2,1,800,trial.doublecue,615,1
140,110717,2,1,400,trial.validspatial,502,1
140,110717,2,2,400,trial.validspatial,567,1
140,110717,2,1,0,trial.doublecue,796,1
140,110717,2,2,400,trial.validspatial,608,1
140,110717,2,2,400,trial.invalid,935,1
140,110717,2,2,800,trial.doublecue,644,1
140,110717,1,2,400,trial.doublecue,874,1
140,110717,1,2,0,trial.validspatial,703,1
140,110717,1,2,NaN,trial.nocue,1386,1
140,110717,1,1,800,trial.invalid,548,1
140,110717,2,2,800,trial.validspatial,564,1
140,110717,2,1,800,trial.validspatial,513,1
140,110717,2,1,0,trial.validspatial,900,0
140,110717,2,2,NaN,trial.nocue,744,1
140,110717,2,2,800,trial.validspatial,552,1
140,110717,1,1,400,trial.validspatial,1700,0
140,110717,1,2,800,trial.invalid,531,1
140,110717,2,2,0,trial.validspatial,730,1
140,110717,2,2,800,trial.validspatial,827,1
140,110717,1,1,800,trial.validspatial,643,1
140,110717,2,1,NaN,trial.nocue,606,1
140,110717,1,2,NaN,trial.nocue,719,1
140,110717,1,2,800,trial.validspatial,536,1
140,110717,1,2,0,trial.validspatial,655,1
140,110717,2,2,0,trial.invalid,530,1
140,110717,1,1,NaN,trial.nocue,627,1
140,110717,2,2,800,trial.validspatial,699,1
140,110717,2,1,800,trial.validspatial,514,1
140,110717,2,1,0,trial.validspatial,629,1
140,110717,1,1,800,trial.doublecue,805,1
140,110717,2,2,800,trial.invalid,795,1
140,110717,1,2,400,trial.validspatial,518,1
140,110717,2,1,800,trial.validspatial,493,1
140,110717,1,2,400,trial.invalid,918,1
140,110717,1,1,800,trial.validspatial,487,1
140,110717,2,2,400,trial.doublecue,820,1
140,110717,1,1,0,trial.validspatial,632,1
140,110717,2,1,NaN,trial.nocue,1362,1
140,110717,2,1,400,trial.invalid,766,1
140,110717,1,2,800,trial.invalid,707,1
140,110717,1,2,0,trial.doublecue,872,1
140,110717,1,1,400,trial.validspatial,488,1
140,110717,1,2,400,trial.validspatial,470,1
140,110717,1,1,0,trial.doublecue,725,1
140,110717,1,1,0,trial.doublecue,558,1
140,110717,1,2,NaN,trial.nocue,774,1
140,110717,2,1,400,trial.doublecue,684,1
140,110717,2,2,400,trial.validspatial,530,1
140,110717,2,2,800,trial.doublecue,514,1
140,110717,2,2,NaN,trial.nocue,487,1
140,110717,1,2,NaN,trial.nocue,483,1
140,110717,1,2,0,trial.doublecue,512,1
140,110717,2,1,800,trial.invalid,655,1
140,110717,1,2,0,trial.validspatial,834,1
140,110717,1,1,0,trial.validspatial,550,1
140,110717,2,1,0,trial.validspatial,592,0
140,110717,1,1,400,trial.invalid,826,1
140,110717,1,2,800,trial.doublecue,515,1
140,110717,2,2,0,trial.validspatial,464,1
140,110717,2,2,0,trial.invalid,686,1
140,110717,1,1,0,trial.validspatial,634,1
140,110717,1,1,400,trial.invalid,678,1
140,110717,2,1,800,trial.validspatial,421,1
140,110717,2,2,400,trial.doublecue,531,1
140,110717,2,1,0,trial.doublecue,645,1
140,110717,2,2,400,trial.validspatial,767,1
140,110717,1,1,NaN,trial.nocue,568,1
140,110717,2,1,0,trial.invalid,477,1
140,110717,1,2,800,trial.validspatial,780,1
140,110717,1,2,800,trial.doublecue,542,1
140,110717,2,1,400,trial.validspatial,457,1
140,110717,1,1,800,trial.validspatial,599,1
140,110717,1,2,800,trial.validspatial,556,1
140,110717,1,1,0,trial.validspatial,514,1
140,110717,1,2,400,trial.validspatial,550,1
140,110717,2,1,400,trial.invalid,581,1
140,110717,2,1,0,trial.invalid,575,1
140,110717,2,2,NaN,trial.nocue,760,1
140,110717,1,1,800,trial.validspatial,499,0
140,110717,2,2,400,trial.validspatial,605,1
140,110717,2,1,NaN,trial.nocue,745,1
140,110717,1,1,400,trial.validspatial,797,1
140,110717,1,2,NaN,trial.nocue,553,1
140,110717,1,2,0,trial.validspatial,578,1
140,110717,1,2,800,trial.validspatial,535,1
140,110717,1,1,0,trial.validspatial,606,1
140,110717,1,1,400,trial.validspatial,734,1
