subject,date,location_congruence_val,flanker_congruence_val,cue_target_interval,cue_condition,latency,values.correct
386,63017,1,1,0,trial.validspatial,694,1
386,63017,1,2,0,trial.invalid,995,1
386,63017,1,2,800,trial.validspatial,580,1
386,63017,1,2,400,trial.validspatial,662,1
386,63017,1,2,400,trial.doublecue,836,1
386,63017,2,2,400,trial.validspatial,672,1
386,63017,2,1,400,trial.doublecue,641,1
386,63017,2,1,0,trial.validspatial,667,1
386,63017,2,1,400,trial.validspatial,488,1
386,63017,1,2,800,trial.validspatial,840,1
386,63017,1,1,800,trial.invalid,639,1
386,63017,2,1,400,trial.validspatial,428,1
386,63017,2,1,800,trial.validspatial,591,1
386,63017,2,2,0,trial.validspatial,554,1
386,63017,1,2,0,trial.validspatial,728,1
386,63017,1,1,400,trial.validspatial,648,1
386,63017,1,1,NaN,trial.nocue,608,1
386,63017,1,2,0,trial.validspatial,701,1
386,63017,1,1,NaN,trial.nocue,487,1
386,63017,2,2,0,trial.validspatial,703,1
386,63017,2,1,800,trial.invalid,643,1
386,63017,2,2,NaN,trial.nocue,625,1
386,63017,1,2,400,trial.invalid,502,0
386,63017,2,2,0,trial.doublecue,685,1
386,63017,1,2,NaN,trial.nocue,733,1
386,63017,1,1,400,trial.validspatial,622,1
386,63017,1,1,800,trial.validspatial,448,1
386,63017,2,1,NaN,trial.nocue,527,1
386,63017,1,1,800,trial.doublecue,607,1
386,63017,2,2,0,trial.doublecue,871,1
386,63017,1,1,0,trial.invalid,500,1
386,63017,1,1,0,trial.invalid,533,1
386,63017,2,1,0,trial.validspatial,491,1
386,63017,2,1,0,trial.validspatial,482,1
386,63017,1,1,400,trial.doublecue,521,1
386,63017,2,2,800,trial.validspatial,719,1
386,63017,2,2,800,trial.validspatial,497,1
386,63017,2,2,0,trial.validspatial,593,1
386,63017,1,2,400,trial.validspatial,640,1
386,63017,2,2,800,trial.invalid,616,1
386,63017,1,2,0,trial.invalid,784,1
386,63017,2,1,400,trial.validspatial,474,1
386,63017,2,1,400,trial.validspatial,421,1
386,63017,2,1,NaN,trial.nocue,673,1
386,63017,2,2,NaN,trial.nocue,721,1
386,63017,2,1,NaN,trial.nocue,555,1
386,63017,1,1,800,trial.validspatial,486,1
386,63017,1,1,NaN,trial.nocue,458,1
386,63017,2,1,800,trial.doublecue,591,1
386,63017,2,2,NaN,trial.nocue,623,1
386,63017,1,2,400,trial.validspatial,725,1
386,63017,1,1,400,trial.doublecue,577,1
386,63017,2,2,400,trial.invalid,686,1
386,63017,1,1,NaN,trial.nocue,494,1
386,63017,2,1,800,trial.validspatial,389,1
386,63017,2,2,0,trial.validspatial,573,1
386,63017,2,1,800,trial.doublecue,675,1
386,63017,2,1,400,trial.validspatial,561,1
386,63017,2,2,400,trial.validspatial,546,1
386,63017,2,1,0,trial.doublecue,521,1
386,63017,2,2,400,trial.validspatial,633,1
386,63017,2,2,400,trial.invalid,584,0
386,63017,2,2,800,trial.doublecue,657,1
386,63017,1,2,400,trial.doublecue,590,0
386,63017,1,2,0,trial.validspatial,710,1
386,63017,1,2,NaN,trial.nocue,702,1
386,63017,1,1,800,trial.invalid,623,1
386,63017,2,2,800,trial.validspatial,533,1
386,63017,2,1,800,trial.validspatial,573,1
386,63017,2,1,0,trial.validspatial,530,1
386,63017,2,2,NaN,trial.nocue,708,1
386,63017,2,2,800,trial.validspatial,582,1
386,63017,1,1,400,trial.validspatial,564,1
386,63017,1,2,800,trial.invalid,723,1
386,63017,2,2,0,trial.validspatial,488,1
386,63017,2,2,800,trial.validspatial,589,1
386,63017,1,1,800,trial.validspatial,500,1
386,63017,2,1,NaN,trial.nocue,560,1
386,63017,1,2,NaN,trial.nocue,536,0
386,63017,1,2,800,trial.validspatial,557,1
386,63017,1,2,0,trial.validspatial,686,1
386,63017,2,2,0,trial.invalid,707,1
386,63017,1,1,NaN,trial.nocue,664,1
386,63017,2,2,800,trial.validspatial,519,1
386,63017,2,1,800,trial.validspatial,409,1
386,63017,2,1,0,trial.validspatial,520,1
386,63017,1,1,800,trial.doublecue,504,1
386,63017,2,2,800,trial.invalid,495,0
386,63017,1,2,400,trial.validspatial,524,1
386,63017,2,1,800,trial.validspatial,451,1
386,63017,1,2,400,trial.invalid,683,1
386,63017,1,1,800,trial.validspatial,453,1
386,63017,2,2,400,trial.doublecue,582,1
386,63017,1,1,0,trial.validspatial,694,1
386,63017,2,1,NaN,trial.nocue,535,1
386,63017,2,1,400,trial.invalid,549,1
386,63017,1,2,800,trial.invalid,815,1
386,63017,1,2,0,trial.doublecue,707,1
386,63017,1,1,400,trial.validspatial,408,1
386,63017,1,2,400,trial.validspatial,545,1
386,63017,1,1,0,trial.doublecue,464,1
386,63017,1,1,0,trial.doublecue,523,1
386,63017,1,2,NaN,trial.nocue,1003,1
386,63017,2,1,400,trial.doublecue,484,1
386,63017,2,2,400,trial.validspatial,553,1
386,63017,2,2,800,trial.doublecue,634,1
386,63017,2,2,NaN,trial.nocue,654,1
386,63017,1,2,NaN,trial.nocue,657,1
386,63017,1,2,0,trial.doublecue,645,1
386,63017,2,1,800,trial.invalid,664,1
386,63017,1,2,0,trial.validspatial,678,1
386,63017,1,1,0,trial.validspatial,590,1
386,63017,2,1,0,trial.validspatial,490,1
386,63017,1,1,400,trial.invalid,563,1
386,63017,1,2,800,trial.doublecue,726,1
386,63017,2,2,0,trial.validspatial,781,1
386,63017,2,2,0,trial.invalid,671,1
386,63017,1,1,0,trial.validspatial,599,1
386,63017,1,1,400,trial.invalid,643,1
386,63017,2,1,800,trial.validspatial,495,1
386,63017,2,2,400,trial.doublecue,756,1
386,63017,2,1,0,trial.doublecue,497,1
386,63017,2,2,400,trial.validspatial,488,1
386,63017,1,1,NaN,trial.nocue,467,1
386,63017,2,1,0,trial.invalid,442,1
386,63017,1,2,800,trial.validspatial,528,1
386,63017,1,2,800,trial.doublecue,602,1
386,63017,2,1,400,trial.validspatial,563,1
386,63017,1,1,800,trial.validspatial,458,1
386,63017,1,2,800,trial.validspatial,543,1
386,63017,1,1,0,trial.validspatial,594,1
386,63017,1,2,400,trial.validspatial,525,1
386,63017,2,1,400,trial.invalid,727,1
386,63017,2,1,0,trial.invalid,574,1
386,63017,2,2,NaN,trial.nocue,788,1
386,63017,1,1,800,trial.validspatial,496,1
386,63017,2,2,400,trial.validspatial,525,1
386,63017,2,1,NaN,trial.nocue,510,1
386,63017,1,1,400,trial.validspatial,440,1
386,63017,1,2,NaN,trial.nocue,631,1
386,63017,1,2,0,trial.validspatial,574,1
386,63017,1,2,800,trial.validspatial,609,1
386,63017,1,1,0,trial.validspatial,512,1
386,63017,1,1,400,trial.validspatial,472,1
386,63017,1,1,0,trial.validspatial,451,1
386,63017,1,2,0,trial.invalid,789,1
386,63017,1,2,800,trial.validspatial,727,1
386,63017,1,2,400,trial.validspatial,704,1
386,63017,1,2,400,trial.doublecue,717,1
386,63017,2,2,400,trial.validspatial,849,1
386,63017,2,1,400,trial.doublecue,498,1
386,63017,2,1,0,trial.validspatial,501,1
386,63017,2,1,400,trial.validspatial,502,1
386,63017,1,2,800,trial.validspatial,488,0
386,63017,1,1,800,trial.invalid,630,1
386,63017,2,1,400,trial.validspatial,539,1
386,63017,2,1,800,trial.validspatial,422,1
386,63017,2,2,0,trial.validspatial,689,1
386,63017,1,2,0,trial.validspatial,651,1
386,63017,1,1,400,trial.validspatial,497,1
386,63017,1,1,NaN,trial.nocue,400,1
386,63017,1,2,0,trial.validspatial,599,1
386,63017,1,1,NaN,trial.nocue,1070,1
386,63017,2,2,0,trial.validspatial,621,1
386,63017,2,1,800,trial.invalid,699,1
386,63017,2,2,NaN,trial.nocue,888,1
386,63017,1,2,400,trial.invalid,781,1
386,63017,2,2,0,trial.doublecue,749,1
386,63017,1,2,NaN,trial.nocue,693,1
386,63017,1,1,400,trial.validspatial,565,1
386,63017,1,1,800,trial.validspatial,416,1
386,63017,2,1,NaN,trial.nocue,480,0
386,63017,1,1,800,trial.doublecue,440,1
386,63017,2,2,0,trial.doublecue,448,0
386,63017,1,1,0,trial.invalid,491,1
386,63017,1,1,0,trial.invalid,572,1
386,63017,2,1,0,trial.validspatial,459,1
386,63017,2,1,0,trial.validspatial,578,1
386,63017,1,1,400,trial.doublecue,565,1
386,63017,2,2,800,trial.validspatial,570,1
386,63017,2,2,800,trial.validspatial,557,1
386,63017,2,2,0,trial.validspatial,654,1
386,63017,1,2,400,trial.validspatial,502,1
386,63017,2,2,800,trial.invalid,678,1
386,63017,1,2,0,trial.invalid,814,1
386,63017,2,1,400,trial.validspatial,513,1
386,63017,2,1,400,trial.validspatial,460,1
386,63017,2,1,NaN,trial.nocue,552,1
386,63017,2,2,NaN,trial.nocue,603,0
386,63017,2,1,NaN,trial.nocue,444,1
386,63017,1,1,800,trial.validspatial,477,1
386,63017,1,1,NaN,trial.nocue,490,1
386,63017,2,1,800,trial.doublecue,510,1
386,63017,2,2,NaN,trial.nocue,702,1
386,63017,1,2,400,trial.validspatial,613,1
386,63017,1,1,400,trial.doublecue,560,1
386,63017,2,2,400,trial.invalid,502,0
386,63017,1,1,NaN,trial.nocue,581,1
386,63017,2,1,800,trial.validspatial,403,1
386,63017,2,2,0,trial.validspatial,667,1
386,63017,2,1,800,trial.doublecue,637,1
386,63017,2,1,400,trial.validspatial,508,1
386,63017,2,2,400,trial.validspatial,580,1
386,63017,2,1,0,trial.doublecue,611,1
386,63017,2,2,400,trial.validspatial,631,1
386,63017,2,2,400,trial.invalid,967,1
386,63017,2,2,800,trial.doublecue,696,1
386,63017,1,2,400,trial.doublecue,781,1
386,63017,1,2,0,trial.validspatial,854,1
386,63017,1,2,NaN,trial.nocue,680,1
386,63017,1,1,800,trial.invalid,720,1
386,63017,2,2,800,trial.validspatial,703,1
386,63017,2,1,800,trial.validspatial,543,1
386,63017,2,1,0,trial.validspatial,587,1
386,63017,2,2,NaN,trial.nocue,713,1
386,63017,2,2,800,trial.validspatial,571,1
386,63017,1,1,400,trial.validspatial,1700,0
386,63017,1,2,800,trial.invalid,491,1
386,63017,2,2,0,trial.validspatial,780,1
386,63017,2,2,800,trial.validspatial,598,1
386,63017,1,1,800,trial.validspatial,800,1
386,63017,2,1,NaN,trial.nocue,997,1
386,63017,1,2,NaN,trial.nocue,641,1
386,63017,1,2,800,trial.validspatial,498,1
386,63017,1,2,0,trial.validspatial,757,1
386,63017,2,2,0,trial.invalid,448,1
386,63017,1,1,NaN,trial.nocue,754,1
386,63017,2,2,800,trial.validspatial,664,1
386,63017,2,1,800,trial.validspatial,510,1
386,63017,2,1,0,trial.validspatial,496,1
386,63017,1,1,800,trial.doublecue,739,1
386,63017,2,2,800,trial.invalid,632,1
386,63017,1,2,400,trial.validspatial,588,1
386,63017,2,1,800,trial.validspatial,531,1
386,63017,1,2,400,trial.invalid,809,1
386,63017,1,1,800,trial.validspatial,431,1
386,63017,2,2,400,trial.doublecue,636,1
386,63017,1,1,0,trial.validspatial,594,1
386,63017,2,1,NaN,trial.nocue,784,1
386,63017,2,1,400,trial.invalid,749,1
386,63017,1,2,800,trial.invalid,868,1
386,63017,1,2,0,trial.doublecue,572,1
386,63017,1,1,400,trial.validspatial,725,1
386,63017,1,2,400,trial.validspatial,472,1
386,63017,1,1,0,trial.doublecue,495,1
386,63017,1,1,0,trial.doublecue,599,1
386,63017,1,2,NaN,trial.nocue,751,1
386,63017,2,1,400,trial.doublecue,659,1
386,63017,2,2,400,trial.validspatial,538,1
386,63017,2,2,800,trial.doublecue,464,1
386,63017,2,2,NaN,trial.nocue,767,1
386,63017,1,2,NaN,trial.nocue,625,1
386,63017,1,2,0,trial.doublecue,542,1
386,63017,2,1,800,trial.invalid,593,1
386,63017,1,2,0,trial.validspatial,675,1
386,63017,1,1,0,trial.validspatial,620,1
386,63017,2,1,0,trial.validspatial,564,1
386,63017,1,1,400,trial.invalid,932,1
386,63017,1,2,800,trial.doublecue,687,1
386,63017,2,2,0,trial.validspatial,465,1
386,63017,2,2,0,trial.invalid,589,1
386,63017,1,1,0,trial.validspatial,834,1
386,63017,1,1,400,trial.invalid,643,1
386,63017,2,1,800,trial.validspatial,682,1
386,63017,2,2,400,trial.doublecue,478,1
386,63017,2,1,0,trial.doublecue,500,1
386,63017,2,2,400,trial.validspatial,794,1
386,63017,1,1,NaN,trial.nocue,769,1
386,63017,2,1,0,trial.invalid,555,1
386,63017,1,2,800,trial.validspatial,696,1
386,63017,1,2,800,trial.doublecue,424,1
386,63017,2,1,400,trial.validspatial,591,1
386,63017,1,1,800,trial.validspatial,790,1
386,63017,1,2,800,trial.validspatial,548,1
386,63017,1,1,0,trial.validspatial,522,1
386,63017,1,2,400,trial.validspatial,763,1
386,63017,2,1,400,trial.invalid,610,1
386,63017,2,1,0,trial.invalid,806,1
386,63017,2,2,NaN,trial.nocue,725,1
386,63017,1,1,800,trial.validspatial,567,1
386,63017,2,2,400,trial.validspatial,556,1
386,63017,2,1,NaN,trial.nocue,653,1
386,63017,1,1,400,trial.validspatial,698,1
386,63017,1,2,NaN,trial.nocue,666,1
386,63017,1,2,0,trial.validspatial,657,1
386,63017,1,2,800,trial.validspatial,601,1
386,63017,1,1,0,trial.validspatial,686,1
386,63017,1,1,400,trial.validspatial,1000,1
