subject,date,location_congruence_val,flanker_congruence_val,cue_target_interval,cue_condition,latency,values.correct
93,110217,1,1,0,trial.validspatial,1677,1
93,110217,1,2,0,trial.invalid,1700,0
93,110217,1,2,800,trial.validspatial,1621,1
93,110217,1,2,400,trial.validspatial,1700,0
93,110217,1,2,400,trial.doublecue,1064,1
93,110217,2,2,400,trial.validspatial,1540,1
93,110217,2,1,400,trial.doublecue,1550,1
93,110217,2,1,0,trial.validspatial,1093,1
93,110217,2,1,400,trial.validspatial,1605,1
93,110217,1,2,800,trial.validspatial,1104,1
93,110217,1,1,800,trial.invalid,1038,1
93,110217,2,1,400,trial.validspatial,1216,1
93,110217,2,1,800,trial.validspatial,671,1
93,110217,2,2,0,trial.validspatial,1494,1
93,110217,1,2,0,trial.validspatial,1443,1
93,110217,1,1,400,trial.validspatial,1300,1
93,110217,1,1,NaN,trial.nocue,662,1
93,110217,1,2,0,trial.validspatial,1250,1
93,110217,1,1,NaN,trial.nocue,1330,1
93,110217,2,2,0,trial.validspatial,1620,1
93,110217,2,1,800,trial.invalid,871,1
93,110217,2,2,NaN,trial.nocue,1422,1
93,110217,1,2,400,trial.invalid,907,1
93,110217,2,2,0,trial.doublecue,1602,1
93,110217,1,2,NaN,trial.nocue,1645,1
93,110217,1,1,400,trial.validspatial,1639,1
93,110217,1,1,800,trial.validspatial,497,1
93,110217,2,1,NaN,trial.nocue,1521,1
93,110217,1,1,800,trial.doublecue,554,1
93,110217,2,2,0,trial.doublecue,1247,1
93,110217,1,1,0,trial.invalid,793,1
93,110217,1,1,0,trial.invalid,1481,1
93,110217,2,1,0,trial.validspatial,1362,1
93,110217,2,1,0,trial.validspatial,1201,1
93,110217,1,1,400,trial.doublecue,700,1
93,110217,2,2,800,trial.validspatial,1542,1
93,110217,2,2,800,trial.validspatial,161,1
93,110217,2,2,0,trial.validspatial,1357,1
93,110217,1,2,400,trial.validspatial,1161,1
93,110217,2,2,800,trial.invalid,1391,1
93,110217,1,2,0,trial.invalid,1558,1
93,110217,2,1,400,trial.validspatial,1568,1
93,110217,2,1,400,trial.validspatial,1343,1
93,110217,2,1,NaN,trial.nocue,1700,0
93,110217,2,2,NaN,trial.nocue,1482,1
93,110217,2,1,NaN,trial.nocue,1452,1
93,110217,1,1,800,trial.validspatial,1567,1
93,110217,1,1,NaN,trial.nocue,1261,1
93,110217,2,1,800,trial.doublecue,1369,1
93,110217,2,2,NaN,trial.nocue,1700,0
93,110217,1,2,400,trial.validspatial,1020,1
93,110217,1,1,400,trial.doublecue,1433,1
93,110217,2,2,400,trial.invalid,1419,1
93,110217,1,1,NaN,trial.nocue,1700,0
93,110217,2,1,800,trial.validspatial,772,1
93,110217,2,2,0,trial.validspatial,1700,0
93,110217,2,1,800,trial.doublecue,1009,1
93,110217,2,1,400,trial.validspatial,809,1
93,110217,2,2,400,trial.validspatial,1566,1
93,110217,2,1,0,trial.doublecue,1210,1
93,110217,2,2,400,trial.validspatial,1700,0
93,110217,2,2,400,trial.invalid,1162,1
93,110217,2,2,800,trial.doublecue,1176,1
93,110217,1,2,400,trial.doublecue,1700,0
93,110217,1,2,0,trial.validspatial,896,1
93,110217,1,2,NaN,trial.nocue,844,1
93,110217,1,1,800,trial.invalid,750,1
93,110217,2,2,800,trial.validspatial,937,1
93,110217,2,1,800,trial.validspatial,971,1
93,110217,2,1,0,trial.validspatial,1700,0
93,110217,2,2,NaN,trial.nocue,1700,0
93,110217,2,2,800,trial.validspatial,1417,1
93,110217,1,1,400,trial.validspatial,631,1
93,110217,1,2,800,trial.invalid,1492,1
93,110217,2,2,0,trial.validspatial,1567,1
93,110217,2,2,800,trial.validspatial,1379,1
93,110217,1,1,800,trial.validspatial,1144,1
93,110217,2,1,NaN,trial.nocue,1512,1
93,110217,1,2,NaN,trial.nocue,1407,1
93,110217,1,2,800,trial.validspatial,1700,0
93,110217,1,2,0,trial.validspatial,1508,1
93,110217,2,2,0,trial.invalid,1700,0
93,110217,1,1,NaN,trial.nocue,962,1
93,110217,2,2,800,trial.validspatial,1172,1
93,110217,2,1,800,trial.validspatial,1493,1
93,110217,2,1,0,trial.validspatial,1278,1
93,110217,1,1,800,trial.doublecue,1442,1
93,110217,2,2,800,trial.invalid,1055,1
93,110217,1,2,400,trial.validspatial,874,1
93,110217,2,1,800,trial.validspatial,834,1
93,110217,1,2,400,trial.invalid,1552,1
93,110217,1,1,800,trial.validspatial,1309,1
93,110217,2,2,400,trial.doublecue,1431,1
93,110217,1,1,0,trial.validspatial,557,1
93,110217,2,1,NaN,trial.nocue,1493,1
93,110217,2,1,400,trial.invalid,1385,1
93,110217,1,2,800,trial.invalid,1123,1
93,110217,1,2,0,trial.doublecue,1587,1
93,110217,1,1,400,trial.validspatial,1310,1
93,110217,1,2,400,trial.validspatial,762,1
93,110217,1,1,0,trial.doublecue,1576,1
93,110217,1,1,0,trial.doublecue,1700,0
93,110217,1,2,NaN,trial.nocue,1700,0
93,110217,2,1,400,trial.doublecue,1411,1
93,110217,2,2,400,trial.validspatial,1557,1
93,110217,2,2,800,trial.doublecue,1554,1
93,110217,2,2,NaN,trial.nocue,1564,1
93,110217,1,2,NaN,trial.nocue,951,1
93,110217,1,2,0,trial.doublecue,1700,0
93,110217,2,1,800,trial.invalid,1188,1
93,110217,1,2,0,trial.validspatial,852,1
93,110217,1,1,0,trial.validspatial,680,1
93,110217,2,1,0,trial.validspatial,1700,0
93,110217,1,1,400,trial.invalid,1700,0
93,110217,1,2,800,trial.doublecue,1700,0
93,110217,2,2,0,trial.validspatial,1552,1
93,110217,2,2,0,trial.invalid,1700,0
93,110217,1,1,0,trial.validspatial,995,1
93,110217,1,1,400,trial.invalid,540,1
93,110217,2,1,800,trial.validspatial,1581,1
93,110217,2,2,400,trial.doublecue,1362,1
93,110217,2,1,0,trial.doublecue,861,1
93,110217,2,2,400,trial.validspatial,685,1
93,110217,1,1,NaN,trial.nocue,1266,1
93,110217,2,1,0,trial.invalid,1454,1
93,110217,1,2,800,trial.validspatial,1307,1
93,110217,1,2,800,trial.doublecue,807,1
93,110217,2,1,400,trial.validspatial,1433,1
93,110217,1,1,800,trial.validspatial,1363,1
93,110217,1,2,800,trial.validspatial,1700,0
93,110217,1,1,0,trial.validspatial,1099,1
93,110217,1,2,400,trial.validspatial,695,1
93,110217,2,1,400,trial.invalid,1311,1
93,110217,2,1,0,trial.invalid,466,0
93,110217,2,2,NaN,trial.nocue,1250,1
93,110217,1,1,800,trial.validspatial,495,1
93,110217,2,2,400,trial.validspatial,594,1
93,110217,2,1,NaN,trial.nocue,1545,1
93,110217,1,1,400,trial.validspatial,1127,1
93,110217,1,2,NaN,trial.nocue,1700,0
93,110217,1,2,0,trial.validspatial,1195,1
93,110217,1,2,800,trial.validspatial,1106,1
93,110217,1,1,0,trial.validspatial,1700,0
93,110217,1,1,400,trial.validspatial,1084,1
93,110217,1,1,0,trial.validspatial,1367,1
93,110217,1,2,0,trial.invalid,1466,0
93,110217,1,2,800,trial.validspatial,1700,0
93,110217,1,2,400,trial.validspatial,1633,1
93,110217,1,2,400,trial.doublecue,563,1
93,110217,2,2,400,trial.validspatial,1592,1
93,110217,2,1,400,trial.doublecue,1360,1
93,110217,2,1,0,trial.validspatial,748,1
93,110217,2,1,400,trial.validspatial,1289,1
93,110217,1,2,800,trial.validspatial,1278,0
93,110217,1,1,800,trial.invalid,554,1
93,110217,2,1,400,trial.validspatial,689,1
93,110217,2,1,800,trial.validspatial,609,1
93,110217,2,2,0,trial.validspatial,577,0
93,110217,1,2,0,trial.validspatial,1603,1
93,110217,1,1,400,trial.validspatial,645,1
93,110217,1,1,NaN,trial.nocue,638,1
93,110217,1,2,0,trial.validspatial,1534,0
93,110217,1,1,NaN,trial.nocue,1271,1
93,110217,2,2,0,trial.validspatial,1698,1
93,110217,2,1,800,trial.invalid,789,1
93,110217,2,2,NaN,trial.nocue,1700,0
93,110217,1,2,400,trial.invalid,1482,1
93,110217,2,2,0,trial.doublecue,853,1
93,110217,1,2,NaN,trial.nocue,1661,1
93,110217,1,1,400,trial.validspatial,621,1
93,110217,1,1,800,trial.validspatial,526,1
93,110217,2,1,NaN,trial.nocue,1622,1
93,110217,1,1,800,trial.doublecue,1442,1
93,110217,2,2,0,trial.doublecue,1386,1
93,110217,1,1,0,trial.invalid,629,1
93,110217,1,1,0,trial.invalid,1561,1
93,110217,2,1,0,trial.validspatial,1304,1
93,110217,2,1,0,trial.validspatial,1453,1
93,110217,1,1,400,trial.doublecue,465,1
93,110217,2,2,800,trial.validspatial,1285,1
93,110217,2,2,800,trial.validspatial,1371,1
93,110217,2,2,0,trial.validspatial,844,1
93,110217,1,2,400,trial.validspatial,787,1
93,110217,2,2,800,trial.invalid,1700,0
93,110217,1,2,0,trial.invalid,1700,0
93,110217,2,1,400,trial.validspatial,588,1
93,110217,2,1,400,trial.validspatial,1249,1
93,110217,2,1,NaN,trial.nocue,1500,1
93,110217,2,2,NaN,trial.nocue,1656,1
93,110217,2,1,NaN,trial.nocue,1398,1
93,110217,1,1,800,trial.validspatial,1190,1
93,110217,1,1,NaN,trial.nocue,566,1
93,110217,2,1,800,trial.doublecue,1255,1
93,110217,2,2,NaN,trial.nocue,1433,1
93,110217,1,2,400,trial.validspatial,1699,1
93,110217,1,1,400,trial.doublecue,1606,1
93,110217,2,2,400,trial.invalid,1700,0
93,110217,1,1,NaN,trial.nocue,957,1
93,110217,2,1,800,trial.validspatial,1056,1
93,110217,2,2,0,trial.validspatial,1572,1
93,110217,2,1,800,trial.doublecue,911,1
93,110217,2,1,400,trial.validspatial,558,1
93,110217,2,2,400,trial.validspatial,1458,1
93,110217,2,1,0,trial.doublecue,1011,1
93,110217,2,2,400,trial.validspatial,701,1
93,110217,2,2,400,trial.invalid,885,1
93,110217,2,2,800,trial.doublecue,715,1
93,110217,1,2,400,trial.doublecue,1700,0
93,110217,1,2,0,trial.validspatial,1700,0
93,110217,1,2,NaN,trial.nocue,526,1
93,110217,1,1,800,trial.invalid,523,1
93,110217,2,2,800,trial.validspatial,596,1
93,110217,2,1,800,trial.validspatial,633,1
93,110217,2,1,0,trial.validspatial,1521,1
93,110217,2,2,NaN,trial.nocue,732,0
93,110217,2,2,800,trial.validspatial,1142,1
93,110217,1,1,400,trial.validspatial,1700,0
93,110217,1,2,800,trial.invalid,1700,0
93,110217,2,2,0,trial.validspatial,1580,1
93,110217,2,2,800,trial.validspatial,638,0
93,110217,1,1,800,trial.validspatial,621,1
93,110217,2,1,NaN,trial.nocue,1497,1
93,110217,1,2,NaN,trial.nocue,1120,1
93,110217,1,2,800,trial.validspatial,776,1
93,110217,1,2,0,trial.validspatial,958,1
93,110217,2,2,0,trial.invalid,1595,1
93,110217,1,1,NaN,trial.nocue,720,1
93,110217,2,2,800,trial.validspatial,585,1
93,110217,2,1,800,trial.validspatial,558,1
93,110217,2,1,0,trial.validspatial,458,1
93,110217,1,1,800,trial.doublecue,1700,0
93,110217,2,2,800,trial.invalid,1358,1
93,110217,1,2,400,trial.validspatial,530,1
93,110217,2,1,800,trial.validspatial,528,1
93,110217,1,2,400,trial.invalid,1492,1
93,110217,1,1,800,trial.validspatial,1700,0
93,110217,2,2,400,trial.doublecue,1436,1
93,110217,1,1,0,trial.validspatial,1483,1
93,110217,2,1,NaN,trial.nocue,1700,0
93,110217,2,1,400,trial.invalid,1130,1
93,110217,1,2,800,trial.invalid,887,1
93,110217,1,2,0,trial.doublecue,1484,1
93,110217,1,1,400,trial.validspatial,575,1
93,110217,1,2,400,trial.validspatial,685,1
93,110217,1,1,0,trial.doublecue,1084,1
93,110217,1,1,0,trial.doublecue,961,1
93,110217,1,2,NaN,trial.nocue,1700,0
93,110217,2,1,400,trial.doublecue,1062,1
93,110217,2,2,400,trial.validspatial,1700,0
93,110217,2,2,800,trial.doublecue,1700,0
93,110217,2,2,NaN,trial.nocue,782,1
93,110217,1,2,NaN,trial.nocue,595,1
93,110217,1,2,0,trial.doublecue,1341,1
93,110217,2,1,800,trial.invalid,1224,1
93,110217,1,2,0,trial.validspatial,1700,0
93,110217,1,1,0,trial.validspatial,1157,1
93,110217,2,1,0,trial.validspatial,1298,1
93,110217,1,1,400,trial.invalid,1700,0
93,110217,1,2,800,trial.doublecue,784,1
93,110217,2,2,0,trial.validspatial,1332,1
93,110217,2,2,0,trial.invalid,1583,1
93,110217,1,1,0,trial.validspatial,814,1
93,110217,1,1,400,trial.invalid,1700,0
93,110217,2,1,800,trial.validspatial,1116,1
93,110217,2,2,400,trial.doublecue,1700,0
93,110217,2,1,0,trial.doublecue,1700,0
93,110217,2,2,400,trial.validspatial,898,0
93,110217,1,1,NaN,trial.nocue,106,0
93,110217,2,1,0,trial.invalid,462,1
93,110217,1,2,800,trial.validspatial,1311,1
93,110217,1,2,800,trial.doublecue,1098,1
93,110217,2,1,400,trial.validspatial,522,1
93,110217,1,1,800,trial.validspatial,1368,1
93,110217,1,2,800,trial.validspatial,548,1
93,110217,1,1,0,trial.validspatial,476,1
93,110217,1,2,400,trial.validspatial,1459,1
93,110217,2,1,400,trial.invalid,1229,1
93,110217,2,1,0,trial.invalid,744,1
93,110217,2,2,NaN,trial.nocue,714,1
93,110217,1,1,800,trial.validspatial,1006,1
93,110217,2,2,400,trial.validspatial,1452,1
93,110217,2,1,NaN,trial.nocue,1421,1
93,110217,1,1,400,trial.validspatial,578,1
93,110217,1,2,NaN,trial.nocue,560,1
93,110217,1,2,0,trial.validspatial,672,1
93,110217,1,2,800,trial.validspatial,499,1
93,110217,1,1,0,trial.validspatial,1629,1
93,110217,1,1,400,trial.validspatial,1025,1
