subject,date,location_congruence_val,flanker_congruence_val,cue_target_interval,cue_condition,latency,values.correct
103,40117,1,1,0,trial.validspatial,864,1
103,40117,1,2,0,trial.invalid,530,0
103,40117,1,2,800,trial.validspatial,762,1
103,40117,1,2,400,trial.validspatial,614,1
103,40117,1,2,400,trial.doublecue,1050,1
103,40117,2,2,400,trial.validspatial,780,1
103,40117,2,1,400,trial.doublecue,786,1
103,40117,2,1,0,trial.validspatial,787,1
103,40117,2,1,400,trial.validspatial,425,1
103,40117,1,2,800,trial.validspatial,759,1
103,40117,1,1,800,trial.invalid,695,1
103,40117,2,1,400,trial.validspatial,443,1
103,40117,2,1,800,trial.validspatial,471,1
103,40117,2,2,0,trial.validspatial,682,1
103,40117,1,2,0,trial.validspatial,392,0
103,40117,1,1,400,trial.validspatial,406,1
103,40117,1,1,NaN,trial.nocue,496,1
103,40117,1,2,0,trial.validspatial,519,0
103,40117,1,1,NaN,trial.nocue,715,1
103,40117,2,2,0,trial.validspatial,626,1
103,40117,2,1,800,trial.invalid,566,1
103,40117,2,2,NaN,trial.nocue,783,1
103,40117,1,2,400,trial.invalid,824,1
103,40117,2,2,0,trial.doublecue,658,1
103,40117,1,2,NaN,trial.nocue,722,1
103,40117,1,1,400,trial.validspatial,491,1
103,40117,1,1,800,trial.validspatial,500,1
103,40117,2,1,NaN,trial.nocue,520,1
103,40117,1,1,800,trial.doublecue,553,1
103,40117,2,2,0,trial.doublecue,690,0
103,40117,1,1,0,trial.invalid,631,1
103,40117,1,1,0,trial.invalid,540,1
103,40117,2,1,0,trial.validspatial,495,1
103,40117,2,1,0,trial.validspatial,518,1
103,40117,1,1,400,trial.doublecue,573,1
103,40117,2,2,800,trial.validspatial,575,1
103,40117,2,2,800,trial.validspatial,540,1
103,40117,2,2,0,trial.validspatial,577,1
103,40117,1,2,400,trial.validspatial,581,1
103,40117,2,2,800,trial.invalid,540,0
103,40117,1,2,0,trial.invalid,646,0
103,40117,2,1,400,trial.validspatial,543,1
103,40117,2,1,400,trial.validspatial,414,1
103,40117,2,1,NaN,trial.nocue,641,1
103,40117,2,2,NaN,trial.nocue,797,1
103,40117,2,1,NaN,trial.nocue,615,1
103,40117,1,1,800,trial.validspatial,556,1
103,40117,1,1,NaN,trial.nocue,662,1
103,40117,2,1,800,trial.doublecue,524,1
103,40117,2,2,NaN,trial.nocue,745,1
103,40117,1,2,400,trial.validspatial,570,1
103,40117,1,1,400,trial.doublecue,480,1
103,40117,2,2,400,trial.invalid,907,1
103,40117,1,1,NaN,trial.nocue,516,1
103,40117,2,1,800,trial.validspatial,460,1
103,40117,2,2,0,trial.validspatial,517,0
103,40117,2,1,800,trial.doublecue,586,1
103,40117,2,1,400,trial.validspatial,476,1
103,40117,2,2,400,trial.validspatial,551,1
103,40117,2,1,0,trial.doublecue,603,1
103,40117,2,2,400,trial.validspatial,625,1
103,40117,2,2,400,trial.invalid,718,1
103,40117,2,2,800,trial.doublecue,572,0
103,40117,1,2,400,trial.doublecue,780,1
103,40117,1,2,0,trial.validspatial,878,1
103,40117,1,2,NaN,trial.nocue,696,1
103,40117,1,1,800,trial.invalid,722,1
103,40117,2,2,800,trial.validspatial,686,1
103,40117,2,1,800,trial.validspatial,465,1
103,40117,2,1,0,trial.validspatial,511,1
103,40117,2,2,NaN,trial.nocue,578,1
103,40117,2,2,800,trial.validspatial,482,1
103,40117,1,1,400,trial.validspatial,499,1
103,40117,1,2,800,trial.invalid,714,1
103,40117,2,2,0,trial.validspatial,652,1
103,40117,2,2,800,trial.validspatial,596,1
103,40117,1,1,800,trial.validspatial,396,1
103,40117,2,1,NaN,trial.nocue,540,1
103,40117,1,2,NaN,trial.nocue,630,1
103,40117,1,2,800,trial.validspatial,608,1
103,40117,1,2,0,trial.validspatial,642,1
103,40117,2,2,0,trial.invalid,808,1
103,40117,1,1,NaN,trial.nocue,727,1
103,40117,2,2,800,trial.validspatial,531,1
103,40117,2,1,800,trial.validspatial,417,1
103,40117,2,1,0,trial.validspatial,495,1
103,40117,1,1,800,trial.doublecue,628,1
103,40117,2,2,800,trial.invalid,566,0
103,40117,1,2,400,trial.validspatial,523,1
103,40117,2,1,800,trial.validspatial,495,1
103,40117,1,2,400,trial.invalid,778,1
103,40117,1,1,800,trial.validspatial,738,1
103,40117,2,2,400,trial.doublecue,675,1
103,40117,1,1,0,trial.validspatial,747,1
103,40117,2,1,NaN,trial.nocue,551,1
103,40117,2,1,400,trial.invalid,629,1
103,40117,1,2,800,trial.invalid,742,1
103,40117,1,2,0,trial.doublecue,733,1
103,40117,1,1,400,trial.validspatial,508,1
103,40117,1,2,400,trial.validspatial,719,1
103,40117,1,1,0,trial.doublecue,555,1
103,40117,1,1,0,trial.doublecue,717,1
103,40117,1,2,NaN,trial.nocue,786,1
103,40117,2,1,400,trial.doublecue,462,1
103,40117,2,2,400,trial.validspatial,552,1
103,40117,2,2,800,trial.doublecue,694,1
103,40117,2,2,NaN,trial.nocue,683,1
103,40117,1,2,NaN,trial.nocue,733,1
103,40117,1,2,0,trial.doublecue,684,1
103,40117,2,1,800,trial.invalid,640,1
103,40117,1,2,0,trial.validspatial,749,1
103,40117,1,1,0,trial.validspatial,488,1
103,40117,2,1,0,trial.validspatial,552,1
103,40117,1,1,400,trial.invalid,676,1
103,40117,1,2,800,trial.doublecue,728,1
103,40117,2,2,0,trial.validspatial,689,1
103,40117,2,2,0,trial.invalid,806,1
103,40117,1,1,0,trial.validspatial,711,1
103,40117,1,1,400,trial.invalid,592,1
103,40117,2,1,800,trial.validspatial,488,1
103,40117,2,2,400,trial.doublecue,701,1
103,40117,2,1,0,trial.doublecue,553,1
103,40117,2,2,400,trial.validspatial,514,1
103,40117,1,1,NaN,trial.nocue,567,1
103,40117,2,1,0,trial.invalid,573,1
103,40117,1,2,800,trial.validspatial,594,1
103,40117,1,2,800,trial.doublecue,577,1
103,40117,2,1,400,trial.validspatial,427,1
103,40117,1,1,800,trial.validspatial,501,1
103,40117,1,2,800,trial.validspatial,514,1
103,40117,1,1,0,trial.validspatial,449,1
103,40117,1,2,400,trial.validspatial,616,1
103,40117,2,1,400,trial.invalid,573,1
103,40117,2,1,0,trial.invalid,500,1
103,40117,2,2,NaN,trial.nocue,481,0
103,40117,1,1,800,trial.validspatial,446,1
103,40117,2,2,400,trial.validspatial,396,0
103,40117,2,1,NaN,trial.nocue,580,1
103,40117,1,1,400,trial.validspatial,431,1
103,40117,1,2,NaN,trial.nocue,755,1
103,40117,1,2,0,trial.validspatial,653,1
103,40117,1,2,800,trial.validspatial,638,1
103,40117,1,1,0,trial.validspatial,513,1
103,40117,1,1,400,trial.validspatial,389,1
103,40117,1,1,0,trial.validspatial,524,1
103,40117,1,2,0,trial.invalid,834,1
103,40117,1,2,800,trial.validspatial,609,1
103,40117,1,2,400,trial.validspatial,542,1
103,40117,1,2,400,trial.doublecue,488,1
103,40117,2,2,400,trial.validspatial,415,0
103,40117,2,1,400,trial.doublecue,599,1
103,40117,2,1,0,trial.validspatial,504,1
103,40117,2,1,400,trial.validspatial,419,1
103,40117,1,2,800,trial.validspatial,593,1
103,40117,1,1,800,trial.invalid,799,1
103,40117,2,1,400,trial.validspatial,482,1
103,40117,2,1,800,trial.validspatial,406,1
103,40117,2,2,0,trial.validspatial,777,0
103,40117,1,2,0,trial.validspatial,457,0
103,40117,1,1,400,trial.validspatial,408,1
103,40117,1,1,NaN,trial.nocue,601,1
103,40117,1,2,0,trial.validspatial,896,1
103,40117,1,1,NaN,trial.nocue,684,1
103,40117,2,2,0,trial.validspatial,448,0
103,40117,2,1,800,trial.invalid,671,1
103,40117,2,2,NaN,trial.nocue,873,1
103,40117,1,2,400,trial.invalid,1039,1
103,40117,2,2,0,trial.doublecue,688,1
103,40117,1,2,NaN,trial.nocue,750,1
103,40117,1,1,400,trial.validspatial,495,1
103,40117,1,1,800,trial.validspatial,488,1
103,40117,2,1,NaN,trial.nocue,630,1
103,40117,1,1,800,trial.doublecue,672,1
103,40117,2,2,0,trial.doublecue,889,1
103,40117,1,1,0,trial.invalid,584,1
103,40117,1,1,0,trial.invalid,499,1
103,40117,2,1,0,trial.validspatial,516,1
103,40117,2,1,0,trial.validspatial,549,1
103,40117,1,1,400,trial.doublecue,478,1
103,40117,2,2,800,trial.validspatial,542,1
103,40117,2,2,800,trial.validspatial,653,1
103,40117,2,2,0,trial.validspatial,626,1
103,40117,1,2,400,trial.validspatial,569,1
103,40117,2,2,800,trial.invalid,668,1
103,40117,1,2,0,trial.invalid,746,1
103,40117,2,1,400,trial.validspatial,482,1
103,40117,2,1,400,trial.validspatial,329,1
103,40117,2,1,NaN,trial.nocue,428,1
103,40117,2,2,NaN,trial.nocue,751,1
103,40117,2,1,NaN,trial.nocue,433,1
103,40117,1,1,800,trial.validspatial,416,1
103,40117,1,1,NaN,trial.nocue,451,1
103,40117,2,1,800,trial.doublecue,580,1
103,40117,2,2,NaN,trial.nocue,710,1
103,40117,1,2,400,trial.validspatial,566,1
103,40117,1,1,400,trial.doublecue,606,1
103,40117,2,2,400,trial.invalid,494,0
103,40117,1,1,NaN,trial.nocue,601,1
103,40117,2,1,800,trial.validspatial,475,1
103,40117,2,2,0,trial.validspatial,468,0
103,40117,2,1,800,trial.doublecue,555,1
103,40117,2,1,400,trial.validspatial,446,1
103,40117,2,2,400,trial.validspatial,659,1
103,40117,2,1,0,trial.doublecue,645,1
103,40117,2,2,400,trial.validspatial,540,1
103,40117,2,2,400,trial.invalid,888,1
103,40117,2,2,800,trial.doublecue,734,1
103,40117,1,2,400,trial.doublecue,717,1
103,40117,1,2,0,trial.validspatial,696,1
103,40117,1,2,NaN,trial.nocue,687,1
103,40117,1,1,800,trial.invalid,798,1
103,40117,2,2,800,trial.validspatial,555,1
103,40117,2,1,800,trial.validspatial,457,1
103,40117,2,1,0,trial.validspatial,496,1
103,40117,2,2,NaN,trial.nocue,489,0
103,40117,2,2,800,trial.validspatial,488,1
103,40117,1,1,400,trial.validspatial,1700,0
103,40117,1,2,800,trial.invalid,540,1
103,40117,2,2,0,trial.validspatial,611,0
103,40117,2,2,800,trial.validspatial,627,1
103,40117,1,1,800,trial.validspatial,584,1
103,40117,2,1,NaN,trial.nocue,601,1
103,40117,1,2,NaN,trial.nocue,552,1
103,40117,1,2,800,trial.validspatial,629,1
103,40117,1,2,0,trial.validspatial,593,1
103,40117,2,2,0,trial.invalid,495,1
103,40117,1,1,NaN,trial.nocue,554,1
103,40117,2,2,800,trial.validspatial,598,1
103,40117,2,1,800,trial.validspatial,434,1
103,40117,2,1,0,trial.validspatial,438,1
103,40117,1,1,800,trial.doublecue,634,1
103,40117,2,2,800,trial.invalid,697,1
103,40117,1,2,400,trial.validspatial,424,1
103,40117,2,1,800,trial.validspatial,531,1
103,40117,1,2,400,trial.invalid,626,1
103,40117,1,1,800,trial.validspatial,572,1
103,40117,2,2,400,trial.doublecue,681,1
103,40117,1,1,0,trial.validspatial,858,1
103,40117,2,1,NaN,trial.nocue,716,1
103,40117,2,1,400,trial.invalid,1019,1
103,40117,1,2,800,trial.invalid,740,1
103,40117,1,2,0,trial.doublecue,735,1
103,40117,1,1,400,trial.validspatial,448,1
103,40117,1,2,400,trial.validspatial,485,1
103,40117,1,1,0,trial.doublecue,538,1
103,40117,1,1,0,trial.doublecue,646,1
103,40117,1,2,NaN,trial.nocue,758,1
103,40117,2,1,400,trial.doublecue,558,1
103,40117,2,2,400,trial.validspatial,576,1
103,40117,2,2,800,trial.doublecue,502,1
103,40117,2,2,NaN,trial.nocue,510,1
103,40117,1,2,NaN,trial.nocue,645,1
103,40117,1,2,0,trial.doublecue,656,1
103,40117,2,1,800,trial.invalid,581,1
103,40117,1,2,0,trial.validspatial,649,1
103,40117,1,1,0,trial.validspatial,561,1
103,40117,2,1,0,trial.validspatial,658,1
103,40117,1,1,400,trial.invalid,944,1
103,40117,1,2,800,trial.doublecue,445,1
103,40117,2,2,0,trial.validspatial,399,1
103,40117,2,2,0,trial.invalid,585,1
103,40117,1,1,0,trial.validspatial,612,1
103,40117,1,1,400,trial.invalid,526,1
103,40117,2,1,800,trial.validspatial,428,1
103,40117,2,2,400,trial.doublecue,493,1
103,40117,2,1,0,trial.doublecue,498,1
103,40117,2,2,400,trial.validspatial,651,1
103,40117,1,1,NaN,trial.nocue,652,1
103,40117,2,1,0,trial.invalid,509,1
103,40117,1,2,800,trial.validspatial,700,1
103,40117,1,2,800,trial.doublecue,587,1
103,40117,2,1,400,trial.validspatial,410,1
103,40117,1,1,800,trial.validspatial,668,1
103,40117,1,2,800,trial.validspatial,530,1
103,40117,1,1,0,trial.validspatial,431,1
103,40117,1,2,400,trial.validspatial,525,1
103,40117,2,1,400,trial.invalid,519,1
103,40117,2,1,0,trial.invalid,501,0
103,40117,2,2,NaN,trial.nocue,746,1
103,40117,1,1,800,trial.validspatial,736,1
103,40117,2,2,400,trial.validspatial,631,1
103,40117,2,1,NaN,trial.nocue,786,1
103,40117,1,1,400,trial.validspatial,676,1
103,40117,1,2,NaN,trial.nocue,650,1
103,40117,1,2,0,trial.validspatial,582,1
103,40117,1,2,800,trial.validspatial,393,1
103,40117,1,1,0,trial.validspatial,495,1
103,40117,1,1,400,trial.validspatial,685,1
