subject,date,location_congruence_val,flanker_congruence_val,cue_target_interval,cue_condition,latency,values.correct
87,61317,1,1,0,trial.validspatial,1225,1
87,61317,1,2,0,trial.invalid,1077,1
87,61317,1,2,800,trial.validspatial,1015,1
87,61317,1,2,400,trial.validspatial,712,1
87,61317,1,2,400,trial.doublecue,894,1
87,61317,2,2,400,trial.validspatial,650,1
87,61317,2,1,400,trial.doublecue,731,1
87,61317,2,1,0,trial.validspatial,662,1
87,61317,2,1,400,trial.validspatial,538,1
87,61317,1,2,800,trial.validspatial,563,1
87,61317,1,1,800,trial.invalid,777,1
87,61317,2,1,400,trial.validspatial,589,1
87,61317,2,1,800,trial.validspatial,752,1
87,61317,2,2,0,trial.validspatial,890,1
87,61317,1,2,0,trial.validspatial,832,1
87,61317,1,1,400,trial.validspatial,546,1
87,61317,1,1,NaN,trial.nocue,866,1
87,61317,1,2,0,trial.validspatial,735,1
87,61317,1,1,NaN,trial.nocue,811,1
87,61317,2,2,0,trial.validspatial,707,1
87,61317,2,1,800,trial.invalid,734,1
87,61317,2,2,NaN,trial.nocue,883,1
87,61317,1,2,400,trial.invalid,953,1
87,61317,2,2,0,trial.doublecue,784,1
87,61317,1,2,NaN,trial.nocue,752,1
87,61317,1,1,400,trial.validspatial,489,1
87,61317,1,1,800,trial.validspatial,508,1
87,61317,2,1,NaN,trial.nocue,627,1
87,61317,1,1,800,trial.doublecue,666,1
87,61317,2,2,0,trial.doublecue,553,0
87,61317,1,1,0,trial.invalid,973,1
87,61317,1,1,0,trial.invalid,609,1
87,61317,2,1,0,trial.validspatial,594,1
87,61317,2,1,0,trial.validspatial,572,1
87,61317,1,1,400,trial.doublecue,831,1
87,61317,2,2,800,trial.validspatial,628,1
87,61317,2,2,800,trial.validspatial,599,1
87,61317,2,2,0,trial.validspatial,816,1
87,61317,1,2,400,trial.validspatial,669,1
87,61317,2,2,800,trial.invalid,732,1
87,61317,1,2,0,trial.invalid,1052,1
87,61317,2,1,400,trial.validspatial,1135,1
87,61317,2,1,400,trial.validspatial,488,1
87,61317,2,1,NaN,trial.nocue,716,1
87,61317,2,2,NaN,trial.nocue,1229,1
87,61317,2,1,NaN,trial.nocue,647,1
87,61317,1,1,800,trial.validspatial,686,1
87,61317,1,1,NaN,trial.nocue,865,1
87,61317,2,1,800,trial.doublecue,733,1
87,61317,2,2,NaN,trial.nocue,836,1
87,61317,1,2,400,trial.validspatial,523,1
87,61317,1,1,400,trial.doublecue,749,1
87,61317,2,2,400,trial.invalid,890,1
87,61317,1,1,NaN,trial.nocue,753,1
87,61317,2,1,800,trial.validspatial,511,1
87,61317,2,2,0,trial.validspatial,574,0
87,61317,2,1,800,trial.doublecue,716,1
87,61317,2,1,400,trial.validspatial,554,1
87,61317,2,2,400,trial.validspatial,634,1
87,61317,2,1,0,trial.doublecue,657,1
87,61317,2,2,400,trial.validspatial,590,1
87,61317,2,2,400,trial.invalid,909,1
87,61317,2,2,800,trial.doublecue,775,1
87,61317,1,2,400,trial.doublecue,803,1
87,61317,1,2,0,trial.validspatial,588,1
87,61317,1,2,NaN,trial.nocue,718,1
87,61317,1,1,800,trial.invalid,752,1
87,61317,2,2,800,trial.validspatial,807,1
87,61317,2,1,800,trial.validspatial,694,1
87,61317,2,1,0,trial.validspatial,635,1
87,61317,2,2,NaN,trial.nocue,882,1
87,61317,2,2,800,trial.validspatial,548,1
87,61317,1,1,400,trial.validspatial,667,1
87,61317,1,2,800,trial.invalid,961,1
87,61317,2,2,0,trial.validspatial,799,1
87,61317,2,2,800,trial.validspatial,622,1
87,61317,1,1,800,trial.validspatial,652,1
87,61317,2,1,NaN,trial.nocue,753,1
87,61317,1,2,NaN,trial.nocue,936,1
87,61317,1,2,800,trial.validspatial,646,1
87,61317,1,2,0,trial.validspatial,734,1
87,61317,2,2,0,trial.invalid,925,1
87,61317,1,1,NaN,trial.nocue,660,1
87,61317,2,2,800,trial.validspatial,827,1
87,61317,2,1,800,trial.validspatial,509,1
87,61317,2,1,0,trial.validspatial,667,1
87,61317,1,1,800,trial.doublecue,849,1
87,61317,2,2,800,trial.invalid,847,1
87,61317,1,2,400,trial.validspatial,740,1
87,61317,2,1,800,trial.validspatial,595,1
87,61317,1,2,400,trial.invalid,930,1
87,61317,1,1,800,trial.validspatial,710,1
87,61317,2,2,400,trial.doublecue,661,1
87,61317,1,1,0,trial.validspatial,637,1
87,61317,2,1,NaN,trial.nocue,595,1
87,61317,2,1,400,trial.invalid,810,1
87,61317,1,2,800,trial.invalid,716,1
87,61317,1,2,0,trial.doublecue,552,1
87,61317,1,1,400,trial.validspatial,702,1
87,61317,1,2,400,trial.validspatial,1006,0
87,61317,1,1,0,trial.doublecue,669,1
87,61317,1,1,0,trial.doublecue,472,1
87,61317,1,2,NaN,trial.nocue,671,1
87,61317,2,1,400,trial.doublecue,771,0
87,61317,2,2,400,trial.validspatial,815,0
87,61317,2,2,800,trial.doublecue,793,1
87,61317,2,2,NaN,trial.nocue,863,1
87,61317,1,2,NaN,trial.nocue,809,1
87,61317,1,2,0,trial.doublecue,541,1
87,61317,2,1,800,trial.invalid,731,1
87,61317,1,2,0,trial.validspatial,713,1
87,61317,1,1,0,trial.validspatial,666,1
87,61317,2,1,0,trial.validspatial,953,1
87,61317,1,1,400,trial.invalid,813,1
87,61317,1,2,800,trial.doublecue,824,1
87,61317,2,2,0,trial.validspatial,790,1
87,61317,2,2,0,trial.invalid,759,1
87,61317,1,1,0,trial.validspatial,811,1
87,61317,1,1,400,trial.invalid,830,1
87,61317,2,1,800,trial.validspatial,561,1
87,61317,2,2,400,trial.doublecue,894,1
87,61317,2,1,0,trial.doublecue,899,1
87,61317,2,2,400,trial.validspatial,925,1
87,61317,1,1,NaN,trial.nocue,696,1
87,61317,2,1,0,trial.invalid,821,1
87,61317,1,2,800,trial.validspatial,774,1
87,61317,1,2,800,trial.doublecue,904,1
87,61317,2,1,400,trial.validspatial,993,1
87,61317,1,1,800,trial.validspatial,808,1
87,61317,1,2,800,trial.validspatial,803,1
87,61317,1,1,0,trial.validspatial,758,1
87,61317,1,2,400,trial.validspatial,800,1
87,61317,2,1,400,trial.invalid,937,1
87,61317,2,1,0,trial.invalid,728,1
87,61317,2,2,NaN,trial.nocue,901,1
87,61317,1,1,800,trial.validspatial,649,1
87,61317,2,2,400,trial.validspatial,781,1
87,61317,2,1,NaN,trial.nocue,967,0
87,61317,1,1,400,trial.validspatial,768,1
87,61317,1,2,NaN,trial.nocue,797,1
87,61317,1,2,0,trial.validspatial,804,1
87,61317,1,2,800,trial.validspatial,599,1
87,61317,1,1,0,trial.validspatial,814,1
87,61317,1,1,400,trial.validspatial,529,1
87,61317,1,1,0,trial.validspatial,827,1
87,61317,1,2,0,trial.invalid,1128,1
87,61317,1,2,800,trial.validspatial,705,1
87,61317,1,2,400,trial.validspatial,642,1
87,61317,1,2,400,trial.doublecue,1049,1
87,61317,2,2,400,trial.validspatial,733,1
87,61317,2,1,400,trial.doublecue,614,1
87,61317,2,1,0,trial.validspatial,681,1
87,61317,2,1,400,trial.validspatial,760,1
87,61317,1,2,800,trial.validspatial,922,1
87,61317,1,1,800,trial.invalid,824,1
87,61317,2,1,400,trial.validspatial,756,1
87,61317,2,1,800,trial.validspatial,735,1
87,61317,2,2,0,trial.validspatial,850,1
87,61317,1,2,0,trial.validspatial,968,1
87,61317,1,1,400,trial.validspatial,538,1
87,61317,1,1,NaN,trial.nocue,712,1
87,61317,1,2,0,trial.validspatial,813,1
87,61317,1,1,NaN,trial.nocue,756,1
87,61317,2,2,0,trial.validspatial,834,1
87,61317,2,1,800,trial.invalid,806,1
87,61317,2,2,NaN,trial.nocue,811,1
87,61317,1,2,400,trial.invalid,784,1
87,61317,2,2,0,trial.doublecue,871,1
87,61317,1,2,NaN,trial.nocue,856,1
87,61317,1,1,400,trial.validspatial,752,1
87,61317,1,1,800,trial.validspatial,587,1
87,61317,2,1,NaN,trial.nocue,818,1
87,61317,1,1,800,trial.doublecue,737,1
87,61317,2,2,0,trial.doublecue,712,1
87,61317,1,1,0,trial.invalid,563,1
87,61317,1,1,0,trial.invalid,911,1
87,61317,2,1,0,trial.validspatial,638,1
87,61317,2,1,0,trial.validspatial,682,1
87,61317,1,1,400,trial.doublecue,809,1
87,61317,2,2,800,trial.validspatial,725,1
87,61317,2,2,800,trial.validspatial,736,1
87,61317,2,2,0,trial.validspatial,634,1
87,61317,1,2,400,trial.validspatial,632,1
87,61317,2,2,800,trial.invalid,1272,1
87,61317,1,2,0,trial.invalid,936,1
87,61317,2,1,400,trial.validspatial,922,1
87,61317,2,1,400,trial.validspatial,684,1
87,61317,2,1,NaN,trial.nocue,711,1
87,61317,2,2,NaN,trial.nocue,896,1
87,61317,2,1,NaN,trial.nocue,730,1
87,61317,1,1,800,trial.validspatial,580,1
87,61317,1,1,NaN,trial.nocue,800,1
87,61317,2,1,800,trial.doublecue,660,1
87,61317,2,2,NaN,trial.nocue,899,1
87,61317,1,2,400,trial.validspatial,809,1
87,61317,1,1,400,trial.doublecue,917,1
87,61317,2,2,400,trial.invalid,809,1
87,61317,1,1,NaN,trial.nocue,793,1
87,61317,2,1,800,trial.validspatial,535,1
87,61317,2,2,0,trial.validspatial,581,1
87,61317,2,1,800,trial.doublecue,787,1
87,61317,2,1,400,trial.validspatial,521,1
87,61317,2,2,400,trial.validspatial,658,1
87,61317,2,1,0,trial.doublecue,633,1
87,61317,2,2,400,trial.validspatial,797,1
87,61317,2,2,400,trial.invalid,885,1
87,61317,2,2,800,trial.doublecue,566,1
87,61317,1,2,400,trial.doublecue,779,1
87,61317,1,2,0,trial.validspatial,987,1
87,61317,1,2,NaN,trial.nocue,877,1
87,61317,1,1,800,trial.invalid,729,1
87,61317,2,2,800,trial.validspatial,625,1
87,61317,2,1,800,trial.validspatial,720,1
87,61317,2,1,0,trial.validspatial,725,1
87,61317,2,2,NaN,trial.nocue,1200,0
87,61317,2,2,800,trial.validspatial,810,1
87,61317,1,1,400,trial.validspatial,1700,0
87,61317,1,2,800,trial.invalid,633,1
87,61317,2,2,0,trial.validspatial,1000,1
87,61317,2,2,800,trial.validspatial,569,1
87,61317,1,1,800,trial.validspatial,650,1
87,61317,2,1,NaN,trial.nocue,911,1
87,61317,1,2,NaN,trial.nocue,587,1
87,61317,1,2,800,trial.validspatial,789,1
87,61317,1,2,0,trial.validspatial,591,1
87,61317,2,2,0,trial.invalid,1155,1
87,61317,1,1,NaN,trial.nocue,604,1
87,61317,2,2,800,trial.validspatial,730,1
87,61317,2,1,800,trial.validspatial,790,1
87,61317,2,1,0,trial.validspatial,545,1
87,61317,1,1,800,trial.doublecue,708,1
87,61317,2,2,800,trial.invalid,719,1
87,61317,1,2,400,trial.validspatial,463,1
87,61317,2,1,800,trial.validspatial,663,1
87,61317,1,2,400,trial.invalid,556,1
87,61317,1,1,800,trial.validspatial,586,1
87,61317,2,2,400,trial.doublecue,554,0
87,61317,1,1,0,trial.validspatial,805,1
87,61317,2,1,NaN,trial.nocue,770,1
87,61317,2,1,400,trial.invalid,831,1
87,61317,1,2,800,trial.invalid,799,1
87,61317,1,2,0,trial.doublecue,983,1
87,61317,1,1,400,trial.validspatial,616,1
87,61317,1,2,400,trial.validspatial,562,1
87,61317,1,1,0,trial.doublecue,808,1
87,61317,1,1,0,trial.doublecue,903,1
87,61317,1,2,NaN,trial.nocue,1446,1
87,61317,2,1,400,trial.doublecue,724,1
87,61317,2,2,400,trial.validspatial,598,1
87,61317,2,2,800,trial.doublecue,646,1
87,61317,2,2,NaN,trial.nocue,842,1
87,61317,1,2,NaN,trial.nocue,557,1
87,61317,1,2,0,trial.doublecue,730,1
87,61317,2,1,800,trial.invalid,756,1
87,61317,1,2,0,trial.validspatial,814,1
87,61317,1,1,0,trial.validspatial,659,1
87,61317,2,1,0,trial.validspatial,762,1
87,61317,1,1,400,trial.invalid,946,1
87,61317,1,2,800,trial.doublecue,829,1
87,61317,2,2,0,trial.validspatial,583,1
87,61317,2,2,0,trial.invalid,674,1
87,61317,1,1,0,trial.validspatial,786,1
87,61317,1,1,400,trial.invalid,571,1
87,61317,2,1,800,trial.validspatial,727,1
87,61317,2,2,400,trial.doublecue,546,1
87,61317,2,1,0,trial.doublecue,759,1
87,61317,2,2,400,trial.validspatial,830,1
87,61317,1,1,NaN,trial.nocue,500,1
87,61317,2,1,0,trial.invalid,583,1
87,61317,1,2,800,trial.validspatial,876,1
87,61317,1,2,800,trial.doublecue,707,1
87,61317,2,1,400,trial.validspatial,649,1
87,61317,1,1,800,trial.validspatial,736,1
87,61317,1,2,800,trial.validspatial,645,1
87,61317,1,1,0,trial.validspatial,674,1
87,61317,1,2,400,trial.validspatial,891,1
87,61317,2,1,400,trial.invalid,866,1
87,61317,2,1,0,trial.invalid,668,1
87,61317,2,2,NaN,trial.nocue,891,1
87,61317,1,1,800,trial.validspatial,613,1
87,61317,2,2,400,trial.validspatial,698,1
87,61317,2,1,NaN,trial.nocue,842,1
87,61317,1,1,400,trial.validspatial,829,1
87,61317,1,2,NaN,trial.nocue,568,1
87,61317,1,2,0,trial.validspatial,543,1
87,61317,1,2,800,trial.validspatial,519,1
87,61317,1,1,0,trial.validspatial,612,1
87,61317,1,1,400,trial.validspatial,786,1
