subject,date,location_congruence_val,flanker_congruence_val,cue_target_interval,cue_condition,latency,values.correct
573,80717,1,1,0,trial.validspatial,1350,1
573,80717,1,2,0,trial.invalid,1700,0
573,80717,1,2,800,trial.validspatial,847,1
573,80717,1,2,400,trial.validspatial,1005,1
573,80717,1,2,400,trial.doublecue,1700,0
573,80717,2,2,400,trial.validspatial,1183,1
573,80717,2,1,400,trial.doublecue,959,0
573,80717,2,1,0,trial.validspatial,815,1
573,80717,2,1,400,trial.validspatial,573,1
573,80717,1,2,800,trial.validspatial,1146,1
573,80717,1,1,800,trial.invalid,890,1
573,80717,2,1,400,trial.validspatial,679,1
573,80717,2,1,800,trial.validspatial,488,1
573,80717,2,2,0,trial.validspatial,1292,0
573,80717,1,2,0,trial.validspatial,1087,1
573,80717,1,1,400,trial.validspatial,762,1
573,80717,1,1,NaN,trial.nocue,537,1
573,80717,1,2,0,trial.validspatial,908,1
573,80717,1,1,NaN,trial.nocue,450,1
573,80717,2,2,0,trial.validspatial,406,0
573,80717,2,1,800,trial.invalid,891,1
573,80717,2,2,NaN,trial.nocue,875,1
573,80717,1,2,400,trial.invalid,936,1
573,80717,2,2,0,trial.doublecue,918,0
573,80717,1,2,NaN,trial.nocue,872,1
573,80717,1,1,400,trial.validspatial,476,1
573,80717,1,1,800,trial.validspatial,507,1
573,80717,2,1,NaN,trial.nocue,912,1
573,80717,1,1,800,trial.doublecue,622,1
573,80717,2,2,0,trial.doublecue,516,0
573,80717,1,1,0,trial.invalid,545,1
573,80717,1,1,0,trial.invalid,433,1
573,80717,2,1,0,trial.validspatial,622,1
573,80717,2,1,0,trial.validspatial,480,1
573,80717,1,1,400,trial.doublecue,485,1
573,80717,2,2,800,trial.validspatial,849,1
573,80717,2,2,800,trial.validspatial,823,1
573,80717,2,2,0,trial.validspatial,424,0
573,80717,1,2,400,trial.validspatial,875,1
573,80717,2,2,800,trial.invalid,886,1
573,80717,1,2,0,trial.invalid,534,1
573,80717,2,1,400,trial.validspatial,446,0
573,80717,2,1,400,trial.validspatial,625,1
573,80717,2,1,NaN,trial.nocue,558,1
573,80717,2,2,NaN,trial.nocue,420,0
573,80717,2,1,NaN,trial.nocue,671,1
573,80717,1,1,800,trial.validspatial,463,1
573,80717,1,1,NaN,trial.nocue,510,1
573,80717,2,1,800,trial.doublecue,558,1
573,80717,2,2,NaN,trial.nocue,776,1
573,80717,1,2,400,trial.validspatial,544,1
573,80717,1,1,400,trial.doublecue,410,1
573,80717,2,2,400,trial.invalid,401,0
573,80717,1,1,NaN,trial.nocue,469,1
573,80717,2,1,800,trial.validspatial,388,1
573,80717,2,2,0,trial.validspatial,576,1
573,80717,2,1,800,trial.doublecue,675,0
573,80717,2,1,400,trial.validspatial,562,1
573,80717,2,2,400,trial.validspatial,558,1
573,80717,2,1,0,trial.doublecue,484,0
573,80717,2,2,400,trial.validspatial,520,0
573,80717,2,2,400,trial.invalid,731,1
573,80717,2,2,800,trial.doublecue,531,1
573,80717,1,2,400,trial.doublecue,692,1
573,80717,1,2,0,trial.validspatial,657,1
573,80717,1,2,NaN,trial.nocue,627,1
573,80717,1,1,800,trial.invalid,499,1
573,80717,2,2,800,trial.validspatial,513,0
573,80717,2,1,800,trial.validspatial,517,1
573,80717,2,1,0,trial.validspatial,648,1
573,80717,2,2,NaN,trial.nocue,923,1
573,80717,2,2,800,trial.validspatial,809,1
573,80717,1,1,400,trial.validspatial,445,1
573,80717,1,2,800,trial.invalid,774,1
573,80717,2,2,0,trial.validspatial,887,1
573,80717,2,2,800,trial.validspatial,609,1
573,80717,1,1,800,trial.validspatial,493,1
573,80717,2,1,NaN,trial.nocue,625,1
573,80717,1,2,NaN,trial.nocue,709,1
573,80717,1,2,800,trial.validspatial,732,1
573,80717,1,2,0,trial.validspatial,790,1
573,80717,2,2,0,trial.invalid,853,1
573,80717,1,1,NaN,trial.nocue,446,1
573,80717,2,2,800,trial.validspatial,518,0
573,80717,2,1,800,trial.validspatial,602,1
573,80717,2,1,0,trial.validspatial,563,1
573,80717,1,1,800,trial.doublecue,461,1
573,80717,2,2,800,trial.invalid,655,1
573,80717,1,2,400,trial.validspatial,772,1
573,80717,2,1,800,trial.validspatial,531,1
573,80717,1,2,400,trial.invalid,710,0
573,80717,1,1,800,trial.validspatial,487,1
573,80717,2,2,400,trial.doublecue,474,0
573,80717,1,1,0,trial.validspatial,481,1
573,80717,2,1,NaN,trial.nocue,539,1
573,80717,2,1,400,trial.invalid,573,1
573,80717,1,2,800,trial.invalid,833,1
573,80717,1,2,0,trial.doublecue,713,1
573,80717,1,1,400,trial.validspatial,639,1
573,80717,1,2,400,trial.validspatial,819,1
573,80717,1,1,0,trial.doublecue,479,1
573,80717,1,1,0,trial.doublecue,479,1
573,80717,1,2,NaN,trial.nocue,1123,1
573,80717,2,1,400,trial.doublecue,1014,1
573,80717,2,2,400,trial.validspatial,792,1
573,80717,2,2,800,trial.doublecue,1217,1
573,80717,2,2,NaN,trial.nocue,704,1
573,80717,1,2,NaN,trial.nocue,526,1
573,80717,1,2,0,trial.doublecue,668,1
573,80717,2,1,800,trial.invalid,597,1
573,80717,1,2,0,trial.validspatial,754,1
573,80717,1,1,0,trial.validspatial,465,1
573,80717,2,1,0,trial.validspatial,454,1
573,80717,1,1,400,trial.invalid,445,1
573,80717,1,2,800,trial.doublecue,445,0
573,80717,2,2,0,trial.validspatial,652,1
573,80717,2,2,0,trial.invalid,672,1
573,80717,1,1,0,trial.validspatial,553,1
573,80717,1,1,400,trial.invalid,412,1
573,80717,2,1,800,trial.validspatial,556,1
573,80717,2,2,400,trial.doublecue,372,0
573,80717,2,1,0,trial.doublecue,660,1
573,80717,2,2,400,trial.validspatial,707,1
573,80717,1,1,NaN,trial.nocue,411,1
573,80717,2,1,0,trial.invalid,524,1
573,80717,1,2,800,trial.validspatial,433,1
573,80717,1,2,800,trial.doublecue,780,1
573,80717,2,1,400,trial.validspatial,746,1
573,80717,1,1,800,trial.validspatial,404,1
573,80717,1,2,800,trial.validspatial,544,1
573,80717,1,1,0,trial.validspatial,960,1
573,80717,1,2,400,trial.validspatial,412,1
573,80717,2,1,400,trial.invalid,665,1
573,80717,2,1,0,trial.invalid,837,1
573,80717,2,2,NaN,trial.nocue,631,1
573,80717,1,1,800,trial.validspatial,416,1
573,80717,2,2,400,trial.validspatial,602,1
573,80717,2,1,NaN,trial.nocue,730,1
573,80717,1,1,400,trial.validspatial,452,1
573,80717,1,2,NaN,trial.nocue,798,1
573,80717,1,2,0,trial.validspatial,733,1
573,80717,1,2,800,trial.validspatial,708,1
573,80717,1,1,0,trial.validspatial,698,1
573,80717,1,1,400,trial.validspatial,466,1
573,80717,1,1,0,trial.validspatial,422,1
573,80717,1,2,0,trial.invalid,1700,0
573,80717,1,2,800,trial.validspatial,992,1
573,80717,1,2,400,trial.validspatial,918,1
573,80717,1,2,400,trial.doublecue,797,1
573,80717,2,2,400,trial.validspatial,788,1
573,80717,2,1,400,trial.doublecue,652,1
573,80717,2,1,0,trial.validspatial,550,1
573,80717,2,1,400,trial.validspatial,525,1
573,80717,1,2,800,trial.validspatial,765,1
573,80717,1,1,800,trial.invalid,677,1
573,80717,2,1,400,trial.validspatial,449,1
573,80717,2,1,800,trial.validspatial,428,1
573,80717,2,2,0,trial.validspatial,672,1
573,80717,1,2,0,trial.validspatial,538,0
573,80717,1,1,400,trial.validspatial,441,1
573,80717,1,1,NaN,trial.nocue,495,1
573,80717,1,2,0,trial.validspatial,942,1
573,80717,1,1,NaN,trial.nocue,617,1
573,80717,2,2,0,trial.validspatial,467,0
573,80717,2,1,800,trial.invalid,687,1
573,80717,2,2,NaN,trial.nocue,763,1
573,80717,1,2,400,trial.invalid,929,1
573,80717,2,2,0,trial.doublecue,775,1
573,80717,1,2,NaN,trial.nocue,739,1
573,80717,1,1,400,trial.validspatial,454,1
573,80717,1,1,800,trial.validspatial,378,1
573,80717,2,1,NaN,trial.nocue,502,1
573,80717,1,1,800,trial.doublecue,448,1
573,80717,2,2,0,trial.doublecue,478,0
573,80717,1,1,0,trial.invalid,437,1
573,80717,1,1,0,trial.invalid,524,1
573,80717,2,1,0,trial.validspatial,476,1
573,80717,2,1,0,trial.validspatial,521,1
573,80717,1,1,400,trial.doublecue,417,1
573,80717,2,2,800,trial.validspatial,593,1
573,80717,2,2,800,trial.validspatial,607,1
573,80717,2,2,0,trial.validspatial,833,1
573,80717,1,2,400,trial.validspatial,598,1
573,80717,2,2,800,trial.invalid,715,1
573,80717,1,2,0,trial.invalid,747,1
573,80717,2,1,400,trial.validspatial,723,1
573,80717,2,1,400,trial.validspatial,587,1
573,80717,2,1,NaN,trial.nocue,1700,0
573,80717,2,2,NaN,trial.nocue,786,1
573,80717,2,1,NaN,trial.nocue,531,1
573,80717,1,1,800,trial.validspatial,434,1
573,80717,1,1,NaN,trial.nocue,424,1
573,80717,2,1,800,trial.doublecue,537,1
573,80717,2,2,NaN,trial.nocue,451,0
573,80717,1,2,400,trial.validspatial,737,1
573,80717,1,1,400,trial.doublecue,596,1
573,80717,2,2,400,trial.invalid,897,1
573,80717,1,1,NaN,trial.nocue,716,1
573,80717,2,1,800,trial.validspatial,563,1
573,80717,2,2,0,trial.validspatial,909,1
573,80717,2,1,800,trial.doublecue,476,1
573,80717,2,1,400,trial.validspatial,468,1
573,80717,2,2,400,trial.validspatial,568,1
573,80717,2,1,0,trial.doublecue,669,1
573,80717,2,2,400,trial.validspatial,681,1
573,80717,2,2,400,trial.invalid,742,1
573,80717,2,2,800,trial.doublecue,712,1
573,80717,1,2,400,trial.doublecue,926,1
573,80717,1,2,0,trial.validspatial,714,1
573,80717,1,2,NaN,trial.nocue,781,1
573,80717,1,1,800,trial.invalid,613,1
573,80717,2,2,800,trial.validspatial,791,1
573,80717,2,1,800,trial.validspatial,659,1
573,80717,2,1,0,trial.validspatial,531,1
573,80717,2,2,NaN,trial.nocue,967,1
573,80717,2,2,800,trial.validspatial,671,1
573,80717,1,1,400,trial.validspatial,1700,0
573,80717,1,2,800,trial.invalid,472,1
573,80717,2,2,0,trial.validspatial,1054,1
573,80717,2,2,800,trial.validspatial,714,1
573,80717,1,1,800,trial.validspatial,541,1
573,80717,2,1,NaN,trial.nocue,939,1
573,80717,1,2,NaN,trial.nocue,654,1
573,80717,1,2,800,trial.validspatial,570,1
573,80717,1,2,0,trial.validspatial,400,1
573,80717,2,2,0,trial.invalid,542,1
573,80717,1,1,NaN,trial.nocue,837,1
573,80717,2,2,800,trial.validspatial,503,1
573,80717,2,1,800,trial.validspatial,629,1
573,80717,2,1,0,trial.validspatial,551,1
573,80717,1,1,800,trial.doublecue,478,0
573,80717,2,2,800,trial.invalid,784,1
573,80717,1,2,400,trial.validspatial,461,1
573,80717,2,1,800,trial.validspatial,509,1
573,80717,1,2,400,trial.invalid,659,1
573,80717,1,1,800,trial.validspatial,478,1
573,80717,2,2,400,trial.doublecue,718,1
573,80717,1,1,0,trial.validspatial,468,1
573,80717,2,1,NaN,trial.nocue,1039,1
573,80717,2,1,400,trial.invalid,800,1
573,80717,1,2,800,trial.invalid,858,1
573,80717,1,2,0,trial.doublecue,812,1
573,80717,1,1,400,trial.validspatial,467,1
573,80717,1,2,400,trial.validspatial,507,1
573,80717,1,1,0,trial.doublecue,639,1
573,80717,1,1,0,trial.doublecue,550,1
573,80717,1,2,NaN,trial.nocue,918,1
573,80717,2,1,400,trial.doublecue,694,1
573,80717,2,2,400,trial.validspatial,559,1
573,80717,2,2,800,trial.doublecue,601,1
573,80717,2,2,NaN,trial.nocue,486,1
573,80717,1,2,NaN,trial.nocue,645,1
573,80717,1,2,0,trial.doublecue,746,1
573,80717,2,1,800,trial.invalid,840,1
573,80717,1,2,0,trial.validspatial,861,1
573,80717,1,1,0,trial.validspatial,823,1
573,80717,2,1,0,trial.validspatial,796,1
573,80717,1,1,400,trial.invalid,986,1
573,80717,1,2,800,trial.doublecue,724,1
573,80717,2,2,0,trial.validspatial,506,1
573,80717,2,2,0,trial.invalid,720,1
573,80717,1,1,0,trial.validspatial,765,1
573,80717,1,1,400,trial.invalid,480,1
573,80717,2,1,800,trial.validspatial,526,1
573,80717,2,2,400,trial.doublecue,627,1
573,80717,2,1,0,trial.doublecue,761,1
573,80717,2,2,400,trial.validspatial,1174,1
573,80717,1,1,NaN,trial.nocue,816,1
573,80717,2,1,0,trial.invalid,826,1
573,80717,1,2,800,trial.validspatial,1210,1
573,80717,1,2,800,trial.doublecue,512,1
573,80717,2,1,400,trial.validspatial,418,1
573,80717,1,1,800,trial.validspatial,643,1
573,80717,1,2,800,trial.validspatial,453,1
573,80717,1,1,0,trial.validspatial,454,1
573,80717,1,2,400,trial.validspatial,776,1
573,80717,2,1,400,trial.invalid,586,1
573,80717,2,1,0,trial.invalid,782,0
573,80717,2,2,NaN,trial.nocue,801,1
573,80717,1,1,800,trial.validspatial,787,1
573,80717,2,2,400,trial.validspatial,934,1
573,80717,2,1,NaN,trial.nocue,966,1
573,80717,1,1,400,trial.validspatial,819,1
573,80717,1,2,NaN,trial.nocue,557,1
573,80717,1,2,0,trial.validspatial,564,1
573,80717,1,2,800,trial.validspatial,488,1
573,80717,1,1,0,trial.validspatial,677,1
573,80717,1,1,400,trial.validspatial,1077,1
