subject,date,location_congruence_val,flanker_congruence_val,cue_target_interval,cue_condition,latency,values.correct
114,61417,1,1,0,trial.validspatial,583,1
114,61417,1,2,0,trial.invalid,876,0
114,61417,1,2,800,trial.validspatial,686,0
114,61417,1,2,400,trial.validspatial,679,0
114,61417,1,2,400,trial.doublecue,785,0
114,61417,2,2,400,trial.validspatial,565,0
114,61417,2,1,400,trial.doublecue,677,1
114,61417,2,1,0,trial.validspatial,582,1
114,61417,2,1,400,trial.validspatial,458,1
114,61417,1,2,800,trial.validspatial,645,0
114,61417,1,1,800,trial.invalid,1049,1
114,61417,2,1,400,trial.validspatial,579,1
114,61417,2,1,800,trial.validspatial,528,1
114,61417,2,2,0,trial.validspatial,1193,1
114,61417,1,2,0,trial.validspatial,1190,1
114,61417,1,1,400,trial.validspatial,576,1
114,61417,1,1,NaN,trial.nocue,593,1
114,61417,1,2,0,trial.validspatial,680,0
114,61417,1,1,NaN,trial.nocue,895,1
114,61417,2,2,0,trial.validspatial,1273,1
114,61417,2,1,800,trial.invalid,651,1
114,61417,2,2,NaN,trial.nocue,1700,0
114,61417,1,2,400,trial.invalid,1388,1
114,61417,2,2,0,trial.doublecue,1033,0
114,61417,1,2,NaN,trial.nocue,1034,1
114,61417,1,1,400,trial.validspatial,569,1
114,61417,1,1,800,trial.validspatial,478,1
114,61417,2,1,NaN,trial.nocue,705,1
114,61417,1,1,800,trial.doublecue,740,1
114,61417,2,2,0,trial.doublecue,526,0
114,61417,1,1,0,trial.invalid,619,1
114,61417,1,1,0,trial.invalid,554,1
114,61417,2,1,0,trial.validspatial,591,1
114,61417,2,1,0,trial.validspatial,717,1
114,61417,1,1,400,trial.doublecue,441,1
114,61417,2,2,800,trial.validspatial,383,0
114,61417,2,2,800,trial.validspatial,454,0
114,61417,2,2,0,trial.validspatial,863,0
114,61417,1,2,400,trial.validspatial,471,0
114,61417,2,2,800,trial.invalid,894,0
114,61417,1,2,0,trial.invalid,645,0
114,61417,2,1,400,trial.validspatial,448,1
114,61417,2,1,400,trial.validspatial,596,1
114,61417,2,1,NaN,trial.nocue,708,1
114,61417,2,2,NaN,trial.nocue,1058,1
114,61417,2,1,NaN,trial.nocue,813,1
114,61417,1,1,800,trial.validspatial,690,1
114,61417,1,1,NaN,trial.nocue,524,1
114,61417,2,1,800,trial.doublecue,634,1
114,61417,2,2,NaN,trial.nocue,528,0
114,61417,1,2,400,trial.validspatial,612,0
114,61417,1,1,400,trial.doublecue,486,1
114,61417,2,2,400,trial.invalid,595,0
114,61417,1,1,NaN,trial.nocue,558,1
114,61417,2,1,800,trial.validspatial,537,1
114,61417,2,2,0,trial.validspatial,828,1
114,61417,2,1,800,trial.doublecue,670,1
114,61417,2,1,400,trial.validspatial,432,1
114,61417,2,2,400,trial.validspatial,432,0
114,61417,2,1,0,trial.doublecue,573,1
114,61417,2,2,400,trial.validspatial,767,0
114,61417,2,2,400,trial.invalid,1139,0
114,61417,2,2,800,trial.doublecue,852,0
114,61417,1,2,400,trial.doublecue,927,0
114,61417,1,2,0,trial.validspatial,1195,0
114,61417,1,2,NaN,trial.nocue,1384,1
114,61417,1,1,800,trial.invalid,852,1
114,61417,2,2,800,trial.validspatial,623,0
114,61417,2,1,800,trial.validspatial,521,1
114,61417,2,1,0,trial.validspatial,645,1
114,61417,2,2,NaN,trial.nocue,731,1
114,61417,2,2,800,trial.validspatial,620,1
114,61417,1,1,400,trial.validspatial,527,1
114,61417,1,2,800,trial.invalid,1089,1
114,61417,2,2,0,trial.validspatial,775,1
114,61417,2,2,800,trial.validspatial,675,0
114,61417,1,1,800,trial.validspatial,718,1
114,61417,2,1,NaN,trial.nocue,683,1
114,61417,1,2,NaN,trial.nocue,509,0
114,61417,1,2,800,trial.validspatial,962,1
114,61417,1,2,0,trial.validspatial,849,1
114,61417,2,2,0,trial.invalid,1140,1
114,61417,1,1,NaN,trial.nocue,905,1
114,61417,2,2,800,trial.validspatial,866,1
114,61417,2,1,800,trial.validspatial,367,1
114,61417,2,1,0,trial.validspatial,583,1
114,61417,1,1,800,trial.doublecue,580,1
114,61417,2,2,800,trial.invalid,496,0
114,61417,1,2,400,trial.validspatial,972,1
114,61417,2,1,800,trial.validspatial,536,1
114,61417,1,2,400,trial.invalid,1035,1
114,61417,1,1,800,trial.validspatial,798,1
114,61417,2,2,400,trial.doublecue,520,0
114,61417,1,1,0,trial.validspatial,527,1
114,61417,2,1,NaN,trial.nocue,814,1
114,61417,2,1,400,trial.invalid,553,1
114,61417,1,2,800,trial.invalid,511,0
114,61417,1,2,0,trial.doublecue,996,1
114,61417,1,1,400,trial.validspatial,452,1
114,61417,1,2,400,trial.validspatial,1204,1
114,61417,1,1,0,trial.doublecue,643,1
114,61417,1,1,0,trial.doublecue,651,1
114,61417,1,2,NaN,trial.nocue,1100,1
114,61417,2,1,400,trial.doublecue,735,1
114,61417,2,2,400,trial.validspatial,987,1
114,61417,2,2,800,trial.doublecue,937,1
114,61417,2,2,NaN,trial.nocue,1098,1
114,61417,1,2,NaN,trial.nocue,1006,1
114,61417,1,2,0,trial.doublecue,543,1
114,61417,2,1,800,trial.invalid,818,1
114,61417,1,2,0,trial.validspatial,931,1
114,61417,1,1,0,trial.validspatial,732,1
114,61417,2,1,0,trial.validspatial,567,1
114,61417,1,1,400,trial.invalid,678,1
114,61417,1,2,800,trial.doublecue,749,1
114,61417,2,2,0,trial.validspatial,844,1
114,61417,2,2,0,trial.invalid,830,1
114,61417,1,1,0,trial.validspatial,600,1
114,61417,1,1,400,trial.invalid,676,1
114,61417,2,1,800,trial.validspatial,547,1
114,61417,2,2,400,trial.doublecue,1071,1
114,61417,2,1,0,trial.doublecue,607,1
114,61417,2,2,400,trial.validspatial,765,1
114,61417,1,1,NaN,trial.nocue,673,1
114,61417,2,1,0,trial.invalid,612,1
114,61417,1,2,800,trial.validspatial,523,0
114,61417,1,2,800,trial.doublecue,569,0
114,61417,2,1,400,trial.validspatial,583,1
114,61417,1,1,800,trial.validspatial,467,1
114,61417,1,2,800,trial.validspatial,1119,1
114,61417,1,1,0,trial.validspatial,590,1
114,61417,1,2,400,trial.validspatial,886,1
114,61417,2,1,400,trial.invalid,891,1
114,61417,2,1,0,trial.invalid,728,1
114,61417,2,2,NaN,trial.nocue,1136,1
114,61417,1,1,800,trial.validspatial,608,1
114,61417,2,2,400,trial.validspatial,658,1
114,61417,2,1,NaN,trial.nocue,693,1
114,61417,1,1,400,trial.validspatial,542,1
114,61417,1,2,NaN,trial.nocue,537,1
114,61417,1,2,0,trial.validspatial,783,1
114,61417,1,2,800,trial.validspatial,707,1
114,61417,1,1,0,trial.validspatial,705,1
114,61417,1,1,400,trial.validspatial,466,1
114,61417,1,1,0,trial.validspatial,714,1
114,61417,1,2,0,trial.invalid,576,0
114,61417,1,2,800,trial.validspatial,721,1
114,61417,1,2,400,trial.validspatial,1657,1
114,61417,1,2,400,trial.doublecue,887,1
114,61417,2,2,400,trial.validspatial,566,1
114,61417,2,1,400,trial.doublecue,529,1
114,61417,2,1,0,trial.validspatial,515,1
114,61417,2,1,400,trial.validspatial,491,1
114,61417,1,2,800,trial.validspatial,749,1
114,61417,1,1,800,trial.invalid,636,1
114,61417,2,1,400,trial.validspatial,507,1
114,61417,2,1,800,trial.validspatial,435,1
114,61417,2,2,0,trial.validspatial,579,1
114,61417,1,2,0,trial.validspatial,810,1
114,61417,1,1,400,trial.validspatial,577,1
114,61417,1,1,NaN,trial.nocue,463,1
114,61417,1,2,0,trial.validspatial,1031,1
114,61417,1,1,NaN,trial.nocue,614,1
114,61417,2,2,0,trial.validspatial,611,0
114,61417,2,1,800,trial.invalid,846,1
114,61417,2,2,NaN,trial.nocue,1025,1
114,61417,1,2,400,trial.invalid,1104,1
114,61417,2,2,0,trial.doublecue,982,1
114,61417,1,2,NaN,trial.nocue,828,1
114,61417,1,1,400,trial.validspatial,614,1
114,61417,1,1,800,trial.validspatial,585,1
114,61417,2,1,NaN,trial.nocue,853,1
114,61417,1,1,800,trial.doublecue,732,1
114,61417,2,2,0,trial.doublecue,1213,1
114,61417,1,1,0,trial.invalid,722,1
114,61417,1,1,0,trial.invalid,822,1
114,61417,2,1,0,trial.validspatial,654,1
114,61417,2,1,0,trial.validspatial,836,1
114,61417,1,1,400,trial.doublecue,464,1
114,61417,2,2,800,trial.validspatial,885,1
114,61417,2,2,800,trial.validspatial,865,1
114,61417,2,2,0,trial.validspatial,994,1
114,61417,1,2,400,trial.validspatial,950,1
114,61417,2,2,800,trial.invalid,733,1
114,61417,1,2,0,trial.invalid,822,1
114,61417,2,1,400,trial.validspatial,808,1
114,61417,2,1,400,trial.validspatial,662,1
114,61417,2,1,NaN,trial.nocue,879,1
114,61417,2,2,NaN,trial.nocue,1006,1
114,61417,2,1,NaN,trial.nocue,674,1
114,61417,1,1,800,trial.validspatial,545,1
114,61417,1,1,NaN,trial.nocue,662,1
114,61417,2,1,800,trial.doublecue,596,1
114,61417,2,2,NaN,trial.nocue,1056,1
114,61417,1,2,400,trial.validspatial,569,1
114,61417,1,1,400,trial.doublecue,495,1
114,61417,2,2,400,trial.invalid,936,1
114,61417,1,1,NaN,trial.nocue,864,1
114,61417,2,1,800,trial.validspatial,717,1
114,61417,2,2,0,trial.validspatial,570,0
114,61417,2,1,800,trial.doublecue,749,1
114,61417,2,1,400,trial.validspatial,524,1
114,61417,2,2,400,trial.validspatial,846,1
114,61417,2,1,0,trial.doublecue,603,1
114,61417,2,2,400,trial.validspatial,774,1
114,61417,2,2,400,trial.invalid,1345,1
114,61417,2,2,800,trial.doublecue,753,1
114,61417,1,2,400,trial.doublecue,718,1
114,61417,1,2,0,trial.validspatial,755,1
114,61417,1,2,NaN,trial.nocue,696,1
114,61417,1,1,800,trial.invalid,1079,1
114,61417,2,2,800,trial.validspatial,640,1
114,61417,2,1,800,trial.validspatial,927,1
114,61417,2,1,0,trial.validspatial,592,1
114,61417,2,2,NaN,trial.nocue,1249,1
114,61417,2,2,800,trial.validspatial,497,1
114,61417,1,1,400,trial.validspatial,1700,0
114,61417,1,2,800,trial.invalid,666,1
114,61417,2,2,0,trial.validspatial,1525,1
114,61417,2,2,800,trial.validspatial,1259,1
114,61417,1,1,800,trial.validspatial,756,1
114,61417,2,1,NaN,trial.nocue,727,1
114,61417,1,2,NaN,trial.nocue,757,1
114,61417,1,2,800,trial.validspatial,502,1
114,61417,1,2,0,trial.validspatial,529,1
114,61417,2,2,0,trial.invalid,605,1
114,61417,1,1,NaN,trial.nocue,940,1
114,61417,2,2,800,trial.validspatial,607,1
114,61417,2,1,800,trial.validspatial,580,1
114,61417,2,1,0,trial.validspatial,472,1
114,61417,1,1,800,trial.doublecue,690,0
114,61417,2,2,800,trial.invalid,1117,1
114,61417,1,2,400,trial.validspatial,701,1
114,61417,2,1,800,trial.validspatial,582,1
114,61417,1,2,400,trial.invalid,1011,1
114,61417,1,1,800,trial.validspatial,629,1
114,61417,2,2,400,trial.doublecue,847,1
114,61417,1,1,0,trial.validspatial,560,1
114,61417,2,1,NaN,trial.nocue,941,1
114,61417,2,1,400,trial.invalid,953,1
114,61417,1,2,800,trial.invalid,843,1
114,61417,1,2,0,trial.doublecue,785,1
114,61417,1,1,400,trial.validspatial,697,1
114,61417,1,2,400,trial.validspatial,590,1
114,61417,1,1,0,trial.doublecue,694,1
114,61417,1,1,0,trial.doublecue,678,1
114,61417,1,2,NaN,trial.nocue,1160,1
114,61417,2,1,400,trial.doublecue,656,0
114,61417,2,2,400,trial.validspatial,648,1
114,61417,2,2,800,trial.doublecue,642,1
114,61417,2,2,NaN,trial.nocue,655,1
114,61417,1,2,NaN,trial.nocue,554,1
114,61417,1,2,0,trial.doublecue,429,0
114,61417,2,1,800,trial.invalid,1080,1
114,61417,1,2,0,trial.validspatial,696,1
114,61417,1,1,0,trial.validspatial,712,1
114,61417,2,1,0,trial.validspatial,933,1
114,61417,1,1,400,trial.invalid,918,1
114,61417,1,2,800,trial.doublecue,767,1
114,61417,2,2,0,trial.validspatial,726,1
114,61417,2,2,0,trial.invalid,740,1
114,61417,1,1,0,trial.validspatial,870,1
114,61417,1,1,400,trial.invalid,775,1
114,61417,2,1,800,trial.validspatial,739,1
114,61417,2,2,400,trial.doublecue,522,1
114,61417,2,1,0,trial.doublecue,740,1
114,61417,2,2,400,trial.validspatial,892,1
114,61417,1,1,NaN,trial.nocue,847,1
114,61417,2,1,0,trial.invalid,795,1
114,61417,1,2,800,trial.validspatial,841,1
114,61417,1,2,800,trial.doublecue,737,1
114,61417,2,1,400,trial.validspatial,508,1
114,61417,1,1,800,trial.validspatial,1700,0
114,61417,1,2,800,trial.validspatial,1009,1
114,61417,1,1,0,trial.validspatial,1073,1
114,61417,1,2,400,trial.validspatial,916,1
114,61417,2,1,400,trial.invalid,1543,1
114,61417,2,1,0,trial.invalid,1341,1
114,61417,2,2,NaN,trial.nocue,953,1
114,61417,1,1,800,trial.validspatial,851,1
114,61417,2,2,400,trial.validspatial,774,1
114,61417,2,1,NaN,trial.nocue,1221,0
114,61417,1,1,400,trial.validspatial,923,1
114,61417,1,2,NaN,trial.nocue,890,1
114,61417,1,2,0,trial.validspatial,885,1
114,61417,1,2,800,trial.validspatial,513,1
114,61417,1,1,0,trial.validspatial,741,1
114,61417,1,1,400,trial.validspatial,755,1
