subject,date,location_congruence_val,flanker_congruence_val,cue_target_interval,cue_condition,latency,values.correct
433,80717,1,1,0,trial.validspatial,808,1
433,80717,1,2,0,trial.invalid,43,1
433,80717,1,2,800,trial.validspatial,1436,0
433,80717,1,2,400,trial.validspatial,1265,1
433,80717,1,2,400,trial.doublecue,603,1
433,80717,2,2,400,trial.validspatial,363,0
433,80717,2,1,400,trial.doublecue,825,0
433,80717,2,1,0,trial.validspatial,486,0
433,80717,2,1,400,trial.validspatial,1700,0
433,80717,1,2,800,trial.validspatial,679,1
433,80717,1,1,800,trial.invalid,410,1
433,80717,2,1,400,trial.validspatial,770,0
433,80717,2,1,800,trial.validspatial,458,0
433,80717,2,2,0,trial.validspatial,646,0
433,80717,1,2,0,trial.validspatial,453,1
433,80717,1,1,400,trial.validspatial,316,1
433,80717,1,1,NaN,trial.nocue,353,1
433,80717,1,2,0,trial.validspatial,312,1
433,80717,1,1,NaN,trial.nocue,592,1
433,80717,2,2,0,trial.validspatial,315,0
433,80717,2,1,800,trial.invalid,417,0
433,80717,2,2,NaN,trial.nocue,552,0
433,80717,1,2,400,trial.invalid,443,1
433,80717,2,2,0,trial.doublecue,574,0
433,80717,1,2,NaN,trial.nocue,542,1
433,80717,1,1,400,trial.validspatial,330,1
433,80717,1,1,800,trial.validspatial,372,1
433,80717,2,1,NaN,trial.nocue,416,0
433,80717,1,1,800,trial.doublecue,339,1
433,80717,2,2,0,trial.doublecue,412,0
433,80717,1,1,0,trial.invalid,377,1
433,80717,1,1,0,trial.invalid,434,1
433,80717,2,1,0,trial.validspatial,355,0
433,80717,2,1,0,trial.validspatial,318,0
433,80717,1,1,400,trial.doublecue,373,1
433,80717,2,2,800,trial.validspatial,329,0
433,80717,2,2,800,trial.validspatial,311,0
433,80717,2,2,0,trial.validspatial,476,0
433,80717,1,2,400,trial.validspatial,332,1
433,80717,2,2,800,trial.invalid,354,0
433,80717,1,2,0,trial.invalid,460,1
433,80717,2,1,400,trial.validspatial,347,0
433,80717,2,1,400,trial.validspatial,13,0
433,80717,2,1,NaN,trial.nocue,602,0
433,80717,2,2,NaN,trial.nocue,558,0
433,80717,2,1,NaN,trial.nocue,417,0
433,80717,1,1,800,trial.validspatial,347,1
433,80717,1,1,NaN,trial.nocue,396,1
433,80717,2,1,800,trial.doublecue,341,0
433,80717,2,2,NaN,trial.nocue,338,0
433,80717,1,2,400,trial.validspatial,323,1
433,80717,1,1,400,trial.doublecue,371,1
433,80717,2,2,400,trial.invalid,310,0
433,80717,1,1,NaN,trial.nocue,363,1
433,80717,2,1,800,trial.validspatial,310,0
433,80717,2,2,0,trial.validspatial,317,0
433,80717,2,1,800,trial.doublecue,369,0
433,80717,2,1,400,trial.validspatial,323,0
433,80717,2,2,400,trial.validspatial,256,0
433,80717,2,1,0,trial.doublecue,490,0
433,80717,2,2,400,trial.validspatial,350,0
433,80717,2,2,400,trial.invalid,365,0
433,80717,2,2,800,trial.doublecue,356,0
433,80717,1,2,400,trial.doublecue,372,1
433,80717,1,2,0,trial.validspatial,440,1
433,80717,1,2,NaN,trial.nocue,398,1
433,80717,1,1,800,trial.invalid,359,1
433,80717,2,2,800,trial.validspatial,330,0
433,80717,2,1,800,trial.validspatial,224,0
433,80717,2,1,0,trial.validspatial,303,0
433,80717,2,2,NaN,trial.nocue,416,0
433,80717,2,2,800,trial.validspatial,338,0
433,80717,1,1,400,trial.validspatial,396,1
433,80717,1,2,800,trial.invalid,511,1
433,80717,2,2,0,trial.validspatial,503,0
433,80717,2,2,800,trial.validspatial,419,0
433,80717,1,1,800,trial.validspatial,359,1
433,80717,2,1,NaN,trial.nocue,480,0
433,80717,1,2,NaN,trial.nocue,397,1
433,80717,1,2,800,trial.validspatial,304,1
433,80717,1,2,0,trial.validspatial,402,1
433,80717,2,2,0,trial.invalid,460,0
433,80717,1,1,NaN,trial.nocue,454,1
433,80717,2,2,800,trial.validspatial,374,0
433,80717,2,1,800,trial.validspatial,382,0
433,80717,2,1,0,trial.validspatial,350,0
433,80717,1,1,800,trial.doublecue,358,1
433,80717,2,2,800,trial.invalid,346,0
433,80717,1,2,400,trial.validspatial,346,1
433,80717,2,1,800,trial.validspatial,296,0
433,80717,1,2,400,trial.invalid,362,1
433,80717,1,1,800,trial.validspatial,364,1
433,80717,2,2,400,trial.doublecue,367,0
433,80717,1,1,0,trial.validspatial,361,1
433,80717,2,1,NaN,trial.nocue,396,0
433,80717,2,1,400,trial.invalid,381,0
433,80717,1,2,800,trial.invalid,551,1
433,80717,1,2,0,trial.doublecue,557,1
433,80717,1,1,400,trial.validspatial,403,1
433,80717,1,2,400,trial.validspatial,522,1
433,80717,1,1,0,trial.doublecue,818,1
433,80717,1,1,0,trial.doublecue,445,1
433,80717,1,2,NaN,trial.nocue,448,1
433,80717,2,1,400,trial.doublecue,461,0
433,80717,2,2,400,trial.validspatial,351,0
433,80717,2,2,800,trial.doublecue,319,0
433,80717,2,2,NaN,trial.nocue,433,0
433,80717,1,2,NaN,trial.nocue,432,1
433,80717,1,2,0,trial.doublecue,399,1
433,80717,2,1,800,trial.invalid,315,0
433,80717,1,2,0,trial.validspatial,658,1
433,80717,1,1,0,trial.validspatial,431,1
433,80717,2,1,0,trial.validspatial,387,0
433,80717,1,1,400,trial.invalid,370,1
433,80717,1,2,800,trial.doublecue,404,1
433,80717,2,2,0,trial.validspatial,306,0
433,80717,2,2,0,trial.invalid,391,0
433,80717,1,1,0,trial.validspatial,325,1
433,80717,1,1,400,trial.invalid,468,1
433,80717,2,1,800,trial.validspatial,484,0
433,80717,2,2,400,trial.doublecue,365,0
433,80717,2,1,0,trial.doublecue,469,0
433,80717,2,2,400,trial.validspatial,349,0
433,80717,1,1,NaN,trial.nocue,421,1
433,80717,2,1,0,trial.invalid,469,0
433,80717,1,2,800,trial.validspatial,306,1
433,80717,1,2,800,trial.doublecue,329,1
433,80717,2,1,400,trial.validspatial,342,0
433,80717,1,1,800,trial.validspatial,338,1
433,80717,1,2,800,trial.validspatial,283,1
433,80717,1,1,0,trial.validspatial,561,1
433,80717,1,2,400,trial.validspatial,306,1
433,80717,2,1,400,trial.invalid,345,0
433,80717,2,1,0,trial.invalid,451,0
433,80717,2,2,NaN,trial.nocue,362,0
433,80717,1,1,800,trial.validspatial,388,1
433,80717,2,2,400,trial.validspatial,365,0
433,80717,2,1,NaN,trial.nocue,429,0
433,80717,1,1,400,trial.validspatial,299,1
433,80717,1,2,NaN,trial.nocue,439,1
433,80717,1,2,0,trial.validspatial,567,1
433,80717,1,2,800,trial.validspatial,313,1
433,80717,1,1,0,trial.validspatial,361,1
433,80717,1,1,400,trial.validspatial,336,1
433,80717,1,1,0,trial.validspatial,565,1
433,80717,1,2,0,trial.invalid,446,1
433,80717,1,2,800,trial.validspatial,381,1
433,80717,1,2,400,trial.validspatial,395,1
433,80717,1,2,400,trial.doublecue,414,1
433,80717,2,2,400,trial.validspatial,318,0
433,80717,2,1,400,trial.doublecue,348,0
433,80717,2,1,0,trial.validspatial,473,0
433,80717,2,1,400,trial.validspatial,369,0
433,80717,1,2,800,trial.validspatial,393,1
433,80717,1,1,800,trial.invalid,356,1
433,80717,2,1,400,trial.validspatial,373,0
433,80717,2,1,800,trial.validspatial,349,0
433,80717,2,2,0,trial.validspatial,361,0
433,80717,1,2,0,trial.validspatial,393,1
433,80717,1,1,400,trial.validspatial,376,1
433,80717,1,1,NaN,trial.nocue,557,1
433,80717,1,2,0,trial.validspatial,363,1
433,80717,1,1,NaN,trial.nocue,444,1
433,80717,2,2,0,trial.validspatial,284,0
433,80717,2,1,800,trial.invalid,341,0
433,80717,2,2,NaN,trial.nocue,516,0
433,80717,1,2,400,trial.invalid,214,0
433,80717,2,2,0,trial.doublecue,401,0
433,80717,1,2,NaN,trial.nocue,511,1
433,80717,1,1,400,trial.validspatial,370,1
433,80717,1,1,800,trial.validspatial,1700,0
433,80717,2,1,NaN,trial.nocue,575,0
433,80717,1,1,800,trial.doublecue,1700,0
433,80717,2,2,0,trial.doublecue,402,0
433,80717,1,1,0,trial.invalid,417,1
433,80717,1,1,0,trial.invalid,408,1
433,80717,2,1,0,trial.validspatial,385,0
433,80717,2,1,0,trial.validspatial,340,0
433,80717,1,1,400,trial.doublecue,339,1
433,80717,2,2,800,trial.validspatial,431,0
433,80717,2,2,800,trial.validspatial,349,0
433,80717,2,2,0,trial.validspatial,441,0
433,80717,1,2,400,trial.validspatial,450,1
433,80717,2,2,800,trial.invalid,319,0
433,80717,1,2,0,trial.invalid,425,1
433,80717,2,1,400,trial.validspatial,368,0
433,80717,2,1,400,trial.validspatial,352,0
433,80717,2,1,NaN,trial.nocue,471,0
433,80717,2,2,NaN,trial.nocue,735,0
433,80717,2,1,NaN,trial.nocue,458,0
433,80717,1,1,800,trial.validspatial,413,1
433,80717,1,1,NaN,trial.nocue,389,1
433,80717,2,1,800,trial.doublecue,382,0
433,80717,2,2,NaN,trial.nocue,426,0
433,80717,1,2,400,trial.validspatial,349,1
433,80717,1,1,400,trial.doublecue,372,1
433,80717,2,2,400,trial.invalid,312,0
433,80717,1,1,NaN,trial.nocue,493,1
433,80717,2,1,800,trial.validspatial,406,0
433,80717,2,2,0,trial.validspatial,350,0
433,80717,2,1,800,trial.doublecue,337,0
433,80717,2,1,400,trial.validspatial,387,0
433,80717,2,2,400,trial.validspatial,345,0
433,80717,2,1,0,trial.doublecue,386,0
433,80717,2,2,400,trial.validspatial,343,0
433,80717,2,2,400,trial.invalid,348,0
433,80717,2,2,800,trial.doublecue,365,0
433,80717,1,2,400,trial.doublecue,325,1
433,80717,1,2,0,trial.validspatial,368,1
433,80717,1,2,NaN,trial.nocue,470,1
433,80717,1,1,800,trial.invalid,351,1
433,80717,2,2,800,trial.validspatial,371,0
433,80717,2,1,800,trial.validspatial,336,0
433,80717,2,1,0,trial.validspatial,407,0
433,80717,2,2,NaN,trial.nocue,432,0
433,80717,2,2,800,trial.validspatial,353,0
433,80717,1,1,400,trial.validspatial,1000,0
433,80717,1,2,800,trial.invalid,1700,0
433,80717,2,2,0,trial.validspatial,454,1
433,80717,2,2,800,trial.validspatial,349,1
433,80717,1,1,800,trial.validspatial,299,1
433,80717,2,1,NaN,trial.nocue,525,1
433,80717,1,2,NaN,trial.nocue,318,0
433,80717,1,2,800,trial.validspatial,339,0
433,80717,1,2,0,trial.validspatial,383,0
433,80717,2,2,0,trial.invalid,344,0
433,80717,1,1,NaN,trial.nocue,223,1
433,80717,2,2,800,trial.validspatial,444,1
433,80717,2,1,800,trial.validspatial,340,0
433,80717,2,1,0,trial.validspatial,1700,0
433,80717,1,1,800,trial.doublecue,336,0
433,80717,2,2,800,trial.invalid,385,1
433,80717,1,2,400,trial.validspatial,320,1
433,80717,2,1,800,trial.validspatial,404,1
433,80717,1,2,400,trial.invalid,443,1
433,80717,1,1,800,trial.validspatial,411,1
433,80717,2,2,400,trial.doublecue,292,0
433,80717,1,1,0,trial.validspatial,525,0
433,80717,2,1,NaN,trial.nocue,451,0
433,80717,2,1,400,trial.invalid,445,1
433,80717,1,2,800,trial.invalid,456,0
433,80717,1,2,0,trial.doublecue,924,1
433,80717,1,1,400,trial.validspatial,497,1
433,80717,1,2,400,trial.validspatial,385,1
433,80717,1,1,0,trial.doublecue,709,0
433,80717,1,1,0,trial.doublecue,359,1
433,80717,1,2,NaN,trial.nocue,448,0
433,80717,2,1,400,trial.doublecue,447,1
433,80717,2,2,400,trial.validspatial,422,1
433,80717,2,2,800,trial.doublecue,480,0
433,80717,2,2,NaN,trial.nocue,419,0
433,80717,1,2,NaN,trial.nocue,371,1
433,80717,1,2,0,trial.doublecue,341,0
433,80717,2,1,800,trial.invalid,1700,0
433,80717,1,2,0,trial.validspatial,551,0
433,80717,1,1,0,trial.validspatial,362,1
433,80717,2,1,0,trial.validspatial,448,0
433,80717,1,1,400,trial.invalid,562,1
433,80717,1,2,800,trial.doublecue,315,0
433,80717,2,2,0,trial.validspatial,347,0
433,80717,2,2,0,trial.invalid,459,0
433,80717,1,1,0,trial.validspatial,586,0
433,80717,1,1,400,trial.invalid,518,0
433,80717,2,1,800,trial.validspatial,338,1
433,80717,2,2,400,trial.doublecue,433,1
433,80717,2,1,0,trial.doublecue,339,0
433,80717,2,2,400,trial.validspatial,358,0
433,80717,1,1,NaN,trial.nocue,330,1
433,80717,2,1,0,trial.invalid,424,1
433,80717,1,2,800,trial.validspatial,340,0
433,80717,1,2,800,trial.doublecue,385,1
433,80717,2,1,400,trial.validspatial,428,0
433,80717,1,1,800,trial.validspatial,315,0
433,80717,1,2,800,trial.validspatial,391,0
433,80717,1,1,0,trial.validspatial,1700,0
433,80717,1,2,400,trial.validspatial,373,0
433,80717,2,1,400,trial.invalid,358,0
433,80717,2,1,0,trial.invalid,411,0
433,80717,2,2,NaN,trial.nocue,369,0
433,80717,1,1,800,trial.validspatial,345,0
433,80717,2,2,400,trial.validspatial,337,1
433,80717,2,1,NaN,trial.nocue,397,1
433,80717,1,1,400,trial.validspatial,486,1
433,80717,1,2,NaN,trial.nocue,340,1
433,80717,1,2,0,trial.validspatial,376,0
433,80717,1,2,800,trial.validspatial,277,0
433,80717,1,1,0,trial.validspatial,460,0
433,80717,1,1,400,trial.validspatial,445,0
