subject,date,location_congruence_val,flanker_congruence_val,cue_target_interval,cue_condition,latency,values.correct
289,61417,1,1,0,trial.validspatial,1145,1
289,61417,1,2,0,trial.invalid,1658,0
289,61417,1,2,800,trial.validspatial,1039,1
289,61417,1,2,400,trial.validspatial,993,1
289,61417,1,2,400,trial.doublecue,1057,1
289,61417,2,2,400,trial.validspatial,709,1
289,61417,2,1,400,trial.doublecue,797,1
289,61417,2,1,0,trial.validspatial,960,1
289,61417,2,1,400,trial.validspatial,769,1
289,61417,1,2,800,trial.validspatial,650,1
289,61417,1,1,800,trial.invalid,665,1
289,61417,2,1,400,trial.validspatial,553,1
289,61417,2,1,800,trial.validspatial,629,1
289,61417,2,2,0,trial.validspatial,1055,1
289,61417,1,2,0,trial.validspatial,943,1
289,61417,1,1,400,trial.validspatial,834,1
289,61417,1,1,NaN,trial.nocue,756,1
289,61417,1,2,0,trial.validspatial,819,1
289,61417,1,1,NaN,trial.nocue,839,1
289,61417,2,2,0,trial.validspatial,872,1
289,61417,2,1,800,trial.invalid,859,1
289,61417,2,2,NaN,trial.nocue,956,1
289,61417,1,2,400,trial.invalid,1172,1
289,61417,2,2,0,trial.doublecue,1348,1
289,61417,1,2,NaN,trial.nocue,863,1
289,61417,1,1,400,trial.validspatial,515,1
289,61417,1,1,800,trial.validspatial,923,1
289,61417,2,1,NaN,trial.nocue,814,1
289,61417,1,1,800,trial.doublecue,883,1
289,61417,2,2,0,trial.doublecue,972,1
289,61417,1,1,0,trial.invalid,772,1
289,61417,1,1,0,trial.invalid,703,1
289,61417,2,1,0,trial.validspatial,764,1
289,61417,2,1,0,trial.validspatial,755,1
289,61417,1,1,400,trial.doublecue,798,1
289,61417,2,2,800,trial.validspatial,918,1
289,61417,2,2,800,trial.validspatial,888,1
289,61417,2,2,0,trial.validspatial,862,1
289,61417,1,2,400,trial.validspatial,775,1
289,61417,2,2,800,trial.invalid,777,1
289,61417,1,2,0,trial.invalid,907,1
289,61417,2,1,400,trial.validspatial,565,1
289,61417,2,1,400,trial.validspatial,868,1
289,61417,2,1,NaN,trial.nocue,845,1
289,61417,2,2,NaN,trial.nocue,1061,1
289,61417,2,1,NaN,trial.nocue,824,1
289,61417,1,1,800,trial.validspatial,629,1
289,61417,1,1,NaN,trial.nocue,778,1
289,61417,2,1,800,trial.doublecue,617,1
289,61417,2,2,NaN,trial.nocue,1151,1
289,61417,1,2,400,trial.validspatial,952,1
289,61417,1,1,400,trial.doublecue,585,1
289,61417,2,2,400,trial.invalid,993,1
289,61417,1,1,NaN,trial.nocue,752,1
289,61417,2,1,800,trial.validspatial,765,1
289,61417,2,2,0,trial.validspatial,676,1
289,61417,2,1,800,trial.doublecue,570,1
289,61417,2,1,400,trial.validspatial,555,1
289,61417,2,2,400,trial.validspatial,788,1
289,61417,2,1,0,trial.doublecue,722,1
289,61417,2,2,400,trial.validspatial,870,1
289,61417,2,2,400,trial.invalid,781,1
289,61417,2,2,800,trial.doublecue,826,1
289,61417,1,2,400,trial.doublecue,709,1
289,61417,1,2,0,trial.validspatial,577,1
289,61417,1,2,NaN,trial.nocue,914,1
289,61417,1,1,800,trial.invalid,778,1
289,61417,2,2,800,trial.validspatial,524,1
289,61417,2,1,800,trial.validspatial,529,1
289,61417,2,1,0,trial.validspatial,593,1
289,61417,2,2,NaN,trial.nocue,990,1
289,61417,2,2,800,trial.validspatial,725,1
289,61417,1,1,400,trial.validspatial,594,1
289,61417,1,2,800,trial.invalid,961,1
289,61417,2,2,0,trial.validspatial,655,1
289,61417,2,2,800,trial.validspatial,607,1
289,61417,1,1,800,trial.validspatial,578,1
289,61417,2,1,NaN,trial.nocue,651,1
289,61417,1,2,NaN,trial.nocue,1036,1
289,61417,1,2,800,trial.validspatial,643,1
289,61417,1,2,0,trial.validspatial,828,1
289,61417,2,2,0,trial.invalid,982,1
289,61417,1,1,NaN,trial.nocue,1238,1
289,61417,2,2,800,trial.validspatial,577,1
289,61417,2,1,800,trial.validspatial,711,1
289,61417,2,1,0,trial.validspatial,679,1
289,61417,1,1,800,trial.doublecue,771,1
289,61417,2,2,800,trial.invalid,982,1
289,61417,1,2,400,trial.validspatial,946,1
289,61417,2,1,800,trial.validspatial,568,1
289,61417,1,2,400,trial.invalid,855,1
289,61417,1,1,800,trial.validspatial,853,1
289,61417,2,2,400,trial.doublecue,678,1
289,61417,1,1,0,trial.validspatial,587,1
289,61417,2,1,NaN,trial.nocue,838,1
289,61417,2,1,400,trial.invalid,659,1
289,61417,1,2,800,trial.invalid,937,1
289,61417,1,2,0,trial.doublecue,920,1
289,61417,1,1,400,trial.validspatial,512,1
289,61417,1,2,400,trial.validspatial,846,1
289,61417,1,1,0,trial.doublecue,547,1
289,61417,1,1,0,trial.doublecue,945,1
289,61417,1,2,NaN,trial.nocue,1076,1
289,61417,2,1,400,trial.doublecue,852,1
289,61417,2,2,400,trial.validspatial,893,1
289,61417,2,2,800,trial.doublecue,636,1
289,61417,2,2,NaN,trial.nocue,633,1
289,61417,1,2,NaN,trial.nocue,813,1
289,61417,1,2,0,trial.doublecue,656,1
289,61417,2,1,800,trial.invalid,668,1
289,61417,1,2,0,trial.validspatial,712,1
289,61417,1,1,0,trial.validspatial,741,1
289,61417,2,1,0,trial.validspatial,733,1
289,61417,1,1,400,trial.invalid,675,1
289,61417,1,2,800,trial.doublecue,1087,1
289,61417,2,2,0,trial.validspatial,1019,1
289,61417,2,2,0,trial.invalid,829,1
289,61417,1,1,0,trial.validspatial,649,1
289,61417,1,1,400,trial.invalid,589,1
289,61417,2,1,800,trial.validspatial,555,1
289,61417,2,2,400,trial.doublecue,814,1
289,61417,2,1,0,trial.doublecue,805,1
289,61417,2,2,400,trial.validspatial,599,1
289,61417,1,1,NaN,trial.nocue,581,1
289,61417,2,1,0,trial.invalid,630,1
289,61417,1,2,800,trial.validspatial,871,1
289,61417,1,2,800,trial.doublecue,610,1
289,61417,2,1,400,trial.validspatial,654,1
289,61417,1,1,800,trial.validspatial,732,1
289,61417,1,2,800,trial.validspatial,659,1
289,61417,1,1,0,trial.validspatial,657,1
289,61417,1,2,400,trial.validspatial,589,1
289,61417,2,1,400,trial.invalid,796,1
289,61417,2,1,0,trial.invalid,716,1
289,61417,2,2,NaN,trial.nocue,650,1
289,61417,1,1,800,trial.validspatial,487,1
289,61417,2,2,400,trial.validspatial,610,1
289,61417,2,1,NaN,trial.nocue,617,1
289,61417,1,1,400,trial.validspatial,542,1
289,61417,1,2,NaN,trial.nocue,1113,1
289,61417,1,2,0,trial.validspatial,843,1
289,61417,1,2,800,trial.validspatial,696,1
289,61417,1,1,0,trial.validspatial,641,1
289,61417,1,1,400,trial.validspatial,474,1
289,61417,1,1,0,trial.validspatial,604,1
289,61417,1,2,0,trial.invalid,892,1
289,61417,1,2,800,trial.validspatial,837,1
289,61417,1,2,400,trial.validspatial,565,1
289,61417,1,2,400,trial.doublecue,779,1
289,61417,2,2,400,trial.validspatial,493,1
289,61417,2,1,400,trial.doublecue,538,1
289,61417,2,1,0,trial.validspatial,700,1
289,61417,2,1,400,trial.validspatial,501,1
289,61417,1,2,800,trial.validspatial,726,1
289,61417,1,1,800,trial.invalid,558,1
289,61417,2,1,400,trial.validspatial,456,1
289,61417,2,1,800,trial.validspatial,589,1
289,61417,2,2,0,trial.validspatial,872,0
289,61417,1,2,0,trial.validspatial,775,1
289,61417,1,1,400,trial.validspatial,603,1
289,61417,1,1,NaN,trial.nocue,545,1
289,61417,1,2,0,trial.validspatial,764,1
289,61417,1,1,NaN,trial.nocue,532,1
289,61417,2,2,0,trial.validspatial,772,1
289,61417,2,1,800,trial.invalid,724,1
289,61417,2,2,NaN,trial.nocue,877,1
289,61417,1,2,400,trial.invalid,996,1
289,61417,2,2,0,trial.doublecue,952,1
289,61417,1,2,NaN,trial.nocue,826,1
289,61417,1,1,400,trial.validspatial,805,1
289,61417,1,1,800,trial.validspatial,606,1
289,61417,2,1,NaN,trial.nocue,670,1
289,61417,1,1,800,trial.doublecue,600,1
289,61417,2,2,0,trial.doublecue,821,1
289,61417,1,1,0,trial.invalid,710,1
289,61417,1,1,0,trial.invalid,680,1
289,61417,2,1,0,trial.validspatial,514,1
289,61417,2,1,0,trial.validspatial,557,1
289,61417,1,1,400,trial.doublecue,586,1
289,61417,2,2,800,trial.validspatial,1062,1
289,61417,2,2,800,trial.validspatial,875,1
289,61417,2,2,0,trial.validspatial,954,1
289,61417,1,2,400,trial.validspatial,729,1
289,61417,2,2,800,trial.invalid,1075,1
289,61417,1,2,0,trial.invalid,1036,1
289,61417,2,1,400,trial.validspatial,507,1
289,61417,2,1,400,trial.validspatial,476,1
289,61417,2,1,NaN,trial.nocue,614,1
289,61417,2,2,NaN,trial.nocue,715,1
289,61417,2,1,NaN,trial.nocue,651,1
289,61417,1,1,800,trial.validspatial,568,1
289,61417,1,1,NaN,trial.nocue,623,1
289,61417,2,1,800,trial.doublecue,779,1
289,61417,2,2,NaN,trial.nocue,899,1
289,61417,1,2,400,trial.validspatial,725,1
289,61417,1,1,400,trial.doublecue,819,1
289,61417,2,2,400,trial.invalid,872,1
289,61417,1,1,NaN,trial.nocue,859,1
289,61417,2,1,800,trial.validspatial,518,1
289,61417,2,2,0,trial.validspatial,812,1
289,61417,2,1,800,trial.doublecue,750,1
289,61417,2,1,400,trial.validspatial,482,1
289,61417,2,2,400,trial.validspatial,648,1
289,61417,2,1,0,trial.doublecue,804,1
289,61417,2,2,400,trial.validspatial,664,1
289,61417,2,2,400,trial.invalid,848,1
289,61417,2,2,800,trial.doublecue,852,1
289,61417,1,2,400,trial.doublecue,860,1
289,61417,1,2,0,trial.validspatial,909,1
289,61417,1,2,NaN,trial.nocue,854,1
289,61417,1,1,800,trial.invalid,893,1
289,61417,2,2,800,trial.validspatial,534,1
289,61417,2,1,800,trial.validspatial,540,1
289,61417,2,1,0,trial.validspatial,791,1
289,61417,2,2,NaN,trial.nocue,901,1
289,61417,2,2,800,trial.validspatial,490,1
289,61417,1,1,400,trial.validspatial,1700,0
289,61417,1,2,800,trial.invalid,652,1
289,61417,2,2,0,trial.validspatial,1150,1
289,61417,2,2,800,trial.validspatial,680,1
289,61417,1,1,800,trial.validspatial,512,1
289,61417,2,1,NaN,trial.nocue,940,1
289,61417,1,2,NaN,trial.nocue,648,1
289,61417,1,2,800,trial.validspatial,710,1
289,61417,1,2,0,trial.validspatial,552,1
289,61417,2,2,0,trial.invalid,466,1
289,61417,1,1,NaN,trial.nocue,631,1
289,61417,2,2,800,trial.validspatial,661,1
289,61417,2,1,800,trial.validspatial,799,1
289,61417,2,1,0,trial.validspatial,709,1
289,61417,1,1,800,trial.doublecue,741,1
289,61417,2,2,800,trial.invalid,669,1
289,61417,1,2,400,trial.validspatial,433,1
289,61417,2,1,800,trial.validspatial,754,1
289,61417,1,2,400,trial.invalid,979,1
289,61417,1,1,800,trial.validspatial,614,1
289,61417,2,2,400,trial.doublecue,832,1
289,61417,1,1,0,trial.validspatial,690,1
289,61417,2,1,NaN,trial.nocue,842,1
289,61417,2,1,400,trial.invalid,895,1
289,61417,1,2,800,trial.invalid,973,1
289,61417,1,2,0,trial.doublecue,816,1
289,61417,1,1,400,trial.validspatial,479,1
289,61417,1,2,400,trial.validspatial,593,1
289,61417,1,1,0,trial.doublecue,678,1
289,61417,1,1,0,trial.doublecue,783,1
289,61417,1,2,NaN,trial.nocue,1053,1
289,61417,2,1,400,trial.doublecue,672,1
289,61417,2,2,400,trial.validspatial,671,1
289,61417,2,2,800,trial.doublecue,515,1
289,61417,2,2,NaN,trial.nocue,485,1
289,61417,1,2,NaN,trial.nocue,429,1
289,61417,1,2,0,trial.doublecue,856,1
289,61417,2,1,800,trial.invalid,740,1
289,61417,1,2,0,trial.validspatial,853,1
289,61417,1,1,0,trial.validspatial,776,1
289,61417,2,1,0,trial.validspatial,930,1
289,61417,1,1,400,trial.invalid,789,1
289,61417,1,2,800,trial.doublecue,477,1
289,61417,2,2,0,trial.validspatial,564,1
289,61417,2,2,0,trial.invalid,777,1
289,61417,1,1,0,trial.validspatial,795,1
289,61417,1,1,400,trial.invalid,659,1
289,61417,2,1,800,trial.validspatial,583,1
289,61417,2,2,400,trial.doublecue,695,1
289,61417,2,1,0,trial.doublecue,665,1
289,61417,2,2,400,trial.validspatial,947,1
289,61417,1,1,NaN,trial.nocue,691,1
289,61417,2,1,0,trial.invalid,835,1
289,61417,1,2,800,trial.validspatial,1046,1
289,61417,1,2,800,trial.doublecue,749,1
289,61417,2,1,400,trial.validspatial,770,1
289,61417,1,1,800,trial.validspatial,887,1
289,61417,1,2,800,trial.validspatial,782,1
289,61417,1,1,0,trial.validspatial,608,1
289,61417,1,2,400,trial.validspatial,670,1
289,61417,2,1,400,trial.invalid,862,1
289,61417,2,1,0,trial.invalid,682,1
289,61417,2,2,NaN,trial.nocue,876,1
289,61417,1,1,800,trial.validspatial,1108,1
289,61417,2,2,400,trial.validspatial,851,1
289,61417,2,1,NaN,trial.nocue,793,1
289,61417,1,1,400,trial.validspatial,638,1
289,61417,1,2,NaN,trial.nocue,645,1
289,61417,1,2,0,trial.validspatial,917,1
289,61417,1,2,800,trial.validspatial,902,1
289,61417,1,1,0,trial.validspatial,891,1
289,61417,1,1,400,trial.validspatial,883,1
