subject,date,location_congruence_val,flanker_congruence_val,cue_target_interval,cue_condition,latency,values.correct
603,63017,1,1,0,trial.validspatial,1437,1
603,63017,1,2,0,trial.invalid,1301,1
603,63017,1,2,800,trial.validspatial,953,1
603,63017,1,2,400,trial.validspatial,742,1
603,63017,1,2,400,trial.doublecue,602,1
603,63017,2,2,400,trial.validspatial,345,0
603,63017,2,1,400,trial.doublecue,690,0
603,63017,2,1,0,trial.validspatial,649,0
603,63017,2,1,400,trial.validspatial,593,0
603,63017,1,2,800,trial.validspatial,798,0
603,63017,1,1,800,trial.invalid,800,0
603,63017,2,1,400,trial.validspatial,761,0
603,63017,2,1,800,trial.validspatial,449,0
603,63017,2,2,0,trial.validspatial,761,0
603,63017,1,2,0,trial.validspatial,667,1
603,63017,1,1,400,trial.validspatial,604,0
603,63017,1,1,NaN,trial.nocue,599,0
603,63017,1,2,0,trial.validspatial,905,0
603,63017,1,1,NaN,trial.nocue,1027,0
603,63017,2,2,0,trial.validspatial,646,1
603,63017,2,1,800,trial.invalid,919,0
603,63017,2,2,NaN,trial.nocue,1184,0
603,63017,1,2,400,trial.invalid,1090,0
603,63017,2,2,0,trial.doublecue,590,1
603,63017,1,2,NaN,trial.nocue,1026,0
603,63017,1,1,400,trial.validspatial,752,0
603,63017,1,1,800,trial.validspatial,662,0
603,63017,2,1,NaN,trial.nocue,706,0
603,63017,1,1,800,trial.doublecue,711,0
603,63017,2,2,0,trial.doublecue,1130,0
603,63017,1,1,0,trial.invalid,804,0
603,63017,1,1,0,trial.invalid,827,0
603,63017,2,1,0,trial.validspatial,742,0
603,63017,2,1,0,trial.validspatial,1067,0
603,63017,1,1,400,trial.doublecue,1368,0
603,63017,2,2,800,trial.validspatial,682,0
603,63017,2,2,800,trial.validspatial,714,0
603,63017,2,2,0,trial.validspatial,800,0
603,63017,1,2,400,trial.validspatial,631,0
603,63017,2,2,800,trial.invalid,1082,0
603,63017,1,2,0,trial.invalid,1007,0
603,63017,2,1,400,trial.validspatial,871,0
603,63017,2,1,400,trial.validspatial,796,0
603,63017,2,1,NaN,trial.nocue,986,0
603,63017,2,2,NaN,trial.nocue,1106,0
603,63017,2,1,NaN,trial.nocue,704,0
603,63017,1,1,800,trial.validspatial,749,0
603,63017,1,1,NaN,trial.nocue,662,0
603,63017,2,1,800,trial.doublecue,798,0
603,63017,2,2,NaN,trial.nocue,843,0
603,63017,1,2,400,trial.validspatial,638,0
603,63017,1,1,400,trial.doublecue,670,0
603,63017,2,2,400,trial.invalid,687,0
603,63017,1,1,NaN,trial.nocue,650,0
603,63017,2,1,800,trial.validspatial,581,0
603,63017,2,2,0,trial.validspatial,946,0
603,63017,2,1,800,trial.doublecue,684,0
603,63017,2,1,400,trial.validspatial,591,0
603,63017,2,2,400,trial.validspatial,661,0
603,63017,2,1,0,trial.doublecue,913,0
603,63017,2,2,400,trial.validspatial,944,0
603,63017,2,2,400,trial.invalid,1347,1
603,63017,2,2,800,trial.doublecue,960,0
603,63017,1,2,400,trial.doublecue,905,0
603,63017,1,2,0,trial.validspatial,975,0
603,63017,1,2,NaN,trial.nocue,947,0
603,63017,1,1,800,trial.invalid,675,0
603,63017,2,2,800,trial.validspatial,743,0
603,63017,2,1,800,trial.validspatial,539,0
603,63017,2,1,0,trial.validspatial,525,0
603,63017,2,2,NaN,trial.nocue,1124,0
603,63017,2,2,800,trial.validspatial,737,0
603,63017,1,1,400,trial.validspatial,981,0
603,63017,1,2,800,trial.invalid,928,0
603,63017,2,2,0,trial.validspatial,1123,0
603,63017,2,2,800,trial.validspatial,758,0
603,63017,1,1,800,trial.validspatial,970,0
603,63017,2,1,NaN,trial.nocue,930,0
603,63017,1,2,NaN,trial.nocue,935,0
603,63017,1,2,800,trial.validspatial,1097,0
603,63017,1,2,0,trial.validspatial,1669,0
603,63017,2,2,0,trial.invalid,1433,0
603,63017,1,1,NaN,trial.nocue,1276,0
603,63017,2,2,800,trial.validspatial,1212,0
603,63017,2,1,800,trial.validspatial,714,0
603,63017,2,1,0,trial.validspatial,636,0
603,63017,1,1,800,trial.doublecue,797,0
603,63017,2,2,800,trial.invalid,992,0
603,63017,1,2,400,trial.validspatial,737,0
603,63017,2,1,800,trial.validspatial,844,0
603,63017,1,2,400,trial.invalid,1009,0
603,63017,1,1,800,trial.validspatial,658,0
603,63017,2,2,400,trial.doublecue,1037,0
603,63017,1,1,0,trial.validspatial,713,0
603,63017,2,1,NaN,trial.nocue,790,0
603,63017,2,1,400,trial.invalid,674,0
603,63017,1,2,800,trial.invalid,887,0
603,63017,1,2,0,trial.doublecue,863,0
603,63017,1,1,400,trial.validspatial,819,0
603,63017,1,2,400,trial.validspatial,672,0
603,63017,1,1,0,trial.doublecue,844,0
603,63017,1,1,0,trial.doublecue,535,0
603,63017,1,2,NaN,trial.nocue,683,0
603,63017,2,1,400,trial.doublecue,611,0
603,63017,2,2,400,trial.validspatial,875,0
603,63017,2,2,800,trial.doublecue,1089,0
603,63017,2,2,NaN,trial.nocue,947,0
603,63017,1,2,NaN,trial.nocue,794,0
603,63017,1,2,0,trial.doublecue,922,0
603,63017,2,1,800,trial.invalid,630,0
603,63017,1,2,0,trial.validspatial,746,0
603,63017,1,1,0,trial.validspatial,552,0
603,63017,2,1,0,trial.validspatial,670,0
603,63017,1,1,400,trial.invalid,778,0
603,63017,1,2,800,trial.doublecue,835,0
603,63017,2,2,0,trial.validspatial,758,0
603,63017,2,2,0,trial.invalid,842,0
603,63017,1,1,0,trial.validspatial,835,0
603,63017,1,1,400,trial.invalid,1385,0
603,63017,2,1,800,trial.validspatial,633,0
603,63017,2,2,400,trial.doublecue,970,0
603,63017,2,1,0,trial.doublecue,595,0
603,63017,2,2,400,trial.validspatial,664,0
603,63017,1,1,NaN,trial.nocue,1088,0
603,63017,2,1,0,trial.invalid,689,0
603,63017,1,2,800,trial.validspatial,755,0
603,63017,1,2,800,trial.doublecue,921,0
603,63017,2,1,400,trial.validspatial,863,0
603,63017,1,1,800,trial.validspatial,787,0
603,63017,1,2,800,trial.validspatial,811,0
603,63017,1,1,0,trial.validspatial,802,0
603,63017,1,2,400,trial.validspatial,608,0
603,63017,2,1,400,trial.invalid,870,0
603,63017,2,1,0,trial.invalid,1034,0
603,63017,2,2,NaN,trial.nocue,1012,0
603,63017,1,1,800,trial.validspatial,1045,0
603,63017,2,2,400,trial.validspatial,718,0
603,63017,2,1,NaN,trial.nocue,651,0
603,63017,1,1,400,trial.validspatial,586,0
603,63017,1,2,NaN,trial.nocue,1106,0
603,63017,1,2,0,trial.validspatial,992,0
603,63017,1,2,800,trial.validspatial,775,0
603,63017,1,1,0,trial.validspatial,755,0
603,63017,1,1,400,trial.validspatial,505,0
603,63017,1,1,0,trial.validspatial,610,0
603,63017,1,2,0,trial.invalid,923,0
603,63017,1,2,800,trial.validspatial,767,0
603,63017,1,2,400,trial.validspatial,1005,0
603,63017,1,2,400,trial.doublecue,991,0
603,63017,2,2,400,trial.validspatial,816,0
603,63017,2,1,400,trial.doublecue,726,0
603,63017,2,1,0,trial.validspatial,1700,0
603,63017,2,1,400,trial.validspatial,1254,0
603,63017,1,2,800,trial.validspatial,691,0
603,63017,1,1,800,trial.invalid,1685,0
603,63017,2,1,400,trial.validspatial,543,0
603,63017,2,1,800,trial.validspatial,727,0
603,63017,2,2,0,trial.validspatial,918,0
603,63017,1,2,0,trial.validspatial,768,0
603,63017,1,1,400,trial.validspatial,574,0
603,63017,1,1,NaN,trial.nocue,633,0
603,63017,1,2,0,trial.validspatial,939,0
603,63017,1,1,NaN,trial.nocue,637,0
603,63017,2,2,0,trial.validspatial,1139,0
603,63017,2,1,800,trial.invalid,851,0
603,63017,2,2,NaN,trial.nocue,1077,0
603,63017,1,2,400,trial.invalid,1055,0
603,63017,2,2,0,trial.doublecue,610,0
603,63017,1,2,NaN,trial.nocue,1017,0
603,63017,1,1,400,trial.validspatial,1390,1
603,63017,1,1,800,trial.validspatial,1398,0
603,63017,2,1,NaN,trial.nocue,873,0
603,63017,1,1,800,trial.doublecue,645,0
603,63017,2,2,0,trial.doublecue,1465,1
603,63017,1,1,0,trial.invalid,626,0
603,63017,1,1,0,trial.invalid,628,0
603,63017,2,1,0,trial.validspatial,753,0
603,63017,2,1,0,trial.validspatial,758,0
603,63017,1,1,400,trial.doublecue,667,0
603,63017,2,2,800,trial.validspatial,1028,0
603,63017,2,2,800,trial.validspatial,781,0
603,63017,2,2,0,trial.validspatial,635,0
603,63017,1,2,400,trial.validspatial,637,0
603,63017,2,2,800,trial.invalid,768,0
603,63017,1,2,0,trial.invalid,981,0
603,63017,2,1,400,trial.validspatial,797,0
603,63017,2,1,400,trial.validspatial,723,0
603,63017,2,1,NaN,trial.nocue,785,0
603,63017,2,2,NaN,trial.nocue,1224,0
603,63017,2,1,NaN,trial.nocue,735,0
603,63017,1,1,800,trial.validspatial,684,0
603,63017,1,1,NaN,trial.nocue,589,0
603,63017,2,1,800,trial.doublecue,597,0
603,63017,2,2,NaN,trial.nocue,1009,0
603,63017,1,2,400,trial.validspatial,829,0
603,63017,1,1,400,trial.doublecue,750,0
603,63017,2,2,400,trial.invalid,959,0
603,63017,1,1,NaN,trial.nocue,643,0
603,63017,2,1,800,trial.validspatial,639,0
603,63017,2,2,0,trial.validspatial,803,0
603,63017,2,1,800,trial.doublecue,717,0
603,63017,2,1,400,trial.validspatial,544,0
603,63017,2,2,400,trial.validspatial,711,0
603,63017,2,1,0,trial.doublecue,675,0
603,63017,2,2,400,trial.validspatial,1077,0
603,63017,2,2,400,trial.invalid,1216,0
603,63017,2,2,800,trial.doublecue,981,0
603,63017,1,2,400,trial.doublecue,862,0
603,63017,1,2,0,trial.validspatial,1043,0
603,63017,1,2,NaN,trial.nocue,848,0
603,63017,1,1,800,trial.invalid,927,0
603,63017,2,2,800,trial.validspatial,859,0
603,63017,2,1,800,trial.validspatial,544,0
603,63017,2,1,0,trial.validspatial,673,0
603,63017,2,2,NaN,trial.nocue,918,0
603,63017,2,2,800,trial.validspatial,620,0
603,63017,1,1,400,trial.validspatial,1700,0
603,63017,1,2,800,trial.invalid,659,0
603,63017,2,2,0,trial.validspatial,918,0
603,63017,2,2,800,trial.validspatial,731,0
603,63017,1,1,800,trial.validspatial,768,0
603,63017,2,1,NaN,trial.nocue,899,0
603,63017,1,2,NaN,trial.nocue,978,0
603,63017,1,2,800,trial.validspatial,673,0
603,63017,1,2,0,trial.validspatial,633,0
603,63017,2,2,0,trial.invalid,660,0
603,63017,1,1,NaN,trial.nocue,800,0
603,63017,2,2,800,trial.validspatial,803,0
603,63017,2,1,800,trial.validspatial,532,0
603,63017,2,1,0,trial.validspatial,707,0
603,63017,1,1,800,trial.doublecue,1019,0
603,63017,2,2,800,trial.invalid,749,0
603,63017,1,2,400,trial.validspatial,553,0
603,63017,2,1,800,trial.validspatial,580,0
603,63017,1,2,400,trial.invalid,821,0
603,63017,1,1,800,trial.validspatial,904,0
603,63017,2,2,400,trial.doublecue,883,0
603,63017,1,1,0,trial.validspatial,1028,0
603,63017,2,1,NaN,trial.nocue,1414,0
603,63017,2,1,400,trial.invalid,1240,0
603,63017,1,2,800,trial.invalid,908,0
603,63017,1,2,0,trial.doublecue,840,0
603,63017,1,1,400,trial.validspatial,670,0
603,63017,1,2,400,trial.validspatial,805,0
603,63017,1,1,0,trial.doublecue,760,0
603,63017,1,1,0,trial.doublecue,637,0
603,63017,1,2,NaN,trial.nocue,961,0
603,63017,2,1,400,trial.doublecue,811,0
603,63017,2,2,400,trial.validspatial,770,0
603,63017,2,2,800,trial.doublecue,789,0
603,63017,2,2,NaN,trial.nocue,634,0
603,63017,1,2,NaN,trial.nocue,698,0
603,63017,1,2,0,trial.doublecue,828,0
603,63017,2,1,800,trial.invalid,837,0
603,63017,1,2,0,trial.validspatial,723,0
603,63017,1,1,0,trial.validspatial,720,0
603,63017,2,1,0,trial.validspatial,845,0
603,63017,1,1,400,trial.invalid,1161,0
603,63017,1,2,800,trial.doublecue,737,0
603,63017,2,2,0,trial.validspatial,678,0
603,63017,2,2,0,trial.invalid,821,0
603,63017,1,1,0,trial.validspatial,949,0
603,63017,1,1,400,trial.invalid,579,0
603,63017,2,1,800,trial.validspatial,667,0
603,63017,2,2,400,trial.doublecue,620,0
603,63017,2,1,0,trial.doublecue,588,0
603,63017,2,2,400,trial.validspatial,768,0
603,63017,1,1,NaN,trial.nocue,739,0
603,63017,2,1,0,trial.invalid,747,0
603,63017,1,2,800,trial.validspatial,829,0
603,63017,1,2,800,trial.doublecue,641,0
603,63017,2,1,400,trial.validspatial,549,0
603,63017,1,1,800,trial.validspatial,793,0
603,63017,1,2,800,trial.validspatial,1019,0
603,63017,1,1,0,trial.validspatial,606,0
603,63017,1,2,400,trial.validspatial,588,0
603,63017,2,1,400,trial.invalid,809,0
603,63017,2,1,0,trial.invalid,991,0
603,63017,2,2,NaN,trial.nocue,1018,0
603,63017,1,1,800,trial.validspatial,823,0
603,63017,2,2,400,trial.validspatial,920,0
603,63017,2,1,NaN,trial.nocue,869,0
603,63017,1,1,400,trial.validspatial,874,0
603,63017,1,2,NaN,trial.nocue,945,0
603,63017,1,2,0,trial.validspatial,869,0
603,63017,1,2,800,trial.validspatial,601,0
603,63017,1,1,0,trial.validspatial,610,0
603,63017,1,1,400,trial.validspatial,845,0
