subject,date,location_congruence_val,flanker_congruence_val,cue_target_interval,cue_condition,latency,values.correct
31,40217,1,1,0,trial.validspatial,959,1
31,40217,1,2,0,trial.invalid,881,1
31,40217,1,2,800,trial.validspatial,1700,0
31,40217,1,2,400,trial.validspatial,46,1
31,40217,1,2,400,trial.doublecue,1082,0
31,40217,2,2,400,trial.validspatial,866,0
31,40217,2,1,400,trial.doublecue,596,1
31,40217,2,1,0,trial.validspatial,635,1
31,40217,2,1,400,trial.validspatial,463,1
31,40217,1,2,800,trial.validspatial,888,0
31,40217,1,1,800,trial.invalid,817,1
31,40217,2,1,400,trial.validspatial,1016,1
31,40217,2,1,800,trial.validspatial,610,1
31,40217,2,2,0,trial.validspatial,913,0
31,40217,1,2,0,trial.validspatial,756,0
31,40217,1,1,400,trial.validspatial,467,1
31,40217,1,1,NaN,trial.nocue,633,1
31,40217,1,2,0,trial.validspatial,897,0
31,40217,1,1,NaN,trial.nocue,614,1
31,40217,2,2,0,trial.validspatial,859,0
31,40217,2,1,800,trial.invalid,567,1
31,40217,2,2,NaN,trial.nocue,908,0
31,40217,1,2,400,trial.invalid,814,0
31,40217,2,2,0,trial.doublecue,1182,0
31,40217,1,2,NaN,trial.nocue,628,0
31,40217,1,1,400,trial.validspatial,404,1
31,40217,1,1,800,trial.validspatial,437,1
31,40217,2,1,NaN,trial.nocue,1700,0
31,40217,1,1,800,trial.doublecue,568,1
31,40217,2,2,0,trial.doublecue,1700,0
31,40217,1,1,0,trial.invalid,371,1
31,40217,1,1,0,trial.invalid,1700,0
31,40217,2,1,0,trial.validspatial,1393,0
31,40217,2,1,0,trial.validspatial,1380,1
31,40217,1,1,400,trial.doublecue,429,1
31,40217,2,2,800,trial.validspatial,414,0
31,40217,2,2,800,trial.validspatial,531,0
31,40217,2,2,0,trial.validspatial,665,0
31,40217,1,2,400,trial.validspatial,523,0
31,40217,2,2,800,trial.invalid,674,0
31,40217,1,2,0,trial.invalid,1043,0
31,40217,2,1,400,trial.validspatial,501,1
31,40217,2,1,400,trial.validspatial,571,1
31,40217,2,1,NaN,trial.nocue,1700,0
31,40217,2,2,NaN,trial.nocue,864,0
31,40217,2,1,NaN,trial.nocue,1011,1
31,40217,1,1,800,trial.validspatial,464,1
31,40217,1,1,NaN,trial.nocue,560,1
31,40217,2,1,800,trial.doublecue,533,1
31,40217,2,2,NaN,trial.nocue,847,0
31,40217,1,2,400,trial.validspatial,823,0
31,40217,1,1,400,trial.doublecue,521,1
31,40217,2,2,400,trial.invalid,1045,0
31,40217,1,1,NaN,trial.nocue,891,1
31,40217,2,1,800,trial.validspatial,1128,1
31,40217,2,2,0,trial.validspatial,662,0
31,40217,2,1,800,trial.doublecue,512,1
31,40217,2,1,400,trial.validspatial,463,1
31,40217,2,2,400,trial.validspatial,770,0
31,40217,2,1,0,trial.doublecue,663,1
31,40217,2,2,400,trial.validspatial,711,0
31,40217,2,2,400,trial.invalid,480,0
31,40217,2,2,800,trial.doublecue,658,0
31,40217,1,2,400,trial.doublecue,627,0
31,40217,1,2,0,trial.validspatial,626,0
31,40217,1,2,NaN,trial.nocue,651,0
31,40217,1,1,800,trial.invalid,672,1
31,40217,2,2,800,trial.validspatial,547,0
31,40217,2,1,800,trial.validspatial,522,1
31,40217,2,1,0,trial.validspatial,608,1
31,40217,2,2,NaN,trial.nocue,653,0
31,40217,2,2,800,trial.validspatial,401,0
31,40217,1,1,400,trial.validspatial,411,1
31,40217,1,2,800,trial.invalid,782,0
31,40217,2,2,0,trial.validspatial,543,0
31,40217,2,2,800,trial.validspatial,755,0
31,40217,1,1,800,trial.validspatial,513,1
31,40217,2,1,NaN,trial.nocue,486,1
31,40217,1,2,NaN,trial.nocue,729,0
31,40217,1,2,800,trial.validspatial,518,0
31,40217,1,2,0,trial.validspatial,548,0
31,40217,2,2,0,trial.invalid,582,0
31,40217,1,1,NaN,trial.nocue,595,1
31,40217,2,2,800,trial.validspatial,566,0
31,40217,2,1,800,trial.validspatial,525,1
31,40217,2,1,0,trial.validspatial,444,1
31,40217,1,1,800,trial.doublecue,599,1
31,40217,2,2,800,trial.invalid,661,0
31,40217,1,2,400,trial.validspatial,693,0
31,40217,2,1,800,trial.validspatial,459,1
31,40217,1,2,400,trial.invalid,744,0
31,40217,1,1,800,trial.validspatial,403,1
31,40217,2,2,400,trial.doublecue,489,0
31,40217,1,1,0,trial.validspatial,490,1
31,40217,2,1,NaN,trial.nocue,495,1
31,40217,2,1,400,trial.invalid,488,1
31,40217,1,2,800,trial.invalid,586,0
31,40217,1,2,0,trial.doublecue,598,0
31,40217,1,1,400,trial.validspatial,456,1
31,40217,1,2,400,trial.validspatial,700,0
31,40217,1,1,0,trial.doublecue,493,1
31,40217,1,1,0,trial.doublecue,400,1
31,40217,1,2,NaN,trial.nocue,713,0
31,40217,2,1,400,trial.doublecue,475,1
31,40217,2,2,400,trial.validspatial,437,0
31,40217,2,2,800,trial.doublecue,642,0
31,40217,2,2,NaN,trial.nocue,407,0
31,40217,1,2,NaN,trial.nocue,518,0
31,40217,1,2,0,trial.doublecue,707,0
31,40217,2,1,800,trial.invalid,573,1
31,40217,1,2,0,trial.validspatial,547,0
31,40217,1,1,0,trial.validspatial,658,1
31,40217,2,1,0,trial.validspatial,800,1
31,40217,1,1,400,trial.invalid,876,1
31,40217,1,2,800,trial.doublecue,796,0
31,40217,2,2,0,trial.validspatial,1050,0
31,40217,2,2,0,trial.invalid,512,0
31,40217,1,1,0,trial.validspatial,565,1
31,40217,1,1,400,trial.invalid,1700,0
31,40217,2,1,800,trial.validspatial,524,1
31,40217,2,2,400,trial.doublecue,583,0
31,40217,2,1,0,trial.doublecue,625,1
31,40217,2,2,400,trial.validspatial,694,0
31,40217,1,1,NaN,trial.nocue,557,1
31,40217,2,1,0,trial.invalid,502,1
31,40217,1,2,800,trial.validspatial,693,0
31,40217,1,2,800,trial.doublecue,631,0
31,40217,2,1,400,trial.validspatial,594,1
31,40217,1,1,800,trial.validspatial,708,1
31,40217,1,2,800,trial.validspatial,622,0
31,40217,1,1,0,trial.validspatial,13,0
31,40217,1,2,400,trial.validspatial,547,0
31,40217,2,1,400,trial.invalid,696,1
31,40217,2,1,0,trial.invalid,544,1
31,40217,2,2,NaN,trial.nocue,820,0
31,40217,1,1,800,trial.validspatial,781,1
31,40217,2,2,400,trial.validspatial,429,0
31,40217,2,1,NaN,trial.nocue,1700,0
31,40217,1,1,400,trial.validspatial,1700,0
31,40217,1,2,NaN,trial.nocue,1700,0
31,40217,1,2,0,trial.validspatial,585,0
31,40217,1,2,800,trial.validspatial,1700,0
31,40217,1,1,0,trial.validspatial,397,1
31,40217,1,1,400,trial.validspatial,465,1
31,40217,1,1,0,trial.validspatial,1473,1
31,40217,1,2,0,trial.invalid,1700,0
31,40217,1,2,800,trial.validspatial,680,0
31,40217,1,2,400,trial.validspatial,573,0
31,40217,1,2,400,trial.doublecue,557,0
31,40217,2,2,400,trial.validspatial,466,0
31,40217,2,1,400,trial.doublecue,571,1
31,40217,2,1,0,trial.validspatial,482,1
31,40217,2,1,400,trial.validspatial,577,1
31,40217,1,2,800,trial.validspatial,429,0
31,40217,1,1,800,trial.invalid,599,1
31,40217,2,1,400,trial.validspatial,489,1
31,40217,2,1,800,trial.validspatial,515,1
31,40217,2,2,0,trial.validspatial,584,0
31,40217,1,2,0,trial.validspatial,768,0
31,40217,1,1,400,trial.validspatial,484,1
31,40217,1,1,NaN,trial.nocue,451,1
31,40217,1,2,0,trial.validspatial,674,0
31,40217,1,1,NaN,trial.nocue,1700,0
31,40217,2,2,0,trial.validspatial,523,0
31,40217,2,1,800,trial.invalid,535,1
31,40217,2,2,NaN,trial.nocue,1700,0
31,40217,1,2,400,trial.invalid,1700,0
31,40217,2,2,0,trial.doublecue,529,0
31,40217,1,2,NaN,trial.nocue,897,0
31,40217,1,1,400,trial.validspatial,489,1
31,40217,1,1,800,trial.validspatial,564,1
31,40217,2,1,NaN,trial.nocue,513,1
31,40217,1,1,800,trial.doublecue,462,1
31,40217,2,2,0,trial.doublecue,923,0
31,40217,1,1,0,trial.invalid,616,1
31,40217,1,1,0,trial.invalid,443,1
31,40217,2,1,0,trial.validspatial,499,1
31,40217,2,1,0,trial.validspatial,491,1
31,40217,1,1,400,trial.doublecue,557,1
31,40217,2,2,800,trial.validspatial,591,0
31,40217,2,2,800,trial.validspatial,650,0
31,40217,2,2,0,trial.validspatial,528,0
31,40217,1,2,400,trial.validspatial,451,0
31,40217,2,2,800,trial.invalid,1315,0
31,40217,1,2,0,trial.invalid,676,0
31,40217,2,1,400,trial.validspatial,481,1
31,40217,2,1,400,trial.validspatial,428,1
31,40217,2,1,NaN,trial.nocue,706,1
31,40217,2,2,NaN,trial.nocue,821,0
31,40217,2,1,NaN,trial.nocue,481,1
31,40217,1,1,800,trial.validspatial,538,1
31,40217,1,1,NaN,trial.nocue,580,1
31,40217,2,1,800,trial.doublecue,479,1
31,40217,2,2,NaN,trial.nocue,577,0
31,40217,1,2,400,trial.validspatial,482,0
31,40217,1,1,400,trial.doublecue,498,1
31,40217,2,2,400,trial.invalid,611,0
31,40217,1,1,NaN,trial.nocue,465,1
31,40217,2,1,800,trial.validspatial,398,1
31,40217,2,2,0,trial.validspatial,604,0
31,40217,2,1,800,trial.doublecue,505,1
31,40217,2,1,400,trial.validspatial,485,1
31,40217,2,2,400,trial.validspatial,1026,1
31,40217,2,1,0,trial.doublecue,612,1
31,40217,2,2,400,trial.validspatial,389,0
31,40217,2,2,400,trial.invalid,532,0
31,40217,2,2,800,trial.doublecue,464,0
31,40217,1,2,400,trial.doublecue,493,1
31,40217,1,2,0,trial.validspatial,572,0
31,40217,1,2,NaN,trial.nocue,770,0
31,40217,1,1,800,trial.invalid,621,1
31,40217,2,2,800,trial.validspatial,509,0
31,40217,2,1,800,trial.validspatial,475,1
31,40217,2,1,0,trial.validspatial,462,1
31,40217,2,2,NaN,trial.nocue,503,0
31,40217,2,2,800,trial.validspatial,370,0
31,40217,1,1,400,trial.validspatial,1700,0
31,40217,1,2,800,trial.invalid,447,1
31,40217,2,2,0,trial.validspatial,796,0
31,40217,2,2,800,trial.validspatial,827,0
31,40217,1,1,800,trial.validspatial,487,0
31,40217,2,1,NaN,trial.nocue,571,0
31,40217,1,2,NaN,trial.nocue,668,1
31,40217,1,2,800,trial.validspatial,470,1
31,40217,1,2,0,trial.validspatial,688,1
31,40217,2,2,0,trial.invalid,528,1
31,40217,1,1,NaN,trial.nocue,703,1
31,40217,2,2,800,trial.validspatial,548,1
31,40217,2,1,800,trial.validspatial,1248,1
31,40217,2,1,0,trial.validspatial,509,1
31,40217,1,1,800,trial.doublecue,1332,0
31,40217,2,2,800,trial.invalid,1700,0
31,40217,1,2,400,trial.validspatial,41,0
31,40217,2,1,800,trial.validspatial,517,1
31,40217,1,2,400,trial.invalid,742,0
31,40217,1,1,800,trial.validspatial,484,1
31,40217,2,2,400,trial.doublecue,769,0
31,40217,1,1,0,trial.validspatial,532,1
31,40217,2,1,NaN,trial.nocue,823,0
31,40217,2,1,400,trial.invalid,774,0
31,40217,1,2,800,trial.invalid,682,0
31,40217,1,2,0,trial.doublecue,670,0
31,40217,1,1,400,trial.validspatial,393,1
31,40217,1,2,400,trial.validspatial,432,1
31,40217,1,1,0,trial.doublecue,448,1
31,40217,1,1,0,trial.doublecue,417,1
31,40217,1,2,NaN,trial.nocue,489,0
31,40217,2,1,400,trial.doublecue,471,1
31,40217,2,2,400,trial.validspatial,412,0
31,40217,2,2,800,trial.doublecue,436,1
31,40217,2,2,NaN,trial.nocue,453,1
31,40217,1,2,NaN,trial.nocue,327,1
31,40217,1,2,0,trial.doublecue,377,0
31,40217,2,1,800,trial.invalid,620,0
31,40217,1,2,0,trial.validspatial,576,0
31,40217,1,1,0,trial.validspatial,497,0
31,40217,2,1,0,trial.validspatial,475,0
31,40217,1,1,400,trial.invalid,695,1
31,40217,1,2,800,trial.doublecue,695,1
31,40217,2,2,0,trial.validspatial,447,1
31,40217,2,2,0,trial.invalid,473,1
31,40217,1,1,0,trial.validspatial,457,0
31,40217,1,1,400,trial.invalid,631,1
31,40217,2,1,800,trial.validspatial,458,1
31,40217,2,2,400,trial.doublecue,427,1
31,40217,2,1,0,trial.doublecue,487,1
31,40217,2,2,400,trial.validspatial,531,0
31,40217,1,1,NaN,trial.nocue,445,0
31,40217,2,1,0,trial.invalid,434,1
31,40217,1,2,800,trial.validspatial,595,0
31,40217,1,2,800,trial.doublecue,583,1
31,40217,2,1,400,trial.validspatial,526,1
31,40217,1,1,800,trial.validspatial,683,0
31,40217,1,2,800,trial.validspatial,490,1
31,40217,1,1,0,trial.validspatial,359,1
31,40217,1,2,400,trial.validspatial,385,0
31,40217,2,1,400,trial.invalid,511,1
31,40217,2,1,0,trial.invalid,572,0
31,40217,2,2,NaN,trial.nocue,457,0
31,40217,1,1,800,trial.validspatial,529,0
31,40217,2,2,400,trial.validspatial,761,0
31,40217,2,1,NaN,trial.nocue,554,0
31,40217,1,1,400,trial.validspatial,591,0
31,40217,1,2,NaN,trial.nocue,544,1
31,40217,1,2,0,trial.validspatial,508,0
31,40217,1,2,800,trial.validspatial,428,1
31,40217,1,1,0,trial.validspatial,536,1
31,40217,1,1,400,trial.validspatial,594,1
