subject,date,location_congruence_val,flanker_congruence_val,cue_target_interval,cue_condition,latency,values.correct
725,81017,1,1,0,trial.validspatial,962,1
725,81017,1,2,0,trial.invalid,977,1
725,81017,1,2,800,trial.validspatial,820,1
725,81017,1,2,400,trial.validspatial,832,1
725,81017,1,2,400,trial.doublecue,889,1
725,81017,2,2,400,trial.validspatial,908,1
725,81017,2,1,400,trial.doublecue,879,1
725,81017,2,1,0,trial.validspatial,824,1
725,81017,2,1,400,trial.validspatial,698,1
725,81017,1,2,800,trial.validspatial,899,1
725,81017,1,1,800,trial.invalid,813,1
725,81017,2,1,400,trial.validspatial,813,1
725,81017,2,1,800,trial.validspatial,743,1
725,81017,2,2,0,trial.validspatial,869,1
725,81017,1,2,0,trial.validspatial,878,1
725,81017,1,1,400,trial.validspatial,727,1
725,81017,1,1,NaN,trial.nocue,699,1
725,81017,1,2,0,trial.validspatial,785,1
725,81017,1,1,NaN,trial.nocue,788,1
725,81017,2,2,0,trial.validspatial,759,1
725,81017,2,1,800,trial.invalid,747,1
725,81017,2,2,NaN,trial.nocue,1005,1
725,81017,1,2,400,trial.invalid,797,1
725,81017,2,2,0,trial.doublecue,874,1
725,81017,1,2,NaN,trial.nocue,840,1
725,81017,1,1,400,trial.validspatial,789,1
725,81017,1,1,800,trial.validspatial,436,1
725,81017,2,1,NaN,trial.nocue,777,1
725,81017,1,1,800,trial.doublecue,845,1
725,81017,2,2,0,trial.doublecue,881,1
725,81017,1,1,0,trial.invalid,886,1
725,81017,1,1,0,trial.invalid,716,1
725,81017,2,1,0,trial.validspatial,797,1
725,81017,2,1,0,trial.validspatial,645,1
725,81017,1,1,400,trial.doublecue,783,1
725,81017,2,2,800,trial.validspatial,828,1
725,81017,2,2,800,trial.validspatial,788,1
725,81017,2,2,0,trial.validspatial,760,1
725,81017,1,2,400,trial.validspatial,600,1
725,81017,2,2,800,trial.invalid,777,1
725,81017,1,2,0,trial.invalid,865,1
725,81017,2,1,400,trial.validspatial,775,1
725,81017,2,1,400,trial.validspatial,610,1
725,81017,2,1,NaN,trial.nocue,877,1
725,81017,2,2,NaN,trial.nocue,1079,1
725,81017,2,1,NaN,trial.nocue,674,1
725,81017,1,1,800,trial.validspatial,682,1
725,81017,1,1,NaN,trial.nocue,771,1
725,81017,2,1,800,trial.doublecue,744,1
725,81017,2,2,NaN,trial.nocue,887,1
725,81017,1,2,400,trial.validspatial,676,1
725,81017,1,1,400,trial.doublecue,923,1
725,81017,2,2,400,trial.invalid,899,1
725,81017,1,1,NaN,trial.nocue,855,1
725,81017,2,1,800,trial.validspatial,518,1
725,81017,2,2,0,trial.validspatial,678,1
725,81017,2,1,800,trial.doublecue,767,1
725,81017,2,1,400,trial.validspatial,700,1
725,81017,2,2,400,trial.validspatial,704,1
725,81017,2,1,0,trial.doublecue,804,1
725,81017,2,2,400,trial.validspatial,866,1
725,81017,2,2,400,trial.invalid,1144,1
725,81017,2,2,800,trial.doublecue,792,1
725,81017,1,2,400,trial.doublecue,896,1
725,81017,1,2,0,trial.validspatial,812,1
725,81017,1,2,NaN,trial.nocue,912,1
725,81017,1,1,800,trial.invalid,761,1
725,81017,2,2,800,trial.validspatial,840,1
725,81017,2,1,800,trial.validspatial,832,1
725,81017,2,1,0,trial.validspatial,758,1
725,81017,2,2,NaN,trial.nocue,792,1
725,81017,2,2,800,trial.validspatial,616,1
725,81017,1,1,400,trial.validspatial,865,1
725,81017,1,2,800,trial.invalid,909,1
725,81017,2,2,0,trial.validspatial,830,1
725,81017,2,2,800,trial.validspatial,883,1
725,81017,1,1,800,trial.validspatial,660,1
725,81017,2,1,NaN,trial.nocue,824,1
725,81017,1,2,NaN,trial.nocue,757,1
725,81017,1,2,800,trial.validspatial,848,1
725,81017,1,2,0,trial.validspatial,922,1
725,81017,2,2,0,trial.invalid,1012,1
725,81017,1,1,NaN,trial.nocue,806,1
725,81017,2,2,800,trial.validspatial,684,1
725,81017,2,1,800,trial.validspatial,596,1
725,81017,2,1,0,trial.validspatial,804,1
725,81017,1,1,800,trial.doublecue,824,1
725,81017,2,2,800,trial.invalid,894,1
725,81017,1,2,400,trial.validspatial,839,1
725,81017,2,1,800,trial.validspatial,770,1
725,81017,1,2,400,trial.invalid,950,1
725,81017,1,1,800,trial.validspatial,774,1
725,81017,2,2,400,trial.doublecue,848,1
725,81017,1,1,0,trial.validspatial,757,1
725,81017,2,1,NaN,trial.nocue,773,1
725,81017,2,1,400,trial.invalid,772,1
725,81017,1,2,800,trial.invalid,927,1
725,81017,1,2,0,trial.doublecue,688,1
725,81017,1,1,400,trial.validspatial,654,1
725,81017,1,2,400,trial.validspatial,859,1
725,81017,1,1,0,trial.doublecue,764,1
725,81017,1,1,0,trial.doublecue,796,1
725,81017,1,2,NaN,trial.nocue,823,1
725,81017,2,1,400,trial.doublecue,753,1
725,81017,2,2,400,trial.validspatial,797,1
725,81017,2,2,800,trial.doublecue,791,1
725,81017,2,2,NaN,trial.nocue,833,1
725,81017,1,2,NaN,trial.nocue,878,1
725,81017,1,2,0,trial.doublecue,893,1
725,81017,2,1,800,trial.invalid,824,1
725,81017,1,2,0,trial.validspatial,868,1
725,81017,1,1,0,trial.validspatial,786,1
725,81017,2,1,0,trial.validspatial,767,1
725,81017,1,1,400,trial.invalid,805,1
725,81017,1,2,800,trial.doublecue,862,1
725,81017,2,2,0,trial.validspatial,720,1
725,81017,2,2,0,trial.invalid,792,1
725,81017,1,1,0,trial.validspatial,848,1
725,81017,1,1,400,trial.invalid,833,1
725,81017,2,1,800,trial.validspatial,859,1
725,81017,2,2,400,trial.doublecue,775,1
725,81017,2,1,0,trial.doublecue,776,1
725,81017,2,2,400,trial.validspatial,820,1
725,81017,1,1,NaN,trial.nocue,816,1
725,81017,2,1,0,trial.invalid,806,1
725,81017,1,2,800,trial.validspatial,881,1
725,81017,1,2,800,trial.doublecue,876,1
725,81017,2,1,400,trial.validspatial,863,1
725,81017,1,1,800,trial.validspatial,765,1
725,81017,1,2,800,trial.validspatial,776,1
725,81017,1,1,0,trial.validspatial,698,1
725,81017,1,2,400,trial.validspatial,824,1
725,81017,2,1,400,trial.invalid,811,1
725,81017,2,1,0,trial.invalid,1133,1
725,81017,2,2,NaN,trial.nocue,822,1
725,81017,1,1,800,trial.validspatial,773,1
725,81017,2,2,400,trial.validspatial,922,1
725,81017,2,1,NaN,trial.nocue,814,1
725,81017,1,1,400,trial.validspatial,892,1
725,81017,1,2,NaN,trial.nocue,815,1
725,81017,1,2,0,trial.validspatial,857,1
725,81017,1,2,800,trial.validspatial,682,1
725,81017,1,1,0,trial.validspatial,719,1
725,81017,1,1,400,trial.validspatial,784,1
725,81017,1,1,0,trial.validspatial,681,1
725,81017,1,2,0,trial.invalid,806,1
725,81017,1,2,800,trial.validspatial,768,1
725,81017,1,2,400,trial.validspatial,674,1
725,81017,1,2,400,trial.doublecue,793,1
725,81017,2,2,400,trial.validspatial,706,1
725,81017,2,1,400,trial.doublecue,693,1
725,81017,2,1,0,trial.validspatial,683,1
725,81017,2,1,400,trial.validspatial,727,1
725,81017,1,2,800,trial.validspatial,735,1
725,81017,1,1,800,trial.invalid,633,1
725,81017,2,1,400,trial.validspatial,707,1
725,81017,2,1,800,trial.validspatial,472,1
725,81017,2,2,0,trial.validspatial,689,1
725,81017,1,2,0,trial.validspatial,734,1
725,81017,1,1,400,trial.validspatial,670,1
725,81017,1,1,NaN,trial.nocue,701,1
725,81017,1,2,0,trial.validspatial,801,1
725,81017,1,1,NaN,trial.nocue,731,1
725,81017,2,2,0,trial.validspatial,877,1
725,81017,2,1,800,trial.invalid,746,1
725,81017,2,2,NaN,trial.nocue,898,1
725,81017,1,2,400,trial.invalid,767,1
725,81017,2,2,0,trial.doublecue,798,1
725,81017,1,2,NaN,trial.nocue,808,1
725,81017,1,1,400,trial.validspatial,503,1
725,81017,1,1,800,trial.validspatial,793,1
725,81017,2,1,NaN,trial.nocue,865,1
725,81017,1,1,800,trial.doublecue,901,1
725,81017,2,2,0,trial.doublecue,938,1
725,81017,1,1,0,trial.invalid,705,1
725,81017,1,1,0,trial.invalid,782,1
725,81017,2,1,0,trial.validspatial,644,1
725,81017,2,1,0,trial.validspatial,750,1
725,81017,1,1,400,trial.doublecue,746,1
725,81017,2,2,800,trial.validspatial,809,1
725,81017,2,2,800,trial.validspatial,813,1
725,81017,2,2,0,trial.validspatial,728,1
725,81017,1,2,400,trial.validspatial,772,1
725,81017,2,2,800,trial.invalid,770,1
725,81017,1,2,0,trial.invalid,889,1
725,81017,2,1,400,trial.validspatial,786,1
725,81017,2,1,400,trial.validspatial,693,1
725,81017,2,1,NaN,trial.nocue,751,1
725,81017,2,2,NaN,trial.nocue,757,1
725,81017,2,1,NaN,trial.nocue,665,1
725,81017,1,1,800,trial.validspatial,522,1
725,81017,1,1,NaN,trial.nocue,820,1
725,81017,2,1,800,trial.doublecue,688,1
725,81017,2,2,NaN,trial.nocue,830,1
725,81017,1,2,400,trial.validspatial,635,1
725,81017,1,1,400,trial.doublecue,820,1
725,81017,2,2,400,trial.invalid,931,1
725,81017,1,1,NaN,trial.nocue,752,1
725,81017,2,1,800,trial.validspatial,461,1
725,81017,2,2,0,trial.validspatial,759,1
725,81017,2,1,800,trial.doublecue,722,1
725,81017,2,1,400,trial.validspatial,731,1
725,81017,2,2,400,trial.validspatial,811,1
725,81017,2,1,0,trial.doublecue,658,1
725,81017,2,2,400,trial.validspatial,723,1
725,81017,2,2,400,trial.invalid,730,1
725,81017,2,2,800,trial.doublecue,814,1
725,81017,1,2,400,trial.doublecue,785,1
725,81017,1,2,0,trial.validspatial,985,1
725,81017,1,2,NaN,trial.nocue,680,1
725,81017,1,1,800,trial.invalid,788,1
725,81017,2,2,800,trial.validspatial,623,1
725,81017,2,1,800,trial.validspatial,527,1
725,81017,2,1,0,trial.validspatial,709,1
725,81017,2,2,NaN,trial.nocue,767,1
725,81017,2,2,800,trial.validspatial,741,1
725,81017,1,1,400,trial.validspatial,1700,0
725,81017,1,2,800,trial.invalid,1049,1
725,81017,2,2,0,trial.validspatial,839,1
725,81017,2,2,800,trial.validspatial,696,1
725,81017,1,1,800,trial.validspatial,753,1
725,81017,2,1,NaN,trial.nocue,826,1
725,81017,1,2,NaN,trial.nocue,784,1
725,81017,1,2,800,trial.validspatial,756,1
725,81017,1,2,0,trial.validspatial,821,1
725,81017,2,2,0,trial.invalid,739,1
725,81017,1,1,NaN,trial.nocue,894,1
725,81017,2,2,800,trial.validspatial,793,1
725,81017,2,1,800,trial.validspatial,748,1
725,81017,2,1,0,trial.validspatial,723,1
725,81017,1,1,800,trial.doublecue,818,1
725,81017,2,2,800,trial.invalid,827,1
725,81017,1,2,400,trial.validspatial,692,1
725,81017,2,1,800,trial.validspatial,798,1
725,81017,1,2,400,trial.invalid,796,1
725,81017,1,1,800,trial.validspatial,637,1
725,81017,2,2,400,trial.doublecue,759,1
725,81017,1,1,0,trial.validspatial,790,1
725,81017,2,1,NaN,trial.nocue,941,1
725,81017,2,1,400,trial.invalid,1033,1
725,81017,1,2,800,trial.invalid,749,1
725,81017,1,2,0,trial.doublecue,755,1
725,81017,1,1,400,trial.validspatial,752,1
725,81017,1,2,400,trial.validspatial,741,1
725,81017,1,1,0,trial.doublecue,721,1
725,81017,1,1,0,trial.doublecue,712,1
725,81017,1,2,NaN,trial.nocue,794,1
725,81017,2,1,400,trial.doublecue,786,1
725,81017,2,2,400,trial.validspatial,660,1
725,81017,2,2,800,trial.doublecue,751,1
725,81017,2,2,NaN,trial.nocue,657,1
725,81017,1,2,NaN,trial.nocue,658,1
725,81017,1,2,0,trial.doublecue,690,1
725,81017,2,1,800,trial.invalid,635,1
725,81017,1,2,0,trial.validspatial,803,1
725,81017,1,1,0,trial.validspatial,794,1
725,81017,2,1,0,trial.validspatial,702,1
725,81017,1,1,400,trial.invalid,1032,1
725,81017,1,2,800,trial.doublecue,809,1
725,81017,2,2,0,trial.validspatial,732,1
725,81017,2,2,0,trial.invalid,788,1
725,81017,1,1,0,trial.validspatial,841,1
725,81017,1,1,400,trial.invalid,809,1
725,81017,2,1,800,trial.validspatial,648,1
725,81017,2,2,400,trial.doublecue,766,1
725,81017,2,1,0,trial.doublecue,634,1
725,81017,2,2,400,trial.validspatial,789,1
725,81017,1,1,NaN,trial.nocue,594,1
725,81017,2,1,0,trial.invalid,856,1
725,81017,1,2,800,trial.validspatial,742,1
725,81017,1,2,800,trial.doublecue,774,1
725,81017,2,1,400,trial.validspatial,632,1
725,81017,1,1,800,trial.validspatial,704,1
725,81017,1,2,800,trial.validspatial,677,1
725,81017,1,1,0,trial.validspatial,775,1
725,81017,1,2,400,trial.validspatial,810,1
725,81017,2,1,400,trial.invalid,672,1
725,81017,2,1,0,trial.invalid,1414,1
725,81017,2,2,NaN,trial.nocue,762,1
725,81017,1,1,800,trial.validspatial,713,1
725,81017,2,2,400,trial.validspatial,773,1
725,81017,2,1,NaN,trial.nocue,973,1
725,81017,1,1,400,trial.validspatial,802,1
725,81017,1,2,NaN,trial.nocue,650,1
725,81017,1,2,0,trial.validspatial,845,1
725,81017,1,2,800,trial.validspatial,733,1
725,81017,1,1,0,trial.validspatial,718,1
725,81017,1,1,400,trial.validspatial,807,1
