subject,date,location_congruence_val,flanker_congruence_val,cue_target_interval,cue_condition,latency,values.correct
477,80717,1,1,0,trial.validspatial,968,1
477,80717,1,2,0,trial.invalid,967,0
477,80717,1,2,800,trial.validspatial,1165,1
477,80717,1,2,400,trial.validspatial,1398,0
477,80717,1,2,400,trial.doublecue,952,1
477,80717,2,2,400,trial.validspatial,41,0
477,80717,2,1,400,trial.doublecue,443,0
477,80717,2,1,0,trial.validspatial,477,0
477,80717,2,1,400,trial.validspatial,608,1
477,80717,1,2,800,trial.validspatial,957,1
477,80717,1,1,800,trial.invalid,764,1
477,80717,2,1,400,trial.validspatial,648,1
477,80717,2,1,800,trial.validspatial,699,1
477,80717,2,2,0,trial.validspatial,705,0
477,80717,1,2,0,trial.validspatial,1053,0
477,80717,1,1,400,trial.validspatial,529,1
477,80717,1,1,NaN,trial.nocue,585,1
477,80717,1,2,0,trial.validspatial,337,1
477,80717,1,1,NaN,trial.nocue,505,1
477,80717,2,2,0,trial.validspatial,664,0
477,80717,2,1,800,trial.invalid,823,0
477,80717,2,2,NaN,trial.nocue,1513,0
477,80717,1,2,400,trial.invalid,963,1
477,80717,2,2,0,trial.doublecue,497,0
477,80717,1,2,NaN,trial.nocue,715,0
477,80717,1,1,400,trial.validspatial,488,1
477,80717,1,1,800,trial.validspatial,471,1
477,80717,2,1,NaN,trial.nocue,737,0
477,80717,1,1,800,trial.doublecue,798,1
477,80717,2,2,0,trial.doublecue,640,0
477,80717,1,1,0,trial.invalid,537,1
477,80717,1,1,0,trial.invalid,452,1
477,80717,2,1,0,trial.validspatial,566,0
477,80717,2,1,0,trial.validspatial,651,1
477,80717,1,1,400,trial.doublecue,936,1
477,80717,2,2,800,trial.validspatial,758,0
477,80717,2,2,800,trial.validspatial,347,0
477,80717,2,2,0,trial.validspatial,972,0
477,80717,1,2,400,trial.validspatial,1085,1
477,80717,2,2,800,trial.invalid,800,0
477,80717,1,2,0,trial.invalid,1700,0
477,80717,2,1,400,trial.validspatial,456,0
477,80717,2,1,400,trial.validspatial,537,0
477,80717,2,1,NaN,trial.nocue,942,1
477,80717,2,2,NaN,trial.nocue,785,0
477,80717,2,1,NaN,trial.nocue,615,0
477,80717,1,1,800,trial.validspatial,653,1
477,80717,1,1,NaN,trial.nocue,496,1
477,80717,2,1,800,trial.doublecue,523,0
477,80717,2,2,NaN,trial.nocue,96,1
477,80717,1,2,400,trial.validspatial,568,1
477,80717,1,1,400,trial.doublecue,460,1
477,80717,2,2,400,trial.invalid,536,0
477,80717,1,1,NaN,trial.nocue,425,1
477,80717,2,1,800,trial.validspatial,848,0
477,80717,2,2,0,trial.validspatial,1700,0
477,80717,2,1,800,trial.doublecue,587,0
477,80717,2,1,400,trial.validspatial,1078,0
477,80717,2,2,400,trial.validspatial,1700,0
477,80717,2,1,0,trial.doublecue,1456,1
477,80717,2,2,400,trial.validspatial,647,0
477,80717,2,2,400,trial.invalid,941,0
477,80717,2,2,800,trial.doublecue,1092,0
477,80717,1,2,400,trial.doublecue,87,0
477,80717,1,2,0,trial.validspatial,664,1
477,80717,1,2,NaN,trial.nocue,489,1
477,80717,1,1,800,trial.invalid,1015,1
477,80717,2,2,800,trial.validspatial,705,0
477,80717,2,1,800,trial.validspatial,1045,1
477,80717,2,1,0,trial.validspatial,912,1
477,80717,2,2,NaN,trial.nocue,889,0
477,80717,2,2,800,trial.validspatial,755,0
477,80717,1,1,400,trial.validspatial,708,1
477,80717,1,2,800,trial.invalid,11,0
477,80717,2,2,0,trial.validspatial,589,0
477,80717,2,2,800,trial.validspatial,698,0
477,80717,1,1,800,trial.validspatial,323,1
477,80717,2,1,NaN,trial.nocue,772,0
477,80717,1,2,NaN,trial.nocue,419,0
477,80717,1,2,800,trial.validspatial,397,1
477,80717,1,2,0,trial.validspatial,465,1
477,80717,2,2,0,trial.invalid,201,0
477,80717,1,1,NaN,trial.nocue,647,1
477,80717,2,2,800,trial.validspatial,527,0
477,80717,2,1,800,trial.validspatial,701,1
477,80717,2,1,0,trial.validspatial,373,1
477,80717,1,1,800,trial.doublecue,728,1
477,80717,2,2,800,trial.invalid,607,0
477,80717,1,2,400,trial.validspatial,813,0
477,80717,2,1,800,trial.validspatial,768,1
477,80717,1,2,400,trial.invalid,1700,0
477,80717,1,1,800,trial.validspatial,477,1
477,80717,2,2,400,trial.doublecue,550,0
477,80717,1,1,0,trial.validspatial,349,1
477,80717,2,1,NaN,trial.nocue,272,0
477,80717,2,1,400,trial.invalid,530,0
477,80717,1,2,800,trial.invalid,702,1
477,80717,1,2,0,trial.doublecue,1700,0
477,80717,1,1,400,trial.validspatial,709,1
477,80717,1,2,400,trial.validspatial,152,0
477,80717,1,1,0,trial.doublecue,499,1
477,80717,1,1,0,trial.doublecue,570,1
477,80717,1,2,NaN,trial.nocue,471,1
477,80717,2,1,400,trial.doublecue,597,1
477,80717,2,2,400,trial.validspatial,379,0
477,80717,2,2,800,trial.doublecue,37,0
477,80717,2,2,NaN,trial.nocue,522,0
477,80717,1,2,NaN,trial.nocue,631,1
477,80717,1,2,0,trial.doublecue,880,1
477,80717,2,1,800,trial.invalid,459,0
477,80717,1,2,0,trial.validspatial,954,1
477,80717,1,1,0,trial.validspatial,618,1
477,80717,2,1,0,trial.validspatial,385,0
477,80717,1,1,400,trial.invalid,13,0
477,80717,1,2,800,trial.doublecue,417,1
477,80717,2,2,0,trial.validspatial,411,0
477,80717,2,2,0,trial.invalid,1700,0
477,80717,1,1,0,trial.validspatial,446,1
477,80717,1,1,400,trial.invalid,99,0
477,80717,2,1,800,trial.validspatial,635,0
477,80717,2,2,400,trial.doublecue,740,1
477,80717,2,1,0,trial.doublecue,757,1
477,80717,2,2,400,trial.validspatial,573,0
477,80717,1,1,NaN,trial.nocue,541,1
477,80717,2,1,0,trial.invalid,597,0
477,80717,1,2,800,trial.validspatial,296,0
477,80717,1,2,800,trial.doublecue,362,0
477,80717,2,1,400,trial.validspatial,123,1
477,80717,1,1,800,trial.validspatial,450,1
477,80717,1,2,800,trial.validspatial,498,0
477,80717,1,1,0,trial.validspatial,547,1
477,80717,1,2,400,trial.validspatial,410,1
477,80717,2,1,400,trial.invalid,644,0
477,80717,2,1,0,trial.invalid,813,0
477,80717,2,2,NaN,trial.nocue,490,0
477,80717,1,1,800,trial.validspatial,438,1
477,80717,2,2,400,trial.validspatial,353,0
477,80717,2,1,NaN,trial.nocue,693,1
477,80717,1,1,400,trial.validspatial,288,1
477,80717,1,2,NaN,trial.nocue,529,1
477,80717,1,2,0,trial.validspatial,598,0
477,80717,1,2,800,trial.validspatial,431,0
477,80717,1,1,0,trial.validspatial,402,1
477,80717,1,1,400,trial.validspatial,291,1
477,80717,1,1,0,trial.validspatial,674,1
477,80717,1,2,0,trial.invalid,487,1
477,80717,1,2,800,trial.validspatial,1047,1
477,80717,1,2,400,trial.validspatial,949,0
477,80717,1,2,400,trial.doublecue,250,1
477,80717,2,2,400,trial.validspatial,695,1
477,80717,2,1,400,trial.doublecue,322,0
477,80717,2,1,0,trial.validspatial,1700,0
477,80717,2,1,400,trial.validspatial,1700,0
477,80717,1,2,800,trial.validspatial,1700,0
477,80717,1,1,800,trial.invalid,711,1
477,80717,2,1,400,trial.validspatial,403,0
477,80717,2,1,800,trial.validspatial,477,1
477,80717,2,2,0,trial.validspatial,514,0
477,80717,1,2,0,trial.validspatial,341,1
477,80717,1,1,400,trial.validspatial,462,1
477,80717,1,1,NaN,trial.nocue,424,1
477,80717,1,2,0,trial.validspatial,414,1
477,80717,1,1,NaN,trial.nocue,349,1
477,80717,2,2,0,trial.validspatial,562,0
477,80717,2,1,800,trial.invalid,846,0
477,80717,2,2,NaN,trial.nocue,490,0
477,80717,1,2,400,trial.invalid,495,1
477,80717,2,2,0,trial.doublecue,559,0
477,80717,1,2,NaN,trial.nocue,498,1
477,80717,1,1,400,trial.validspatial,275,1
477,80717,1,1,800,trial.validspatial,321,1
477,80717,2,1,NaN,trial.nocue,587,1
477,80717,1,1,800,trial.doublecue,378,1
477,80717,2,2,0,trial.doublecue,1591,1
477,80717,1,1,0,trial.invalid,1700,0
477,80717,1,1,0,trial.invalid,471,1
477,80717,2,1,0,trial.validspatial,1700,0
477,80717,2,1,0,trial.validspatial,255,1
477,80717,1,1,400,trial.doublecue,1306,0
477,80717,2,2,800,trial.validspatial,563,0
477,80717,2,2,800,trial.validspatial,466,0
477,80717,2,2,0,trial.validspatial,384,0
477,80717,1,2,400,trial.validspatial,521,1
477,80717,2,2,800,trial.invalid,451,0
477,80717,1,2,0,trial.invalid,646,1
477,80717,2,1,400,trial.validspatial,1255,0
477,80717,2,1,400,trial.validspatial,911,1
477,80717,2,1,NaN,trial.nocue,1675,0
477,80717,2,2,NaN,trial.nocue,919,0
477,80717,2,1,NaN,trial.nocue,878,1
477,80717,1,1,800,trial.validspatial,1007,1
477,80717,1,1,NaN,trial.nocue,406,1
477,80717,2,1,800,trial.doublecue,443,1
477,80717,2,2,NaN,trial.nocue,423,0
477,80717,1,2,400,trial.validspatial,315,1
477,80717,1,1,400,trial.doublecue,650,1
477,80717,2,2,400,trial.invalid,1083,0
477,80717,1,1,NaN,trial.nocue,853,1
477,80717,2,1,800,trial.validspatial,451,0
477,80717,2,2,0,trial.validspatial,499,0
477,80717,2,1,800,trial.doublecue,757,1
477,80717,2,1,400,trial.validspatial,480,1
477,80717,2,2,400,trial.validspatial,962,0
477,80717,2,1,0,trial.doublecue,738,1
477,80717,2,2,400,trial.validspatial,542,0
477,80717,2,2,400,trial.invalid,931,0
477,80717,2,2,800,trial.doublecue,1068,1
477,80717,1,2,400,trial.doublecue,835,1
477,80717,1,2,0,trial.validspatial,672,1
477,80717,1,2,NaN,trial.nocue,615,0
477,80717,1,1,800,trial.invalid,716,0
477,80717,2,2,800,trial.validspatial,463,0
477,80717,2,1,800,trial.validspatial,784,1
477,80717,2,1,0,trial.validspatial,634,1
477,80717,2,2,NaN,trial.nocue,417,1
477,80717,2,2,800,trial.validspatial,786,0
477,80717,1,1,400,trial.validspatial,1700,0
477,80717,1,2,800,trial.invalid,865,1
477,80717,2,2,0,trial.validspatial,672,1
477,80717,2,2,800,trial.validspatial,137,0
477,80717,1,1,800,trial.validspatial,176,0
477,80717,2,1,NaN,trial.nocue,476,1
477,80717,1,2,NaN,trial.nocue,1700,0
477,80717,1,2,800,trial.validspatial,1700,0
477,80717,1,2,0,trial.validspatial,591,0
477,80717,2,2,0,trial.invalid,806,1
477,80717,1,1,NaN,trial.nocue,752,1
477,80717,2,2,800,trial.validspatial,478,1
477,80717,2,1,800,trial.validspatial,1075,1
477,80717,2,1,0,trial.validspatial,434,1
477,80717,1,1,800,trial.doublecue,419,0
477,80717,2,2,800,trial.invalid,394,1
477,80717,1,2,400,trial.validspatial,455,1
477,80717,2,1,800,trial.validspatial,463,1
477,80717,1,2,400,trial.invalid,298,1
477,80717,1,1,800,trial.validspatial,915,1
477,80717,2,2,400,trial.doublecue,398,0
477,80717,1,1,0,trial.validspatial,482,0
477,80717,2,1,NaN,trial.nocue,727,1
477,80717,2,1,400,trial.invalid,1026,1
477,80717,1,2,800,trial.invalid,527,0
477,80717,1,2,0,trial.doublecue,447,1
477,80717,1,1,400,trial.validspatial,695,1
477,80717,1,2,400,trial.validspatial,451,1
477,80717,1,1,0,trial.doublecue,566,1
477,80717,1,1,0,trial.doublecue,1700,0
477,80717,1,2,NaN,trial.nocue,497,1
477,80717,2,1,400,trial.doublecue,615,1
477,80717,2,2,400,trial.validspatial,1079,0
477,80717,2,2,800,trial.doublecue,1346,1
477,80717,2,2,NaN,trial.nocue,501,0
477,80717,1,2,NaN,trial.nocue,1338,1
477,80717,1,2,0,trial.doublecue,1278,0
477,80717,2,1,800,trial.invalid,718,1
477,80717,1,2,0,trial.validspatial,777,1
477,80717,1,1,0,trial.validspatial,395,1
477,80717,2,1,0,trial.validspatial,536,0
477,80717,1,1,400,trial.invalid,578,1
477,80717,1,2,800,trial.doublecue,687,0
477,80717,2,2,0,trial.validspatial,614,0
477,80717,2,2,0,trial.invalid,178,1
477,80717,1,1,0,trial.validspatial,623,0
477,80717,1,1,400,trial.invalid,704,1
477,80717,2,1,800,trial.validspatial,497,0
477,80717,2,2,400,trial.doublecue,493,1
477,80717,2,1,0,trial.doublecue,532,1
477,80717,2,2,400,trial.validspatial,607,0
477,80717,1,1,NaN,trial.nocue,1134,0
477,80717,2,1,0,trial.invalid,309,1
477,80717,1,2,800,trial.validspatial,584,0
477,80717,1,2,800,trial.doublecue,823,1
477,80717,2,1,400,trial.validspatial,480,1
477,80717,1,1,800,trial.validspatial,708,0
477,80717,1,2,800,trial.validspatial,414,0
477,80717,1,1,0,trial.validspatial,582,0
477,80717,1,2,400,trial.validspatial,330,0
477,80717,2,1,400,trial.invalid,498,0
477,80717,2,1,0,trial.invalid,161,0
477,80717,2,2,NaN,trial.nocue,721,0
477,80717,1,1,800,trial.validspatial,594,0
477,80717,2,2,400,trial.validspatial,532,1
477,80717,2,1,NaN,trial.nocue,506,1
477,80717,1,1,400,trial.validspatial,585,0
477,80717,1,2,NaN,trial.nocue,117,1
477,80717,1,2,0,trial.validspatial,384,1
477,80717,1,2,800,trial.validspatial,857,0
477,80717,1,1,0,trial.validspatial,378,0
477,80717,1,1,400,trial.validspatial,557,0
