subject,date,location_congruence_val,flanker_congruence_val,cue_target_interval,cue_condition,latency,values.correct
134,110617,1,1,0,trial.validspatial,1340,1
134,110617,1,2,0,trial.invalid,1241,1
134,110617,1,2,800,trial.validspatial,834,1
134,110617,1,2,400,trial.validspatial,1147,1
134,110617,1,2,400,trial.doublecue,881,1
134,110617,2,2,400,trial.validspatial,765,1
134,110617,2,1,400,trial.doublecue,831,1
134,110617,2,1,0,trial.validspatial,786,1
134,110617,2,1,400,trial.validspatial,525,1
134,110617,1,2,800,trial.validspatial,726,1
134,110617,1,1,800,trial.invalid,972,1
134,110617,2,1,400,trial.validspatial,673,1
134,110617,2,1,800,trial.validspatial,524,1
134,110617,2,2,0,trial.validspatial,799,1
134,110617,1,2,0,trial.validspatial,965,1
134,110617,1,1,400,trial.validspatial,560,1
134,110617,1,1,NaN,trial.nocue,567,1
134,110617,1,2,0,trial.validspatial,780,1
134,110617,1,1,NaN,trial.nocue,707,1
134,110617,2,2,0,trial.validspatial,722,1
134,110617,2,1,800,trial.invalid,910,1
134,110617,2,2,NaN,trial.nocue,803,0
134,110617,1,2,400,trial.invalid,1248,1
134,110617,2,2,0,trial.doublecue,864,1
134,110617,1,2,NaN,trial.nocue,792,1
134,110617,1,1,400,trial.validspatial,546,1
134,110617,1,1,800,trial.validspatial,533,1
134,110617,2,1,NaN,trial.nocue,587,1
134,110617,1,1,800,trial.doublecue,705,1
134,110617,2,2,0,trial.doublecue,577,0
134,110617,1,1,0,trial.invalid,702,1
134,110617,1,1,0,trial.invalid,704,1
134,110617,2,1,0,trial.validspatial,548,1
134,110617,2,1,0,trial.validspatial,733,1
134,110617,1,1,400,trial.doublecue,574,1
134,110617,2,2,800,trial.validspatial,667,0
134,110617,2,2,800,trial.validspatial,581,1
134,110617,2,2,0,trial.validspatial,575,1
134,110617,1,2,400,trial.validspatial,692,1
134,110617,2,2,800,trial.invalid,851,1
134,110617,1,2,0,trial.invalid,699,1
134,110617,2,1,400,trial.validspatial,532,1
134,110617,2,1,400,trial.validspatial,470,1
134,110617,2,1,NaN,trial.nocue,850,1
134,110617,2,2,NaN,trial.nocue,638,1
134,110617,2,1,NaN,trial.nocue,663,1
134,110617,1,1,800,trial.validspatial,606,1
134,110617,1,1,NaN,trial.nocue,482,1
134,110617,2,1,800,trial.doublecue,583,1
134,110617,2,2,NaN,trial.nocue,685,1
134,110617,1,2,400,trial.validspatial,612,1
134,110617,1,1,400,trial.doublecue,584,1
134,110617,2,2,400,trial.invalid,788,1
134,110617,1,1,NaN,trial.nocue,812,1
134,110617,2,1,800,trial.validspatial,530,1
134,110617,2,2,0,trial.validspatial,840,1
134,110617,2,1,800,trial.doublecue,566,1
134,110617,2,1,400,trial.validspatial,557,1
134,110617,2,2,400,trial.validspatial,661,1
134,110617,2,1,0,trial.doublecue,701,1
134,110617,2,2,400,trial.validspatial,747,1
134,110617,2,2,400,trial.invalid,899,1
134,110617,2,2,800,trial.doublecue,765,1
134,110617,1,2,400,trial.doublecue,610,1
134,110617,1,2,0,trial.validspatial,866,1
134,110617,1,2,NaN,trial.nocue,1212,1
134,110617,1,1,800,trial.invalid,792,1
134,110617,2,2,800,trial.validspatial,679,1
134,110617,2,1,800,trial.validspatial,527,1
134,110617,2,1,0,trial.validspatial,596,1
134,110617,2,2,NaN,trial.nocue,801,1
134,110617,2,2,800,trial.validspatial,611,1
134,110617,1,1,400,trial.validspatial,585,1
134,110617,1,2,800,trial.invalid,799,1
134,110617,2,2,0,trial.validspatial,748,1
134,110617,2,2,800,trial.validspatial,546,1
134,110617,1,1,800,trial.validspatial,586,1
134,110617,2,1,NaN,trial.nocue,678,1
134,110617,1,2,NaN,trial.nocue,750,1
134,110617,1,2,800,trial.validspatial,491,1
134,110617,1,2,0,trial.validspatial,858,1
134,110617,2,2,0,trial.invalid,795,1
134,110617,1,1,NaN,trial.nocue,659,1
134,110617,2,2,800,trial.validspatial,578,1
134,110617,2,1,800,trial.validspatial,612,1
134,110617,2,1,0,trial.validspatial,554,1
134,110617,1,1,800,trial.doublecue,516,1
134,110617,2,2,800,trial.invalid,818,1
134,110617,1,2,400,trial.validspatial,726,1
134,110617,2,1,800,trial.validspatial,509,1
134,110617,1,2,400,trial.invalid,893,1
134,110617,1,1,800,trial.validspatial,521,1
134,110617,2,2,400,trial.doublecue,583,1
134,110617,1,1,0,trial.validspatial,694,1
134,110617,2,1,NaN,trial.nocue,503,1
134,110617,2,1,400,trial.invalid,661,1
134,110617,1,2,800,trial.invalid,936,1
134,110617,1,2,0,trial.doublecue,780,1
134,110617,1,1,400,trial.validspatial,563,1
134,110617,1,2,400,trial.validspatial,612,1
134,110617,1,1,0,trial.doublecue,674,1
134,110617,1,1,0,trial.doublecue,622,1
134,110617,1,2,NaN,trial.nocue,737,1
134,110617,2,1,400,trial.doublecue,575,1
134,110617,2,2,400,trial.validspatial,603,1
134,110617,2,2,800,trial.doublecue,781,1
134,110617,2,2,NaN,trial.nocue,1010,1
134,110617,1,2,NaN,trial.nocue,821,0
134,110617,1,2,0,trial.doublecue,801,1
134,110617,2,1,800,trial.invalid,688,1
134,110617,1,2,0,trial.validspatial,694,1
134,110617,1,1,0,trial.validspatial,630,1
134,110617,2,1,0,trial.validspatial,524,1
134,110617,1,1,400,trial.invalid,581,1
134,110617,1,2,800,trial.doublecue,641,1
134,110617,2,2,0,trial.validspatial,663,0
134,110617,2,2,0,trial.invalid,836,1
134,110617,1,1,0,trial.validspatial,713,1
134,110617,1,1,400,trial.invalid,665,1
134,110617,2,1,800,trial.validspatial,532,1
134,110617,2,2,400,trial.doublecue,801,1
134,110617,2,1,0,trial.doublecue,750,1
134,110617,2,2,400,trial.validspatial,687,1
134,110617,1,1,NaN,trial.nocue,554,1
134,110617,2,1,0,trial.invalid,543,1
134,110617,1,2,800,trial.validspatial,567,1
134,110617,1,2,800,trial.doublecue,625,1
134,110617,2,1,400,trial.validspatial,562,1
134,110617,1,1,800,trial.validspatial,537,1
134,110617,1,2,800,trial.validspatial,637,1
134,110617,1,1,0,trial.validspatial,560,1
134,110617,1,2,400,trial.validspatial,674,1
134,110617,2,1,400,trial.invalid,811,1
134,110617,2,1,0,trial.invalid,634,1
134,110617,2,2,NaN,trial.nocue,619,1
134,110617,1,1,800,trial.validspatial,497,1
134,110617,2,2,400,trial.validspatial,702,1
134,110617,2,1,NaN,trial.nocue,647,1
134,110617,1,1,400,trial.validspatial,529,1
134,110617,1,2,NaN,trial.nocue,743,1
134,110617,1,2,0,trial.validspatial,894,1
134,110617,1,2,800,trial.validspatial,561,1
134,110617,1,1,0,trial.validspatial,720,0
134,110617,1,1,400,trial.validspatial,512,1
134,110617,1,1,0,trial.validspatial,619,1
134,110617,1,2,0,trial.invalid,977,1
134,110617,1,2,800,trial.validspatial,810,1
134,110617,1,2,400,trial.validspatial,1155,1
134,110617,1,2,400,trial.doublecue,665,1
134,110617,2,2,400,trial.validspatial,813,1
134,110617,2,1,400,trial.doublecue,808,1
134,110617,2,1,0,trial.validspatial,602,1
134,110617,2,1,400,trial.validspatial,487,1
134,110617,1,2,800,trial.validspatial,672,1
134,110617,1,1,800,trial.invalid,734,1
134,110617,2,1,400,trial.validspatial,515,1
134,110617,2,1,800,trial.validspatial,501,1
134,110617,2,2,0,trial.validspatial,992,1
134,110617,1,2,0,trial.validspatial,854,1
134,110617,1,1,400,trial.validspatial,520,1
134,110617,1,1,NaN,trial.nocue,471,1
134,110617,1,2,0,trial.validspatial,621,1
134,110617,1,1,NaN,trial.nocue,861,1
134,110617,2,2,0,trial.validspatial,804,1
134,110617,2,1,800,trial.invalid,784,1
134,110617,2,2,NaN,trial.nocue,693,1
134,110617,1,2,400,trial.invalid,1135,1
134,110617,2,2,0,trial.doublecue,774,0
134,110617,1,2,NaN,trial.nocue,671,1
134,110617,1,1,400,trial.validspatial,519,1
134,110617,1,1,800,trial.validspatial,466,1
134,110617,2,1,NaN,trial.nocue,785,1
134,110617,1,1,800,trial.doublecue,640,1
134,110617,2,2,0,trial.doublecue,695,0
134,110617,1,1,0,trial.invalid,626,1
134,110617,1,1,0,trial.invalid,608,1
134,110617,2,1,0,trial.validspatial,624,1
134,110617,2,1,0,trial.validspatial,660,1
134,110617,1,1,400,trial.doublecue,602,1
134,110617,2,2,800,trial.validspatial,639,1
134,110617,2,2,800,trial.validspatial,585,1
134,110617,2,2,0,trial.validspatial,907,1
134,110617,1,2,400,trial.validspatial,623,1
134,110617,2,2,800,trial.invalid,903,1
134,110617,1,2,0,trial.invalid,623,1
134,110617,2,1,400,trial.validspatial,492,1
134,110617,2,1,400,trial.validspatial,654,1
134,110617,2,1,NaN,trial.nocue,1282,1
134,110617,2,2,NaN,trial.nocue,781,1
134,110617,2,1,NaN,trial.nocue,583,1
134,110617,1,1,800,trial.validspatial,531,1
134,110617,1,1,NaN,trial.nocue,599,1
134,110617,2,1,800,trial.doublecue,539,1
134,110617,2,2,NaN,trial.nocue,618,1
134,110617,1,2,400,trial.validspatial,609,1
134,110617,1,1,400,trial.doublecue,564,1
134,110617,2,2,400,trial.invalid,602,0
134,110617,1,1,NaN,trial.nocue,648,1
134,110617,2,1,800,trial.validspatial,542,1
134,110617,2,2,0,trial.validspatial,965,1
134,110617,2,1,800,trial.doublecue,515,1
134,110617,2,1,400,trial.validspatial,497,1
134,110617,2,2,400,trial.validspatial,682,1
134,110617,2,1,0,trial.doublecue,634,1
134,110617,2,2,400,trial.validspatial,606,1
134,110617,2,2,400,trial.invalid,933,1
134,110617,2,2,800,trial.doublecue,606,1
134,110617,1,2,400,trial.doublecue,682,0
134,110617,1,2,0,trial.validspatial,859,1
134,110617,1,2,NaN,trial.nocue,797,1
134,110617,1,1,800,trial.invalid,545,1
134,110617,2,2,800,trial.validspatial,673,1
134,110617,2,1,800,trial.validspatial,521,1
134,110617,2,1,0,trial.validspatial,621,1
134,110617,2,2,NaN,trial.nocue,860,1
134,110617,2,2,800,trial.validspatial,926,1
134,110617,1,1,400,trial.validspatial,1700,0
134,110617,1,2,800,trial.invalid,803,1
134,110617,2,2,0,trial.validspatial,871,1
134,110617,2,2,800,trial.validspatial,600,1
134,110617,1,1,800,trial.validspatial,704,1
134,110617,2,1,NaN,trial.nocue,566,1
134,110617,1,2,NaN,trial.nocue,577,1
134,110617,1,2,800,trial.validspatial,794,1
134,110617,1,2,0,trial.validspatial,581,1
134,110617,2,2,0,trial.invalid,529,1
134,110617,1,1,NaN,trial.nocue,619,1
134,110617,2,2,800,trial.validspatial,601,1
134,110617,2,1,800,trial.validspatial,486,1
134,110617,2,1,0,trial.validspatial,553,1
134,110617,1,1,800,trial.doublecue,772,1
134,110617,2,2,800,trial.invalid,786,1
134,110617,1,2,400,trial.validspatial,492,1
134,110617,2,1,800,trial.validspatial,587,1
134,110617,1,2,400,trial.invalid,696,1
134,110617,1,1,800,trial.validspatial,683,1
134,110617,2,2,400,trial.doublecue,671,1
134,110617,1,1,0,trial.validspatial,671,1
134,110617,2,1,NaN,trial.nocue,596,0
134,110617,2,1,400,trial.invalid,1074,1
134,110617,1,2,800,trial.invalid,826,1
134,110617,1,2,0,trial.doublecue,786,1
134,110617,1,1,400,trial.validspatial,507,1
134,110617,1,2,400,trial.validspatial,510,1
134,110617,1,1,0,trial.doublecue,548,1
134,110617,1,1,0,trial.doublecue,700,1
134,110617,1,2,NaN,trial.nocue,835,1
134,110617,2,1,400,trial.doublecue,680,1
134,110617,2,2,400,trial.validspatial,697,1
134,110617,2,2,800,trial.doublecue,605,1
134,110617,2,2,NaN,trial.nocue,584,1
134,110617,1,2,NaN,trial.nocue,586,1
134,110617,1,2,0,trial.doublecue,600,1
134,110617,2,1,800,trial.invalid,554,1
134,110617,1,2,0,trial.validspatial,707,1
134,110617,1,1,0,trial.validspatial,653,1
134,110617,2,1,0,trial.validspatial,725,1
134,110617,1,1,400,trial.invalid,813,1
134,110617,1,2,800,trial.doublecue,512,0
134,110617,2,2,0,trial.validspatial,650,1
134,110617,2,2,0,trial.invalid,717,1
134,110617,1,1,0,trial.validspatial,631,1
134,110617,1,1,400,trial.invalid,633,1
134,110617,2,1,800,trial.validspatial,495,1
134,110617,2,2,400,trial.doublecue,563,1
134,110617,2,1,0,trial.doublecue,511,1
134,110617,2,2,400,trial.validspatial,550,0
134,110617,1,1,NaN,trial.nocue,613,1
134,110617,2,1,0,trial.invalid,584,1
134,110617,1,2,800,trial.validspatial,581,0
134,110617,1,2,800,trial.doublecue,644,1
134,110617,2,1,400,trial.validspatial,546,1
134,110617,1,1,800,trial.validspatial,713,1
134,110617,1,2,800,trial.validspatial,540,1
134,110617,1,1,0,trial.validspatial,498,1
134,110617,1,2,400,trial.validspatial,627,1
134,110617,2,1,400,trial.invalid,618,1
134,110617,2,1,0,trial.invalid,622,1
134,110617,2,2,NaN,trial.nocue,797,1
134,110617,1,1,800,trial.validspatial,543,1
134,110617,2,2,400,trial.validspatial,691,1
134,110617,2,1,NaN,trial.nocue,796,1
134,110617,1,1,400,trial.validspatial,767,1
134,110617,1,2,NaN,trial.nocue,722,1
134,110617,1,2,0,trial.validspatial,673,1
134,110617,1,2,800,trial.validspatial,489,1
134,110617,1,1,0,trial.validspatial,622,1
134,110617,1,1,400,trial.validspatial,853,1
