subject,date,location_congruence_val,flanker_congruence_val,cue_target_interval,cue_condition,latency,values.correct
258,80717,1,1,0,trial.validspatial,1238,1
258,80717,1,2,0,trial.invalid,726,0
258,80717,1,2,800,trial.validspatial,560,1
258,80717,1,2,400,trial.validspatial,426,1
258,80717,1,2,400,trial.doublecue,479,1
258,80717,2,2,400,trial.validspatial,474,0
258,80717,2,1,400,trial.doublecue,561,1
258,80717,2,1,0,trial.validspatial,482,1
258,80717,2,1,400,trial.validspatial,524,1
258,80717,1,2,800,trial.validspatial,532,1
258,80717,1,1,800,trial.invalid,596,1
258,80717,2,1,400,trial.validspatial,346,0
258,80717,2,1,800,trial.validspatial,444,1
258,80717,2,2,0,trial.validspatial,467,1
258,80717,1,2,0,trial.validspatial,497,0
258,80717,1,1,400,trial.validspatial,501,1
258,80717,1,1,NaN,trial.nocue,448,1
258,80717,1,2,0,trial.validspatial,549,0
258,80717,1,1,NaN,trial.nocue,395,1
258,80717,2,2,0,trial.validspatial,309,0
258,80717,2,1,800,trial.invalid,535,1
258,80717,2,2,NaN,trial.nocue,546,0
258,80717,1,2,400,trial.invalid,440,1
258,80717,2,2,0,trial.doublecue,506,0
258,80717,1,2,NaN,trial.nocue,464,0
258,80717,1,1,400,trial.validspatial,449,1
258,80717,1,1,800,trial.validspatial,492,1
258,80717,2,1,NaN,trial.nocue,575,1
258,80717,1,1,800,trial.doublecue,496,1
258,80717,2,2,0,trial.doublecue,584,0
258,80717,1,1,0,trial.invalid,446,1
258,80717,1,1,0,trial.invalid,521,1
258,80717,2,1,0,trial.validspatial,462,1
258,80717,2,1,0,trial.validspatial,510,1
258,80717,1,1,400,trial.doublecue,396,1
258,80717,2,2,800,trial.validspatial,496,0
258,80717,2,2,800,trial.validspatial,499,0
258,80717,2,2,0,trial.validspatial,535,0
258,80717,1,2,400,trial.validspatial,538,0
258,80717,2,2,800,trial.invalid,598,0
258,80717,1,2,0,trial.invalid,639,0
258,80717,2,1,400,trial.validspatial,415,1
258,80717,2,1,400,trial.validspatial,507,1
258,80717,2,1,NaN,trial.nocue,484,1
258,80717,2,2,NaN,trial.nocue,462,0
258,80717,2,1,NaN,trial.nocue,565,0
258,80717,1,1,800,trial.validspatial,486,1
258,80717,1,1,NaN,trial.nocue,554,1
258,80717,2,1,800,trial.doublecue,483,1
258,80717,2,2,NaN,trial.nocue,471,0
258,80717,1,2,400,trial.validspatial,403,0
258,80717,1,1,400,trial.doublecue,440,0
258,80717,2,2,400,trial.invalid,670,1
258,80717,1,1,NaN,trial.nocue,431,1
258,80717,2,1,800,trial.validspatial,452,1
258,80717,2,2,0,trial.validspatial,547,0
258,80717,2,1,800,trial.doublecue,368,0
258,80717,2,1,400,trial.validspatial,360,1
258,80717,2,2,400,trial.validspatial,513,1
258,80717,2,1,0,trial.doublecue,451,0
258,80717,2,2,400,trial.validspatial,450,0
258,80717,2,2,400,trial.invalid,643,1
258,80717,2,2,800,trial.doublecue,449,1
258,80717,1,2,400,trial.doublecue,380,0
258,80717,1,2,0,trial.validspatial,547,0
258,80717,1,2,NaN,trial.nocue,452,0
258,80717,1,1,800,trial.invalid,523,0
258,80717,2,2,800,trial.validspatial,530,0
258,80717,2,1,800,trial.validspatial,459,1
258,80717,2,1,0,trial.validspatial,463,1
258,80717,2,2,NaN,trial.nocue,538,1
258,80717,2,2,800,trial.validspatial,496,1
258,80717,1,1,400,trial.validspatial,475,0
258,80717,1,2,800,trial.invalid,559,0
258,80717,2,2,0,trial.validspatial,434,0
258,80717,2,2,800,trial.validspatial,454,0
258,80717,1,1,800,trial.validspatial,468,1
258,80717,2,1,NaN,trial.nocue,466,1
258,80717,1,2,NaN,trial.nocue,428,0
258,80717,1,2,800,trial.validspatial,579,0
258,80717,1,2,0,trial.validspatial,497,0
258,80717,2,2,0,trial.invalid,464,0
258,80717,1,1,NaN,trial.nocue,455,0
258,80717,2,2,800,trial.validspatial,496,0
258,80717,2,1,800,trial.validspatial,461,1
258,80717,2,1,0,trial.validspatial,472,1
258,80717,1,1,800,trial.doublecue,539,1
258,80717,2,2,800,trial.invalid,572,1
258,80717,1,2,400,trial.validspatial,423,0
258,80717,2,1,800,trial.validspatial,429,1
258,80717,1,2,400,trial.invalid,505,0
258,80717,1,1,800,trial.validspatial,553,1
258,80717,2,2,400,trial.doublecue,401,0
258,80717,1,1,0,trial.validspatial,603,1
258,80717,2,1,NaN,trial.nocue,486,1
258,80717,2,1,400,trial.invalid,490,1
258,80717,1,2,800,trial.invalid,461,0
258,80717,1,2,0,trial.doublecue,545,0
258,80717,1,1,400,trial.validspatial,491,1
258,80717,1,2,400,trial.validspatial,436,0
258,80717,1,1,0,trial.doublecue,458,1
258,80717,1,1,0,trial.doublecue,453,1
258,80717,1,2,NaN,trial.nocue,547,0
258,80717,2,1,400,trial.doublecue,489,1
258,80717,2,2,400,trial.validspatial,481,0
258,80717,2,2,800,trial.doublecue,439,0
258,80717,2,2,NaN,trial.nocue,453,0
258,80717,1,2,NaN,trial.nocue,494,0
258,80717,1,2,0,trial.doublecue,492,0
258,80717,2,1,800,trial.invalid,492,1
258,80717,1,2,0,trial.validspatial,418,0
258,80717,1,1,0,trial.validspatial,594,1
258,80717,2,1,0,trial.validspatial,441,1
258,80717,1,1,400,trial.invalid,452,0
258,80717,1,2,800,trial.doublecue,514,0
258,80717,2,2,0,trial.validspatial,493,0
258,80717,2,2,0,trial.invalid,569,0
258,80717,1,1,0,trial.validspatial,497,1
258,80717,1,1,400,trial.invalid,611,1
258,80717,2,1,800,trial.validspatial,493,1
258,80717,2,2,400,trial.doublecue,461,0
258,80717,2,1,0,trial.doublecue,515,0
258,80717,2,2,400,trial.validspatial,472,0
258,80717,1,1,NaN,trial.nocue,423,1
258,80717,2,1,0,trial.invalid,441,0
258,80717,1,2,800,trial.validspatial,547,0
258,80717,1,2,800,trial.doublecue,432,0
258,80717,2,1,400,trial.validspatial,449,1
258,80717,1,1,800,trial.validspatial,528,1
258,80717,1,2,800,trial.validspatial,558,0
258,80717,1,1,0,trial.validspatial,559,1
258,80717,1,2,400,trial.validspatial,512,0
258,80717,2,1,400,trial.invalid,570,1
258,80717,2,1,0,trial.invalid,522,1
258,80717,2,2,NaN,trial.nocue,571,0
258,80717,1,1,800,trial.validspatial,457,1
258,80717,2,2,400,trial.validspatial,376,0
258,80717,2,1,NaN,trial.nocue,485,1
258,80717,1,1,400,trial.validspatial,388,1
258,80717,1,2,NaN,trial.nocue,464,0
258,80717,1,2,0,trial.validspatial,442,0
258,80717,1,2,800,trial.validspatial,435,0
258,80717,1,1,0,trial.validspatial,460,1
258,80717,1,1,400,trial.validspatial,520,1
258,80717,1,1,0,trial.validspatial,416,1
258,80717,1,2,0,trial.invalid,529,1
258,80717,1,2,800,trial.validspatial,435,0
258,80717,1,2,400,trial.validspatial,432,0
258,80717,1,2,400,trial.doublecue,468,0
258,80717,2,2,400,trial.validspatial,581,0
258,80717,2,1,400,trial.doublecue,501,1
258,80717,2,1,0,trial.validspatial,405,1
258,80717,2,1,400,trial.validspatial,349,1
258,80717,1,2,800,trial.validspatial,424,0
258,80717,1,1,800,trial.invalid,505,0
258,80717,2,1,400,trial.validspatial,424,1
258,80717,2,1,800,trial.validspatial,471,1
258,80717,2,2,0,trial.validspatial,494,0
258,80717,1,2,0,trial.validspatial,491,0
258,80717,1,1,400,trial.validspatial,495,1
258,80717,1,1,NaN,trial.nocue,443,1
258,80717,1,2,0,trial.validspatial,359,1
258,80717,1,1,NaN,trial.nocue,492,1
258,80717,2,2,0,trial.validspatial,547,0
258,80717,2,1,800,trial.invalid,558,1
258,80717,2,2,NaN,trial.nocue,417,0
258,80717,1,2,400,trial.invalid,548,0
258,80717,2,2,0,trial.doublecue,447,0
258,80717,1,2,NaN,trial.nocue,437,0
258,80717,1,1,400,trial.validspatial,489,1
258,80717,1,1,800,trial.validspatial,414,1
258,80717,2,1,NaN,trial.nocue,514,1
258,80717,1,1,800,trial.doublecue,469,0
258,80717,2,2,0,trial.doublecue,473,0
258,80717,1,1,0,trial.invalid,391,1
258,80717,1,1,0,trial.invalid,399,1
258,80717,2,1,0,trial.validspatial,374,0
258,80717,2,1,0,trial.validspatial,460,1
258,80717,1,1,400,trial.doublecue,396,1
258,80717,2,2,800,trial.validspatial,530,0
258,80717,2,2,800,trial.validspatial,443,0
258,80717,2,2,0,trial.validspatial,630,0
258,80717,1,2,400,trial.validspatial,1700,0
258,80717,2,2,800,trial.invalid,440,0
258,80717,1,2,0,trial.invalid,497,0
258,80717,2,1,400,trial.validspatial,56,0
258,80717,2,1,400,trial.validspatial,519,1
258,80717,2,1,NaN,trial.nocue,496,1
258,80717,2,2,NaN,trial.nocue,574,0
258,80717,2,1,NaN,trial.nocue,551,1
258,80717,1,1,800,trial.validspatial,384,1
258,80717,1,1,NaN,trial.nocue,469,1
258,80717,2,1,800,trial.doublecue,465,1
258,80717,2,2,NaN,trial.nocue,554,0
258,80717,1,2,400,trial.validspatial,486,0
258,80717,1,1,400,trial.doublecue,422,1
258,80717,2,2,400,trial.invalid,518,0
258,80717,1,1,NaN,trial.nocue,491,1
258,80717,2,1,800,trial.validspatial,528,1
258,80717,2,2,0,trial.validspatial,574,0
258,80717,2,1,800,trial.doublecue,478,1
258,80717,2,1,400,trial.validspatial,400,1
258,80717,2,2,400,trial.validspatial,418,0
258,80717,2,1,0,trial.doublecue,475,0
258,80717,2,2,400,trial.validspatial,473,0
258,80717,2,2,400,trial.invalid,599,0
258,80717,2,2,800,trial.doublecue,472,0
258,80717,1,2,400,trial.doublecue,471,0
258,80717,1,2,0,trial.validspatial,520,0
258,80717,1,2,NaN,trial.nocue,560,0
258,80717,1,1,800,trial.invalid,563,1
258,80717,2,2,800,trial.validspatial,380,0
258,80717,2,1,800,trial.validspatial,387,1
258,80717,2,1,0,trial.validspatial,464,1
258,80717,2,2,NaN,trial.nocue,539,0
258,80717,2,2,800,trial.validspatial,392,1
258,80717,1,1,400,trial.validspatial,1700,0
258,80717,1,2,800,trial.invalid,379,1
258,80717,2,2,0,trial.validspatial,626,0
258,80717,2,2,800,trial.validspatial,494,1
258,80717,1,1,800,trial.validspatial,411,0
258,80717,2,1,NaN,trial.nocue,531,0
258,80717,1,2,NaN,trial.nocue,392,0
258,80717,1,2,800,trial.validspatial,462,1
258,80717,1,2,0,trial.validspatial,366,1
258,80717,2,2,0,trial.invalid,382,1
258,80717,1,1,NaN,trial.nocue,390,0
258,80717,2,2,800,trial.validspatial,470,0
258,80717,2,1,800,trial.validspatial,389,1
258,80717,2,1,0,trial.validspatial,386,1
258,80717,1,1,800,trial.doublecue,476,0
258,80717,2,2,800,trial.invalid,506,0
258,80717,1,2,400,trial.validspatial,443,1
258,80717,2,1,800,trial.validspatial,423,1
258,80717,1,2,400,trial.invalid,456,0
258,80717,1,1,800,trial.validspatial,522,1
258,80717,2,2,400,trial.doublecue,404,0
258,80717,1,1,0,trial.validspatial,499,1
258,80717,2,1,NaN,trial.nocue,549,1
258,80717,2,1,400,trial.invalid,563,0
258,80717,1,2,800,trial.invalid,495,0
258,80717,1,2,0,trial.doublecue,451,0
258,80717,1,1,400,trial.validspatial,470,1
258,80717,1,2,400,trial.validspatial,445,1
258,80717,1,1,0,trial.doublecue,478,1
258,80717,1,1,0,trial.doublecue,416,1
258,80717,1,2,NaN,trial.nocue,420,0
258,80717,2,1,400,trial.doublecue,400,1
258,80717,2,2,400,trial.validspatial,442,1
258,80717,2,2,800,trial.doublecue,518,1
258,80717,2,2,NaN,trial.nocue,415,1
258,80717,1,2,NaN,trial.nocue,452,1
258,80717,1,2,0,trial.doublecue,434,0
258,80717,2,1,800,trial.invalid,420,0
258,80717,1,2,0,trial.validspatial,439,0
258,80717,1,1,0,trial.validspatial,459,0
258,80717,2,1,0,trial.validspatial,553,1
258,80717,1,1,400,trial.invalid,548,0
258,80717,1,2,800,trial.doublecue,527,1
258,80717,2,2,0,trial.validspatial,439,1
258,80717,2,2,0,trial.invalid,484,1
258,80717,1,1,0,trial.validspatial,461,1
258,80717,1,1,400,trial.invalid,480,1
258,80717,2,1,800,trial.validspatial,464,1
258,80717,2,2,400,trial.doublecue,415,1
258,80717,2,1,0,trial.doublecue,455,1
258,80717,2,2,400,trial.validspatial,443,0
258,80717,1,1,NaN,trial.nocue,419,0
258,80717,2,1,0,trial.invalid,422,1
258,80717,1,2,800,trial.validspatial,467,0
258,80717,1,2,800,trial.doublecue,530,1
258,80717,2,1,400,trial.validspatial,501,1
258,80717,1,1,800,trial.validspatial,412,0
258,80717,1,2,800,trial.validspatial,350,0
258,80717,1,1,0,trial.validspatial,373,1
258,80717,1,2,400,trial.validspatial,492,0
258,80717,2,1,400,trial.invalid,469,0
258,80717,2,1,0,trial.invalid,474,0
258,80717,2,2,NaN,trial.nocue,499,0
258,80717,1,1,800,trial.validspatial,439,0
258,80717,2,2,400,trial.validspatial,437,0
258,80717,2,1,NaN,trial.nocue,453,0
258,80717,1,1,400,trial.validspatial,510,0
258,80717,1,2,NaN,trial.nocue,564,0
258,80717,1,2,0,trial.validspatial,586,0
258,80717,1,2,800,trial.validspatial,515,1
258,80717,1,1,0,trial.validspatial,436,1
258,80717,1,1,400,trial.validspatial,544,0
