subject,date,location_congruence_val,flanker_congruence_val,cue_target_interval,cue_condition,latency,values.correct
34,21317,1,1,0,trial.validspatial,1171,1
34,21317,1,2,0,trial.invalid,1219,1
34,21317,1,2,800,trial.validspatial,113,1
34,21317,1,2,400,trial.validspatial,1132,1
34,21317,1,2,400,trial.doublecue,898,1
34,21317,2,2,400,trial.validspatial,688,1
34,21317,2,1,400,trial.doublecue,610,1
34,21317,2,1,0,trial.validspatial,619,1
34,21317,2,1,400,trial.validspatial,517,1
34,21317,1,2,800,trial.validspatial,564,1
34,21317,1,1,800,trial.invalid,766,1
34,21317,2,1,400,trial.validspatial,498,1
34,21317,2,1,800,trial.validspatial,514,1
34,21317,2,2,0,trial.validspatial,591,1
34,21317,1,2,0,trial.validspatial,677,1
34,21317,1,1,400,trial.validspatial,480,1
34,21317,1,1,NaN,trial.nocue,451,1
34,21317,1,2,0,trial.validspatial,601,1
34,21317,1,1,NaN,trial.nocue,599,1
34,21317,2,2,0,trial.validspatial,493,1
34,21317,2,1,800,trial.invalid,557,1
34,21317,2,2,NaN,trial.nocue,754,1
34,21317,1,2,400,trial.invalid,772,1
34,21317,2,2,0,trial.doublecue,553,1
34,21317,1,2,NaN,trial.nocue,565,1
34,21317,1,1,400,trial.validspatial,448,1
34,21317,1,1,800,trial.validspatial,442,1
34,21317,2,1,NaN,trial.nocue,631,1
34,21317,1,1,800,trial.doublecue,576,1
34,21317,2,2,0,trial.doublecue,766,1
34,21317,1,1,0,trial.invalid,622,1
34,21317,1,1,0,trial.invalid,507,1
34,21317,2,1,0,trial.validspatial,567,1
34,21317,2,1,0,trial.validspatial,420,1
34,21317,1,1,400,trial.doublecue,513,1
34,21317,2,2,800,trial.validspatial,526,1
34,21317,2,2,800,trial.validspatial,485,1
34,21317,2,2,0,trial.validspatial,501,1
34,21317,1,2,400,trial.validspatial,463,1
34,21317,2,2,800,trial.invalid,516,0
34,21317,1,2,0,trial.invalid,784,1
34,21317,2,1,400,trial.validspatial,494,1
34,21317,2,1,400,trial.validspatial,415,1
34,21317,2,1,NaN,trial.nocue,636,1
34,21317,2,2,NaN,trial.nocue,637,1
34,21317,2,1,NaN,trial.nocue,600,1
34,21317,1,1,800,trial.validspatial,509,1
34,21317,1,1,NaN,trial.nocue,476,1
34,21317,2,1,800,trial.doublecue,583,1
34,21317,2,2,NaN,trial.nocue,938,1
34,21317,1,2,400,trial.validspatial,644,1
34,21317,1,1,400,trial.doublecue,575,1
34,21317,2,2,400,trial.invalid,655,1
34,21317,1,1,NaN,trial.nocue,537,1
34,21317,2,1,800,trial.validspatial,510,1
34,21317,2,2,0,trial.validspatial,688,1
34,21317,2,1,800,trial.doublecue,578,1
34,21317,2,1,400,trial.validspatial,408,1
34,21317,2,2,400,trial.validspatial,531,1
34,21317,2,1,0,trial.doublecue,548,1
34,21317,2,2,400,trial.validspatial,454,1
34,21317,2,2,400,trial.invalid,620,1
34,21317,2,2,800,trial.doublecue,517,1
34,21317,1,2,400,trial.doublecue,653,1
34,21317,1,2,0,trial.validspatial,679,1
34,21317,1,2,NaN,trial.nocue,607,1
34,21317,1,1,800,trial.invalid,504,1
34,21317,2,2,800,trial.validspatial,621,1
34,21317,2,1,800,trial.validspatial,367,1
34,21317,2,1,0,trial.validspatial,551,1
34,21317,2,2,NaN,trial.nocue,722,1
34,21317,2,2,800,trial.validspatial,449,1
34,21317,1,1,400,trial.validspatial,425,1
34,21317,1,2,800,trial.invalid,612,1
34,21317,2,2,0,trial.validspatial,713,1
34,21317,2,2,800,trial.validspatial,532,1
34,21317,1,1,800,trial.validspatial,421,1
34,21317,2,1,NaN,trial.nocue,602,1
34,21317,1,2,NaN,trial.nocue,694,1
34,21317,1,2,800,trial.validspatial,567,1
34,21317,1,2,0,trial.validspatial,627,1
34,21317,2,2,0,trial.invalid,671,1
34,21317,1,1,NaN,trial.nocue,740,1
34,21317,2,2,800,trial.validspatial,450,1
34,21317,2,1,800,trial.validspatial,418,1
34,21317,2,1,0,trial.validspatial,510,1
34,21317,1,1,800,trial.doublecue,555,1
34,21317,2,2,800,trial.invalid,659,1
34,21317,1,2,400,trial.validspatial,481,1
34,21317,2,1,800,trial.validspatial,504,1
34,21317,1,2,400,trial.invalid,728,1
34,21317,1,1,800,trial.validspatial,401,1
34,21317,2,2,400,trial.doublecue,597,1
34,21317,1,1,0,trial.validspatial,510,1
34,21317,2,1,NaN,trial.nocue,582,1
34,21317,2,1,400,trial.invalid,576,1
34,21317,1,2,800,trial.invalid,614,1
34,21317,1,2,0,trial.doublecue,679,1
34,21317,1,1,400,trial.validspatial,437,1
34,21317,1,2,400,trial.validspatial,597,1
34,21317,1,1,0,trial.doublecue,605,1
34,21317,1,1,0,trial.doublecue,555,1
34,21317,1,2,NaN,trial.nocue,596,1
34,21317,2,1,400,trial.doublecue,524,1
34,21317,2,2,400,trial.validspatial,583,1
34,21317,2,2,800,trial.doublecue,477,1
34,21317,2,2,NaN,trial.nocue,630,1
34,21317,1,2,NaN,trial.nocue,598,1
34,21317,1,2,0,trial.doublecue,630,1
34,21317,2,1,800,trial.invalid,493,1
34,21317,1,2,0,trial.validspatial,596,1
34,21317,1,1,0,trial.validspatial,559,1
34,21317,2,1,0,trial.validspatial,487,1
34,21317,1,1,400,trial.invalid,562,1
34,21317,1,2,800,trial.doublecue,464,0
34,21317,2,2,0,trial.validspatial,623,1
34,21317,2,2,0,trial.invalid,720,1
34,21317,1,1,0,trial.validspatial,738,1
34,21317,1,1,400,trial.invalid,541,1
34,21317,2,1,800,trial.validspatial,457,1
34,21317,2,2,400,trial.doublecue,471,0
34,21317,2,1,0,trial.doublecue,661,1
34,21317,2,2,400,trial.validspatial,649,1
34,21317,1,1,NaN,trial.nocue,484,1
34,21317,2,1,0,trial.invalid,515,1
34,21317,1,2,800,trial.validspatial,457,1
34,21317,1,2,800,trial.doublecue,501,0
34,21317,2,1,400,trial.validspatial,499,1
34,21317,1,1,800,trial.validspatial,527,1
34,21317,1,2,800,trial.validspatial,645,1
34,21317,1,1,0,trial.validspatial,680,1
34,21317,1,2,400,trial.validspatial,636,1
34,21317,2,1,400,trial.invalid,501,1
34,21317,2,1,0,trial.invalid,526,1
34,21317,2,2,NaN,trial.nocue,613,1
34,21317,1,1,800,trial.validspatial,443,1
34,21317,2,2,400,trial.validspatial,563,1
34,21317,2,1,NaN,trial.nocue,528,1
34,21317,1,1,400,trial.validspatial,553,1
34,21317,1,2,NaN,trial.nocue,618,1
34,21317,1,2,0,trial.validspatial,593,1
34,21317,1,2,800,trial.validspatial,554,1
34,21317,1,1,0,trial.validspatial,530,1
34,21317,1,1,400,trial.validspatial,382,1
34,21317,1,1,0,trial.validspatial,581,1
34,21317,1,2,0,trial.invalid,597,0
34,21317,1,2,800,trial.validspatial,625,1
34,21317,1,2,400,trial.validspatial,573,1
34,21317,1,2,400,trial.doublecue,694,1
34,21317,2,2,400,trial.validspatial,605,1
34,21317,2,1,400,trial.doublecue,497,1
34,21317,2,1,0,trial.validspatial,524,1
34,21317,2,1,400,trial.validspatial,495,1
34,21317,1,2,800,trial.validspatial,524,1
34,21317,1,1,800,trial.invalid,592,1
34,21317,2,1,400,trial.validspatial,469,1
34,21317,2,1,800,trial.validspatial,389,1
34,21317,2,2,0,trial.validspatial,587,1
34,21317,1,2,0,trial.validspatial,587,1
34,21317,1,1,400,trial.validspatial,399,1
34,21317,1,1,NaN,trial.nocue,494,1
34,21317,1,2,0,trial.validspatial,456,1
34,21317,1,1,NaN,trial.nocue,623,1
34,21317,2,2,0,trial.validspatial,493,0
34,21317,2,1,800,trial.invalid,584,1
34,21317,2,2,NaN,trial.nocue,690,1
34,21317,1,2,400,trial.invalid,743,1
34,21317,2,2,0,trial.doublecue,632,1
34,21317,1,2,NaN,trial.nocue,619,1
34,21317,1,1,400,trial.validspatial,463,1
34,21317,1,1,800,trial.validspatial,402,1
34,21317,2,1,NaN,trial.nocue,517,1
34,21317,1,1,800,trial.doublecue,507,1
34,21317,2,2,0,trial.doublecue,582,0
34,21317,1,1,0,trial.invalid,498,1
34,21317,1,1,0,trial.invalid,501,1
34,21317,2,1,0,trial.validspatial,670,1
34,21317,2,1,0,trial.validspatial,562,1
34,21317,1,1,400,trial.doublecue,578,1
34,21317,2,2,800,trial.validspatial,480,1
34,21317,2,2,800,trial.validspatial,473,1
34,21317,2,2,0,trial.validspatial,591,1
34,21317,1,2,400,trial.validspatial,477,1
34,21317,2,2,800,trial.invalid,503,0
34,21317,1,2,0,trial.invalid,545,0
34,21317,2,1,400,trial.validspatial,574,1
34,21317,2,1,400,trial.validspatial,550,1
34,21317,2,1,NaN,trial.nocue,671,1
34,21317,2,2,NaN,trial.nocue,721,1
34,21317,2,1,NaN,trial.nocue,533,1
34,21317,1,1,800,trial.validspatial,431,1
34,21317,1,1,NaN,trial.nocue,465,1
34,21317,2,1,800,trial.doublecue,506,1
34,21317,2,2,NaN,trial.nocue,569,1
34,21317,1,2,400,trial.validspatial,547,1
34,21317,1,1,400,trial.doublecue,495,1
34,21317,2,2,400,trial.invalid,618,1
34,21317,1,1,NaN,trial.nocue,618,1
34,21317,2,1,800,trial.validspatial,433,1
34,21317,2,2,0,trial.validspatial,480,0
34,21317,2,1,800,trial.doublecue,503,1
34,21317,2,1,400,trial.validspatial,452,1
34,21317,2,2,400,trial.validspatial,559,1
34,21317,2,1,0,trial.doublecue,447,1
34,21317,2,2,400,trial.validspatial,547,1
34,21317,2,2,400,trial.invalid,518,0
34,21317,2,2,800,trial.doublecue,496,1
34,21317,1,2,400,trial.doublecue,683,1
34,21317,1,2,0,trial.validspatial,674,1
34,21317,1,2,NaN,trial.nocue,470,1
34,21317,1,1,800,trial.invalid,515,1
34,21317,2,2,800,trial.validspatial,461,1
34,21317,2,1,800,trial.validspatial,402,1
34,21317,2,1,0,trial.validspatial,547,1
34,21317,2,2,NaN,trial.nocue,707,1
34,21317,2,2,800,trial.validspatial,485,1
34,21317,1,1,400,trial.validspatial,1700,0
34,21317,1,2,800,trial.invalid,561,1
34,21317,2,2,0,trial.validspatial,692,1
34,21317,2,2,800,trial.validspatial,650,1
34,21317,1,1,800,trial.validspatial,570,1
34,21317,2,1,NaN,trial.nocue,724,1
34,21317,1,2,NaN,trial.nocue,578,1
34,21317,1,2,800,trial.validspatial,484,1
34,21317,1,2,0,trial.validspatial,514,1
34,21317,2,2,0,trial.invalid,415,1
34,21317,1,1,NaN,trial.nocue,552,1
34,21317,2,2,800,trial.validspatial,511,1
34,21317,2,1,800,trial.validspatial,405,1
34,21317,2,1,0,trial.validspatial,555,1
34,21317,1,1,800,trial.doublecue,626,1
34,21317,2,2,800,trial.invalid,473,1
34,21317,1,2,400,trial.validspatial,412,1
34,21317,2,1,800,trial.validspatial,472,1
34,21317,1,2,400,trial.invalid,96,1
34,21317,1,1,800,trial.validspatial,561,1
34,21317,2,2,400,trial.doublecue,586,1
34,21317,1,1,0,trial.validspatial,522,1
34,21317,2,1,NaN,trial.nocue,634,1
34,21317,2,1,400,trial.invalid,637,1
34,21317,1,2,800,trial.invalid,650,1
34,21317,1,2,0,trial.doublecue,683,1
34,21317,1,1,400,trial.validspatial,446,1
34,21317,1,2,400,trial.validspatial,420,1
34,21317,1,1,0,trial.doublecue,511,1
34,21317,1,1,0,trial.doublecue,405,1
34,21317,1,2,NaN,trial.nocue,540,0
34,21317,2,1,400,trial.doublecue,525,1
34,21317,2,2,400,trial.validspatial,452,1
34,21317,2,2,800,trial.doublecue,457,1
34,21317,2,2,NaN,trial.nocue,448,1
34,21317,1,2,NaN,trial.nocue,441,1
34,21317,1,2,0,trial.doublecue,472,1
34,21317,2,1,800,trial.invalid,516,1
34,21317,1,2,0,trial.validspatial,533,1
34,21317,1,1,0,trial.validspatial,486,0
34,21317,2,1,0,trial.validspatial,692,1
34,21317,1,1,400,trial.invalid,680,1
34,21317,1,2,800,trial.doublecue,478,1
34,21317,2,2,0,trial.validspatial,400,1
34,21317,2,2,0,trial.invalid,594,1
34,21317,1,1,0,trial.validspatial,613,1
34,21317,1,1,400,trial.invalid,552,1
34,21317,2,1,800,trial.validspatial,386,1
34,21317,2,2,400,trial.doublecue,484,1
34,21317,2,1,0,trial.doublecue,484,1
34,21317,2,2,400,trial.validspatial,474,0
34,21317,1,1,NaN,trial.nocue,616,1
34,21317,2,1,0,trial.invalid,532,1
34,21317,1,2,800,trial.validspatial,573,1
34,21317,1,2,800,trial.doublecue,582,1
34,21317,2,1,400,trial.validspatial,596,1
34,21317,1,1,800,trial.validspatial,555,1
34,21317,1,2,800,trial.validspatial,476,1
34,21317,1,1,0,trial.validspatial,383,1
34,21317,1,2,400,trial.validspatial,511,1
34,21317,2,1,400,trial.invalid,583,1
34,21317,2,1,0,trial.invalid,530,1
34,21317,2,2,NaN,trial.nocue,656,1
34,21317,1,1,800,trial.validspatial,462,1
34,21317,2,2,400,trial.validspatial,618,1
34,21317,2,1,NaN,trial.nocue,596,1
34,21317,1,1,400,trial.validspatial,649,1
34,21317,1,2,NaN,trial.nocue,503,1
34,21317,1,2,0,trial.validspatial,441,1
34,21317,1,2,800,trial.validspatial,406,1
34,21317,1,1,0,trial.validspatial,589,1
34,21317,1,1,400,trial.validspatial,754,1
