subject,date,location_congruence_val,flanker_congruence_val,cue_target_interval,cue_condition,latency,values.correct
755,81017,1,1,0,trial.validspatial,85,0
755,81017,1,2,0,trial.invalid,222,0
755,81017,1,2,800,trial.validspatial,607,1
755,81017,1,2,400,trial.validspatial,94,1
755,81017,1,2,400,trial.doublecue,64,1
755,81017,2,2,400,trial.validspatial,174,1
755,81017,2,1,400,trial.doublecue,30,1
755,81017,2,1,0,trial.validspatial,1013,0
755,81017,2,1,400,trial.validspatial,286,1
755,81017,1,2,800,trial.validspatial,145,1
755,81017,1,1,800,trial.invalid,421,0
755,81017,2,1,400,trial.validspatial,575,1
755,81017,2,1,800,trial.validspatial,11,0
755,81017,2,2,0,trial.validspatial,453,1
755,81017,1,2,0,trial.validspatial,360,1
755,81017,1,1,400,trial.validspatial,227,0
755,81017,1,1,NaN,trial.nocue,67,0
755,81017,1,2,0,trial.validspatial,1055,1
755,81017,1,1,NaN,trial.nocue,159,1
755,81017,2,2,0,trial.validspatial,27,1
755,81017,2,1,800,trial.invalid,890,0
755,81017,2,2,NaN,trial.nocue,906,0
755,81017,1,2,400,trial.invalid,729,1
755,81017,2,2,0,trial.doublecue,640,1
755,81017,1,2,NaN,trial.nocue,320,0
755,81017,1,1,400,trial.validspatial,214,1
755,81017,1,1,800,trial.validspatial,86,0
755,81017,2,1,NaN,trial.nocue,353,0
755,81017,1,1,800,trial.doublecue,542,1
755,81017,2,2,0,trial.doublecue,999,0
755,81017,1,1,0,trial.invalid,599,0
755,81017,1,1,0,trial.invalid,22,0
755,81017,2,1,0,trial.validspatial,485,0
755,81017,2,1,0,trial.validspatial,351,1
755,81017,1,1,400,trial.doublecue,624,0
755,81017,2,2,800,trial.validspatial,191,1
755,81017,2,2,800,trial.validspatial,482,0
755,81017,2,2,0,trial.validspatial,651,0
755,81017,1,2,400,trial.validspatial,44,0
755,81017,2,2,800,trial.invalid,29,1
755,81017,1,2,0,trial.invalid,225,0
755,81017,2,1,400,trial.validspatial,183,1
755,81017,2,1,400,trial.validspatial,318,0
755,81017,2,1,NaN,trial.nocue,381,1
755,81017,2,2,NaN,trial.nocue,540,1
755,81017,2,1,NaN,trial.nocue,44,0
755,81017,1,1,800,trial.validspatial,605,1
755,81017,1,1,NaN,trial.nocue,17,0
755,81017,2,1,800,trial.doublecue,847,0
755,81017,2,2,NaN,trial.nocue,1095,0
755,81017,1,2,400,trial.validspatial,1424,0
755,81017,1,1,400,trial.doublecue,141,0
755,81017,2,2,400,trial.invalid,1700,0
755,81017,1,1,NaN,trial.nocue,106,1
755,81017,2,1,800,trial.validspatial,163,0
755,81017,2,2,0,trial.validspatial,401,1
755,81017,2,1,800,trial.doublecue,201,1
755,81017,2,1,400,trial.validspatial,123,0
755,81017,2,2,400,trial.validspatial,145,1
755,81017,2,1,0,trial.doublecue,353,1
755,81017,2,2,400,trial.validspatial,44,1
755,81017,2,2,400,trial.invalid,1700,0
755,81017,2,2,800,trial.doublecue,347,1
755,81017,1,2,400,trial.doublecue,244,1
755,81017,1,2,0,trial.validspatial,341,1
755,81017,1,2,NaN,trial.nocue,84,0
755,81017,1,1,800,trial.invalid,234,0
755,81017,2,2,800,trial.validspatial,13,0
755,81017,2,1,800,trial.validspatial,25,1
755,81017,2,1,0,trial.validspatial,58,0
755,81017,2,2,NaN,trial.nocue,140,0
755,81017,2,2,800,trial.validspatial,311,1
755,81017,1,1,400,trial.validspatial,158,1
755,81017,1,2,800,trial.invalid,175,0
755,81017,2,2,0,trial.validspatial,310,0
755,81017,2,2,800,trial.validspatial,229,1
755,81017,1,1,800,trial.validspatial,40,1
755,81017,2,1,NaN,trial.nocue,400,1
755,81017,1,2,NaN,trial.nocue,156,0
755,81017,1,2,800,trial.validspatial,84,0
755,81017,1,2,0,trial.validspatial,731,1
755,81017,2,2,0,trial.invalid,337,0
755,81017,1,1,NaN,trial.nocue,763,0
755,81017,2,2,800,trial.validspatial,265,0
755,81017,2,1,800,trial.validspatial,391,0
755,81017,2,1,0,trial.validspatial,1700,0
755,81017,1,1,800,trial.doublecue,515,0
755,81017,2,2,800,trial.invalid,58,1
755,81017,1,2,400,trial.validspatial,156,1
755,81017,2,1,800,trial.validspatial,613,1
755,81017,1,2,400,trial.invalid,1700,0
755,81017,1,1,800,trial.validspatial,1700,0
755,81017,2,2,400,trial.doublecue,1700,0
755,81017,1,1,0,trial.validspatial,1700,0
755,81017,2,1,NaN,trial.nocue,1307,1
755,81017,2,1,400,trial.invalid,286,1
755,81017,1,2,800,trial.invalid,728,0
755,81017,1,2,0,trial.doublecue,308,0
755,81017,1,1,400,trial.validspatial,408,1
755,81017,1,2,400,trial.validspatial,314,0
755,81017,1,1,0,trial.doublecue,1648,0
755,81017,1,1,0,trial.doublecue,208,0
755,81017,1,2,NaN,trial.nocue,358,1
755,81017,2,1,400,trial.doublecue,875,1
755,81017,2,2,400,trial.validspatial,1700,0
755,81017,2,2,800,trial.doublecue,1700,0
755,81017,2,2,NaN,trial.nocue,562,0
755,81017,1,2,NaN,trial.nocue,1700,0
755,81017,1,2,0,trial.doublecue,1700,0
755,81017,2,1,800,trial.invalid,1570,1
755,81017,1,2,0,trial.validspatial,443,0
755,81017,1,1,0,trial.validspatial,141,1
755,81017,2,1,0,trial.validspatial,34,1
755,81017,1,1,400,trial.invalid,1700,0
755,81017,1,2,800,trial.doublecue,281,0
755,81017,2,2,0,trial.validspatial,1491,1
755,81017,2,2,0,trial.invalid,669,0
755,81017,1,1,0,trial.validspatial,625,1
755,81017,1,1,400,trial.invalid,1700,0
755,81017,2,1,800,trial.validspatial,1460,0
755,81017,2,2,400,trial.doublecue,235,1
755,81017,2,1,0,trial.doublecue,135,0
755,81017,2,2,400,trial.validspatial,77,0
755,81017,1,1,NaN,trial.nocue,1700,0
755,81017,2,1,0,trial.invalid,606,0
755,81017,1,2,800,trial.validspatial,1626,0
755,81017,1,2,800,trial.doublecue,1700,0
755,81017,2,1,400,trial.validspatial,974,0
755,81017,1,1,800,trial.validspatial,7,1
755,81017,1,2,800,trial.validspatial,1700,0
755,81017,1,1,0,trial.validspatial,1113,0
755,81017,1,2,400,trial.validspatial,196,1
755,81017,2,1,400,trial.invalid,441,1
755,81017,2,1,0,trial.invalid,330,1
755,81017,2,2,NaN,trial.nocue,622,0
755,81017,1,1,800,trial.validspatial,557,0
755,81017,2,2,400,trial.validspatial,497,0
755,81017,2,1,NaN,trial.nocue,239,0
755,81017,1,1,400,trial.validspatial,94,0
755,81017,1,2,NaN,trial.nocue,889,1
755,81017,1,2,0,trial.validspatial,106,1
755,81017,1,2,800,trial.validspatial,1700,0
755,81017,1,1,0,trial.validspatial,117,0
755,81017,1,1,400,trial.validspatial,1700,0
755,81017,1,1,0,trial.validspatial,596,0
755,81017,1,2,0,trial.invalid,1134,1
755,81017,1,2,800,trial.validspatial,718,0
755,81017,1,2,400,trial.validspatial,265,0
755,81017,1,2,400,trial.doublecue,700,0
755,81017,2,2,400,trial.validspatial,57,1
755,81017,2,1,400,trial.doublecue,692,0
755,81017,2,1,0,trial.validspatial,817,0
755,81017,2,1,400,trial.validspatial,299,1
755,81017,1,2,800,trial.validspatial,279,1
755,81017,1,1,800,trial.invalid,1351,1
755,81017,2,1,400,trial.validspatial,569,1
755,81017,2,1,800,trial.validspatial,1700,0
755,81017,2,2,0,trial.validspatial,743,0
755,81017,1,2,0,trial.validspatial,179,0
755,81017,1,1,400,trial.validspatial,421,0
755,81017,1,1,NaN,trial.nocue,980,0
755,81017,1,2,0,trial.validspatial,32,1
755,81017,1,1,NaN,trial.nocue,1700,0
755,81017,2,2,0,trial.validspatial,520,0
755,81017,2,1,800,trial.invalid,468,1
755,81017,2,2,NaN,trial.nocue,548,1
755,81017,1,2,400,trial.invalid,152,1
755,81017,2,2,0,trial.doublecue,156,0
755,81017,1,2,NaN,trial.nocue,289,0
755,81017,1,1,400,trial.validspatial,1700,0
755,81017,1,1,800,trial.validspatial,1700,0
755,81017,2,1,NaN,trial.nocue,254,1
755,81017,1,1,800,trial.doublecue,1700,0
755,81017,2,2,0,trial.doublecue,165,1
755,81017,1,1,0,trial.invalid,145,0
755,81017,1,1,0,trial.invalid,1700,0
755,81017,2,1,0,trial.validspatial,1700,0
755,81017,2,1,0,trial.validspatial,1396,0
755,81017,1,1,400,trial.doublecue,1700,0
755,81017,2,2,800,trial.validspatial,586,1
755,81017,2,2,800,trial.validspatial,1700,0
755,81017,2,2,0,trial.validspatial,576,0
755,81017,1,2,400,trial.validspatial,142,0
755,81017,2,2,800,trial.invalid,1028,1
755,81017,1,2,0,trial.invalid,516,1
755,81017,2,1,400,trial.validspatial,1226,1
755,81017,2,1,400,trial.validspatial,1700,0
755,81017,2,1,NaN,trial.nocue,651,0
755,81017,2,2,NaN,trial.nocue,1231,0
755,81017,2,1,NaN,trial.nocue,511,0
755,81017,1,1,800,trial.validspatial,698,0
755,81017,1,1,NaN,trial.nocue,1700,0
755,81017,2,1,800,trial.doublecue,1700,0
755,81017,2,2,NaN,trial.nocue,1700,0
755,81017,1,2,400,trial.validspatial,630,1
755,81017,1,1,400,trial.doublecue,472,0
755,81017,2,2,400,trial.invalid,435,0
755,81017,1,1,NaN,trial.nocue,1069,0
755,81017,2,1,800,trial.validspatial,1183,1
755,81017,2,2,0,trial.validspatial,307,1
755,81017,2,1,800,trial.doublecue,94,1
755,81017,2,1,400,trial.validspatial,181,0
755,81017,2,2,400,trial.validspatial,1268,0
755,81017,2,1,0,trial.doublecue,559,0
755,81017,2,2,400,trial.validspatial,930,0
755,81017,2,2,400,trial.invalid,143,1
755,81017,2,2,800,trial.doublecue,228,1
755,81017,1,2,400,trial.doublecue,487,0
755,81017,1,2,0,trial.validspatial,1632,0
755,81017,1,2,NaN,trial.nocue,1252,1
755,81017,1,1,800,trial.invalid,1145,1
755,81017,2,2,800,trial.validspatial,37,0
755,81017,2,1,800,trial.validspatial,902,0
755,81017,2,1,0,trial.validspatial,1700,0
755,81017,2,2,NaN,trial.nocue,66,1
755,81017,2,2,800,trial.validspatial,164,0
755,81017,1,1,400,trial.validspatial,1700,0
755,81017,1,2,800,trial.invalid,1700,0
755,81017,2,2,0,trial.validspatial,1177,1
755,81017,2,2,800,trial.validspatial,1700,0
755,81017,1,1,800,trial.validspatial,1700,0
755,81017,2,1,NaN,trial.nocue,922,0
755,81017,1,2,NaN,trial.nocue,1700,0
755,81017,1,2,800,trial.validspatial,192,0
755,81017,1,2,0,trial.validspatial,305,1
755,81017,2,2,0,trial.invalid,105,0
755,81017,1,1,NaN,trial.nocue,114,0
755,81017,2,2,800,trial.validspatial,676,1
755,81017,2,1,800,trial.validspatial,391,1
755,81017,2,1,0,trial.validspatial,714,1
755,81017,1,1,800,trial.doublecue,104,0
755,81017,2,2,800,trial.invalid,851,1
755,81017,1,2,400,trial.validspatial,55,1
755,81017,2,1,800,trial.validspatial,1700,0
755,81017,1,2,400,trial.invalid,1700,0
755,81017,1,1,800,trial.validspatial,1700,0
755,81017,2,2,400,trial.doublecue,1700,0
755,81017,1,1,0,trial.validspatial,1700,0
755,81017,2,1,NaN,trial.nocue,1700,0
755,81017,2,1,400,trial.invalid,245,0
755,81017,1,2,800,trial.invalid,534,1
755,81017,1,2,0,trial.doublecue,160,0
755,81017,1,1,400,trial.validspatial,158,0
755,81017,1,2,400,trial.validspatial,315,1
755,81017,1,1,0,trial.doublecue,1483,1
755,81017,1,1,0,trial.doublecue,139,1
755,81017,1,2,NaN,trial.nocue,134,1
755,81017,2,1,400,trial.doublecue,234,1
755,81017,2,2,400,trial.validspatial,1700,0
755,81017,2,2,800,trial.doublecue,601,0
755,81017,2,2,NaN,trial.nocue,537,1
755,81017,1,2,NaN,trial.nocue,798,1
755,81017,1,2,0,trial.doublecue,1700,0
755,81017,2,1,800,trial.invalid,263,0
755,81017,1,2,0,trial.validspatial,403,0
755,81017,1,1,0,trial.validspatial,936,1
755,81017,2,1,0,trial.validspatial,18,1
755,81017,1,1,400,trial.invalid,1700,0
755,81017,1,2,800,trial.doublecue,1700,0
755,81017,2,2,0,trial.validspatial,76,0
755,81017,2,2,0,trial.invalid,181,1
755,81017,1,1,0,trial.validspatial,1406,1
755,81017,1,1,400,trial.invalid,955,0
755,81017,2,1,800,trial.validspatial,269,1
755,81017,2,2,400,trial.doublecue,539,0
755,81017,2,1,0,trial.doublecue,1700,0
755,81017,2,2,400,trial.validspatial,68,1
755,81017,1,1,NaN,trial.nocue,1630,0
755,81017,2,1,0,trial.invalid,30,1
755,81017,1,2,800,trial.validspatial,1700,0
755,81017,1,2,800,trial.doublecue,565,1
755,81017,2,1,400,trial.validspatial,468,0
755,81017,1,1,800,trial.validspatial,1700,0
755,81017,1,2,800,trial.validspatial,311,1
755,81017,1,1,0,trial.validspatial,773,0
755,81017,1,2,400,trial.validspatial,1700,0
755,81017,2,1,400,trial.invalid,1554,1
755,81017,2,1,0,trial.invalid,400,1
755,81017,2,2,NaN,trial.nocue,1521,0
755,81017,1,1,800,trial.validspatial,1700,0
755,81017,2,2,400,trial.validspatial,702,1
755,81017,2,1,NaN,trial.nocue,1700,0
755,81017,1,1,400,trial.validspatial,1700,0
755,81017,1,2,NaN,trial.nocue,578,0
755,81017,1,2,0,trial.validspatial,26,1
755,81017,1,2,800,trial.validspatial,1700,0
755,81017,1,1,0,trial.validspatial,80,0
755,81017,1,1,400,trial.validspatial,1182,0
