subject,date,location_congruence_val,flanker_congruence_val,cue_target_interval,cue_condition,latency,values.correct
538,80817,1,1,0,trial.validspatial,1700,0
538,80817,1,2,0,trial.invalid,1700,0
538,80817,1,2,800,trial.validspatial,1031,1
538,80817,1,2,400,trial.validspatial,1055,1
538,80817,1,2,400,trial.doublecue,1637,1
538,80817,2,2,400,trial.validspatial,1079,1
538,80817,2,1,400,trial.doublecue,874,1
538,80817,2,1,0,trial.validspatial,1700,0
538,80817,2,1,400,trial.validspatial,961,1
538,80817,1,2,800,trial.validspatial,1194,1
538,80817,1,1,800,trial.invalid,926,1
538,80817,2,1,400,trial.validspatial,1046,1
538,80817,2,1,800,trial.validspatial,1238,1
538,80817,2,2,0,trial.validspatial,1112,1
538,80817,1,2,0,trial.validspatial,1284,1
538,80817,1,1,400,trial.validspatial,738,1
538,80817,1,1,NaN,trial.nocue,741,1
538,80817,1,2,0,trial.validspatial,1218,1
538,80817,1,1,NaN,trial.nocue,959,1
538,80817,2,2,0,trial.validspatial,975,1
538,80817,2,1,800,trial.invalid,744,1
538,80817,2,2,NaN,trial.nocue,1443,1
538,80817,1,2,400,trial.invalid,1700,0
538,80817,2,2,0,trial.doublecue,1134,1
538,80817,1,2,NaN,trial.nocue,1284,1
538,80817,1,1,400,trial.validspatial,587,1
538,80817,1,1,800,trial.validspatial,497,1
538,80817,2,1,NaN,trial.nocue,729,1
538,80817,1,1,800,trial.doublecue,620,1
538,80817,2,2,0,trial.doublecue,1090,1
538,80817,1,1,0,trial.invalid,736,1
538,80817,1,1,0,trial.invalid,739,1
538,80817,2,1,0,trial.validspatial,610,1
538,80817,2,1,0,trial.validspatial,581,1
538,80817,1,1,400,trial.doublecue,544,1
538,80817,2,2,800,trial.validspatial,909,1
538,80817,2,2,800,trial.validspatial,715,1
538,80817,2,2,0,trial.validspatial,1093,0
538,80817,1,2,400,trial.validspatial,698,1
538,80817,2,2,800,trial.invalid,752,1
538,80817,1,2,0,trial.invalid,1687,1
538,80817,2,1,400,trial.validspatial,731,1
538,80817,2,1,400,trial.validspatial,697,1
538,80817,2,1,NaN,trial.nocue,653,1
538,80817,2,2,NaN,trial.nocue,1257,1
538,80817,2,1,NaN,trial.nocue,709,1
538,80817,1,1,800,trial.validspatial,588,1
538,80817,1,1,NaN,trial.nocue,547,1
538,80817,2,1,800,trial.doublecue,1111,1
538,80817,2,2,NaN,trial.nocue,928,1
538,80817,1,2,400,trial.validspatial,1175,1
538,80817,1,1,400,trial.doublecue,697,1
538,80817,2,2,400,trial.invalid,1423,1
538,80817,1,1,NaN,trial.nocue,789,1
538,80817,2,1,800,trial.validspatial,759,1
538,80817,2,2,0,trial.validspatial,1029,1
538,80817,2,1,800,trial.doublecue,743,1
538,80817,2,1,400,trial.validspatial,504,1
538,80817,2,2,400,trial.validspatial,1065,1
538,80817,2,1,0,trial.doublecue,1381,1
538,80817,2,2,400,trial.validspatial,1700,0
538,80817,2,2,400,trial.invalid,1608,1
538,80817,2,2,800,trial.doublecue,1074,1
538,80817,1,2,400,trial.doublecue,1482,1
538,80817,1,2,0,trial.validspatial,1406,1
538,80817,1,2,NaN,trial.nocue,845,1
538,80817,1,1,800,trial.invalid,984,1
538,80817,2,2,800,trial.validspatial,631,1
538,80817,2,1,800,trial.validspatial,542,1
538,80817,2,1,0,trial.validspatial,1700,0
538,80817,2,2,NaN,trial.nocue,1148,1
538,80817,2,2,800,trial.validspatial,613,1
538,80817,1,1,400,trial.validspatial,785,1
538,80817,1,2,800,trial.invalid,1700,0
538,80817,2,2,0,trial.validspatial,845,1
538,80817,2,2,800,trial.validspatial,1566,1
538,80817,1,1,800,trial.validspatial,733,1
538,80817,2,1,NaN,trial.nocue,702,1
538,80817,1,2,NaN,trial.nocue,1126,1
538,80817,1,2,800,trial.validspatial,911,1
538,80817,1,2,0,trial.validspatial,1700,0
538,80817,2,2,0,trial.invalid,1043,1
538,80817,1,1,NaN,trial.nocue,750,1
538,80817,2,2,800,trial.validspatial,922,1
538,80817,2,1,800,trial.validspatial,698,1
538,80817,2,1,0,trial.validspatial,829,1
538,80817,1,1,800,trial.doublecue,624,1
538,80817,2,2,800,trial.invalid,1700,0
538,80817,1,2,400,trial.validspatial,730,1
538,80817,2,1,800,trial.validspatial,613,1
538,80817,1,2,400,trial.invalid,1134,1
538,80817,1,1,800,trial.validspatial,741,1
538,80817,2,2,400,trial.doublecue,687,1
538,80817,1,1,0,trial.validspatial,883,1
538,80817,2,1,NaN,trial.nocue,690,1
538,80817,2,1,400,trial.invalid,808,1
538,80817,1,2,800,trial.invalid,929,1
538,80817,1,2,0,trial.doublecue,1355,1
538,80817,1,1,400,trial.validspatial,1411,1
538,80817,1,2,400,trial.validspatial,1104,1
538,80817,1,1,0,trial.doublecue,867,1
538,80817,1,1,0,trial.doublecue,743,1
538,80817,1,2,NaN,trial.nocue,765,1
538,80817,2,1,400,trial.doublecue,613,1
538,80817,2,2,400,trial.validspatial,1168,1
538,80817,2,2,800,trial.doublecue,834,1
538,80817,2,2,NaN,trial.nocue,835,1
538,80817,1,2,NaN,trial.nocue,1242,1
538,80817,1,2,0,trial.doublecue,1155,0
538,80817,2,1,800,trial.invalid,840,1
538,80817,1,2,0,trial.validspatial,735,1
538,80817,1,1,0,trial.validspatial,746,1
538,80817,2,1,0,trial.validspatial,561,1
538,80817,1,1,400,trial.invalid,838,1
538,80817,1,2,800,trial.doublecue,1187,1
538,80817,2,2,0,trial.validspatial,946,1
538,80817,2,2,0,trial.invalid,1149,1
538,80817,1,1,0,trial.validspatial,598,1
538,80817,1,1,400,trial.invalid,661,1
538,80817,2,1,800,trial.validspatial,598,1
538,80817,2,2,400,trial.doublecue,973,1
538,80817,2,1,0,trial.doublecue,1215,1
538,80817,2,2,400,trial.validspatial,1700,0
538,80817,1,1,NaN,trial.nocue,663,1
538,80817,2,1,0,trial.invalid,773,1
538,80817,1,2,800,trial.validspatial,954,1
538,80817,1,2,800,trial.doublecue,1008,1
538,80817,2,1,400,trial.validspatial,510,1
538,80817,1,1,800,trial.validspatial,735,1
538,80817,1,2,800,trial.validspatial,722,1
538,80817,1,1,0,trial.validspatial,719,1
538,80817,1,2,400,trial.validspatial,783,1
538,80817,2,1,400,trial.invalid,731,1
538,80817,2,1,0,trial.invalid,633,1
538,80817,2,2,NaN,trial.nocue,825,1
538,80817,1,1,800,trial.validspatial,459,1
538,80817,2,2,400,trial.validspatial,567,1
538,80817,2,1,NaN,trial.nocue,985,1
538,80817,1,1,400,trial.validspatial,513,1
538,80817,1,2,NaN,trial.nocue,932,1
538,80817,1,2,0,trial.validspatial,1045,1
538,80817,1,2,800,trial.validspatial,549,1
538,80817,1,1,0,trial.validspatial,678,1
538,80817,1,1,400,trial.validspatial,390,1
538,80817,1,1,0,trial.validspatial,756,1
538,80817,1,2,0,trial.invalid,1062,1
538,80817,1,2,800,trial.validspatial,724,1
538,80817,1,2,400,trial.validspatial,883,1
538,80817,1,2,400,trial.doublecue,807,1
538,80817,2,2,400,trial.validspatial,743,1
538,80817,2,1,400,trial.doublecue,559,1
538,80817,2,1,0,trial.validspatial,504,1
538,80817,2,1,400,trial.validspatial,565,1
538,80817,1,2,800,trial.validspatial,765,1
538,80817,1,1,800,trial.invalid,692,1
538,80817,2,1,400,trial.validspatial,491,1
538,80817,2,1,800,trial.validspatial,422,1
538,80817,2,2,0,trial.validspatial,1073,1
538,80817,1,2,0,trial.validspatial,735,1
538,80817,1,1,400,trial.validspatial,504,1
538,80817,1,1,NaN,trial.nocue,710,1
538,80817,1,2,0,trial.validspatial,1039,1
538,80817,1,1,NaN,trial.nocue,714,1
538,80817,2,2,0,trial.validspatial,825,1
538,80817,2,1,800,trial.invalid,725,1
538,80817,2,2,NaN,trial.nocue,1637,1
538,80817,1,2,400,trial.invalid,990,1
538,80817,2,2,0,trial.doublecue,729,1
538,80817,1,2,NaN,trial.nocue,1700,0
538,80817,1,1,400,trial.validspatial,704,1
538,80817,1,1,800,trial.validspatial,542,1
538,80817,2,1,NaN,trial.nocue,1700,0
538,80817,1,1,800,trial.doublecue,1700,0
538,80817,2,2,0,trial.doublecue,1700,0
538,80817,1,1,0,trial.invalid,1700,0
538,80817,1,1,0,trial.invalid,666,1
538,80817,2,1,0,trial.validspatial,1700,0
538,80817,2,1,0,trial.validspatial,553,1
538,80817,1,1,400,trial.doublecue,453,1
538,80817,2,2,800,trial.validspatial,1700,0
538,80817,2,2,800,trial.validspatial,1700,0
538,80817,2,2,0,trial.validspatial,1700,0
538,80817,1,2,400,trial.validspatial,1700,0
538,80817,2,2,800,trial.invalid,1700,0
538,80817,1,2,0,trial.invalid,1198,1
538,80817,2,1,400,trial.validspatial,547,1
538,80817,2,1,400,trial.validspatial,792,1
538,80817,2,1,NaN,trial.nocue,676,1
538,80817,2,2,NaN,trial.nocue,1427,1
538,80817,2,1,NaN,trial.nocue,788,1
538,80817,1,1,800,trial.validspatial,564,1
538,80817,1,1,NaN,trial.nocue,586,1
538,80817,2,1,800,trial.doublecue,758,1
538,80817,2,2,NaN,trial.nocue,910,1
538,80817,1,2,400,trial.validspatial,810,1
538,80817,1,1,400,trial.doublecue,710,1
538,80817,2,2,400,trial.invalid,896,1
538,80817,1,1,NaN,trial.nocue,821,1
538,80817,2,1,800,trial.validspatial,585,1
538,80817,2,2,0,trial.validspatial,1219,1
538,80817,2,1,800,trial.doublecue,732,1
538,80817,2,1,400,trial.validspatial,610,1
538,80817,2,2,400,trial.validspatial,1538,1
538,80817,2,1,0,trial.doublecue,1017,1
538,80817,2,2,400,trial.validspatial,747,1
538,80817,2,2,400,trial.invalid,904,1
538,80817,2,2,800,trial.doublecue,728,1
538,80817,1,2,400,trial.doublecue,709,1
538,80817,1,2,0,trial.validspatial,897,1
538,80817,1,2,NaN,trial.nocue,662,1
538,80817,1,1,800,trial.invalid,667,1
538,80817,2,2,800,trial.validspatial,735,1
538,80817,2,1,800,trial.validspatial,557,1
538,80817,2,1,0,trial.validspatial,593,1
538,80817,2,2,NaN,trial.nocue,963,1
538,80817,2,2,800,trial.validspatial,729,1
538,80817,1,1,400,trial.validspatial,1700,0
538,80817,1,2,800,trial.invalid,712,1
538,80817,2,2,0,trial.validspatial,862,1
538,80817,2,2,800,trial.validspatial,631,1
538,80817,1,1,800,trial.validspatial,701,1
538,80817,2,1,NaN,trial.nocue,727,1
538,80817,1,2,NaN,trial.nocue,1034,1
538,80817,1,2,800,trial.validspatial,556,1
538,80817,1,2,0,trial.validspatial,510,1
538,80817,2,2,0,trial.invalid,476,1
538,80817,1,1,NaN,trial.nocue,709,1
538,80817,2,2,800,trial.validspatial,625,1
538,80817,2,1,800,trial.validspatial,413,1
538,80817,2,1,0,trial.validspatial,391,1
538,80817,1,1,800,trial.doublecue,657,1
538,80817,2,2,800,trial.invalid,677,1
538,80817,1,2,400,trial.validspatial,436,1
538,80817,2,1,800,trial.validspatial,461,1
538,80817,1,2,400,trial.invalid,643,1
538,80817,1,1,800,trial.validspatial,559,1
538,80817,2,2,400,trial.doublecue,638,1
538,80817,1,1,0,trial.validspatial,576,1
538,80817,2,1,NaN,trial.nocue,739,1
538,80817,2,1,400,trial.invalid,1061,1
538,80817,1,2,800,trial.invalid,664,1
538,80817,1,2,0,trial.doublecue,699,1
538,80817,1,1,400,trial.validspatial,528,1
538,80817,1,2,400,trial.validspatial,474,1
538,80817,1,1,0,trial.doublecue,513,1
538,80817,1,1,0,trial.doublecue,519,1
538,80817,1,2,NaN,trial.nocue,587,0
538,80817,2,1,400,trial.doublecue,581,1
538,80817,2,2,400,trial.validspatial,610,1
538,80817,2,2,800,trial.doublecue,608,1
538,80817,2,2,NaN,trial.nocue,515,1
538,80817,1,2,NaN,trial.nocue,582,1
538,80817,1,2,0,trial.doublecue,922,1
538,80817,2,1,800,trial.invalid,695,1
538,80817,1,2,0,trial.validspatial,687,1
538,80817,1,1,0,trial.validspatial,598,1
538,80817,2,1,0,trial.validspatial,733,1
538,80817,1,1,400,trial.invalid,1282,1
538,80817,1,2,800,trial.doublecue,457,1
538,80817,2,2,0,trial.validspatial,511,1
538,80817,2,2,0,trial.invalid,573,1
538,80817,1,1,0,trial.validspatial,970,1
538,80817,1,1,400,trial.invalid,582,1
538,80817,2,1,800,trial.validspatial,490,1
538,80817,2,2,400,trial.doublecue,573,1
538,80817,2,1,0,trial.doublecue,597,1
538,80817,2,2,400,trial.validspatial,945,0
538,80817,1,1,NaN,trial.nocue,1130,1
538,80817,2,1,0,trial.invalid,630,1
538,80817,1,2,800,trial.validspatial,886,1
538,80817,1,2,800,trial.doublecue,704,1
538,80817,2,1,400,trial.validspatial,435,1
538,80817,1,1,800,trial.validspatial,810,1
538,80817,1,2,800,trial.validspatial,507,1
538,80817,1,1,0,trial.validspatial,453,1
538,80817,1,2,400,trial.validspatial,1049,1
538,80817,2,1,400,trial.invalid,596,1
538,80817,2,1,0,trial.invalid,701,1
538,80817,2,2,NaN,trial.nocue,754,1
538,80817,1,1,800,trial.validspatial,546,1
538,80817,2,2,400,trial.validspatial,640,1
538,80817,2,1,NaN,trial.nocue,962,1
538,80817,1,1,400,trial.validspatial,726,1
538,80817,1,2,NaN,trial.nocue,600,1
538,80817,1,2,0,trial.validspatial,517,1
538,80817,1,2,800,trial.validspatial,500,1
538,80817,1,1,0,trial.validspatial,624,1
538,80817,1,1,400,trial.validspatial,1236,0
