subject,date,location_congruence_val,flanker_congruence_val,cue_target_interval,cue_condition,latency,values.correct
361,63017,1,1,0,trial.validspatial,520,1
361,63017,1,2,0,trial.invalid,692,0
361,63017,1,2,800,trial.validspatial,581,0
361,63017,1,2,400,trial.validspatial,614,0
361,63017,1,2,400,trial.doublecue,493,1
361,63017,2,2,400,trial.validspatial,344,1
361,63017,2,1,400,trial.doublecue,571,1
361,63017,2,1,0,trial.validspatial,454,1
361,63017,2,1,400,trial.validspatial,395,1
361,63017,1,2,800,trial.validspatial,492,0
361,63017,1,1,800,trial.invalid,507,0
361,63017,2,1,400,trial.validspatial,480,1
361,63017,2,1,800,trial.validspatial,580,1
361,63017,2,2,0,trial.validspatial,550,0
361,63017,1,2,0,trial.validspatial,340,1
361,63017,1,1,400,trial.validspatial,427,1
361,63017,1,1,NaN,trial.nocue,467,1
361,63017,1,2,0,trial.validspatial,377,0
361,63017,1,1,NaN,trial.nocue,444,1
361,63017,2,2,0,trial.validspatial,436,0
361,63017,2,1,800,trial.invalid,426,0
361,63017,2,2,NaN,trial.nocue,672,1
361,63017,1,2,400,trial.invalid,589,1
361,63017,2,2,0,trial.doublecue,572,0
361,63017,1,2,NaN,trial.nocue,373,1
361,63017,1,1,400,trial.validspatial,535,1
361,63017,1,1,800,trial.validspatial,410,1
361,63017,2,1,NaN,trial.nocue,369,0
361,63017,1,1,800,trial.doublecue,449,1
361,63017,2,2,0,trial.doublecue,514,0
361,63017,1,1,0,trial.invalid,381,1
361,63017,1,1,0,trial.invalid,390,1
361,63017,2,1,0,trial.validspatial,386,0
361,63017,2,1,0,trial.validspatial,409,1
361,63017,1,1,400,trial.doublecue,464,0
361,63017,2,2,800,trial.validspatial,470,0
361,63017,2,2,800,trial.validspatial,505,0
361,63017,2,2,0,trial.validspatial,491,0
361,63017,1,2,400,trial.validspatial,428,0
361,63017,2,2,800,trial.invalid,452,0
361,63017,1,2,0,trial.invalid,381,1
361,63017,2,1,400,trial.validspatial,541,1
361,63017,2,1,400,trial.validspatial,567,1
361,63017,2,1,NaN,trial.nocue,483,1
361,63017,2,2,NaN,trial.nocue,547,0
361,63017,2,1,NaN,trial.nocue,677,1
361,63017,1,1,800,trial.validspatial,501,1
361,63017,1,1,NaN,trial.nocue,417,1
361,63017,2,1,800,trial.doublecue,438,0
361,63017,2,2,NaN,trial.nocue,438,0
361,63017,1,2,400,trial.validspatial,389,0
361,63017,1,1,400,trial.doublecue,385,1
361,63017,2,2,400,trial.invalid,447,0
361,63017,1,1,NaN,trial.nocue,375,1
361,63017,2,1,800,trial.validspatial,399,1
361,63017,2,2,0,trial.validspatial,479,0
361,63017,2,1,800,trial.doublecue,322,0
361,63017,2,1,400,trial.validspatial,441,0
361,63017,2,2,400,trial.validspatial,498,0
361,63017,2,1,0,trial.doublecue,442,1
361,63017,2,2,400,trial.validspatial,521,0
361,63017,2,2,400,trial.invalid,448,0
361,63017,2,2,800,trial.doublecue,379,0
361,63017,1,2,400,trial.doublecue,312,1
361,63017,1,2,0,trial.validspatial,377,1
361,63017,1,2,NaN,trial.nocue,520,1
361,63017,1,1,800,trial.invalid,418,1
361,63017,2,2,800,trial.validspatial,306,0
361,63017,2,1,800,trial.validspatial,323,0
361,63017,2,1,0,trial.validspatial,713,1
361,63017,2,2,NaN,trial.nocue,323,0
361,63017,2,2,800,trial.validspatial,303,0
361,63017,1,1,400,trial.validspatial,349,1
361,63017,1,2,800,trial.invalid,693,0
361,63017,2,2,0,trial.validspatial,346,0
361,63017,2,2,800,trial.validspatial,430,0
361,63017,1,1,800,trial.validspatial,343,1
361,63017,2,1,NaN,trial.nocue,1204,0
361,63017,1,2,NaN,trial.nocue,323,1
361,63017,1,2,800,trial.validspatial,281,1
361,63017,1,2,0,trial.validspatial,506,1
361,63017,2,2,0,trial.invalid,424,0
361,63017,1,1,NaN,trial.nocue,349,1
361,63017,2,2,800,trial.validspatial,334,0
361,63017,2,1,800,trial.validspatial,304,0
361,63017,2,1,0,trial.validspatial,608,0
361,63017,1,1,800,trial.doublecue,467,1
361,63017,2,2,800,trial.invalid,482,0
361,63017,1,2,400,trial.validspatial,455,0
361,63017,2,1,800,trial.validspatial,502,1
361,63017,1,2,400,trial.invalid,381,1
361,63017,1,1,800,trial.validspatial,314,1
361,63017,2,2,400,trial.doublecue,386,0
361,63017,1,1,0,trial.validspatial,338,1
361,63017,2,1,NaN,trial.nocue,396,0
361,63017,2,1,400,trial.invalid,419,0
361,63017,1,2,800,trial.invalid,526,0
361,63017,1,2,0,trial.doublecue,491,1
361,63017,1,1,400,trial.validspatial,519,1
361,63017,1,2,400,trial.validspatial,504,1
361,63017,1,1,0,trial.doublecue,359,1
361,63017,1,1,0,trial.doublecue,394,1
361,63017,1,2,NaN,trial.nocue,409,1
361,63017,2,1,400,trial.doublecue,278,0
361,63017,2,2,400,trial.validspatial,291,0
361,63017,2,2,800,trial.doublecue,366,0
361,63017,2,2,NaN,trial.nocue,324,0
361,63017,1,2,NaN,trial.nocue,288,1
361,63017,1,2,0,trial.doublecue,429,1
361,63017,2,1,800,trial.invalid,440,0
361,63017,1,2,0,trial.validspatial,280,1
361,63017,1,1,0,trial.validspatial,361,1
361,63017,2,1,0,trial.validspatial,361,0
361,63017,1,1,400,trial.invalid,450,1
361,63017,1,2,800,trial.doublecue,350,1
361,63017,2,2,0,trial.validspatial,333,0
361,63017,2,2,0,trial.invalid,380,0
361,63017,1,1,0,trial.validspatial,358,1
361,63017,1,1,400,trial.invalid,445,1
361,63017,2,1,800,trial.validspatial,385,0
361,63017,2,2,400,trial.doublecue,527,0
361,63017,2,1,0,trial.doublecue,421,0
361,63017,2,2,400,trial.validspatial,284,0
361,63017,1,1,NaN,trial.nocue,376,1
361,63017,2,1,0,trial.invalid,454,0
361,63017,1,2,800,trial.validspatial,492,1
361,63017,1,2,800,trial.doublecue,318,1
361,63017,2,1,400,trial.validspatial,936,0
361,63017,1,1,800,trial.validspatial,327,1
361,63017,1,2,800,trial.validspatial,323,1
361,63017,1,1,0,trial.validspatial,344,1
361,63017,1,2,400,trial.validspatial,327,1
361,63017,2,1,400,trial.invalid,418,0
361,63017,2,1,0,trial.invalid,474,0
361,63017,2,2,NaN,trial.nocue,349,0
361,63017,1,1,800,trial.validspatial,278,1
361,63017,2,2,400,trial.validspatial,508,0
361,63017,2,1,NaN,trial.nocue,813,1
361,63017,1,1,400,trial.validspatial,319,1
361,63017,1,2,NaN,trial.nocue,565,1
361,63017,1,2,0,trial.validspatial,564,1
361,63017,1,2,800,trial.validspatial,399,1
361,63017,1,1,0,trial.validspatial,463,1
361,63017,1,1,400,trial.validspatial,334,1
361,63017,1,1,0,trial.validspatial,345,1
361,63017,1,2,0,trial.invalid,426,1
361,63017,1,2,800,trial.validspatial,280,1
361,63017,1,2,400,trial.validspatial,315,1
361,63017,1,2,400,trial.doublecue,377,1
361,63017,2,2,400,trial.validspatial,270,0
361,63017,2,1,400,trial.doublecue,321,0
361,63017,2,1,0,trial.validspatial,325,0
361,63017,2,1,400,trial.validspatial,517,1
361,63017,1,2,800,trial.validspatial,478,0
361,63017,1,1,800,trial.invalid,357,1
361,63017,2,1,400,trial.validspatial,394,0
361,63017,2,1,800,trial.validspatial,438,0
361,63017,2,2,0,trial.validspatial,386,0
361,63017,1,2,0,trial.validspatial,309,1
361,63017,1,1,400,trial.validspatial,317,1
361,63017,1,1,NaN,trial.nocue,332,1
361,63017,1,2,0,trial.validspatial,378,1
361,63017,1,1,NaN,trial.nocue,462,1
361,63017,2,2,0,trial.validspatial,362,0
361,63017,2,1,800,trial.invalid,387,0
361,63017,2,2,NaN,trial.nocue,1700,0
361,63017,1,2,400,trial.invalid,375,1
361,63017,2,2,0,trial.doublecue,399,0
361,63017,1,2,NaN,trial.nocue,372,1
361,63017,1,1,400,trial.validspatial,334,1
361,63017,1,1,800,trial.validspatial,314,1
361,63017,2,1,NaN,trial.nocue,529,1
361,63017,1,1,800,trial.doublecue,393,1
361,63017,2,2,0,trial.doublecue,401,0
361,63017,1,1,0,trial.invalid,347,1
361,63017,1,1,0,trial.invalid,389,1
361,63017,2,1,0,trial.validspatial,337,0
361,63017,2,1,0,trial.validspatial,351,0
361,63017,1,1,400,trial.doublecue,638,1
361,63017,2,2,800,trial.validspatial,284,0
361,63017,2,2,800,trial.validspatial,343,0
361,63017,2,2,0,trial.validspatial,458,0
361,63017,1,2,400,trial.validspatial,323,1
361,63017,2,2,800,trial.invalid,324,0
361,63017,1,2,0,trial.invalid,420,1
361,63017,2,1,400,trial.validspatial,317,0
361,63017,2,1,400,trial.validspatial,351,0
361,63017,2,1,NaN,trial.nocue,1700,0
361,63017,2,2,NaN,trial.nocue,559,0
361,63017,2,1,NaN,trial.nocue,617,0
361,63017,1,1,800,trial.validspatial,455,1
361,63017,1,1,NaN,trial.nocue,492,1
361,63017,2,1,800,trial.doublecue,392,0
361,63017,2,2,NaN,trial.nocue,448,0
361,63017,1,2,400,trial.validspatial,320,1
361,63017,1,1,400,trial.doublecue,428,1
361,63017,2,2,400,trial.invalid,370,0
361,63017,1,1,NaN,trial.nocue,402,1
361,63017,2,1,800,trial.validspatial,337,0
361,63017,2,2,0,trial.validspatial,313,0
361,63017,2,1,800,trial.doublecue,324,0
361,63017,2,1,400,trial.validspatial,324,0
361,63017,2,2,400,trial.validspatial,477,0
361,63017,2,1,0,trial.doublecue,565,0
361,63017,2,2,400,trial.validspatial,319,0
361,63017,2,2,400,trial.invalid,551,0
361,63017,2,2,800,trial.doublecue,360,0
361,63017,1,2,400,trial.doublecue,318,1
361,63017,1,2,0,trial.validspatial,303,1
361,63017,1,2,NaN,trial.nocue,382,1
361,63017,1,1,800,trial.invalid,295,1
361,63017,2,2,800,trial.validspatial,295,0
361,63017,2,1,800,trial.validspatial,393,0
361,63017,2,1,0,trial.validspatial,407,0
361,63017,2,2,NaN,trial.nocue,416,0
361,63017,2,2,800,trial.validspatial,323,0
361,63017,1,1,400,trial.validspatial,1700,0
361,63017,1,2,800,trial.invalid,323,1
361,63017,2,2,0,trial.validspatial,372,1
361,63017,2,2,800,trial.validspatial,315,1
361,63017,1,1,800,trial.validspatial,324,1
361,63017,2,1,NaN,trial.nocue,347,1
361,63017,1,2,NaN,trial.nocue,256,0
361,63017,1,2,800,trial.validspatial,283,0
361,63017,1,2,0,trial.validspatial,295,0
361,63017,2,2,0,trial.invalid,279,0
361,63017,1,1,NaN,trial.nocue,297,1
361,63017,2,2,800,trial.validspatial,377,1
361,63017,2,1,800,trial.validspatial,318,0
361,63017,2,1,0,trial.validspatial,330,0
361,63017,1,1,800,trial.doublecue,357,0
361,63017,2,2,800,trial.invalid,312,1
361,63017,1,2,400,trial.validspatial,344,1
361,63017,2,1,800,trial.validspatial,360,1
361,63017,1,2,400,trial.invalid,318,1
361,63017,1,1,800,trial.validspatial,537,1
361,63017,2,2,400,trial.doublecue,319,0
361,63017,1,1,0,trial.validspatial,552,0
361,63017,2,1,NaN,trial.nocue,389,0
361,63017,2,1,400,trial.invalid,479,1
361,63017,1,2,800,trial.invalid,511,0
361,63017,1,2,0,trial.doublecue,381,1
361,63017,1,1,400,trial.validspatial,367,1
361,63017,1,2,400,trial.validspatial,355,1
361,63017,1,1,0,trial.doublecue,322,0
361,63017,1,1,0,trial.doublecue,1700,0
361,63017,1,2,NaN,trial.nocue,1700,0
361,63017,2,1,400,trial.doublecue,1700,0
361,63017,2,2,400,trial.validspatial,1700,0
361,63017,2,2,800,trial.doublecue,1700,0
361,63017,2,2,NaN,trial.nocue,91,1
361,63017,1,2,NaN,trial.nocue,394,1
361,63017,1,2,0,trial.doublecue,384,0
361,63017,2,1,800,trial.invalid,315,0
361,63017,1,2,0,trial.validspatial,334,0
361,63017,1,1,0,trial.validspatial,263,1
361,63017,2,1,0,trial.validspatial,264,0
361,63017,1,1,400,trial.invalid,368,1
361,63017,1,2,800,trial.doublecue,265,0
361,63017,2,2,0,trial.validspatial,283,0
361,63017,2,2,0,trial.invalid,384,0
361,63017,1,1,0,trial.validspatial,393,0
361,63017,1,1,400,trial.invalid,371,0
361,63017,2,1,800,trial.validspatial,365,1
361,63017,2,2,400,trial.doublecue,393,1
361,63017,2,1,0,trial.doublecue,375,0
361,63017,2,2,400,trial.validspatial,511,0
361,63017,1,1,NaN,trial.nocue,301,1
361,63017,2,1,0,trial.invalid,297,1
361,63017,1,2,800,trial.validspatial,327,0
361,63017,1,2,800,trial.doublecue,351,1
361,63017,2,1,400,trial.validspatial,286,0
361,63017,1,1,800,trial.validspatial,303,0
361,63017,1,2,800,trial.validspatial,290,0
361,63017,1,1,0,trial.validspatial,329,0
361,63017,1,2,400,trial.validspatial,363,0
361,63017,2,1,400,trial.invalid,371,0
361,63017,2,1,0,trial.invalid,281,0
361,63017,2,2,NaN,trial.nocue,354,0
361,63017,1,1,800,trial.validspatial,301,0
361,63017,2,2,400,trial.validspatial,378,1
361,63017,2,1,NaN,trial.nocue,667,0
361,63017,1,1,400,trial.validspatial,433,1
361,63017,1,2,NaN,trial.nocue,362,1
361,63017,1,2,0,trial.validspatial,290,0
361,63017,1,2,800,trial.validspatial,355,0
361,63017,1,1,0,trial.validspatial,417,0
361,63017,1,1,400,trial.validspatial,450,0
