subject,date,location_congruence_val,flanker_congruence_val,cue_target_interval,cue_condition,latency,values.correct
5,21317,1,1,0,trial.validspatial,468,1
5,21317,1,2,0,trial.invalid,695,0
5,21317,1,2,800,trial.validspatial,749,1
5,21317,1,2,400,trial.validspatial,665,1
5,21317,1,2,400,trial.doublecue,1027,1
5,21317,2,2,400,trial.validspatial,608,1
5,21317,2,1,400,trial.doublecue,595,1
5,21317,2,1,0,trial.validspatial,1022,1
5,21317,2,1,400,trial.validspatial,441,1
5,21317,1,2,800,trial.validspatial,514,1
5,21317,1,1,800,trial.invalid,945,1
5,21317,2,1,400,trial.validspatial,458,1
5,21317,2,1,800,trial.validspatial,482,1
5,21317,2,2,0,trial.validspatial,875,1
5,21317,1,2,0,trial.validspatial,806,1
5,21317,1,1,400,trial.validspatial,563,1
5,21317,1,1,NaN,trial.nocue,771,1
5,21317,1,2,0,trial.validspatial,971,1
5,21317,1,1,NaN,trial.nocue,427,1
5,21317,2,2,0,trial.validspatial,835,1
5,21317,2,1,800,trial.invalid,692,1
5,21317,2,2,NaN,trial.nocue,767,1
5,21317,1,2,400,trial.invalid,791,1
5,21317,2,2,0,trial.doublecue,865,1
5,21317,1,2,NaN,trial.nocue,690,1
5,21317,1,1,400,trial.validspatial,550,1
5,21317,1,1,800,trial.validspatial,464,1
5,21317,2,1,NaN,trial.nocue,788,1
5,21317,1,1,800,trial.doublecue,418,1
5,21317,2,2,0,trial.doublecue,745,1
5,21317,1,1,0,trial.invalid,526,1
5,21317,1,1,0,trial.invalid,641,1
5,21317,2,1,0,trial.validspatial,522,1
5,21317,2,1,0,trial.validspatial,639,1
5,21317,1,1,400,trial.doublecue,636,1
5,21317,2,2,800,trial.validspatial,631,1
5,21317,2,2,800,trial.validspatial,590,1
5,21317,2,2,0,trial.validspatial,862,1
5,21317,1,2,400,trial.validspatial,558,1
5,21317,2,2,800,trial.invalid,724,1
5,21317,1,2,0,trial.invalid,548,0
5,21317,2,1,400,trial.validspatial,442,1
5,21317,2,1,400,trial.validspatial,390,1
5,21317,2,1,NaN,trial.nocue,442,1
5,21317,2,2,NaN,trial.nocue,826,1
5,21317,2,1,NaN,trial.nocue,506,1
5,21317,1,1,800,trial.validspatial,13,0
5,21317,1,1,NaN,trial.nocue,602,1
5,21317,2,1,800,trial.doublecue,735,1
5,21317,2,2,NaN,trial.nocue,823,1
5,21317,1,2,400,trial.validspatial,445,0
5,21317,1,1,400,trial.doublecue,545,1
5,21317,2,2,400,trial.invalid,1479,1
5,21317,1,1,NaN,trial.nocue,908,1
5,21317,2,1,800,trial.validspatial,754,1
5,21317,2,2,0,trial.validspatial,936,1
5,21317,2,1,800,trial.doublecue,1103,1
5,21317,2,1,400,trial.validspatial,1700,0
5,21317,2,2,400,trial.validspatial,753,0
5,21317,2,1,0,trial.doublecue,1005,1
5,21317,2,2,400,trial.validspatial,710,1
5,21317,2,2,400,trial.invalid,707,1
5,21317,2,2,800,trial.doublecue,1132,1
5,21317,1,2,400,trial.doublecue,552,1
5,21317,1,2,0,trial.validspatial,724,1
5,21317,1,2,NaN,trial.nocue,806,1
5,21317,1,1,800,trial.invalid,723,1
5,21317,2,2,800,trial.validspatial,729,1
5,21317,2,1,800,trial.validspatial,458,1
5,21317,2,1,0,trial.validspatial,497,1
5,21317,2,2,NaN,trial.nocue,819,1
5,21317,2,2,800,trial.validspatial,561,1
5,21317,1,1,400,trial.validspatial,628,1
5,21317,1,2,800,trial.invalid,890,1
5,21317,2,2,0,trial.validspatial,802,1
5,21317,2,2,800,trial.validspatial,650,1
5,21317,1,1,800,trial.validspatial,483,1
5,21317,2,1,NaN,trial.nocue,489,1
5,21317,1,2,NaN,trial.nocue,645,1
5,21317,1,2,800,trial.validspatial,575,1
5,21317,1,2,0,trial.validspatial,777,1
5,21317,2,2,0,trial.invalid,755,1
5,21317,1,1,NaN,trial.nocue,537,1
5,21317,2,2,800,trial.validspatial,684,1
5,21317,2,1,800,trial.validspatial,643,1
5,21317,2,1,0,trial.validspatial,835,1
5,21317,1,1,800,trial.doublecue,837,1
5,21317,2,2,800,trial.invalid,856,1
5,21317,1,2,400,trial.validspatial,732,1
5,21317,2,1,800,trial.validspatial,697,1
5,21317,1,2,400,trial.invalid,867,1
5,21317,1,1,800,trial.validspatial,509,1
5,21317,2,2,400,trial.doublecue,763,1
5,21317,1,1,0,trial.validspatial,490,1
5,21317,2,1,NaN,trial.nocue,459,1
5,21317,2,1,400,trial.invalid,534,1
5,21317,1,2,800,trial.invalid,707,1
5,21317,1,2,0,trial.doublecue,681,1
5,21317,1,1,400,trial.validspatial,448,1
5,21317,1,2,400,trial.validspatial,656,1
5,21317,1,1,0,trial.doublecue,612,1
5,21317,1,1,0,trial.doublecue,658,1
5,21317,1,2,NaN,trial.nocue,752,1
5,21317,2,1,400,trial.doublecue,576,1
5,21317,2,2,400,trial.validspatial,561,1
5,21317,2,2,800,trial.doublecue,702,1
5,21317,2,2,NaN,trial.nocue,686,1
5,21317,1,2,NaN,trial.nocue,729,0
5,21317,1,2,0,trial.doublecue,692,1
5,21317,2,1,800,trial.invalid,536,1
5,21317,1,2,0,trial.validspatial,690,1
5,21317,1,1,0,trial.validspatial,749,1
5,21317,2,1,0,trial.validspatial,565,1
5,21317,1,1,400,trial.invalid,597,1
5,21317,1,2,800,trial.doublecue,745,1
5,21317,2,2,0,trial.validspatial,523,0
5,21317,2,2,0,trial.invalid,813,1
5,21317,1,1,0,trial.validspatial,672,1
5,21317,1,1,400,trial.invalid,597,1
5,21317,2,1,800,trial.validspatial,658,1
5,21317,2,2,400,trial.doublecue,706,0
5,21317,2,1,0,trial.doublecue,658,1
5,21317,2,2,400,trial.validspatial,589,1
5,21317,1,1,NaN,trial.nocue,500,1
5,21317,2,1,0,trial.invalid,531,1
5,21317,1,2,800,trial.validspatial,701,1
5,21317,1,2,800,trial.doublecue,793,1
5,21317,2,1,400,trial.validspatial,558,1
5,21317,1,1,800,trial.validspatial,404,1
5,21317,1,2,800,trial.validspatial,673,1
5,21317,1,1,0,trial.validspatial,578,1
5,21317,1,2,400,trial.validspatial,536,1
5,21317,2,1,400,trial.invalid,746,1
5,21317,2,1,0,trial.invalid,724,1
5,21317,2,2,NaN,trial.nocue,554,0
5,21317,1,1,800,trial.validspatial,489,1
5,21317,2,2,400,trial.validspatial,806,1
5,21317,2,1,NaN,trial.nocue,617,1
5,21317,1,1,400,trial.validspatial,500,1
5,21317,1,2,NaN,trial.nocue,683,1
5,21317,1,2,0,trial.validspatial,855,1
5,21317,1,2,800,trial.validspatial,782,1
5,21317,1,1,0,trial.validspatial,541,1
5,21317,1,1,400,trial.validspatial,455,1
5,21317,1,1,0,trial.validspatial,563,1
5,21317,1,2,0,trial.invalid,905,1
5,21317,1,2,800,trial.validspatial,772,1
5,21317,1,2,400,trial.validspatial,701,1
5,21317,1,2,400,trial.doublecue,746,1
5,21317,2,2,400,trial.validspatial,587,1
5,21317,2,1,400,trial.doublecue,579,1
5,21317,2,1,0,trial.validspatial,734,1
5,21317,2,1,400,trial.validspatial,635,1
5,21317,1,2,800,trial.validspatial,719,1
5,21317,1,1,800,trial.invalid,850,1
5,21317,2,1,400,trial.validspatial,495,1
5,21317,2,1,800,trial.validspatial,518,1
5,21317,2,2,0,trial.validspatial,842,1
5,21317,1,2,0,trial.validspatial,870,1
5,21317,1,1,400,trial.validspatial,533,1
5,21317,1,1,NaN,trial.nocue,492,1
5,21317,1,2,0,trial.validspatial,643,1
5,21317,1,1,NaN,trial.nocue,622,1
5,21317,2,2,0,trial.validspatial,496,0
5,21317,2,1,800,trial.invalid,630,1
5,21317,2,2,NaN,trial.nocue,908,1
5,21317,1,2,400,trial.invalid,665,1
5,21317,2,2,0,trial.doublecue,683,1
5,21317,1,2,NaN,trial.nocue,600,1
5,21317,1,1,400,trial.validspatial,540,1
5,21317,1,1,800,trial.validspatial,518,1
5,21317,2,1,NaN,trial.nocue,714,1
5,21317,1,1,800,trial.doublecue,547,1
5,21317,2,2,0,trial.doublecue,780,1
5,21317,1,1,0,trial.invalid,662,1
5,21317,1,1,0,trial.invalid,733,1
5,21317,2,1,0,trial.validspatial,540,1
5,21317,2,1,0,trial.validspatial,505,1
5,21317,1,1,400,trial.doublecue,581,1
5,21317,2,2,800,trial.validspatial,600,1
5,21317,2,2,800,trial.validspatial,618,1
5,21317,2,2,0,trial.validspatial,714,1
5,21317,1,2,400,trial.validspatial,780,1
5,21317,2,2,800,trial.invalid,742,1
5,21317,1,2,0,trial.invalid,912,1
5,21317,2,1,400,trial.validspatial,673,1
5,21317,2,1,400,trial.validspatial,453,1
5,21317,2,1,NaN,trial.nocue,535,1
5,21317,2,2,NaN,trial.nocue,776,1
5,21317,2,1,NaN,trial.nocue,451,1
5,21317,1,1,800,trial.validspatial,486,1
5,21317,1,1,NaN,trial.nocue,503,1
5,21317,2,1,800,trial.doublecue,588,1
5,21317,2,2,NaN,trial.nocue,414,0
5,21317,1,2,400,trial.validspatial,802,1
5,21317,1,1,400,trial.doublecue,501,1
5,21317,2,2,400,trial.invalid,760,1
5,21317,1,1,NaN,trial.nocue,816,1
5,21317,2,1,800,trial.validspatial,527,1
5,21317,2,2,0,trial.validspatial,639,1
5,21317,2,1,800,trial.doublecue,695,1
5,21317,2,1,400,trial.validspatial,564,1
5,21317,2,2,400,trial.validspatial,574,1
5,21317,2,1,0,trial.doublecue,755,1
5,21317,2,2,400,trial.validspatial,571,1
5,21317,2,2,400,trial.invalid,752,1
5,21317,2,2,800,trial.doublecue,640,1
5,21317,1,2,400,trial.doublecue,716,1
5,21317,1,2,0,trial.validspatial,784,1
5,21317,1,2,NaN,trial.nocue,831,1
5,21317,1,1,800,trial.invalid,715,1
5,21317,2,2,800,trial.validspatial,567,1
5,21317,2,1,800,trial.validspatial,617,1
5,21317,2,1,0,trial.validspatial,667,1
5,21317,2,2,NaN,trial.nocue,848,1
5,21317,2,2,800,trial.validspatial,469,1
5,21317,1,1,400,trial.validspatial,1700,0
5,21317,1,2,800,trial.invalid,600,1
5,21317,2,2,0,trial.validspatial,803,1
5,21317,2,2,800,trial.validspatial,689,1
5,21317,1,1,800,trial.validspatial,1125,1
5,21317,2,1,NaN,trial.nocue,764,1
5,21317,1,2,NaN,trial.nocue,961,1
5,21317,1,2,800,trial.validspatial,751,1
5,21317,1,2,0,trial.validspatial,819,1
5,21317,2,2,0,trial.invalid,546,1
5,21317,1,1,NaN,trial.nocue,782,1
5,21317,2,2,800,trial.validspatial,664,1
5,21317,2,1,800,trial.validspatial,530,1
5,21317,2,1,0,trial.validspatial,585,1
5,21317,1,1,800,trial.doublecue,753,1
5,21317,2,2,800,trial.invalid,647,1
5,21317,1,2,400,trial.validspatial,577,1
5,21317,2,1,800,trial.validspatial,525,1
5,21317,1,2,400,trial.invalid,792,1
5,21317,1,1,800,trial.validspatial,598,1
5,21317,2,2,400,trial.doublecue,922,0
5,21317,1,1,0,trial.validspatial,565,1
5,21317,2,1,NaN,trial.nocue,868,0
5,21317,2,1,400,trial.invalid,816,1
5,21317,1,2,800,trial.invalid,661,1
5,21317,1,2,0,trial.doublecue,694,1
5,21317,1,1,400,trial.validspatial,571,1
5,21317,1,2,400,trial.validspatial,497,1
5,21317,1,1,0,trial.doublecue,620,1
5,21317,1,1,0,trial.doublecue,575,1
5,21317,1,2,NaN,trial.nocue,868,1
5,21317,2,1,400,trial.doublecue,582,1
5,21317,2,2,400,trial.validspatial,580,1
5,21317,2,2,800,trial.doublecue,633,1
5,21317,2,2,NaN,trial.nocue,503,1
5,21317,1,2,NaN,trial.nocue,654,1
5,21317,1,2,0,trial.doublecue,660,1
5,21317,2,1,800,trial.invalid,580,1
5,21317,1,2,0,trial.validspatial,852,1
5,21317,1,1,0,trial.validspatial,616,1
5,21317,2,1,0,trial.validspatial,1150,1
5,21317,1,1,400,trial.invalid,732,1
5,21317,1,2,800,trial.doublecue,516,1
5,21317,2,2,0,trial.validspatial,476,1
5,21317,2,2,0,trial.invalid,888,1
5,21317,1,1,0,trial.validspatial,817,1
5,21317,1,1,400,trial.invalid,574,1
5,21317,2,1,800,trial.validspatial,524,1
5,21317,2,2,400,trial.doublecue,638,1
5,21317,2,1,0,trial.doublecue,704,1
5,21317,2,2,400,trial.validspatial,743,1
5,21317,1,1,NaN,trial.nocue,725,1
5,21317,2,1,0,trial.invalid,636,1
5,21317,1,2,800,trial.validspatial,874,1
5,21317,1,2,800,trial.doublecue,645,1
5,21317,2,1,400,trial.validspatial,557,1
5,21317,1,1,800,trial.validspatial,741,1
5,21317,1,2,800,trial.validspatial,703,1
5,21317,1,1,0,trial.validspatial,776,1
5,21317,1,2,400,trial.validspatial,816,1
5,21317,2,1,400,trial.invalid,881,1
5,21317,2,1,0,trial.invalid,921,1
5,21317,2,2,NaN,trial.nocue,739,1
5,21317,1,1,800,trial.validspatial,888,1
5,21317,2,2,400,trial.validspatial,859,1
5,21317,2,1,NaN,trial.nocue,735,1
5,21317,1,1,400,trial.validspatial,802,1
5,21317,1,2,NaN,trial.nocue,666,1
5,21317,1,2,0,trial.validspatial,628,1
5,21317,1,2,800,trial.validspatial,470,1
5,21317,1,1,0,trial.validspatial,609,1
5,21317,1,1,400,trial.validspatial,663,0
