subject,date,location_congruence_val,flanker_congruence_val,cue_target_interval,cue_condition,latency,values.correct
191,62917,1,1,0,trial.validspatial,1347,1
191,62917,1,2,0,trial.invalid,962,1
191,62917,1,2,800,trial.validspatial,658,1
191,62917,1,2,400,trial.validspatial,741,1
191,62917,1,2,400,trial.doublecue,731,1
191,62917,2,2,400,trial.validspatial,561,1
191,62917,2,1,400,trial.doublecue,489,1
191,62917,2,1,0,trial.validspatial,521,1
191,62917,2,1,400,trial.validspatial,478,1
191,62917,1,2,800,trial.validspatial,541,1
191,62917,1,1,800,trial.invalid,639,1
191,62917,2,1,400,trial.validspatial,491,1
191,62917,2,1,800,trial.validspatial,426,1
191,62917,2,2,0,trial.validspatial,674,1
191,62917,1,2,0,trial.validspatial,753,1
191,62917,1,1,400,trial.validspatial,463,1
191,62917,1,1,NaN,trial.nocue,623,1
191,62917,1,2,0,trial.validspatial,543,1
191,62917,1,1,NaN,trial.nocue,581,1
191,62917,2,2,0,trial.validspatial,787,1
191,62917,2,1,800,trial.invalid,615,1
191,62917,2,2,NaN,trial.nocue,804,1
191,62917,1,2,400,trial.invalid,770,1
191,62917,2,2,0,trial.doublecue,688,1
191,62917,1,2,NaN,trial.nocue,724,1
191,62917,1,1,400,trial.validspatial,376,1
191,62917,1,1,800,trial.validspatial,493,1
191,62917,2,1,NaN,trial.nocue,720,1
191,62917,1,1,800,trial.doublecue,420,1
191,62917,2,2,0,trial.doublecue,741,1
191,62917,1,1,0,trial.invalid,558,1
191,62917,1,1,0,trial.invalid,663,1
191,62917,2,1,0,trial.validspatial,557,1
191,62917,2,1,0,trial.validspatial,541,1
191,62917,1,1,400,trial.doublecue,425,1
191,62917,2,2,800,trial.validspatial,583,1
191,62917,2,2,800,trial.validspatial,766,1
191,62917,2,2,0,trial.validspatial,609,1
191,62917,1,2,400,trial.validspatial,464,1
191,62917,2,2,800,trial.invalid,728,1
191,62917,1,2,0,trial.invalid,633,0
191,62917,2,1,400,trial.validspatial,452,1
191,62917,2,1,400,trial.validspatial,449,1
191,62917,2,1,NaN,trial.nocue,714,1
191,62917,2,2,NaN,trial.nocue,707,1
191,62917,2,1,NaN,trial.nocue,570,1
191,62917,1,1,800,trial.validspatial,449,1
191,62917,1,1,NaN,trial.nocue,410,1
191,62917,2,1,800,trial.doublecue,701,1
191,62917,2,2,NaN,trial.nocue,613,1
191,62917,1,2,400,trial.validspatial,593,1
191,62917,1,1,400,trial.doublecue,416,1
191,62917,2,2,400,trial.invalid,783,1
191,62917,1,1,NaN,trial.nocue,487,1
191,62917,2,1,800,trial.validspatial,458,1
191,62917,2,2,0,trial.validspatial,644,1
191,62917,2,1,800,trial.doublecue,626,1
191,62917,2,1,400,trial.validspatial,528,1
191,62917,2,2,400,trial.validspatial,604,1
191,62917,2,1,0,trial.doublecue,608,1
191,62917,2,2,400,trial.validspatial,562,1
191,62917,2,2,400,trial.invalid,766,1
191,62917,2,2,800,trial.doublecue,626,1
191,62917,1,2,400,trial.doublecue,601,1
191,62917,1,2,0,trial.validspatial,798,1
191,62917,1,2,NaN,trial.nocue,775,1
191,62917,1,1,800,trial.invalid,760,1
191,62917,2,2,800,trial.validspatial,729,1
191,62917,2,1,800,trial.validspatial,513,1
191,62917,2,1,0,trial.validspatial,674,1
191,62917,2,2,NaN,trial.nocue,787,1
191,62917,2,2,800,trial.validspatial,480,1
191,62917,1,1,400,trial.validspatial,1227,1
191,62917,1,2,800,trial.invalid,759,1
191,62917,2,2,0,trial.validspatial,655,1
191,62917,2,2,800,trial.validspatial,621,1
191,62917,1,1,800,trial.validspatial,454,1
191,62917,2,1,NaN,trial.nocue,514,1
191,62917,1,2,NaN,trial.nocue,596,1
191,62917,1,2,800,trial.validspatial,678,1
191,62917,1,2,0,trial.validspatial,911,1
191,62917,2,2,0,trial.invalid,769,1
191,62917,1,1,NaN,trial.nocue,726,1
191,62917,2,2,800,trial.validspatial,626,1
191,62917,2,1,800,trial.validspatial,643,1
191,62917,2,1,0,trial.validspatial,552,1
191,62917,1,1,800,trial.doublecue,554,1
191,62917,2,2,800,trial.invalid,595,0
191,62917,1,2,400,trial.validspatial,527,1
191,62917,2,1,800,trial.validspatial,481,1
191,62917,1,2,400,trial.invalid,905,1
191,62917,1,1,800,trial.validspatial,477,1
191,62917,2,2,400,trial.doublecue,753,1
191,62917,1,1,0,trial.validspatial,560,1
191,62917,2,1,NaN,trial.nocue,567,1
191,62917,2,1,400,trial.invalid,640,1
191,62917,1,2,800,trial.invalid,743,1
191,62917,1,2,0,trial.doublecue,884,1
191,62917,1,1,400,trial.validspatial,492,1
191,62917,1,2,400,trial.validspatial,825,1
191,62917,1,1,0,trial.doublecue,614,1
191,62917,1,1,0,trial.doublecue,507,1
191,62917,1,2,NaN,trial.nocue,739,1
191,62917,2,1,400,trial.doublecue,521,1
191,62917,2,2,400,trial.validspatial,570,1
191,62917,2,2,800,trial.doublecue,701,1
191,62917,2,2,NaN,trial.nocue,669,1
191,62917,1,2,NaN,trial.nocue,654,1
191,62917,1,2,0,trial.doublecue,818,1
191,62917,2,1,800,trial.invalid,672,1
191,62917,1,2,0,trial.validspatial,599,1
191,62917,1,1,0,trial.validspatial,576,1
191,62917,2,1,0,trial.validspatial,533,1
191,62917,1,1,400,trial.invalid,621,1
191,62917,1,2,800,trial.doublecue,673,1
191,62917,2,2,0,trial.validspatial,750,1
191,62917,2,2,0,trial.invalid,782,1
191,62917,1,1,0,trial.validspatial,658,1
191,62917,1,1,400,trial.invalid,594,1
191,62917,2,1,800,trial.validspatial,674,1
191,62917,2,2,400,trial.doublecue,841,1
191,62917,2,1,0,trial.doublecue,630,1
191,62917,2,2,400,trial.validspatial,640,1
191,62917,1,1,NaN,trial.nocue,487,1
191,62917,2,1,0,trial.invalid,626,1
191,62917,1,2,800,trial.validspatial,712,1
191,62917,1,2,800,trial.doublecue,780,1
191,62917,2,1,400,trial.validspatial,657,1
191,62917,1,1,800,trial.validspatial,647,1
191,62917,1,2,800,trial.validspatial,560,1
191,62917,1,1,0,trial.validspatial,624,1
191,62917,1,2,400,trial.validspatial,820,1
191,62917,2,1,400,trial.invalid,621,1
191,62917,2,1,0,trial.invalid,604,1
191,62917,2,2,NaN,trial.nocue,642,1
191,62917,1,1,800,trial.validspatial,449,1
191,62917,2,2,400,trial.validspatial,589,1
191,62917,2,1,NaN,trial.nocue,762,1
191,62917,1,1,400,trial.validspatial,528,1
191,62917,1,2,NaN,trial.nocue,807,1
191,62917,1,2,0,trial.validspatial,567,1
191,62917,1,2,800,trial.validspatial,692,1
191,62917,1,1,0,trial.validspatial,593,1
191,62917,1,1,400,trial.validspatial,398,1
191,62917,1,1,0,trial.validspatial,559,1
191,62917,1,2,0,trial.invalid,737,0
191,62917,1,2,800,trial.validspatial,802,1
191,62917,1,2,400,trial.validspatial,746,1
191,62917,1,2,400,trial.doublecue,741,1
191,62917,2,2,400,trial.validspatial,860,1
191,62917,2,1,400,trial.doublecue,579,1
191,62917,2,1,0,trial.validspatial,414,1
191,62917,2,1,400,trial.validspatial,502,1
191,62917,1,2,800,trial.validspatial,526,1
191,62917,1,1,800,trial.invalid,592,1
191,62917,2,1,400,trial.validspatial,484,1
191,62917,2,1,800,trial.validspatial,461,1
191,62917,2,2,0,trial.validspatial,795,1
191,62917,1,2,0,trial.validspatial,765,1
191,62917,1,1,400,trial.validspatial,471,1
191,62917,1,1,NaN,trial.nocue,778,1
191,62917,1,2,0,trial.validspatial,772,1
191,62917,1,1,NaN,trial.nocue,695,1
191,62917,2,2,0,trial.validspatial,628,1
191,62917,2,1,800,trial.invalid,625,1
191,62917,2,2,NaN,trial.nocue,769,1
191,62917,1,2,400,trial.invalid,737,1
191,62917,2,2,0,trial.doublecue,738,1
191,62917,1,2,NaN,trial.nocue,772,1
191,62917,1,1,400,trial.validspatial,460,1
191,62917,1,1,800,trial.validspatial,546,1
191,62917,2,1,NaN,trial.nocue,702,1
191,62917,1,1,800,trial.doublecue,655,1
191,62917,2,2,0,trial.doublecue,940,1
191,62917,1,1,0,trial.invalid,630,1
191,62917,1,1,0,trial.invalid,616,1
191,62917,2,1,0,trial.validspatial,602,1
191,62917,2,1,0,trial.validspatial,535,1
191,62917,1,1,400,trial.doublecue,419,1
191,62917,2,2,800,trial.validspatial,693,1
191,62917,2,2,800,trial.validspatial,609,1
191,62917,2,2,0,trial.validspatial,739,1
191,62917,1,2,400,trial.validspatial,625,1
191,62917,2,2,800,trial.invalid,713,1
191,62917,1,2,0,trial.invalid,919,1
191,62917,2,1,400,trial.validspatial,537,1
191,62917,2,1,400,trial.validspatial,478,1
191,62917,2,1,NaN,trial.nocue,683,1
191,62917,2,2,NaN,trial.nocue,799,1
191,62917,2,1,NaN,trial.nocue,584,1
191,62917,1,1,800,trial.validspatial,539,1
191,62917,1,1,NaN,trial.nocue,430,1
191,62917,2,1,800,trial.doublecue,769,1
191,62917,2,2,NaN,trial.nocue,749,1
191,62917,1,2,400,trial.validspatial,594,1
191,62917,1,1,400,trial.doublecue,433,1
191,62917,2,2,400,trial.invalid,795,1
191,62917,1,1,NaN,trial.nocue,647,1
191,62917,2,1,800,trial.validspatial,574,1
191,62917,2,2,0,trial.validspatial,672,1
191,62917,2,1,800,trial.doublecue,659,1
191,62917,2,1,400,trial.validspatial,503,1
191,62917,2,2,400,trial.validspatial,630,1
191,62917,2,1,0,trial.doublecue,562,1
191,62917,2,2,400,trial.validspatial,575,1
191,62917,2,2,400,trial.invalid,742,1
191,62917,2,2,800,trial.doublecue,690,1
191,62917,1,2,400,trial.doublecue,1700,0
191,62917,1,2,0,trial.validspatial,845,1
191,62917,1,2,NaN,trial.nocue,1027,1
191,62917,1,1,800,trial.invalid,550,1
191,62917,2,2,800,trial.validspatial,913,1
191,62917,2,1,800,trial.validspatial,621,1
191,62917,2,1,0,trial.validspatial,655,1
191,62917,2,2,NaN,trial.nocue,789,1
191,62917,2,2,800,trial.validspatial,510,1
191,62917,1,1,400,trial.validspatial,1700,0
191,62917,1,2,800,trial.invalid,593,1
191,62917,2,2,0,trial.validspatial,902,1
191,62917,2,2,800,trial.validspatial,630,1
191,62917,1,1,800,trial.validspatial,706,1
191,62917,2,1,NaN,trial.nocue,739,1
191,62917,1,2,NaN,trial.nocue,789,1
191,62917,1,2,800,trial.validspatial,476,1
191,62917,1,2,0,trial.validspatial,440,1
191,62917,2,2,0,trial.invalid,687,1
191,62917,1,1,NaN,trial.nocue,591,1
191,62917,2,2,800,trial.validspatial,595,1
191,62917,2,1,800,trial.validspatial,537,1
191,62917,2,1,0,trial.validspatial,528,1
191,62917,1,1,800,trial.doublecue,691,1
191,62917,2,2,800,trial.invalid,665,1
191,62917,1,2,400,trial.validspatial,453,1
191,62917,2,1,800,trial.validspatial,492,1
191,62917,1,2,400,trial.invalid,691,1
191,62917,1,1,800,trial.validspatial,547,1
191,62917,2,2,400,trial.doublecue,700,1
191,62917,1,1,0,trial.validspatial,708,1
191,62917,2,1,NaN,trial.nocue,1089,1
191,62917,2,1,400,trial.invalid,803,1
191,62917,1,2,800,trial.invalid,851,1
191,62917,1,2,0,trial.doublecue,662,1
191,62917,1,1,400,trial.validspatial,471,1
191,62917,1,2,400,trial.validspatial,490,1
191,62917,1,1,0,trial.doublecue,533,1
191,62917,1,1,0,trial.doublecue,535,1
191,62917,1,2,NaN,trial.nocue,932,1
191,62917,2,1,400,trial.doublecue,641,1
191,62917,2,2,400,trial.validspatial,551,1
191,62917,2,2,800,trial.doublecue,709,1
191,62917,2,2,NaN,trial.nocue,687,1
191,62917,1,2,NaN,trial.nocue,435,1
191,62917,1,2,0,trial.doublecue,660,1
191,62917,2,1,800,trial.invalid,608,1
191,62917,1,2,0,trial.validspatial,665,1
191,62917,1,1,0,trial.validspatial,622,1
191,62917,2,1,0,trial.validspatial,763,1
191,62917,1,1,400,trial.invalid,969,1
191,62917,1,2,800,trial.doublecue,498,1
191,62917,2,2,0,trial.validspatial,497,1
191,62917,2,2,0,trial.invalid,517,1
191,62917,1,1,0,trial.validspatial,689,1
191,62917,1,1,400,trial.invalid,659,1
191,62917,2,1,800,trial.validspatial,512,1
191,62917,2,2,400,trial.doublecue,459,1
191,62917,2,1,0,trial.doublecue,678,1
191,62917,2,2,400,trial.validspatial,771,1
191,62917,1,1,NaN,trial.nocue,734,1
191,62917,2,1,0,trial.invalid,541,1
191,62917,1,2,800,trial.validspatial,910,1
191,62917,1,2,800,trial.doublecue,629,1
191,62917,2,1,400,trial.validspatial,609,1
191,62917,1,1,800,trial.validspatial,767,1
191,62917,1,2,800,trial.validspatial,636,1
191,62917,1,1,0,trial.validspatial,459,1
191,62917,1,2,400,trial.validspatial,759,1
191,62917,2,1,400,trial.invalid,560,1
191,62917,2,1,0,trial.invalid,744,1
191,62917,2,2,NaN,trial.nocue,964,1
191,62917,1,1,800,trial.validspatial,801,1
191,62917,2,2,400,trial.validspatial,825,1
191,62917,2,1,NaN,trial.nocue,847,1
191,62917,1,1,400,trial.validspatial,629,1
191,62917,1,2,NaN,trial.nocue,522,1
191,62917,1,2,0,trial.validspatial,798,1
191,62917,1,2,800,trial.validspatial,573,1
191,62917,1,1,0,trial.validspatial,791,1
191,62917,1,1,400,trial.validspatial,796,1
