subject,date,location_congruence_val,flanker_congruence_val,cue_target_interval,cue_condition,latency,values.correct
386,80717,1,1,0,trial.validspatial,1700,0
386,80717,1,2,0,trial.invalid,1700,0
386,80717,1,2,800,trial.validspatial,1486,1
386,80717,1,2,400,trial.validspatial,799,1
386,80717,1,2,400,trial.doublecue,1230,1
386,80717,2,2,400,trial.validspatial,1047,1
386,80717,2,1,400,trial.doublecue,1291,0
386,80717,2,1,0,trial.validspatial,899,1
386,80717,2,1,400,trial.validspatial,751,1
386,80717,1,2,800,trial.validspatial,721,1
386,80717,1,1,800,trial.invalid,675,1
386,80717,2,1,400,trial.validspatial,667,1
386,80717,2,1,800,trial.validspatial,451,1
386,80717,2,2,0,trial.validspatial,646,1
386,80717,1,2,0,trial.validspatial,656,1
386,80717,1,1,400,trial.validspatial,440,1
386,80717,1,1,NaN,trial.nocue,478,1
386,80717,1,2,0,trial.validspatial,632,0
386,80717,1,1,NaN,trial.nocue,828,1
386,80717,2,2,0,trial.validspatial,887,1
386,80717,2,1,800,trial.invalid,608,1
386,80717,2,2,NaN,trial.nocue,684,1
386,80717,1,2,400,trial.invalid,742,1
386,80717,2,2,0,trial.doublecue,944,1
386,80717,1,2,NaN,trial.nocue,681,1
386,80717,1,1,400,trial.validspatial,432,1
386,80717,1,1,800,trial.validspatial,453,1
386,80717,2,1,NaN,trial.nocue,600,1
386,80717,1,1,800,trial.doublecue,448,1
386,80717,2,2,0,trial.doublecue,676,1
386,80717,1,1,0,trial.invalid,639,1
386,80717,1,1,0,trial.invalid,509,1
386,80717,2,1,0,trial.validspatial,536,1
386,80717,2,1,0,trial.validspatial,421,1
386,80717,1,1,400,trial.doublecue,465,1
386,80717,2,2,800,trial.validspatial,480,1
386,80717,2,2,800,trial.validspatial,571,1
386,80717,2,2,0,trial.validspatial,677,1
386,80717,1,2,400,trial.validspatial,467,1
386,80717,2,2,800,trial.invalid,449,0
386,80717,1,2,0,trial.invalid,719,1
386,80717,2,1,400,trial.validspatial,516,1
386,80717,2,1,400,trial.validspatial,419,1
386,80717,2,1,NaN,trial.nocue,702,0
386,80717,2,2,NaN,trial.nocue,617,1
386,80717,2,1,NaN,trial.nocue,502,1
386,80717,1,1,800,trial.validspatial,488,1
386,80717,1,1,NaN,trial.nocue,531,1
386,80717,2,1,800,trial.doublecue,440,1
386,80717,2,2,NaN,trial.nocue,585,1
386,80717,1,2,400,trial.validspatial,587,1
386,80717,1,1,400,trial.doublecue,492,1
386,80717,2,2,400,trial.invalid,691,1
386,80717,1,1,NaN,trial.nocue,567,1
386,80717,2,1,800,trial.validspatial,637,1
386,80717,2,2,0,trial.validspatial,653,1
386,80717,2,1,800,trial.doublecue,616,0
386,80717,2,1,400,trial.validspatial,621,1
386,80717,2,2,400,trial.validspatial,714,1
386,80717,2,1,0,trial.doublecue,625,1
386,80717,2,2,400,trial.validspatial,590,1
386,80717,2,2,400,trial.invalid,775,1
386,80717,2,2,800,trial.doublecue,671,1
386,80717,1,2,400,trial.doublecue,619,1
386,80717,1,2,0,trial.validspatial,607,1
386,80717,1,2,NaN,trial.nocue,624,1
386,80717,1,1,800,trial.invalid,738,1
386,80717,2,2,800,trial.validspatial,500,1
386,80717,2,1,800,trial.validspatial,478,1
386,80717,2,1,0,trial.validspatial,781,1
386,80717,2,2,NaN,trial.nocue,699,1
386,80717,2,2,800,trial.validspatial,565,1
386,80717,1,1,400,trial.validspatial,531,1
386,80717,1,2,800,trial.invalid,662,1
386,80717,2,2,0,trial.validspatial,616,1
386,80717,2,2,800,trial.validspatial,483,1
386,80717,1,1,800,trial.validspatial,453,1
386,80717,2,1,NaN,trial.nocue,476,1
386,80717,1,2,NaN,trial.nocue,471,0
386,80717,1,2,800,trial.validspatial,532,1
386,80717,1,2,0,trial.validspatial,615,1
386,80717,2,2,0,trial.invalid,701,1
386,80717,1,1,NaN,trial.nocue,623,1
386,80717,2,2,800,trial.validspatial,713,1
386,80717,2,1,800,trial.validspatial,405,1
386,80717,2,1,0,trial.validspatial,470,1
386,80717,1,1,800,trial.doublecue,534,1
386,80717,2,2,800,trial.invalid,737,1
386,80717,1,2,400,trial.validspatial,615,1
386,80717,2,1,800,trial.validspatial,441,1
386,80717,1,2,400,trial.invalid,712,1
386,80717,1,1,800,trial.validspatial,483,1
386,80717,2,2,400,trial.doublecue,556,1
386,80717,1,1,0,trial.validspatial,462,1
386,80717,2,1,NaN,trial.nocue,488,1
386,80717,2,1,400,trial.invalid,531,1
386,80717,1,2,800,trial.invalid,760,1
386,80717,1,2,0,trial.doublecue,891,1
386,80717,1,1,400,trial.validspatial,445,1
386,80717,1,2,400,trial.validspatial,583,1
386,80717,1,1,0,trial.doublecue,550,1
386,80717,1,1,0,trial.doublecue,412,1
386,80717,1,2,NaN,trial.nocue,489,0
386,80717,2,1,400,trial.doublecue,469,1
386,80717,2,2,400,trial.validspatial,539,1
386,80717,2,2,800,trial.doublecue,685,1
386,80717,2,2,NaN,trial.nocue,631,1
386,80717,1,2,NaN,trial.nocue,484,0
386,80717,1,2,0,trial.doublecue,505,0
386,80717,2,1,800,trial.invalid,627,1
386,80717,1,2,0,trial.validspatial,696,1
386,80717,1,1,0,trial.validspatial,695,1
386,80717,2,1,0,trial.validspatial,571,1
386,80717,1,1,400,trial.invalid,609,1
386,80717,1,2,800,trial.doublecue,657,1
386,80717,2,2,0,trial.validspatial,654,1
386,80717,2,2,0,trial.invalid,530,0
386,80717,1,1,0,trial.validspatial,624,1
386,80717,1,1,400,trial.invalid,658,1
386,80717,2,1,800,trial.validspatial,451,1
386,80717,2,2,400,trial.doublecue,526,0
386,80717,2,1,0,trial.doublecue,533,1
386,80717,2,2,400,trial.validspatial,790,1
386,80717,1,1,NaN,trial.nocue,529,1
386,80717,2,1,0,trial.invalid,567,1
386,80717,1,2,800,trial.validspatial,523,1
386,80717,1,2,800,trial.doublecue,847,1
386,80717,2,1,400,trial.validspatial,455,1
386,80717,1,1,800,trial.validspatial,457,1
386,80717,1,2,800,trial.validspatial,522,1
386,80717,1,1,0,trial.validspatial,485,1
386,80717,1,2,400,trial.validspatial,722,1
386,80717,2,1,400,trial.invalid,701,1
386,80717,2,1,0,trial.invalid,616,1
386,80717,2,2,NaN,trial.nocue,563,1
386,80717,1,1,800,trial.validspatial,393,1
386,80717,2,2,400,trial.validspatial,499,1
386,80717,2,1,NaN,trial.nocue,597,1
386,80717,1,1,400,trial.validspatial,442,1
386,80717,1,2,NaN,trial.nocue,562,1
386,80717,1,2,0,trial.validspatial,585,1
386,80717,1,2,800,trial.validspatial,429,1
386,80717,1,1,0,trial.validspatial,563,0
386,80717,1,1,400,trial.validspatial,413,1
386,80717,1,1,0,trial.validspatial,527,1
386,80717,1,2,0,trial.invalid,554,1
386,80717,1,2,800,trial.validspatial,709,1
386,80717,1,2,400,trial.validspatial,552,1
386,80717,1,2,400,trial.doublecue,614,1
386,80717,2,2,400,trial.validspatial,505,1
386,80717,2,1,400,trial.doublecue,459,1
386,80717,2,1,0,trial.validspatial,525,1
386,80717,2,1,400,trial.validspatial,473,1
386,80717,1,2,800,trial.validspatial,500,1
386,80717,1,1,800,trial.invalid,621,1
386,80717,2,1,400,trial.validspatial,389,1
386,80717,2,1,800,trial.validspatial,456,1
386,80717,2,2,0,trial.validspatial,625,1
386,80717,1,2,0,trial.validspatial,724,1
386,80717,1,1,400,trial.validspatial,456,1
386,80717,1,1,NaN,trial.nocue,435,1
386,80717,1,2,0,trial.validspatial,627,1
386,80717,1,1,NaN,trial.nocue,417,1
386,80717,2,2,0,trial.validspatial,642,1
386,80717,2,1,800,trial.invalid,565,0
386,80717,2,2,NaN,trial.nocue,1437,0
386,80717,1,2,400,trial.invalid,703,1
386,80717,2,2,0,trial.doublecue,452,0
386,80717,1,2,NaN,trial.nocue,646,1
386,80717,1,1,400,trial.validspatial,420,1
386,80717,1,1,800,trial.validspatial,434,1
386,80717,2,1,NaN,trial.nocue,485,1
386,80717,1,1,800,trial.doublecue,485,1
386,80717,2,2,0,trial.doublecue,449,0
386,80717,1,1,0,trial.invalid,509,1
386,80717,1,1,0,trial.invalid,936,1
386,80717,2,1,0,trial.validspatial,769,1
386,80717,2,1,0,trial.validspatial,374,1
386,80717,1,1,400,trial.doublecue,357,1
386,80717,2,2,800,trial.validspatial,682,1
386,80717,2,2,800,trial.validspatial,611,1
386,80717,2,2,0,trial.validspatial,765,1
386,80717,1,2,400,trial.validspatial,464,1
386,80717,2,2,800,trial.invalid,638,1
386,80717,1,2,0,trial.invalid,582,0
386,80717,2,1,400,trial.validspatial,549,1
386,80717,2,1,400,trial.validspatial,420,1
386,80717,2,1,NaN,trial.nocue,473,1
386,80717,2,2,NaN,trial.nocue,508,0
386,80717,2,1,NaN,trial.nocue,488,1
386,80717,1,1,800,trial.validspatial,442,1
386,80717,1,1,NaN,trial.nocue,413,1
386,80717,2,1,800,trial.doublecue,393,1
386,80717,2,2,NaN,trial.nocue,651,1
386,80717,1,2,400,trial.validspatial,517,1
386,80717,1,1,400,trial.doublecue,518,1
386,80717,2,2,400,trial.invalid,414,0
386,80717,1,1,NaN,trial.nocue,472,1
386,80717,2,1,800,trial.validspatial,393,1
386,80717,2,2,0,trial.validspatial,463,0
386,80717,2,1,800,trial.doublecue,581,1
386,80717,2,1,400,trial.validspatial,369,1
386,80717,2,2,400,trial.validspatial,505,1
386,80717,2,1,0,trial.doublecue,494,1
386,80717,2,2,400,trial.validspatial,387,0
386,80717,2,2,400,trial.invalid,587,1
386,80717,2,2,800,trial.doublecue,526,1
386,80717,1,2,400,trial.doublecue,491,0
386,80717,1,2,0,trial.validspatial,628,1
386,80717,1,2,NaN,trial.nocue,679,1
386,80717,1,1,800,trial.invalid,575,1
386,80717,2,2,800,trial.validspatial,573,1
386,80717,2,1,800,trial.validspatial,447,1
386,80717,2,1,0,trial.validspatial,581,1
386,80717,2,2,NaN,trial.nocue,632,1
386,80717,2,2,800,trial.validspatial,538,1
386,80717,1,1,400,trial.validspatial,1700,0
386,80717,1,2,800,trial.invalid,620,1
386,80717,2,2,0,trial.validspatial,637,0
386,80717,2,2,800,trial.validspatial,679,1
386,80717,1,1,800,trial.validspatial,521,1
386,80717,2,1,NaN,trial.nocue,485,0
386,80717,1,2,NaN,trial.nocue,513,1
386,80717,1,2,800,trial.validspatial,451,1
386,80717,1,2,0,trial.validspatial,460,1
386,80717,2,2,0,trial.invalid,399,1
386,80717,1,1,NaN,trial.nocue,628,0
386,80717,2,2,800,trial.validspatial,458,1
386,80717,2,1,800,trial.validspatial,404,1
386,80717,2,1,0,trial.validspatial,405,1
386,80717,1,1,800,trial.doublecue,509,0
386,80717,2,2,800,trial.invalid,451,0
386,80717,1,2,400,trial.validspatial,430,1
386,80717,2,1,800,trial.validspatial,457,1
386,80717,1,2,400,trial.invalid,633,1
386,80717,1,1,800,trial.validspatial,454,1
386,80717,2,2,400,trial.doublecue,559,1
386,80717,1,1,0,trial.validspatial,513,1
386,80717,2,1,NaN,trial.nocue,563,1
386,80717,2,1,400,trial.invalid,632,1
386,80717,1,2,800,trial.invalid,625,1
386,80717,1,2,0,trial.doublecue,558,1
386,80717,1,1,400,trial.validspatial,444,1
386,80717,1,2,400,trial.validspatial,396,1
386,80717,1,1,0,trial.doublecue,526,1
386,80717,1,1,0,trial.doublecue,469,1
386,80717,1,2,NaN,trial.nocue,498,0
386,80717,2,1,400,trial.doublecue,556,1
386,80717,2,2,400,trial.validspatial,448,1
386,80717,2,2,800,trial.doublecue,451,1
386,80717,2,2,NaN,trial.nocue,462,1
386,80717,1,2,NaN,trial.nocue,412,1
386,80717,1,2,0,trial.doublecue,505,1
386,80717,2,1,800,trial.invalid,450,1
386,80717,1,2,0,trial.validspatial,695,1
386,80717,1,1,0,trial.validspatial,550,1
386,80717,2,1,0,trial.validspatial,624,1
386,80717,1,1,400,trial.invalid,711,1
386,80717,1,2,800,trial.doublecue,428,1
386,80717,2,2,0,trial.validspatial,452,1
386,80717,2,2,0,trial.invalid,536,1
386,80717,1,1,0,trial.validspatial,614,1
386,80717,1,1,400,trial.invalid,496,1
386,80717,2,1,800,trial.validspatial,347,1
386,80717,2,2,400,trial.doublecue,439,1
386,80717,2,1,0,trial.doublecue,460,1
386,80717,2,2,400,trial.validspatial,454,0
386,80717,1,1,NaN,trial.nocue,571,1
386,80717,2,1,0,trial.invalid,447,1
386,80717,1,2,800,trial.validspatial,424,0
386,80717,1,2,800,trial.doublecue,602,1
386,80717,2,1,400,trial.validspatial,425,1
386,80717,1,1,800,trial.validspatial,593,1
386,80717,1,2,800,trial.validspatial,506,1
386,80717,1,1,0,trial.validspatial,399,1
386,80717,1,2,400,trial.validspatial,583,1
386,80717,2,1,400,trial.invalid,484,1
386,80717,2,1,0,trial.invalid,578,1
386,80717,2,2,NaN,trial.nocue,681,1
386,80717,1,1,800,trial.validspatial,580,1
386,80717,2,2,400,trial.validspatial,576,1
386,80717,2,1,NaN,trial.nocue,611,1
386,80717,1,1,400,trial.validspatial,653,1
386,80717,1,2,NaN,trial.nocue,532,1
386,80717,1,2,0,trial.validspatial,586,1
386,80717,1,2,800,trial.validspatial,396,1
386,80717,1,1,0,trial.validspatial,514,1
386,80717,1,1,400,trial.validspatial,614,1
