subject,date,location_congruence_val,flanker_congruence_val,cue_target_interval,cue_condition,latency,values.correct
339,63017,1,1,0,trial.validspatial,420,1
339,63017,1,2,0,trial.invalid,1152,0
339,63017,1,2,800,trial.validspatial,769,1
339,63017,1,2,400,trial.validspatial,967,1
339,63017,1,2,400,trial.doublecue,877,1
339,63017,2,2,400,trial.validspatial,726,1
339,63017,2,1,400,trial.doublecue,716,1
339,63017,2,1,0,trial.validspatial,802,1
339,63017,2,1,400,trial.validspatial,492,1
339,63017,1,2,800,trial.validspatial,556,1
339,63017,1,1,800,trial.invalid,739,1
339,63017,2,1,400,trial.validspatial,491,1
339,63017,2,1,800,trial.validspatial,509,1
339,63017,2,2,0,trial.validspatial,712,1
339,63017,1,2,0,trial.validspatial,762,1
339,63017,1,1,400,trial.validspatial,524,1
339,63017,1,1,NaN,trial.nocue,457,1
339,63017,1,2,0,trial.validspatial,754,1
339,63017,1,1,NaN,trial.nocue,729,1
339,63017,2,2,0,trial.validspatial,597,0
339,63017,2,1,800,trial.invalid,746,1
339,63017,2,2,NaN,trial.nocue,969,1
339,63017,1,2,400,trial.invalid,1045,1
339,63017,2,2,0,trial.doublecue,891,1
339,63017,1,2,NaN,trial.nocue,756,1
339,63017,1,1,400,trial.validspatial,520,1
339,63017,1,1,800,trial.validspatial,626,1
339,63017,2,1,NaN,trial.nocue,621,1
339,63017,1,1,800,trial.doublecue,624,1
339,63017,2,2,0,trial.doublecue,1001,0
339,63017,1,1,0,trial.invalid,626,1
339,63017,1,1,0,trial.invalid,762,1
339,63017,2,1,0,trial.validspatial,688,1
339,63017,2,1,0,trial.validspatial,668,1
339,63017,1,1,400,trial.doublecue,714,1
339,63017,2,2,800,trial.validspatial,629,1
339,63017,2,2,800,trial.validspatial,628,1
339,63017,2,2,0,trial.validspatial,688,1
339,63017,1,2,400,trial.validspatial,658,1
339,63017,2,2,800,trial.invalid,740,1
339,63017,1,2,0,trial.invalid,925,1
339,63017,2,1,400,trial.validspatial,567,1
339,63017,2,1,400,trial.validspatial,679,1
339,63017,2,1,NaN,trial.nocue,766,1
339,63017,2,2,NaN,trial.nocue,740,1
339,63017,2,1,NaN,trial.nocue,569,1
339,63017,1,1,800,trial.validspatial,511,1
339,63017,1,1,NaN,trial.nocue,687,1
339,63017,2,1,800,trial.doublecue,688,1
339,63017,2,2,NaN,trial.nocue,692,1
339,63017,1,2,400,trial.validspatial,622,1
339,63017,1,1,400,trial.doublecue,482,1
339,63017,2,2,400,trial.invalid,933,1
339,63017,1,1,NaN,trial.nocue,747,1
339,63017,2,1,800,trial.validspatial,541,1
339,63017,2,2,0,trial.validspatial,701,1
339,63017,2,1,800,trial.doublecue,801,1
339,63017,2,1,400,trial.validspatial,563,1
339,63017,2,2,400,trial.validspatial,700,1
339,63017,2,1,0,trial.doublecue,677,1
339,63017,2,2,400,trial.validspatial,739,1
339,63017,2,2,400,trial.invalid,744,1
339,63017,2,2,800,trial.doublecue,1001,1
339,63017,1,2,400,trial.doublecue,761,1
339,63017,1,2,0,trial.validspatial,808,1
339,63017,1,2,NaN,trial.nocue,1064,1
339,63017,1,1,800,trial.invalid,756,1
339,63017,2,2,800,trial.validspatial,663,1
339,63017,2,1,800,trial.validspatial,509,1
339,63017,2,1,0,trial.validspatial,659,1
339,63017,2,2,NaN,trial.nocue,707,1
339,63017,2,2,800,trial.validspatial,520,1
339,63017,1,1,400,trial.validspatial,628,1
339,63017,1,2,800,trial.invalid,968,1
339,63017,2,2,0,trial.validspatial,743,1
339,63017,2,2,800,trial.validspatial,591,1
339,63017,1,1,800,trial.validspatial,663,1
339,63017,2,1,NaN,trial.nocue,535,1
339,63017,1,2,NaN,trial.nocue,859,1
339,63017,1,2,800,trial.validspatial,622,1
339,63017,1,2,0,trial.validspatial,784,1
339,63017,2,2,0,trial.invalid,925,0
339,63017,1,1,NaN,trial.nocue,602,1
339,63017,2,2,800,trial.validspatial,572,0
339,63017,2,1,800,trial.validspatial,546,1
339,63017,2,1,0,trial.validspatial,682,1
339,63017,1,1,800,trial.doublecue,626,1
339,63017,2,2,800,trial.invalid,973,1
339,63017,1,2,400,trial.validspatial,734,1
339,63017,2,1,800,trial.validspatial,508,1
339,63017,1,2,400,trial.invalid,881,1
339,63017,1,1,800,trial.validspatial,596,1
339,63017,2,2,400,trial.doublecue,550,0
339,63017,1,1,0,trial.validspatial,1700,0
339,63017,2,1,NaN,trial.nocue,791,1
339,63017,2,1,400,trial.invalid,836,1
339,63017,1,2,800,trial.invalid,717,1
339,63017,1,2,0,trial.doublecue,652,1
339,63017,1,1,400,trial.validspatial,549,1
339,63017,1,2,400,trial.validspatial,915,1
339,63017,1,1,0,trial.doublecue,717,1
339,63017,1,1,0,trial.doublecue,592,1
339,63017,1,2,NaN,trial.nocue,881,1
339,63017,2,1,400,trial.doublecue,736,1
339,63017,2,2,400,trial.validspatial,614,1
339,63017,2,2,800,trial.doublecue,583,1
339,63017,2,2,NaN,trial.nocue,905,1
339,63017,1,2,NaN,trial.nocue,911,1
339,63017,1,2,0,trial.doublecue,878,1
339,63017,2,1,800,trial.invalid,797,1
339,63017,1,2,0,trial.validspatial,753,1
339,63017,1,1,0,trial.validspatial,674,1
339,63017,2,1,0,trial.validspatial,687,1
339,63017,1,1,400,trial.invalid,750,1
339,63017,1,2,800,trial.doublecue,968,1
339,63017,2,2,0,trial.validspatial,815,1
339,63017,2,2,0,trial.invalid,806,1
339,63017,1,1,0,trial.validspatial,731,1
339,63017,1,1,400,trial.invalid,748,1
339,63017,2,1,800,trial.validspatial,781,1
339,63017,2,2,400,trial.doublecue,821,1
339,63017,2,1,0,trial.doublecue,653,1
339,63017,2,2,400,trial.validspatial,548,1
339,63017,1,1,NaN,trial.nocue,763,1
339,63017,2,1,0,trial.invalid,663,1
339,63017,1,2,800,trial.validspatial,725,1
339,63017,1,2,800,trial.doublecue,907,1
339,63017,2,1,400,trial.validspatial,568,1
339,63017,1,1,800,trial.validspatial,462,1
339,63017,1,2,800,trial.validspatial,847,1
339,63017,1,1,0,trial.validspatial,636,1
339,63017,1,2,400,trial.validspatial,570,1
339,63017,2,1,400,trial.invalid,764,1
339,63017,2,1,0,trial.invalid,702,1
339,63017,2,2,NaN,trial.nocue,735,1
339,63017,1,1,800,trial.validspatial,682,1
339,63017,2,2,400,trial.validspatial,572,1
339,63017,2,1,NaN,trial.nocue,859,1
339,63017,1,1,400,trial.validspatial,565,1
339,63017,1,2,NaN,trial.nocue,825,1
339,63017,1,2,0,trial.validspatial,1017,1
339,63017,1,2,800,trial.validspatial,604,1
339,63017,1,1,0,trial.validspatial,587,1
339,63017,1,1,400,trial.validspatial,566,1
339,63017,1,1,0,trial.validspatial,594,1
339,63017,1,2,0,trial.invalid,949,1
339,63017,1,2,800,trial.validspatial,1023,1
339,63017,1,2,400,trial.validspatial,556,1
339,63017,1,2,400,trial.doublecue,994,1
339,63017,2,2,400,trial.validspatial,564,1
339,63017,2,1,400,trial.doublecue,826,1
339,63017,2,1,0,trial.validspatial,591,1
339,63017,2,1,400,trial.validspatial,523,1
339,63017,1,2,800,trial.validspatial,627,1
339,63017,1,1,800,trial.invalid,718,1
339,63017,2,1,400,trial.validspatial,495,1
339,63017,2,1,800,trial.validspatial,500,1
339,63017,2,2,0,trial.validspatial,680,1
339,63017,1,2,0,trial.validspatial,713,1
339,63017,1,1,400,trial.validspatial,616,1
339,63017,1,1,NaN,trial.nocue,605,1
339,63017,1,2,0,trial.validspatial,861,1
339,63017,1,1,NaN,trial.nocue,628,1
339,63017,2,2,0,trial.validspatial,875,1
339,63017,2,1,800,trial.invalid,999,1
339,63017,2,2,NaN,trial.nocue,1430,1
339,63017,1,2,400,trial.invalid,923,1
339,63017,2,2,0,trial.doublecue,782,1
339,63017,1,2,NaN,trial.nocue,762,1
339,63017,1,1,400,trial.validspatial,699,1
339,63017,1,1,800,trial.validspatial,521,1
339,63017,2,1,NaN,trial.nocue,508,1
339,63017,1,1,800,trial.doublecue,671,1
339,63017,2,2,0,trial.doublecue,632,0
339,63017,1,1,0,trial.invalid,693,1
339,63017,1,1,0,trial.invalid,668,1
339,63017,2,1,0,trial.validspatial,729,1
339,63017,2,1,0,trial.validspatial,903,1
339,63017,1,1,400,trial.doublecue,873,1
339,63017,2,2,800,trial.validspatial,580,1
339,63017,2,2,800,trial.validspatial,603,1
339,63017,2,2,0,trial.validspatial,742,1
339,63017,1,2,400,trial.validspatial,602,1
339,63017,2,2,800,trial.invalid,820,1
339,63017,1,2,0,trial.invalid,1061,0
339,63017,2,1,400,trial.validspatial,551,1
339,63017,2,1,400,trial.validspatial,743,1
339,63017,2,1,NaN,trial.nocue,790,1
339,63017,2,2,NaN,trial.nocue,1072,1
339,63017,2,1,NaN,trial.nocue,638,1
339,63017,1,1,800,trial.validspatial,834,1
339,63017,1,1,NaN,trial.nocue,594,1
339,63017,2,1,800,trial.doublecue,579,1
339,63017,2,2,NaN,trial.nocue,766,1
339,63017,1,2,400,trial.validspatial,618,1
339,63017,1,1,400,trial.doublecue,553,1
339,63017,2,2,400,trial.invalid,836,1
339,63017,1,1,NaN,trial.nocue,653,1
339,63017,2,1,800,trial.validspatial,743,1
339,63017,2,2,0,trial.validspatial,751,1
339,63017,2,1,800,trial.doublecue,1014,1
339,63017,2,1,400,trial.validspatial,547,1
339,63017,2,2,400,trial.validspatial,676,1
339,63017,2,1,0,trial.doublecue,706,1
339,63017,2,2,400,trial.validspatial,608,1
339,63017,2,2,400,trial.invalid,1060,1
339,63017,2,2,800,trial.doublecue,725,1
339,63017,1,2,400,trial.doublecue,877,1
339,63017,1,2,0,trial.validspatial,744,1
339,63017,1,2,NaN,trial.nocue,860,1
339,63017,1,1,800,trial.invalid,665,1
339,63017,2,2,800,trial.validspatial,700,1
339,63017,2,1,800,trial.validspatial,626,1
339,63017,2,1,0,trial.validspatial,688,1
339,63017,2,2,NaN,trial.nocue,794,1
339,63017,2,2,800,trial.validspatial,626,1
339,63017,1,1,400,trial.validspatial,1700,0
339,63017,1,2,800,trial.invalid,648,1
339,63017,2,2,0,trial.validspatial,853,1
339,63017,2,2,800,trial.validspatial,742,1
339,63017,1,1,800,trial.validspatial,996,1
339,63017,2,1,NaN,trial.nocue,1002,1
339,63017,1,2,NaN,trial.nocue,696,1
339,63017,1,2,800,trial.validspatial,730,1
339,63017,1,2,0,trial.validspatial,647,1
339,63017,2,2,0,trial.invalid,533,1
339,63017,1,1,NaN,trial.nocue,757,1
339,63017,2,2,800,trial.validspatial,664,1
339,63017,2,1,800,trial.validspatial,540,1
339,63017,2,1,0,trial.validspatial,541,1
339,63017,1,1,800,trial.doublecue,953,1
339,63017,2,2,800,trial.invalid,860,1
339,63017,1,2,400,trial.validspatial,478,1
339,63017,2,1,800,trial.validspatial,499,1
339,63017,1,2,400,trial.invalid,747,1
339,63017,1,1,800,trial.validspatial,710,1
339,63017,2,2,400,trial.doublecue,812,1
339,63017,1,1,0,trial.validspatial,857,1
339,63017,2,1,NaN,trial.nocue,783,1
339,63017,2,1,400,trial.invalid,931,1
339,63017,1,2,800,trial.invalid,970,1
339,63017,1,2,0,trial.doublecue,743,1
339,63017,1,1,400,trial.validspatial,1007,1
339,63017,1,2,400,trial.validspatial,681,1
339,63017,1,1,0,trial.doublecue,628,1
339,63017,1,1,0,trial.doublecue,632,1
339,63017,1,2,NaN,trial.nocue,801,1
339,63017,2,1,400,trial.doublecue,611,1
339,63017,2,2,400,trial.validspatial,679,1
339,63017,2,2,800,trial.doublecue,524,1
339,63017,2,2,NaN,trial.nocue,649,1
339,63017,1,2,NaN,trial.nocue,703,1
339,63017,1,2,0,trial.doublecue,699,1
339,63017,2,1,800,trial.invalid,522,1
339,63017,1,2,0,trial.validspatial,741,1
339,63017,1,1,0,trial.validspatial,521,1
339,63017,2,1,0,trial.validspatial,979,1
339,63017,1,1,400,trial.invalid,932,1
339,63017,1,2,800,trial.doublecue,950,1
339,63017,2,2,0,trial.validspatial,533,1
339,63017,2,2,0,trial.invalid,716,1
339,63017,1,1,0,trial.validspatial,685,1
339,63017,1,1,400,trial.invalid,570,1
339,63017,2,1,800,trial.validspatial,604,1
339,63017,2,2,400,trial.doublecue,564,1
339,63017,2,1,0,trial.doublecue,533,1
339,63017,2,2,400,trial.validspatial,776,1
339,63017,1,1,NaN,trial.nocue,627,1
339,63017,2,1,0,trial.invalid,635,1
339,63017,1,2,800,trial.validspatial,869,1
339,63017,1,2,800,trial.doublecue,687,1
339,63017,2,1,400,trial.validspatial,497,1
339,63017,1,1,800,trial.validspatial,881,1
339,63017,1,2,800,trial.validspatial,736,1
339,63017,1,1,0,trial.validspatial,561,1
339,63017,1,2,400,trial.validspatial,750,1
339,63017,2,1,400,trial.invalid,651,1
339,63017,2,1,0,trial.invalid,727,1
339,63017,2,2,NaN,trial.nocue,820,1
339,63017,1,1,800,trial.validspatial,781,1
339,63017,2,2,400,trial.validspatial,550,0
339,63017,2,1,NaN,trial.nocue,770,1
339,63017,1,1,400,trial.validspatial,894,1
339,63017,1,2,NaN,trial.nocue,547,1
339,63017,1,2,0,trial.validspatial,1094,1
339,63017,1,2,800,trial.validspatial,523,1
339,63017,1,1,0,trial.validspatial,658,1
339,63017,1,1,400,trial.validspatial,986,1
