subject,date,location_congruence_val,flanker_congruence_val,cue_target_interval,cue_condition,latency,values.correct
304,80817,1,1,0,trial.validspatial,668,1
304,80817,1,2,0,trial.invalid,1337,1
304,80817,1,2,800,trial.validspatial,587,1
304,80817,1,2,400,trial.validspatial,543,1
304,80817,1,2,400,trial.doublecue,564,1
304,80817,2,2,400,trial.validspatial,491,1
304,80817,2,1,400,trial.doublecue,654,1
304,80817,2,1,0,trial.validspatial,494,1
304,80817,2,1,400,trial.validspatial,379,1
304,80817,1,2,800,trial.validspatial,440,1
304,80817,1,1,800,trial.invalid,662,1
304,80817,2,1,400,trial.validspatial,415,1
304,80817,2,1,800,trial.validspatial,429,1
304,80817,2,2,0,trial.validspatial,627,1
304,80817,1,2,0,trial.validspatial,582,1
304,80817,1,1,400,trial.validspatial,430,1
304,80817,1,1,NaN,trial.nocue,502,1
304,80817,1,2,0,trial.validspatial,645,1
304,80817,1,1,NaN,trial.nocue,459,1
304,80817,2,2,0,trial.validspatial,360,0
304,80817,2,1,800,trial.invalid,698,1
304,80817,2,2,NaN,trial.nocue,863,1
304,80817,1,2,400,trial.invalid,573,1
304,80817,2,2,0,trial.doublecue,628,1
304,80817,1,2,NaN,trial.nocue,598,1
304,80817,1,1,400,trial.validspatial,402,1
304,80817,1,1,800,trial.validspatial,382,1
304,80817,2,1,NaN,trial.nocue,470,1
304,80817,1,1,800,trial.doublecue,481,1
304,80817,2,2,0,trial.doublecue,471,0
304,80817,1,1,0,trial.invalid,494,1
304,80817,1,1,0,trial.invalid,493,1
304,80817,2,1,0,trial.validspatial,449,1
304,80817,2,1,0,trial.validspatial,493,1
304,80817,1,1,400,trial.doublecue,383,1
304,80817,2,2,800,trial.validspatial,461,1
304,80817,2,2,800,trial.validspatial,551,1
304,80817,2,2,0,trial.validspatial,559,1
304,80817,1,2,400,trial.validspatial,536,1
304,80817,2,2,800,trial.invalid,461,1
304,80817,1,2,0,trial.invalid,618,1
304,80817,2,1,400,trial.validspatial,501,1
304,80817,2,1,400,trial.validspatial,356,1
304,80817,2,1,NaN,trial.nocue,511,1
304,80817,2,2,NaN,trial.nocue,748,1
304,80817,2,1,NaN,trial.nocue,459,1
304,80817,1,1,800,trial.validspatial,376,1
304,80817,1,1,NaN,trial.nocue,424,1
304,80817,2,1,800,trial.doublecue,458,1
304,80817,2,2,NaN,trial.nocue,592,1
304,80817,1,2,400,trial.validspatial,457,1
304,80817,1,1,400,trial.doublecue,454,1
304,80817,2,2,400,trial.invalid,510,0
304,80817,1,1,NaN,trial.nocue,569,1
304,80817,2,1,800,trial.validspatial,492,1
304,80817,2,2,0,trial.validspatial,643,1
304,80817,2,1,800,trial.doublecue,593,1
304,80817,2,1,400,trial.validspatial,440,1
304,80817,2,2,400,trial.validspatial,544,1
304,80817,2,1,0,trial.doublecue,494,1
304,80817,2,2,400,trial.validspatial,542,1
304,80817,2,2,400,trial.invalid,660,1
304,80817,2,2,800,trial.doublecue,707,1
304,80817,1,2,400,trial.doublecue,655,1
304,80817,1,2,0,trial.validspatial,669,1
304,80817,1,2,NaN,trial.nocue,587,1
304,80817,1,1,800,trial.invalid,569,1
304,80817,2,2,800,trial.validspatial,502,1
304,80817,2,1,800,trial.validspatial,543,1
304,80817,2,1,0,trial.validspatial,642,1
304,80817,2,2,NaN,trial.nocue,606,1
304,80817,2,2,800,trial.validspatial,528,1
304,80817,1,1,400,trial.validspatial,404,1
304,80817,1,2,800,trial.invalid,627,1
304,80817,2,2,0,trial.validspatial,623,1
304,80817,2,2,800,trial.validspatial,534,1
304,80817,1,1,800,trial.validspatial,542,1
304,80817,2,1,NaN,trial.nocue,589,1
304,80817,1,2,NaN,trial.nocue,616,1
304,80817,1,2,800,trial.validspatial,555,1
304,80817,1,2,0,trial.validspatial,630,1
304,80817,2,2,0,trial.invalid,610,1
304,80817,1,1,NaN,trial.nocue,546,1
304,80817,2,2,800,trial.validspatial,500,1
304,80817,2,1,800,trial.validspatial,428,1
304,80817,2,1,0,trial.validspatial,450,1
304,80817,1,1,800,trial.doublecue,371,1
304,80817,2,2,800,trial.invalid,470,0
304,80817,1,2,400,trial.validspatial,476,1
304,80817,2,1,800,trial.validspatial,413,1
304,80817,1,2,400,trial.invalid,620,1
304,80817,1,1,800,trial.validspatial,445,1
304,80817,2,2,400,trial.doublecue,517,1
304,80817,1,1,0,trial.validspatial,521,1
304,80817,2,1,NaN,trial.nocue,516,1
304,80817,2,1,400,trial.invalid,594,1
304,80817,1,2,800,trial.invalid,873,1
304,80817,1,2,0,trial.doublecue,606,1
304,80817,1,1,400,trial.validspatial,363,1
304,80817,1,2,400,trial.validspatial,475,0
304,80817,1,1,0,trial.doublecue,451,1
304,80817,1,1,0,trial.doublecue,480,1
304,80817,1,2,NaN,trial.nocue,625,1
304,80817,2,1,400,trial.doublecue,479,1
304,80817,2,2,400,trial.validspatial,595,1
304,80817,2,2,800,trial.doublecue,488,0
304,80817,2,2,NaN,trial.nocue,656,1
304,80817,1,2,NaN,trial.nocue,682,1
304,80817,1,2,0,trial.doublecue,691,1
304,80817,2,1,800,trial.invalid,533,1
304,80817,1,2,0,trial.validspatial,659,1
304,80817,1,1,0,trial.validspatial,579,1
304,80817,2,1,0,trial.validspatial,558,1
304,80817,1,1,400,trial.invalid,556,1
304,80817,1,2,800,trial.doublecue,869,1
304,80817,2,2,0,trial.validspatial,544,1
304,80817,2,2,0,trial.invalid,879,1
304,80817,1,1,0,trial.validspatial,496,1
304,80817,1,1,400,trial.invalid,568,1
304,80817,2,1,800,trial.validspatial,412,1
304,80817,2,2,400,trial.doublecue,778,1
304,80817,2,1,0,trial.doublecue,658,1
304,80817,2,2,400,trial.validspatial,492,1
304,80817,1,1,NaN,trial.nocue,457,1
304,80817,2,1,0,trial.invalid,502,1
304,80817,1,2,800,trial.validspatial,505,1
304,80817,1,2,800,trial.doublecue,495,1
304,80817,2,1,400,trial.validspatial,585,1
304,80817,1,1,800,trial.validspatial,395,1
304,80817,1,2,800,trial.validspatial,447,1
304,80817,1,1,0,trial.validspatial,616,1
304,80817,1,2,400,trial.validspatial,571,1
304,80817,2,1,400,trial.invalid,538,1
304,80817,2,1,0,trial.invalid,493,1
304,80817,2,2,NaN,trial.nocue,708,1
304,80817,1,1,800,trial.validspatial,415,1
304,80817,2,2,400,trial.validspatial,552,1
304,80817,2,1,NaN,trial.nocue,541,1
304,80817,1,1,400,trial.validspatial,444,1
304,80817,1,2,NaN,trial.nocue,544,1
304,80817,1,2,0,trial.validspatial,632,1
304,80817,1,2,800,trial.validspatial,480,1
304,80817,1,1,0,trial.validspatial,509,1
304,80817,1,1,400,trial.validspatial,402,1
304,80817,1,1,0,trial.validspatial,1252,1
304,80817,1,2,0,trial.invalid,1700,0
304,80817,1,2,800,trial.validspatial,861,1
304,80817,1,2,400,trial.validspatial,471,1
304,80817,1,2,400,trial.doublecue,637,1
304,80817,2,2,400,trial.validspatial,483,1
304,80817,2,1,400,trial.doublecue,486,1
304,80817,2,1,0,trial.validspatial,526,1
304,80817,2,1,400,trial.validspatial,440,1
304,80817,1,2,800,trial.validspatial,494,1
304,80817,1,1,800,trial.invalid,477,1
304,80817,2,1,400,trial.validspatial,458,1
304,80817,2,1,800,trial.validspatial,417,1
304,80817,2,2,0,trial.validspatial,629,1
304,80817,1,2,0,trial.validspatial,589,1
304,80817,1,1,400,trial.validspatial,401,1
304,80817,1,1,NaN,trial.nocue,443,1
304,80817,1,2,0,trial.validspatial,555,0
304,80817,1,1,NaN,trial.nocue,461,1
304,80817,2,2,0,trial.validspatial,596,1
304,80817,2,1,800,trial.invalid,556,1
304,80817,2,2,NaN,trial.nocue,652,1
304,80817,1,2,400,trial.invalid,701,1
304,80817,2,2,0,trial.doublecue,633,1
304,80817,1,2,NaN,trial.nocue,642,1
304,80817,1,1,400,trial.validspatial,428,1
304,80817,1,1,800,trial.validspatial,373,1
304,80817,2,1,NaN,trial.nocue,504,1
304,80817,1,1,800,trial.doublecue,486,1
304,80817,2,2,0,trial.doublecue,508,0
304,80817,1,1,0,trial.invalid,624,1
304,80817,1,1,0,trial.invalid,538,1
304,80817,2,1,0,trial.validspatial,508,1
304,80817,2,1,0,trial.validspatial,566,1
304,80817,1,1,400,trial.doublecue,461,1
304,80817,2,2,800,trial.validspatial,491,1
304,80817,2,2,800,trial.validspatial,465,1
304,80817,2,2,0,trial.validspatial,567,1
304,80817,1,2,400,trial.validspatial,482,1
304,80817,2,2,800,trial.invalid,474,0
304,80817,1,2,0,trial.invalid,606,1
304,80817,2,1,400,trial.validspatial,503,1
304,80817,2,1,400,trial.validspatial,421,1
304,80817,2,1,NaN,trial.nocue,600,1
304,80817,2,2,NaN,trial.nocue,492,0
304,80817,2,1,NaN,trial.nocue,572,1
304,80817,1,1,800,trial.validspatial,466,1
304,80817,1,1,NaN,trial.nocue,427,1
304,80817,2,1,800,trial.doublecue,405,1
304,80817,2,2,NaN,trial.nocue,628,1
304,80817,1,2,400,trial.validspatial,458,1
304,80817,1,1,400,trial.doublecue,494,1
304,80817,2,2,400,trial.invalid,674,1
304,80817,1,1,NaN,trial.nocue,633,1
304,80817,2,1,800,trial.validspatial,428,1
304,80817,2,2,0,trial.validspatial,663,1
304,80817,2,1,800,trial.doublecue,619,1
304,80817,2,1,400,trial.validspatial,442,1
304,80817,2,2,400,trial.validspatial,523,1
304,80817,2,1,0,trial.doublecue,522,1
304,80817,2,2,400,trial.validspatial,523,1
304,80817,2,2,400,trial.invalid,687,1
304,80817,2,2,800,trial.doublecue,665,1
304,80817,1,2,400,trial.doublecue,647,1
304,80817,1,2,0,trial.validspatial,563,1
304,80817,1,2,NaN,trial.nocue,898,1
304,80817,1,1,800,trial.invalid,538,1
304,80817,2,2,800,trial.validspatial,517,1
304,80817,2,1,800,trial.validspatial,453,1
304,80817,2,1,0,trial.validspatial,574,1
304,80817,2,2,NaN,trial.nocue,696,1
304,80817,2,2,800,trial.validspatial,534,1
304,80817,1,1,400,trial.validspatial,1700,0
304,80817,1,2,800,trial.invalid,576,1
304,80817,2,2,0,trial.validspatial,818,1
304,80817,2,2,800,trial.validspatial,526,1
304,80817,1,1,800,trial.validspatial,518,1
304,80817,2,1,NaN,trial.nocue,722,1
304,80817,1,2,NaN,trial.nocue,576,1
304,80817,1,2,800,trial.validspatial,677,1
304,80817,1,2,0,trial.validspatial,519,1
304,80817,2,2,0,trial.invalid,414,1
304,80817,1,1,NaN,trial.nocue,609,1
304,80817,2,2,800,trial.validspatial,514,1
304,80817,2,1,800,trial.validspatial,469,1
304,80817,2,1,0,trial.validspatial,401,1
304,80817,1,1,800,trial.doublecue,920,1
304,80817,2,2,800,trial.invalid,574,1
304,80817,1,2,400,trial.validspatial,396,1
304,80817,2,1,800,trial.validspatial,496,1
304,80817,1,2,400,trial.invalid,680,1
304,80817,1,1,800,trial.validspatial,458,1
304,80817,2,2,400,trial.doublecue,686,1
304,80817,1,1,0,trial.validspatial,512,1
304,80817,2,1,NaN,trial.nocue,1119,0
304,80817,2,1,400,trial.invalid,590,0
304,80817,1,2,800,trial.invalid,686,1
304,80817,1,2,0,trial.doublecue,668,1
304,80817,1,1,400,trial.validspatial,407,1
304,80817,1,2,400,trial.validspatial,398,1
304,80817,1,1,0,trial.doublecue,466,1
304,80817,1,1,0,trial.doublecue,431,1
304,80817,1,2,NaN,trial.nocue,524,0
304,80817,2,1,400,trial.doublecue,537,1
304,80817,2,2,400,trial.validspatial,543,1
304,80817,2,2,800,trial.doublecue,488,1
304,80817,2,2,NaN,trial.nocue,463,1
304,80817,1,2,NaN,trial.nocue,412,1
304,80817,1,2,0,trial.doublecue,498,1
304,80817,2,1,800,trial.invalid,464,1
304,80817,1,2,0,trial.validspatial,790,1
304,80817,1,1,0,trial.validspatial,449,1
304,80817,2,1,0,trial.validspatial,578,1
304,80817,1,1,400,trial.invalid,707,1
304,80817,1,2,800,trial.doublecue,493,1
304,80817,2,2,0,trial.validspatial,484,1
304,80817,2,2,0,trial.invalid,706,0
304,80817,1,1,0,trial.validspatial,866,1
304,80817,1,1,400,trial.invalid,598,1
304,80817,2,1,800,trial.validspatial,433,1
304,80817,2,2,400,trial.doublecue,575,1
304,80817,2,1,0,trial.doublecue,450,1
304,80817,2,2,400,trial.validspatial,548,1
304,80817,1,1,NaN,trial.nocue,569,1
304,80817,2,1,0,trial.invalid,443,1
304,80817,1,2,800,trial.validspatial,726,1
304,80817,1,2,800,trial.doublecue,593,1
304,80817,2,1,400,trial.validspatial,495,1
304,80817,1,1,800,trial.validspatial,904,1
304,80817,1,2,800,trial.validspatial,606,1
304,80817,1,1,0,trial.validspatial,416,1
304,80817,1,2,400,trial.validspatial,609,1
304,80817,2,1,400,trial.invalid,812,1
304,80817,2,1,0,trial.invalid,520,1
304,80817,2,2,NaN,trial.nocue,819,1
304,80817,1,1,800,trial.validspatial,717,1
304,80817,2,2,400,trial.validspatial,652,1
304,80817,2,1,NaN,trial.nocue,602,1
304,80817,1,1,400,trial.validspatial,659,1
304,80817,1,2,NaN,trial.nocue,580,1
304,80817,1,2,0,trial.validspatial,507,1
304,80817,1,2,800,trial.validspatial,405,1
304,80817,1,1,0,trial.validspatial,466,1
304,80817,1,1,400,trial.validspatial,660,1
