subject,date,location_congruence_val,flanker_congruence_val,cue_target_interval,cue_condition,latency,values.correct
80,40117,1,1,0,trial.validspatial,649,1
80,40117,1,2,0,trial.invalid,649,0
80,40117,1,2,800,trial.validspatial,550,1
80,40117,1,2,400,trial.validspatial,266,1
80,40117,1,2,400,trial.doublecue,357,1
80,40117,2,2,400,trial.validspatial,300,0
80,40117,2,1,400,trial.doublecue,331,0
80,40117,2,1,0,trial.validspatial,527,0
80,40117,2,1,400,trial.validspatial,284,0
80,40117,1,2,800,trial.validspatial,276,1
80,40117,1,1,800,trial.invalid,410,1
80,40117,2,1,400,trial.validspatial,358,0
80,40117,2,1,800,trial.validspatial,331,0
80,40117,2,2,0,trial.validspatial,495,0
80,40117,1,2,0,trial.validspatial,345,1
80,40117,1,1,400,trial.validspatial,301,1
80,40117,1,1,NaN,trial.nocue,397,1
80,40117,1,2,0,trial.validspatial,324,1
80,40117,1,1,NaN,trial.nocue,431,1
80,40117,2,2,0,trial.validspatial,510,0
80,40117,2,1,800,trial.invalid,388,0
80,40117,2,2,NaN,trial.nocue,514,0
80,40117,1,2,400,trial.invalid,392,1
80,40117,2,2,0,trial.doublecue,508,0
80,40117,1,2,NaN,trial.nocue,459,1
80,40117,1,1,400,trial.validspatial,292,1
80,40117,1,1,800,trial.validspatial,333,1
80,40117,2,1,NaN,trial.nocue,426,0
80,40117,1,1,800,trial.doublecue,359,1
80,40117,2,2,0,trial.doublecue,391,0
80,40117,1,1,0,trial.invalid,483,1
80,40117,1,1,0,trial.invalid,466,1
80,40117,2,1,0,trial.validspatial,386,0
80,40117,2,1,0,trial.validspatial,621,1
80,40117,1,1,400,trial.doublecue,343,1
80,40117,2,2,800,trial.validspatial,368,0
80,40117,2,2,800,trial.validspatial,305,0
80,40117,2,2,0,trial.validspatial,430,0
80,40117,1,2,400,trial.validspatial,324,1
80,40117,2,2,800,trial.invalid,341,0
80,40117,1,2,0,trial.invalid,451,1
80,40117,2,1,400,trial.validspatial,292,0
80,40117,2,1,400,trial.validspatial,353,0
80,40117,2,1,NaN,trial.nocue,366,0
80,40117,2,2,NaN,trial.nocue,399,0
80,40117,2,1,NaN,trial.nocue,332,0
80,40117,1,1,800,trial.validspatial,326,1
80,40117,1,1,NaN,trial.nocue,458,1
80,40117,2,1,800,trial.doublecue,320,0
80,40117,2,2,NaN,trial.nocue,305,0
80,40117,1,2,400,trial.validspatial,420,1
80,40117,1,1,400,trial.doublecue,359,1
80,40117,2,2,400,trial.invalid,348,0
80,40117,1,1,NaN,trial.nocue,375,1
80,40117,2,1,800,trial.validspatial,326,0
80,40117,2,2,0,trial.validspatial,344,0
80,40117,2,1,800,trial.doublecue,329,0
80,40117,2,1,400,trial.validspatial,304,0
80,40117,2,2,400,trial.validspatial,309,0
80,40117,2,1,0,trial.doublecue,418,0
80,40117,2,2,400,trial.validspatial,290,0
80,40117,2,2,400,trial.invalid,436,0
80,40117,2,2,800,trial.doublecue,378,0
80,40117,1,2,400,trial.doublecue,357,1
80,40117,1,2,0,trial.validspatial,359,1
80,40117,1,2,NaN,trial.nocue,475,1
80,40117,1,1,800,trial.invalid,393,1
80,40117,2,2,800,trial.validspatial,358,0
80,40117,2,1,800,trial.validspatial,347,0
80,40117,2,1,0,trial.validspatial,371,0
80,40117,2,2,NaN,trial.nocue,504,0
80,40117,2,2,800,trial.validspatial,306,0
80,40117,1,1,400,trial.validspatial,1700,0
80,40117,1,2,800,trial.invalid,1700,0
80,40117,2,2,0,trial.validspatial,1700,0
80,40117,2,2,800,trial.validspatial,540,0
80,40117,1,1,800,trial.validspatial,1700,0
80,40117,2,1,NaN,trial.nocue,513,0
80,40117,1,2,NaN,trial.nocue,512,1
80,40117,1,2,800,trial.validspatial,1700,0
80,40117,1,2,0,trial.validspatial,1700,0
80,40117,2,2,0,trial.invalid,505,0
80,40117,1,1,NaN,trial.nocue,533,1
80,40117,2,2,800,trial.validspatial,337,0
80,40117,2,1,800,trial.validspatial,413,0
80,40117,2,1,0,trial.validspatial,289,0
80,40117,1,1,800,trial.doublecue,692,1
80,40117,2,2,800,trial.invalid,335,0
80,40117,1,2,400,trial.validspatial,363,1
80,40117,2,1,800,trial.validspatial,296,0
80,40117,1,2,400,trial.invalid,393,1
80,40117,1,1,800,trial.validspatial,392,1
80,40117,2,2,400,trial.doublecue,395,0
80,40117,1,1,0,trial.validspatial,436,1
80,40117,2,1,NaN,trial.nocue,401,0
80,40117,2,1,400,trial.invalid,343,0
80,40117,1,2,800,trial.invalid,321,1
80,40117,1,2,0,trial.doublecue,421,1
80,40117,1,1,400,trial.validspatial,451,1
80,40117,1,2,400,trial.validspatial,300,1
80,40117,1,1,0,trial.doublecue,428,1
80,40117,1,1,0,trial.doublecue,466,1
80,40117,1,2,NaN,trial.nocue,335,1
80,40117,2,1,400,trial.doublecue,333,0
80,40117,2,2,400,trial.validspatial,287,0
80,40117,2,2,800,trial.doublecue,285,0
80,40117,2,2,NaN,trial.nocue,406,0
80,40117,1,2,NaN,trial.nocue,356,1
80,40117,1,2,0,trial.doublecue,389,1
80,40117,2,1,800,trial.invalid,307,0
80,40117,1,2,0,trial.validspatial,309,1
80,40117,1,1,0,trial.validspatial,504,1
80,40117,2,1,0,trial.validspatial,322,0
80,40117,1,1,400,trial.invalid,443,1
80,40117,1,2,800,trial.doublecue,333,1
80,40117,2,2,0,trial.validspatial,427,0
80,40117,2,2,0,trial.invalid,367,0
80,40117,1,1,0,trial.validspatial,385,1
80,40117,1,1,400,trial.invalid,369,1
80,40117,2,1,800,trial.validspatial,341,0
80,40117,2,2,400,trial.doublecue,328,0
80,40117,2,1,0,trial.doublecue,536,0
80,40117,2,2,400,trial.validspatial,274,0
80,40117,1,1,NaN,trial.nocue,333,1
80,40117,2,1,0,trial.invalid,353,0
80,40117,1,2,800,trial.validspatial,332,1
80,40117,1,2,800,trial.doublecue,354,1
80,40117,2,1,400,trial.validspatial,412,0
80,40117,1,1,800,trial.validspatial,349,1
80,40117,1,2,800,trial.validspatial,358,1
80,40117,1,1,0,trial.validspatial,499,1
80,40117,1,2,400,trial.validspatial,309,1
80,40117,2,1,400,trial.invalid,421,0
80,40117,2,1,0,trial.invalid,405,0
80,40117,2,2,NaN,trial.nocue,384,0
80,40117,1,1,800,trial.validspatial,1700,0
80,40117,2,2,400,trial.validspatial,1057,0
80,40117,2,1,NaN,trial.nocue,33,1
80,40117,1,1,400,trial.validspatial,341,1
80,40117,1,2,NaN,trial.nocue,605,1
80,40117,1,2,0,trial.validspatial,407,1
80,40117,1,2,800,trial.validspatial,507,1
80,40117,1,1,0,trial.validspatial,507,1
80,40117,1,1,400,trial.validspatial,624,1
80,40117,1,1,0,trial.validspatial,1700,0
80,40117,1,2,0,trial.invalid,654,1
80,40117,1,2,800,trial.validspatial,190,0
80,40117,1,2,400,trial.validspatial,899,0
80,40117,1,2,400,trial.doublecue,1700,0
80,40117,2,2,400,trial.validspatial,354,0
80,40117,2,1,400,trial.doublecue,303,0
80,40117,2,1,0,trial.validspatial,523,0
80,40117,2,1,400,trial.validspatial,509,0
80,40117,1,2,800,trial.validspatial,0,1
80,40117,1,1,800,trial.invalid,740,1
80,40117,2,1,400,trial.validspatial,1700,0
80,40117,2,1,800,trial.validspatial,108,0
80,40117,2,2,0,trial.validspatial,384,0
80,40117,1,2,0,trial.validspatial,1424,1
80,40117,1,1,400,trial.validspatial,156,1
80,40117,1,1,NaN,trial.nocue,1204,1
80,40117,1,2,0,trial.validspatial,731,1
80,40117,1,1,NaN,trial.nocue,567,1
80,40117,2,2,0,trial.validspatial,320,0
80,40117,2,1,800,trial.invalid,364,0
80,40117,2,2,NaN,trial.nocue,431,0
80,40117,1,2,400,trial.invalid,363,1
80,40117,2,2,0,trial.doublecue,410,0
80,40117,1,2,NaN,trial.nocue,406,1
80,40117,1,1,400,trial.validspatial,315,1
80,40117,1,1,800,trial.validspatial,325,1
80,40117,2,1,NaN,trial.nocue,532,0
80,40117,1,1,800,trial.doublecue,360,1
80,40117,2,2,0,trial.doublecue,429,0
80,40117,1,1,0,trial.invalid,382,1
80,40117,1,1,0,trial.invalid,450,1
80,40117,2,1,0,trial.validspatial,366,0
80,40117,2,1,0,trial.validspatial,345,0
80,40117,1,1,400,trial.doublecue,316,1
80,40117,2,2,800,trial.validspatial,315,0
80,40117,2,2,800,trial.validspatial,331,0
80,40117,2,2,0,trial.validspatial,537,0
80,40117,1,2,400,trial.validspatial,310,1
80,40117,2,2,800,trial.invalid,332,0
80,40117,1,2,0,trial.invalid,426,1
80,40117,2,1,400,trial.validspatial,274,0
80,40117,2,1,400,trial.validspatial,306,0
80,40117,2,1,NaN,trial.nocue,498,0
80,40117,2,2,NaN,trial.nocue,891,0
80,40117,2,1,NaN,trial.nocue,395,0
80,40117,1,1,800,trial.validspatial,294,1
80,40117,1,1,NaN,trial.nocue,422,1
80,40117,2,1,800,trial.doublecue,290,0
80,40117,2,2,NaN,trial.nocue,361,0
80,40117,1,2,400,trial.validspatial,489,1
80,40117,1,1,400,trial.doublecue,312,1
80,40117,2,2,400,trial.invalid,332,0
80,40117,1,1,NaN,trial.nocue,373,1
80,40117,2,1,800,trial.validspatial,305,0
80,40117,2,2,0,trial.validspatial,588,0
80,40117,2,1,800,trial.doublecue,389,0
80,40117,2,1,400,trial.validspatial,315,0
80,40117,2,2,400,trial.validspatial,315,0
80,40117,2,1,0,trial.doublecue,452,0
80,40117,2,2,400,trial.validspatial,319,0
80,40117,2,2,400,trial.invalid,390,0
80,40117,2,2,800,trial.doublecue,310,0
80,40117,1,2,400,trial.doublecue,466,1
80,40117,1,2,0,trial.validspatial,530,1
80,40117,1,2,NaN,trial.nocue,460,1
80,40117,1,1,800,trial.invalid,343,1
80,40117,2,2,800,trial.validspatial,323,0
80,40117,2,1,800,trial.validspatial,362,0
80,40117,2,1,0,trial.validspatial,430,0
80,40117,2,2,NaN,trial.nocue,311,0
80,40117,2,2,800,trial.validspatial,306,0
80,40117,1,1,400,trial.validspatial,1700,0
80,40117,1,2,800,trial.invalid,431,1
80,40117,2,2,0,trial.validspatial,401,1
80,40117,2,2,800,trial.validspatial,316,1
80,40117,1,1,800,trial.validspatial,441,1
80,40117,2,1,NaN,trial.nocue,326,1
80,40117,1,2,NaN,trial.nocue,332,0
80,40117,1,2,800,trial.validspatial,340,0
80,40117,1,2,0,trial.validspatial,434,0
80,40117,2,2,0,trial.invalid,345,0
80,40117,1,1,NaN,trial.nocue,340,1
80,40117,2,2,800,trial.validspatial,335,1
80,40117,2,1,800,trial.validspatial,308,0
80,40117,2,1,0,trial.validspatial,344,0
80,40117,1,1,800,trial.doublecue,282,0
80,40117,2,2,800,trial.invalid,339,1
80,40117,1,2,400,trial.validspatial,313,1
80,40117,2,1,800,trial.validspatial,348,1
80,40117,1,2,400,trial.invalid,380,1
80,40117,1,1,800,trial.validspatial,473,1
80,40117,2,2,400,trial.doublecue,491,0
80,40117,1,1,0,trial.validspatial,387,0
80,40117,2,1,NaN,trial.nocue,817,0
80,40117,2,1,400,trial.invalid,377,1
80,40117,1,2,800,trial.invalid,387,0
80,40117,1,2,0,trial.doublecue,410,1
80,40117,1,1,400,trial.validspatial,377,1
80,40117,1,2,400,trial.validspatial,369,1
80,40117,1,1,0,trial.doublecue,1156,0
80,40117,1,1,0,trial.doublecue,338,1
80,40117,1,2,NaN,trial.nocue,522,0
80,40117,2,1,400,trial.doublecue,347,1
80,40117,2,2,400,trial.validspatial,325,1
80,40117,2,2,800,trial.doublecue,373,0
80,40117,2,2,NaN,trial.nocue,348,0
80,40117,1,2,NaN,trial.nocue,366,1
80,40117,1,2,0,trial.doublecue,327,0
80,40117,2,1,800,trial.invalid,327,0
80,40117,1,2,0,trial.validspatial,458,0
80,40117,1,1,0,trial.validspatial,298,1
80,40117,2,1,0,trial.validspatial,388,0
80,40117,1,1,400,trial.invalid,327,1
80,40117,1,2,800,trial.doublecue,320,0
80,40117,2,2,0,trial.validspatial,364,0
80,40117,2,2,0,trial.invalid,440,0
80,40117,1,1,0,trial.validspatial,456,0
80,40117,1,1,400,trial.invalid,521,0
80,40117,2,1,800,trial.validspatial,368,1
80,40117,2,2,400,trial.doublecue,486,1
80,40117,2,1,0,trial.doublecue,330,0
80,40117,2,2,400,trial.validspatial,369,0
80,40117,1,1,NaN,trial.nocue,322,1
80,40117,2,1,0,trial.invalid,870,1
80,40117,1,2,800,trial.validspatial,356,0
80,40117,1,2,800,trial.doublecue,471,1
80,40117,2,1,400,trial.validspatial,301,0
80,40117,1,1,800,trial.validspatial,479,0
80,40117,1,2,800,trial.validspatial,341,0
80,40117,1,1,0,trial.validspatial,298,0
80,40117,1,2,400,trial.validspatial,388,0
80,40117,2,1,400,trial.invalid,386,0
80,40117,2,1,0,trial.invalid,299,0
80,40117,2,2,NaN,trial.nocue,504,0
80,40117,1,1,800,trial.validspatial,382,0
80,40117,2,2,400,trial.validspatial,360,1
80,40117,2,1,NaN,trial.nocue,450,1
80,40117,1,1,400,trial.validspatial,348,1
80,40117,1,2,NaN,trial.nocue,347,1
80,40117,1,2,0,trial.validspatial,489,0
80,40117,1,2,800,trial.validspatial,399,0
80,40117,1,1,0,trial.validspatial,348,0
80,40117,1,1,400,trial.validspatial,447,0
