subject,date,location_congruence_val,flanker_congruence_val,cue_target_interval,cue_condition,latency,values.correct
228,62917,1,1,0,trial.validspatial,956,1
228,62917,1,2,0,trial.invalid,984,1
228,62917,1,2,800,trial.validspatial,977,1
228,62917,1,2,400,trial.validspatial,930,1
228,62917,1,2,400,trial.doublecue,1071,1
228,62917,2,2,400,trial.validspatial,714,1
228,62917,2,1,400,trial.doublecue,1028,1
228,62917,2,1,0,trial.validspatial,726,1
228,62917,2,1,400,trial.validspatial,529,1
228,62917,1,2,800,trial.validspatial,843,1
228,62917,1,1,800,trial.invalid,721,1
228,62917,2,1,400,trial.validspatial,1700,0
228,62917,2,1,800,trial.validspatial,623,1
228,62917,2,2,0,trial.validspatial,779,1
228,62917,1,2,0,trial.validspatial,873,1
228,62917,1,1,400,trial.validspatial,689,1
228,62917,1,1,NaN,trial.nocue,832,1
228,62917,1,2,0,trial.validspatial,916,1
228,62917,1,1,NaN,trial.nocue,828,1
228,62917,2,2,0,trial.validspatial,945,1
228,62917,2,1,800,trial.invalid,846,1
228,62917,2,2,NaN,trial.nocue,1018,1
228,62917,1,2,400,trial.invalid,1279,1
228,62917,2,2,0,trial.doublecue,958,1
228,62917,1,2,NaN,trial.nocue,848,1
228,62917,1,1,400,trial.validspatial,904,1
228,62917,1,1,800,trial.validspatial,1700,0
228,62917,2,1,NaN,trial.nocue,1209,0
228,62917,1,1,800,trial.doublecue,759,1
228,62917,2,2,0,trial.doublecue,966,1
228,62917,1,1,0,trial.invalid,874,1
228,62917,1,1,0,trial.invalid,822,1
228,62917,2,1,0,trial.validspatial,788,1
228,62917,2,1,0,trial.validspatial,901,1
228,62917,1,1,400,trial.doublecue,800,1
228,62917,2,2,800,trial.validspatial,867,1
228,62917,2,2,800,trial.validspatial,869,1
228,62917,2,2,0,trial.validspatial,767,1
228,62917,1,2,400,trial.validspatial,827,1
228,62917,2,2,800,trial.invalid,817,1
228,62917,1,2,0,trial.invalid,1050,1
228,62917,2,1,400,trial.validspatial,898,1
228,62917,2,1,400,trial.validspatial,1068,1
228,62917,2,1,NaN,trial.nocue,943,1
228,62917,2,2,NaN,trial.nocue,1099,1
228,62917,2,1,NaN,trial.nocue,908,1
228,62917,1,1,800,trial.validspatial,837,1
228,62917,1,1,NaN,trial.nocue,762,1
228,62917,2,1,800,trial.doublecue,750,1
228,62917,2,2,NaN,trial.nocue,828,1
228,62917,1,2,400,trial.validspatial,674,1
228,62917,1,1,400,trial.doublecue,734,1
228,62917,2,2,400,trial.invalid,986,1
228,62917,1,1,NaN,trial.nocue,872,1
228,62917,2,1,800,trial.validspatial,958,1
228,62917,2,2,0,trial.validspatial,844,1
228,62917,2,1,800,trial.doublecue,867,1
228,62917,2,1,400,trial.validspatial,1700,0
228,62917,2,2,400,trial.validspatial,808,1
228,62917,2,1,0,trial.doublecue,1039,1
228,62917,2,2,400,trial.validspatial,791,1
228,62917,2,2,400,trial.invalid,880,1
228,62917,2,2,800,trial.doublecue,1039,1
228,62917,1,2,400,trial.doublecue,787,1
228,62917,1,2,0,trial.validspatial,1700,0
228,62917,1,2,NaN,trial.nocue,846,1
228,62917,1,1,800,trial.invalid,777,1
228,62917,2,2,800,trial.validspatial,784,1
228,62917,2,1,800,trial.validspatial,745,1
228,62917,2,1,0,trial.validspatial,740,1
228,62917,2,2,NaN,trial.nocue,1700,0
228,62917,2,2,800,trial.validspatial,625,1
228,62917,1,1,400,trial.validspatial,1165,1
228,62917,1,2,800,trial.invalid,971,1
228,62917,2,2,0,trial.validspatial,720,1
228,62917,2,2,800,trial.validspatial,829,1
228,62917,1,1,800,trial.validspatial,788,1
228,62917,2,1,NaN,trial.nocue,952,1
228,62917,1,2,NaN,trial.nocue,730,1
228,62917,1,2,800,trial.validspatial,1700,0
228,62917,1,2,0,trial.validspatial,163,0
228,62917,2,2,0,trial.invalid,924,1
228,62917,1,1,NaN,trial.nocue,745,1
228,62917,2,2,800,trial.validspatial,560,1
228,62917,2,1,800,trial.validspatial,562,1
228,62917,2,1,0,trial.validspatial,799,1
228,62917,1,1,800,trial.doublecue,665,1
228,62917,2,2,800,trial.invalid,903,1
228,62917,1,2,400,trial.validspatial,708,1
228,62917,2,1,800,trial.validspatial,522,1
228,62917,1,2,400,trial.invalid,778,1
228,62917,1,1,800,trial.validspatial,1157,1
228,62917,2,2,400,trial.doublecue,890,1
228,62917,1,1,0,trial.validspatial,833,1
228,62917,2,1,NaN,trial.nocue,830,1
228,62917,2,1,400,trial.invalid,923,1
228,62917,1,2,800,trial.invalid,1013,1
228,62917,1,2,0,trial.doublecue,762,1
228,62917,1,1,400,trial.validspatial,1223,1
228,62917,1,2,400,trial.validspatial,712,1
228,62917,1,1,0,trial.doublecue,654,1
228,62917,1,1,0,trial.doublecue,897,1
228,62917,1,2,NaN,trial.nocue,1112,1
228,62917,2,1,400,trial.doublecue,562,1
228,62917,2,2,400,trial.validspatial,622,1
228,62917,2,2,800,trial.doublecue,942,1
228,62917,2,2,NaN,trial.nocue,757,1
228,62917,1,2,NaN,trial.nocue,1078,1
228,62917,1,2,0,trial.doublecue,674,1
228,62917,2,1,800,trial.invalid,948,1
228,62917,1,2,0,trial.validspatial,840,1
228,62917,1,1,0,trial.validspatial,693,1
228,62917,2,1,0,trial.validspatial,717,1
228,62917,1,1,400,trial.invalid,966,1
228,62917,1,2,800,trial.doublecue,905,1
228,62917,2,2,0,trial.validspatial,830,1
228,62917,2,2,0,trial.invalid,832,1
228,62917,1,1,0,trial.validspatial,813,1
228,62917,1,1,400,trial.invalid,783,1
228,62917,2,1,800,trial.validspatial,738,1
228,62917,2,2,400,trial.doublecue,909,1
228,62917,2,1,0,trial.doublecue,763,1
228,62917,2,2,400,trial.validspatial,588,1
228,62917,1,1,NaN,trial.nocue,853,1
228,62917,2,1,0,trial.invalid,929,1
228,62917,1,2,800,trial.validspatial,970,1
228,62917,1,2,800,trial.doublecue,941,1
228,62917,2,1,400,trial.validspatial,925,1
228,62917,1,1,800,trial.validspatial,803,1
228,62917,1,2,800,trial.validspatial,758,1
228,62917,1,1,0,trial.validspatial,825,1
228,62917,1,2,400,trial.validspatial,1003,1
228,62917,2,1,400,trial.invalid,851,1
228,62917,2,1,0,trial.invalid,1700,0
228,62917,2,2,NaN,trial.nocue,1248,1
228,62917,1,1,800,trial.validspatial,837,1
228,62917,2,2,400,trial.validspatial,840,1
228,62917,2,1,NaN,trial.nocue,833,1
228,62917,1,1,400,trial.validspatial,770,1
228,62917,1,2,NaN,trial.nocue,759,1
228,62917,1,2,0,trial.validspatial,734,1
228,62917,1,2,800,trial.validspatial,1048,1
228,62917,1,1,0,trial.validspatial,799,1
228,62917,1,1,400,trial.validspatial,1700,0
228,62917,1,1,0,trial.validspatial,737,1
228,62917,1,2,0,trial.invalid,747,1
228,62917,1,2,800,trial.validspatial,908,1
228,62917,1,2,400,trial.validspatial,748,1
228,62917,1,2,400,trial.doublecue,857,1
228,62917,2,2,400,trial.validspatial,637,1
228,62917,2,1,400,trial.doublecue,638,1
228,62917,2,1,0,trial.validspatial,569,1
228,62917,2,1,400,trial.validspatial,477,1
228,62917,1,2,800,trial.validspatial,742,1
228,62917,1,1,800,trial.invalid,747,1
228,62917,2,1,400,trial.validspatial,695,1
228,62917,2,1,800,trial.validspatial,616,1
228,62917,2,2,0,trial.validspatial,812,1
228,62917,1,2,0,trial.validspatial,832,1
228,62917,1,1,400,trial.validspatial,747,1
228,62917,1,1,NaN,trial.nocue,835,1
228,62917,1,2,0,trial.validspatial,839,1
228,62917,1,1,NaN,trial.nocue,836,1
228,62917,2,2,0,trial.validspatial,1035,1
228,62917,2,1,800,trial.invalid,672,1
228,62917,2,2,NaN,trial.nocue,1036,1
228,62917,1,2,400,trial.invalid,944,1
228,62917,2,2,0,trial.doublecue,927,1
228,62917,1,2,NaN,trial.nocue,825,1
228,62917,1,1,400,trial.validspatial,624,1
228,62917,1,1,800,trial.validspatial,851,1
228,62917,2,1,NaN,trial.nocue,1065,1
228,62917,1,1,800,trial.doublecue,855,1
228,62917,2,2,0,trial.doublecue,1024,1
228,62917,1,1,0,trial.invalid,898,1
228,62917,1,1,0,trial.invalid,799,1
228,62917,2,1,0,trial.validspatial,1239,1
228,62917,2,1,0,trial.validspatial,735,1
228,62917,1,1,400,trial.doublecue,799,1
228,62917,2,2,800,trial.validspatial,1180,1
228,62917,2,2,800,trial.validspatial,782,1
228,62917,2,2,0,trial.validspatial,1399,1
228,62917,1,2,400,trial.validspatial,827,1
228,62917,2,2,800,trial.invalid,1700,0
228,62917,1,2,0,trial.invalid,737,1
228,62917,2,1,400,trial.validspatial,666,1
228,62917,2,1,400,trial.validspatial,812,1
228,62917,2,1,NaN,trial.nocue,887,1
228,62917,2,2,NaN,trial.nocue,1700,0
228,62917,2,1,NaN,trial.nocue,1027,1
228,62917,1,1,800,trial.validspatial,767,1
228,62917,1,1,NaN,trial.nocue,1321,1
228,62917,2,1,800,trial.doublecue,718,1
228,62917,2,2,NaN,trial.nocue,923,1
228,62917,1,2,400,trial.validspatial,698,1
228,62917,1,1,400,trial.doublecue,810,1
228,62917,2,2,400,trial.invalid,784,1
228,62917,1,1,NaN,trial.nocue,774,1
228,62917,2,1,800,trial.validspatial,884,1
228,62917,2,2,0,trial.validspatial,803,1
228,62917,2,1,800,trial.doublecue,704,1
228,62917,2,1,400,trial.validspatial,718,1
228,62917,2,2,400,trial.validspatial,830,1
228,62917,2,1,0,trial.doublecue,885,1
228,62917,2,2,400,trial.validspatial,784,1
228,62917,2,2,400,trial.invalid,812,1
228,62917,2,2,800,trial.doublecue,879,1
228,62917,1,2,400,trial.doublecue,986,1
228,62917,1,2,0,trial.validspatial,851,1
228,62917,1,2,NaN,trial.nocue,885,1
228,62917,1,1,800,trial.invalid,880,1
228,62917,2,2,800,trial.validspatial,1152,1
228,62917,2,1,800,trial.validspatial,785,1
228,62917,2,1,0,trial.validspatial,642,1
228,62917,2,2,NaN,trial.nocue,898,1
228,62917,2,2,800,trial.validspatial,796,1
228,62917,1,1,400,trial.validspatial,1700,0
228,62917,1,2,800,trial.invalid,1012,1
228,62917,2,2,0,trial.validspatial,800,1
228,62917,2,2,800,trial.validspatial,632,1
228,62917,1,1,800,trial.validspatial,903,1
228,62917,2,1,NaN,trial.nocue,884,1
228,62917,1,2,NaN,trial.nocue,663,1
228,62917,1,2,800,trial.validspatial,762,1
228,62917,1,2,0,trial.validspatial,1027,1
228,62917,2,2,0,trial.invalid,806,1
228,62917,1,1,NaN,trial.nocue,1501,1
228,62917,2,2,800,trial.validspatial,716,1
228,62917,2,1,800,trial.validspatial,608,1
228,62917,2,1,0,trial.validspatial,1099,1
228,62917,1,1,800,trial.doublecue,853,1
228,62917,2,2,800,trial.invalid,1314,1
228,62917,1,2,400,trial.validspatial,563,1
228,62917,2,1,800,trial.validspatial,787,1
228,62917,1,2,400,trial.invalid,855,1
228,62917,1,1,800,trial.validspatial,804,1
228,62917,2,2,400,trial.doublecue,978,1
228,62917,1,1,0,trial.validspatial,823,1
228,62917,2,1,NaN,trial.nocue,811,1
228,62917,2,1,400,trial.invalid,864,1
228,62917,1,2,800,trial.invalid,880,1
228,62917,1,2,0,trial.doublecue,647,1
228,62917,1,1,400,trial.validspatial,616,1
228,62917,1,2,400,trial.validspatial,762,1
228,62917,1,1,0,trial.doublecue,657,1
228,62917,1,1,0,trial.doublecue,615,1
228,62917,1,2,NaN,trial.nocue,806,1
228,62917,2,1,400,trial.doublecue,892,1
228,62917,2,2,400,trial.validspatial,671,1
228,62917,2,2,800,trial.doublecue,730,1
228,62917,2,2,NaN,trial.nocue,714,1
228,62917,1,2,NaN,trial.nocue,833,1
228,62917,1,2,0,trial.doublecue,806,1
228,62917,2,1,800,trial.invalid,655,1
228,62917,1,2,0,trial.validspatial,745,1
228,62917,1,1,0,trial.validspatial,643,1
228,62917,2,1,0,trial.validspatial,667,1
228,62917,1,1,400,trial.invalid,970,1
228,62917,1,2,800,trial.doublecue,1019,1
228,62917,2,2,0,trial.validspatial,580,1
228,62917,2,2,0,trial.invalid,904,1
228,62917,1,1,0,trial.validspatial,1060,1
228,62917,1,1,400,trial.invalid,789,1
228,62917,2,1,800,trial.validspatial,744,1
228,62917,2,2,400,trial.doublecue,660,1
228,62917,2,1,0,trial.doublecue,734,1
228,62917,2,2,400,trial.validspatial,790,1
228,62917,1,1,NaN,trial.nocue,620,1
228,62917,2,1,0,trial.invalid,917,1
228,62917,1,2,800,trial.validspatial,770,1
228,62917,1,2,800,trial.doublecue,713,1
228,62917,2,1,400,trial.validspatial,599,1
228,62917,1,1,800,trial.validspatial,764,1
228,62917,1,2,800,trial.validspatial,834,1
228,62917,1,1,0,trial.validspatial,872,1
228,62917,1,2,400,trial.validspatial,679,1
228,62917,2,1,400,trial.invalid,679,1
228,62917,2,1,0,trial.invalid,771,1
228,62917,2,2,NaN,trial.nocue,924,1
228,62917,1,1,800,trial.validspatial,796,1
228,62917,2,2,400,trial.validspatial,602,1
228,62917,2,1,NaN,trial.nocue,809,1
228,62917,1,1,400,trial.validspatial,795,1
228,62917,1,2,NaN,trial.nocue,766,1
228,62917,1,2,0,trial.validspatial,1054,1
228,62917,1,2,800,trial.validspatial,741,1
228,62917,1,1,0,trial.validspatial,769,1
228,62917,1,1,400,trial.validspatial,783,1
