subject,date,location_congruence_val,flanker_congruence_val,cue_target_interval,cue_condition,latency,values.correct
182,110717,1,1,0,trial.validspatial,1381,1
182,110717,1,2,0,trial.invalid,1700,0
182,110717,1,2,800,trial.validspatial,1251,1
182,110717,1,2,400,trial.validspatial,1269,1
182,110717,1,2,400,trial.doublecue,1138,1
182,110717,2,2,400,trial.validspatial,963,1
182,110717,2,1,400,trial.doublecue,1170,1
182,110717,2,1,0,trial.validspatial,1381,1
182,110717,2,1,400,trial.validspatial,808,1
182,110717,1,2,800,trial.validspatial,1116,1
182,110717,1,1,800,trial.invalid,953,1
182,110717,2,1,400,trial.validspatial,802,1
182,110717,2,1,800,trial.validspatial,673,1
182,110717,2,2,0,trial.validspatial,1132,1
182,110717,1,2,0,trial.validspatial,1046,1
182,110717,1,1,400,trial.validspatial,623,1
182,110717,1,1,NaN,trial.nocue,1035,1
182,110717,1,2,0,trial.validspatial,1030,1
182,110717,1,1,NaN,trial.nocue,1318,1
182,110717,2,2,0,trial.validspatial,1072,1
182,110717,2,1,800,trial.invalid,1515,1
182,110717,2,2,NaN,trial.nocue,1683,1
182,110717,1,2,400,trial.invalid,1230,1
182,110717,2,2,0,trial.doublecue,1096,1
182,110717,1,2,NaN,trial.nocue,1057,1
182,110717,1,1,400,trial.validspatial,767,1
182,110717,1,1,800,trial.validspatial,916,1
182,110717,2,1,NaN,trial.nocue,1084,1
182,110717,1,1,800,trial.doublecue,873,1
182,110717,2,2,0,trial.doublecue,1169,1
182,110717,1,1,0,trial.invalid,890,1
182,110717,1,1,0,trial.invalid,1251,1
182,110717,2,1,0,trial.validspatial,1145,1
182,110717,2,1,0,trial.validspatial,949,1
182,110717,1,1,400,trial.doublecue,703,1
182,110717,2,2,800,trial.validspatial,801,1
182,110717,2,2,800,trial.validspatial,903,1
182,110717,2,2,0,trial.validspatial,1074,1
182,110717,1,2,400,trial.validspatial,886,1
182,110717,2,2,800,trial.invalid,1035,1
182,110717,1,2,0,trial.invalid,1164,1
182,110717,2,1,400,trial.validspatial,902,1
182,110717,2,1,400,trial.validspatial,770,1
182,110717,2,1,NaN,trial.nocue,1131,1
182,110717,2,2,NaN,trial.nocue,1286,1
182,110717,2,1,NaN,trial.nocue,978,1
182,110717,1,1,800,trial.validspatial,799,1
182,110717,1,1,NaN,trial.nocue,934,1
182,110717,2,1,800,trial.doublecue,903,1
182,110717,2,2,NaN,trial.nocue,1001,1
182,110717,1,2,400,trial.validspatial,908,1
182,110717,1,1,400,trial.doublecue,859,1
182,110717,2,2,400,trial.invalid,1181,1
182,110717,1,1,NaN,trial.nocue,801,1
182,110717,2,1,800,trial.validspatial,723,1
182,110717,2,2,0,trial.validspatial,945,1
182,110717,2,1,800,trial.doublecue,847,1
182,110717,2,1,400,trial.validspatial,588,1
182,110717,2,2,400,trial.validspatial,740,1
182,110717,2,1,0,trial.doublecue,830,1
182,110717,2,2,400,trial.validspatial,909,1
182,110717,2,2,400,trial.invalid,970,1
182,110717,2,2,800,trial.doublecue,920,1
182,110717,1,2,400,trial.doublecue,834,1
182,110717,1,2,0,trial.validspatial,1039,1
182,110717,1,2,NaN,trial.nocue,1636,1
182,110717,1,1,800,trial.invalid,864,1
182,110717,2,2,800,trial.validspatial,947,1
182,110717,2,1,800,trial.validspatial,719,1
182,110717,2,1,0,trial.validspatial,964,1
182,110717,2,2,NaN,trial.nocue,1176,1
182,110717,2,2,800,trial.validspatial,800,1
182,110717,1,1,400,trial.validspatial,633,1
182,110717,1,2,800,trial.invalid,935,1
182,110717,2,2,0,trial.validspatial,887,1
182,110717,2,2,800,trial.validspatial,931,1
182,110717,1,1,800,trial.validspatial,934,1
182,110717,2,1,NaN,trial.nocue,1086,1
182,110717,1,2,NaN,trial.nocue,865,1
182,110717,1,2,800,trial.validspatial,805,1
182,110717,1,2,0,trial.validspatial,1046,1
182,110717,2,2,0,trial.invalid,1146,1
182,110717,1,1,NaN,trial.nocue,944,1
182,110717,2,2,800,trial.validspatial,939,1
182,110717,2,1,800,trial.validspatial,881,1
182,110717,2,1,0,trial.validspatial,865,1
182,110717,1,1,800,trial.doublecue,1112,1
182,110717,2,2,800,trial.invalid,933,1
182,110717,1,2,400,trial.validspatial,958,1
182,110717,2,1,800,trial.validspatial,746,1
182,110717,1,2,400,trial.invalid,931,1
182,110717,1,1,800,trial.validspatial,684,1
182,110717,2,2,400,trial.doublecue,734,1
182,110717,1,1,0,trial.validspatial,960,1
182,110717,2,1,NaN,trial.nocue,645,1
182,110717,2,1,400,trial.invalid,815,1
182,110717,1,2,800,trial.invalid,1015,1
182,110717,1,2,0,trial.doublecue,973,1
182,110717,1,1,400,trial.validspatial,721,1
182,110717,1,2,400,trial.validspatial,862,1
182,110717,1,1,0,trial.doublecue,807,1
182,110717,1,1,0,trial.doublecue,647,1
182,110717,1,2,NaN,trial.nocue,836,1
182,110717,2,1,400,trial.doublecue,852,1
182,110717,2,2,400,trial.validspatial,780,1
182,110717,2,2,800,trial.doublecue,1180,1
182,110717,2,2,NaN,trial.nocue,949,1
182,110717,1,2,NaN,trial.nocue,1131,1
182,110717,1,2,0,trial.doublecue,1065,1
182,110717,2,1,800,trial.invalid,865,1
182,110717,1,2,0,trial.validspatial,881,1
182,110717,1,1,0,trial.validspatial,609,1
182,110717,2,1,0,trial.validspatial,785,1
182,110717,1,1,400,trial.invalid,1065,1
182,110717,1,2,800,trial.doublecue,1027,1
182,110717,2,2,0,trial.validspatial,896,1
182,110717,2,2,0,trial.invalid,759,1
182,110717,1,1,0,trial.validspatial,800,1
182,110717,1,1,400,trial.invalid,809,1
182,110717,2,1,800,trial.validspatial,808,1
182,110717,2,2,400,trial.doublecue,840,1
182,110717,2,1,0,trial.doublecue,1096,1
182,110717,2,2,400,trial.validspatial,867,1
182,110717,1,1,NaN,trial.nocue,904,1
182,110717,2,1,0,trial.invalid,1176,1
182,110717,1,2,800,trial.validspatial,841,1
182,110717,1,2,800,trial.doublecue,982,1
182,110717,2,1,400,trial.validspatial,899,1
182,110717,1,1,800,trial.validspatial,655,1
182,110717,1,2,800,trial.validspatial,751,1
182,110717,1,1,0,trial.validspatial,820,1
182,110717,1,2,400,trial.validspatial,845,1
182,110717,2,1,400,trial.invalid,1123,1
182,110717,2,1,0,trial.invalid,897,1
182,110717,2,2,NaN,trial.nocue,815,1
182,110717,1,1,800,trial.validspatial,683,1
182,110717,2,2,400,trial.validspatial,711,1
182,110717,2,1,NaN,trial.nocue,842,1
182,110717,1,1,400,trial.validspatial,599,1
182,110717,1,2,NaN,trial.nocue,859,1
182,110717,1,2,0,trial.validspatial,819,1
182,110717,1,2,800,trial.validspatial,827,1
182,110717,1,1,0,trial.validspatial,690,1
182,110717,1,1,400,trial.validspatial,738,1
182,110717,1,1,0,trial.validspatial,661,1
182,110717,1,2,0,trial.invalid,975,1
182,110717,1,2,800,trial.validspatial,893,1
182,110717,1,2,400,trial.validspatial,850,1
182,110717,1,2,400,trial.doublecue,859,1
182,110717,2,2,400,trial.validspatial,763,1
182,110717,2,1,400,trial.doublecue,977,1
182,110717,2,1,0,trial.validspatial,709,1
182,110717,2,1,400,trial.validspatial,701,1
182,110717,1,2,800,trial.validspatial,787,1
182,110717,1,1,800,trial.invalid,662,1
182,110717,2,1,400,trial.validspatial,799,1
182,110717,2,1,800,trial.validspatial,789,1
182,110717,2,2,0,trial.validspatial,976,1
182,110717,1,2,0,trial.validspatial,814,1
182,110717,1,1,400,trial.validspatial,580,1
182,110717,1,1,NaN,trial.nocue,528,1
182,110717,1,2,0,trial.validspatial,719,1
182,110717,1,1,NaN,trial.nocue,752,1
182,110717,2,2,0,trial.validspatial,842,1
182,110717,2,1,800,trial.invalid,694,1
182,110717,2,2,NaN,trial.nocue,1210,1
182,110717,1,2,400,trial.invalid,1225,1
182,110717,2,2,0,trial.doublecue,1003,1
182,110717,1,2,NaN,trial.nocue,975,1
182,110717,1,1,400,trial.validspatial,813,1
182,110717,1,1,800,trial.validspatial,639,1
182,110717,2,1,NaN,trial.nocue,834,1
182,110717,1,1,800,trial.doublecue,644,1
182,110717,2,2,0,trial.doublecue,1124,1
182,110717,1,1,0,trial.invalid,678,1
182,110717,1,1,0,trial.invalid,674,1
182,110717,2,1,0,trial.validspatial,605,0
182,110717,2,1,0,trial.validspatial,975,1
182,110717,1,1,400,trial.doublecue,728,1
182,110717,2,2,800,trial.validspatial,890,1
182,110717,2,2,800,trial.validspatial,910,1
182,110717,2,2,0,trial.validspatial,769,1
182,110717,1,2,400,trial.validspatial,925,1
182,110717,2,2,800,trial.invalid,839,1
182,110717,1,2,0,trial.invalid,1061,1
182,110717,2,1,400,trial.validspatial,805,1
182,110717,2,1,400,trial.validspatial,772,1
182,110717,2,1,NaN,trial.nocue,1274,1
182,110717,2,2,NaN,trial.nocue,989,1
182,110717,2,1,NaN,trial.nocue,779,1
182,110717,1,1,800,trial.validspatial,685,1
182,110717,1,1,NaN,trial.nocue,828,1
182,110717,2,1,800,trial.doublecue,741,1
182,110717,2,2,NaN,trial.nocue,1136,1
182,110717,1,2,400,trial.validspatial,721,1
182,110717,1,1,400,trial.doublecue,673,1
182,110717,2,2,400,trial.invalid,1062,1
182,110717,1,1,NaN,trial.nocue,735,1
182,110717,2,1,800,trial.validspatial,713,1
182,110717,2,2,0,trial.validspatial,976,1
182,110717,2,1,800,trial.doublecue,606,1
182,110717,2,1,400,trial.validspatial,609,1
182,110717,2,2,400,trial.validspatial,842,1
182,110717,2,1,0,trial.doublecue,762,1
182,110717,2,2,400,trial.validspatial,826,1
182,110717,2,2,400,trial.invalid,815,1
182,110717,2,2,800,trial.doublecue,799,1
182,110717,1,2,400,trial.doublecue,758,1
182,110717,1,2,0,trial.validspatial,1057,1
182,110717,1,2,NaN,trial.nocue,1002,1
182,110717,1,1,800,trial.invalid,822,1
182,110717,2,2,800,trial.validspatial,902,1
182,110717,2,1,800,trial.validspatial,763,1
182,110717,2,1,0,trial.validspatial,776,1
182,110717,2,2,NaN,trial.nocue,974,1
182,110717,2,2,800,trial.validspatial,780,1
182,110717,1,1,400,trial.validspatial,1700,0
182,110717,1,2,800,trial.invalid,683,1
182,110717,2,2,0,trial.validspatial,1013,1
182,110717,2,2,800,trial.validspatial,731,1
182,110717,1,1,800,trial.validspatial,926,1
182,110717,2,1,NaN,trial.nocue,976,1
182,110717,1,2,NaN,trial.nocue,863,1
182,110717,1,2,800,trial.validspatial,1028,1
182,110717,1,2,0,trial.validspatial,656,1
182,110717,2,2,0,trial.invalid,765,1
182,110717,1,1,NaN,trial.nocue,748,1
182,110717,2,2,800,trial.validspatial,665,1
182,110717,2,1,800,trial.validspatial,584,1
182,110717,2,1,0,trial.validspatial,665,1
182,110717,1,1,800,trial.doublecue,1099,1
182,110717,2,2,800,trial.invalid,872,1
182,110717,1,2,400,trial.validspatial,716,1
182,110717,2,1,800,trial.validspatial,730,1
182,110717,1,2,400,trial.invalid,769,1
182,110717,1,1,800,trial.validspatial,795,1
182,110717,2,2,400,trial.doublecue,999,1
182,110717,1,1,0,trial.validspatial,650,1
182,110717,2,1,NaN,trial.nocue,981,1
182,110717,2,1,400,trial.invalid,1044,1
182,110717,1,2,800,trial.invalid,958,1
182,110717,1,2,0,trial.doublecue,800,1
182,110717,1,1,400,trial.validspatial,762,1
182,110717,1,2,400,trial.validspatial,850,1
182,110717,1,1,0,trial.doublecue,703,1
182,110717,1,1,0,trial.doublecue,592,1
182,110717,1,2,NaN,trial.nocue,967,1
182,110717,2,1,400,trial.doublecue,680,1
182,110717,2,2,400,trial.validspatial,766,1
182,110717,2,2,800,trial.doublecue,762,1
182,110717,2,2,NaN,trial.nocue,856,1
182,110717,1,2,NaN,trial.nocue,705,1
182,110717,1,2,0,trial.doublecue,1130,1
182,110717,2,1,800,trial.invalid,882,1
182,110717,1,2,0,trial.validspatial,700,1
182,110717,1,1,0,trial.validspatial,789,1
182,110717,2,1,0,trial.validspatial,802,1
182,110717,1,1,400,trial.invalid,914,1
182,110717,1,2,800,trial.doublecue,1420,1
182,110717,2,2,0,trial.validspatial,692,1
182,110717,2,2,0,trial.invalid,997,1
182,110717,1,1,0,trial.validspatial,963,1
182,110717,1,1,400,trial.invalid,903,1
182,110717,2,1,800,trial.validspatial,709,1
182,110717,2,2,400,trial.doublecue,659,1
182,110717,2,1,0,trial.doublecue,676,1
182,110717,2,2,400,trial.validspatial,1103,1
182,110717,1,1,NaN,trial.nocue,775,1
182,110717,2,1,0,trial.invalid,846,1
182,110717,1,2,800,trial.validspatial,863,1
182,110717,1,2,800,trial.doublecue,861,1
182,110717,2,1,400,trial.validspatial,661,1
182,110717,1,1,800,trial.validspatial,979,1
182,110717,1,2,800,trial.validspatial,689,1
182,110717,1,1,0,trial.validspatial,670,1
182,110717,1,2,400,trial.validspatial,910,1
182,110717,2,1,400,trial.invalid,758,1
182,110717,2,1,0,trial.invalid,816,1
182,110717,2,2,NaN,trial.nocue,811,1
182,110717,1,1,800,trial.validspatial,828,1
182,110717,2,2,400,trial.validspatial,827,1
182,110717,2,1,NaN,trial.nocue,1162,1
182,110717,1,1,400,trial.validspatial,949,1
182,110717,1,2,NaN,trial.nocue,761,1
182,110717,1,2,0,trial.validspatial,916,1
182,110717,1,2,800,trial.validspatial,584,1
182,110717,1,1,0,trial.validspatial,798,1
182,110717,1,1,400,trial.validspatial,1089,1
