subject,date,location_congruence_val,flanker_congruence_val,cue_target_interval,cue_condition,latency,values.correct
38,61317,1,1,0,trial.validspatial,1560,1
38,61317,1,2,0,trial.invalid,1520,1
38,61317,1,2,800,trial.validspatial,1312,1
38,61317,1,2,400,trial.validspatial,879,1
38,61317,1,2,400,trial.doublecue,1133,1
38,61317,2,2,400,trial.validspatial,835,1
38,61317,2,1,400,trial.doublecue,1190,1
38,61317,2,1,0,trial.validspatial,868,1
38,61317,2,1,400,trial.validspatial,578,1
38,61317,1,2,800,trial.validspatial,977,1
38,61317,1,1,800,trial.invalid,729,1
38,61317,2,1,400,trial.validspatial,685,1
38,61317,2,1,800,trial.validspatial,555,1
38,61317,2,2,0,trial.validspatial,685,1
38,61317,1,2,0,trial.validspatial,886,1
38,61317,1,1,400,trial.validspatial,646,1
38,61317,1,1,NaN,trial.nocue,662,1
38,61317,1,2,0,trial.validspatial,756,1
38,61317,1,1,NaN,trial.nocue,559,1
38,61317,2,2,0,trial.validspatial,703,1
38,61317,2,1,800,trial.invalid,1308,1
38,61317,2,2,NaN,trial.nocue,964,1
38,61317,1,2,400,trial.invalid,1026,1
38,61317,2,2,0,trial.doublecue,821,1
38,61317,1,2,NaN,trial.nocue,826,1
38,61317,1,1,400,trial.validspatial,566,1
38,61317,1,1,800,trial.validspatial,755,1
38,61317,2,1,NaN,trial.nocue,729,1
38,61317,1,1,800,trial.doublecue,825,1
38,61317,2,2,0,trial.doublecue,910,1
38,61317,1,1,0,trial.invalid,811,1
38,61317,1,1,0,trial.invalid,719,1
38,61317,2,1,0,trial.validspatial,519,1
38,61317,2,1,0,trial.validspatial,578,1
38,61317,1,1,400,trial.doublecue,668,1
38,61317,2,2,800,trial.validspatial,716,1
38,61317,2,2,800,trial.validspatial,836,1
38,61317,2,2,0,trial.validspatial,688,1
38,61317,1,2,400,trial.validspatial,690,1
38,61317,2,2,800,trial.invalid,803,1
38,61317,1,2,0,trial.invalid,957,1
38,61317,2,1,400,trial.validspatial,595,1
38,61317,2,1,400,trial.validspatial,596,1
38,61317,2,1,NaN,trial.nocue,553,1
38,61317,2,2,NaN,trial.nocue,1314,1
38,61317,2,1,NaN,trial.nocue,514,1
38,61317,1,1,800,trial.validspatial,681,1
38,61317,1,1,NaN,trial.nocue,560,1
38,61317,2,1,800,trial.doublecue,630,1
38,61317,2,2,NaN,trial.nocue,808,1
38,61317,1,2,400,trial.validspatial,643,1
38,61317,1,1,400,trial.doublecue,667,1
38,61317,2,2,400,trial.invalid,808,1
38,61317,1,1,NaN,trial.nocue,678,1
38,61317,2,1,800,trial.validspatial,435,1
38,61317,2,2,0,trial.validspatial,726,1
38,61317,2,1,800,trial.doublecue,671,1
38,61317,2,1,400,trial.validspatial,609,1
38,61317,2,2,400,trial.validspatial,696,1
38,61317,2,1,0,trial.doublecue,600,1
38,61317,2,2,400,trial.validspatial,690,1
38,61317,2,2,400,trial.invalid,744,1
38,61317,2,2,800,trial.doublecue,622,1
38,61317,1,2,400,trial.doublecue,722,1
38,61317,1,2,0,trial.validspatial,1129,1
38,61317,1,2,NaN,trial.nocue,791,1
38,61317,1,1,800,trial.invalid,633,1
38,61317,2,2,800,trial.validspatial,917,1
38,61317,2,1,800,trial.validspatial,435,1
38,61317,2,1,0,trial.validspatial,593,1
38,61317,2,2,NaN,trial.nocue,761,1
38,61317,2,2,800,trial.validspatial,730,1
38,61317,1,1,400,trial.validspatial,818,1
38,61317,1,2,800,trial.invalid,1022,1
38,61317,2,2,0,trial.validspatial,929,1
38,61317,2,2,800,trial.validspatial,671,1
38,61317,1,1,800,trial.validspatial,967,1
38,61317,2,1,NaN,trial.nocue,649,1
38,61317,1,2,NaN,trial.nocue,869,1
38,61317,1,2,800,trial.validspatial,731,1
38,61317,1,2,0,trial.validspatial,741,1
38,61317,2,2,0,trial.invalid,884,1
38,61317,1,1,NaN,trial.nocue,620,1
38,61317,2,2,800,trial.validspatial,789,1
38,61317,2,1,800,trial.validspatial,500,1
38,61317,2,1,0,trial.validspatial,642,1
38,61317,1,1,800,trial.doublecue,681,1
38,61317,2,2,800,trial.invalid,1093,1
38,61317,1,2,400,trial.validspatial,626,1
38,61317,2,1,800,trial.validspatial,494,1
38,61317,1,2,400,trial.invalid,1029,1
38,61317,1,1,800,trial.validspatial,474,1
38,61317,2,2,400,trial.doublecue,729,1
38,61317,1,1,0,trial.validspatial,581,1
38,61317,2,1,NaN,trial.nocue,455,1
38,61317,2,1,400,trial.invalid,691,1
38,61317,1,2,800,trial.invalid,743,1
38,61317,1,2,0,trial.doublecue,754,1
38,61317,1,1,400,trial.validspatial,477,1
38,61317,1,2,400,trial.validspatial,763,1
38,61317,1,1,0,trial.doublecue,554,1
38,61317,1,1,0,trial.doublecue,493,1
38,61317,1,2,NaN,trial.nocue,810,1
38,61317,2,1,400,trial.doublecue,491,1
38,61317,2,2,400,trial.validspatial,608,1
38,61317,2,2,800,trial.doublecue,680,1
38,61317,2,2,NaN,trial.nocue,655,1
38,61317,1,2,NaN,trial.nocue,813,1
38,61317,1,2,0,trial.doublecue,718,1
38,61317,2,1,800,trial.invalid,685,1
38,61317,1,2,0,trial.validspatial,706,1
38,61317,1,1,0,trial.validspatial,583,1
38,61317,2,1,0,trial.validspatial,583,1
38,61317,1,1,400,trial.invalid,728,1
38,61317,1,2,800,trial.doublecue,956,1
38,61317,2,2,0,trial.validspatial,719,1
38,61317,2,2,0,trial.invalid,913,1
38,61317,1,1,0,trial.validspatial,593,1
38,61317,1,1,400,trial.invalid,628,1
38,61317,2,1,800,trial.validspatial,622,1
38,61317,2,2,400,trial.doublecue,741,1
38,61317,2,1,0,trial.doublecue,553,1
38,61317,2,2,400,trial.validspatial,685,1
38,61317,1,1,NaN,trial.nocue,563,1
38,61317,2,1,0,trial.invalid,576,1
38,61317,1,2,800,trial.validspatial,612,1
38,61317,1,2,800,trial.doublecue,689,1
38,61317,2,1,400,trial.validspatial,547,1
38,61317,1,1,800,trial.validspatial,448,1
38,61317,1,2,800,trial.validspatial,749,1
38,61317,1,1,0,trial.validspatial,471,1
38,61317,1,2,400,trial.validspatial,635,1
38,61317,2,1,400,trial.invalid,691,1
38,61317,2,1,0,trial.invalid,561,1
38,61317,2,2,NaN,trial.nocue,708,1
38,61317,1,1,800,trial.validspatial,494,1
38,61317,2,2,400,trial.validspatial,607,1
38,61317,2,1,NaN,trial.nocue,532,1
38,61317,1,1,400,trial.validspatial,608,1
38,61317,1,2,NaN,trial.nocue,698,1
38,61317,1,2,0,trial.validspatial,652,1
38,61317,1,2,800,trial.validspatial,780,1
38,61317,1,1,0,trial.validspatial,632,1
38,61317,1,1,400,trial.validspatial,478,1
38,61317,1,1,0,trial.validspatial,733,1
38,61317,1,2,0,trial.invalid,965,1
38,61317,1,2,800,trial.validspatial,1018,1
38,61317,1,2,400,trial.validspatial,684,1
38,61317,1,2,400,trial.doublecue,927,1
38,61317,2,2,400,trial.validspatial,729,1
38,61317,2,1,400,trial.doublecue,605,1
38,61317,2,1,0,trial.validspatial,702,1
38,61317,2,1,400,trial.validspatial,438,1
38,61317,1,2,800,trial.validspatial,765,1
38,61317,1,1,800,trial.invalid,689,1
38,61317,2,1,400,trial.validspatial,426,1
38,61317,2,1,800,trial.validspatial,533,1
38,61317,2,2,0,trial.validspatial,605,1
38,61317,1,2,0,trial.validspatial,695,1
38,61317,1,1,400,trial.validspatial,441,1
38,61317,1,1,NaN,trial.nocue,560,1
38,61317,1,2,0,trial.validspatial,794,1
38,61317,1,1,NaN,trial.nocue,537,1
38,61317,2,2,0,trial.validspatial,691,1
38,61317,2,1,800,trial.invalid,725,1
38,61317,2,2,NaN,trial.nocue,704,1
38,61317,1,2,400,trial.invalid,907,1
38,61317,2,2,0,trial.doublecue,740,1
38,61317,1,2,NaN,trial.nocue,848,1
38,61317,1,1,400,trial.validspatial,438,1
38,61317,1,1,800,trial.validspatial,553,1
38,61317,2,1,NaN,trial.nocue,606,1
38,61317,1,1,800,trial.doublecue,650,1
38,61317,2,2,0,trial.doublecue,745,1
38,61317,1,1,0,trial.invalid,466,1
38,61317,1,1,0,trial.invalid,597,1
38,61317,2,1,0,trial.validspatial,534,1
38,61317,2,1,0,trial.validspatial,447,1
38,61317,1,1,400,trial.doublecue,553,1
38,61317,2,2,800,trial.validspatial,786,1
38,61317,2,2,800,trial.validspatial,710,1
38,61317,2,2,0,trial.validspatial,706,1
38,61317,1,2,400,trial.validspatial,830,1
38,61317,2,2,800,trial.invalid,850,1
38,61317,1,2,0,trial.invalid,910,1
38,61317,2,1,400,trial.validspatial,509,1
38,61317,2,1,400,trial.validspatial,516,1
38,61317,2,1,NaN,trial.nocue,711,1
38,61317,2,2,NaN,trial.nocue,923,1
38,61317,2,1,NaN,trial.nocue,499,1
38,61317,1,1,800,trial.validspatial,457,1
38,61317,1,1,NaN,trial.nocue,535,1
38,61317,2,1,800,trial.doublecue,669,1
38,61317,2,2,NaN,trial.nocue,851,1
38,61317,1,2,400,trial.validspatial,650,1
38,61317,1,1,400,trial.doublecue,511,1
38,61317,2,2,400,trial.invalid,738,1
38,61317,1,1,NaN,trial.nocue,484,1
38,61317,2,1,800,trial.validspatial,501,1
38,61317,2,2,0,trial.validspatial,655,1
38,61317,2,1,800,trial.doublecue,638,1
38,61317,2,1,400,trial.validspatial,468,1
38,61317,2,2,400,trial.validspatial,616,1
38,61317,2,1,0,trial.doublecue,517,1
38,61317,2,2,400,trial.validspatial,736,1
38,61317,2,2,400,trial.invalid,878,1
38,61317,2,2,800,trial.doublecue,885,1
38,61317,1,2,400,trial.doublecue,720,1
38,61317,1,2,0,trial.validspatial,853,1
38,61317,1,2,NaN,trial.nocue,920,1
38,61317,1,1,800,trial.invalid,919,1
38,61317,2,2,800,trial.validspatial,803,1
38,61317,2,1,800,trial.validspatial,735,1
38,61317,2,1,0,trial.validspatial,585,1
38,61317,2,2,NaN,trial.nocue,845,1
38,61317,2,2,800,trial.validspatial,558,1
38,61317,1,1,400,trial.validspatial,1700,0
38,61317,1,2,800,trial.invalid,828,1
38,61317,2,2,0,trial.validspatial,793,1
38,61317,2,2,800,trial.validspatial,539,1
38,61317,1,1,800,trial.validspatial,673,1
38,61317,2,1,NaN,trial.nocue,765,1
38,61317,1,2,NaN,trial.nocue,591,1
38,61317,1,2,800,trial.validspatial,597,1
38,61317,1,2,0,trial.validspatial,611,1
38,61317,2,2,0,trial.invalid,458,1
38,61317,1,1,NaN,trial.nocue,640,1
38,61317,2,2,800,trial.validspatial,592,1
38,61317,2,1,800,trial.validspatial,497,1
38,61317,2,1,0,trial.validspatial,436,1
38,61317,1,1,800,trial.doublecue,646,1
38,61317,2,2,800,trial.invalid,712,1
38,61317,1,2,400,trial.validspatial,455,1
38,61317,2,1,800,trial.validspatial,496,1
38,61317,1,2,400,trial.invalid,722,1
38,61317,1,1,800,trial.validspatial,497,1
38,61317,2,2,400,trial.doublecue,661,1
38,61317,1,1,0,trial.validspatial,589,1
38,61317,2,1,NaN,trial.nocue,863,1
38,61317,2,1,400,trial.invalid,821,1
38,61317,1,2,800,trial.invalid,694,1
38,61317,1,2,0,trial.doublecue,726,1
38,61317,1,1,400,trial.validspatial,657,1
38,61317,1,2,400,trial.validspatial,493,1
38,61317,1,1,0,trial.doublecue,798,1
38,61317,1,1,0,trial.doublecue,544,1
38,61317,1,2,NaN,trial.nocue,935,1
38,61317,2,1,400,trial.doublecue,663,1
38,61317,2,2,400,trial.validspatial,510,1
38,61317,2,2,800,trial.doublecue,507,1
38,61317,2,2,NaN,trial.nocue,509,1
38,61317,1,2,NaN,trial.nocue,462,1
38,61317,1,2,0,trial.doublecue,733,1
38,61317,2,1,800,trial.invalid,861,1
38,61317,1,2,0,trial.validspatial,700,1
38,61317,1,1,0,trial.validspatial,628,1
38,61317,2,1,0,trial.validspatial,760,1
38,61317,1,1,400,trial.invalid,801,1
38,61317,1,2,800,trial.doublecue,534,1
38,61317,2,2,0,trial.validspatial,462,1
38,61317,2,2,0,trial.invalid,552,1
38,61317,1,1,0,trial.validspatial,684,1
38,61317,1,1,400,trial.invalid,538,1
38,61317,2,1,800,trial.validspatial,470,1
38,61317,2,2,400,trial.doublecue,615,1
38,61317,2,1,0,trial.doublecue,594,1
38,61317,2,2,400,trial.validspatial,908,1
38,61317,1,1,NaN,trial.nocue,618,1
38,61317,2,1,0,trial.invalid,583,1
38,61317,1,2,800,trial.validspatial,457,0
38,61317,1,2,800,trial.doublecue,805,1
38,61317,2,1,400,trial.validspatial,498,1
38,61317,1,1,800,trial.validspatial,866,1
38,61317,1,2,800,trial.validspatial,777,1
38,61317,1,1,0,trial.validspatial,573,1
38,61317,1,2,400,trial.validspatial,731,1
38,61317,2,1,400,trial.invalid,524,1
38,61317,2,1,0,trial.invalid,832,1
38,61317,2,2,NaN,trial.nocue,882,1
38,61317,1,1,800,trial.validspatial,744,1
38,61317,2,2,400,trial.validspatial,804,1
38,61317,2,1,NaN,trial.nocue,908,1
38,61317,1,1,400,trial.validspatial,811,1
38,61317,1,2,NaN,trial.nocue,721,1
38,61317,1,2,0,trial.validspatial,782,1
38,61317,1,2,800,trial.validspatial,493,1
38,61317,1,1,0,trial.validspatial,674,1
38,61317,1,1,400,trial.validspatial,727,1
