subject,date,location_congruence_val,flanker_congruence_val,cue_target_interval,cue_condition,latency,values.correct
895,81017,1,1,0,trial.validspatial,970,1
895,81017,1,2,0,trial.invalid,935,1
895,81017,1,2,800,trial.validspatial,681,1
895,81017,1,2,400,trial.validspatial,718,1
895,81017,1,2,400,trial.doublecue,1140,1
895,81017,2,2,400,trial.validspatial,858,1
895,81017,2,1,400,trial.doublecue,744,1
895,81017,2,1,0,trial.validspatial,573,1
895,81017,2,1,400,trial.validspatial,405,1
895,81017,1,2,800,trial.validspatial,494,1
895,81017,1,1,800,trial.invalid,693,1
895,81017,2,1,400,trial.validspatial,585,1
895,81017,2,1,800,trial.validspatial,377,1
895,81017,2,2,0,trial.validspatial,674,1
895,81017,1,2,0,trial.validspatial,730,1
895,81017,1,1,400,trial.validspatial,397,1
895,81017,1,1,NaN,trial.nocue,536,1
895,81017,1,2,0,trial.validspatial,461,1
895,81017,1,1,NaN,trial.nocue,623,1
895,81017,2,2,0,trial.validspatial,641,1
895,81017,2,1,800,trial.invalid,786,1
895,81017,2,2,NaN,trial.nocue,667,1
895,81017,1,2,400,trial.invalid,898,1
895,81017,2,2,0,trial.doublecue,802,1
895,81017,1,2,NaN,trial.nocue,875,1
895,81017,1,1,400,trial.validspatial,620,1
895,81017,1,1,800,trial.validspatial,493,1
895,81017,2,1,NaN,trial.nocue,521,1
895,81017,1,1,800,trial.doublecue,689,1
895,81017,2,2,0,trial.doublecue,828,1
895,81017,1,1,0,trial.invalid,634,1
895,81017,1,1,0,trial.invalid,535,1
895,81017,2,1,0,trial.validspatial,684,1
895,81017,2,1,0,trial.validspatial,463,1
895,81017,1,1,400,trial.doublecue,476,1
895,81017,2,2,800,trial.validspatial,668,1
895,81017,2,2,800,trial.validspatial,457,1
895,81017,2,2,0,trial.validspatial,720,1
895,81017,1,2,400,trial.validspatial,481,1
895,81017,2,2,800,trial.invalid,881,1
895,81017,1,2,0,trial.invalid,846,1
895,81017,2,1,400,trial.validspatial,589,1
895,81017,2,1,400,trial.validspatial,532,1
895,81017,2,1,NaN,trial.nocue,749,1
895,81017,2,2,NaN,trial.nocue,730,1
895,81017,2,1,NaN,trial.nocue,454,1
895,81017,1,1,800,trial.validspatial,512,1
895,81017,1,1,NaN,trial.nocue,496,1
895,81017,2,1,800,trial.doublecue,507,1
895,81017,2,2,NaN,trial.nocue,504,1
895,81017,1,2,400,trial.validspatial,610,1
895,81017,1,1,400,trial.doublecue,679,1
895,81017,2,2,400,trial.invalid,628,0
895,81017,1,1,NaN,trial.nocue,651,1
895,81017,2,1,800,trial.validspatial,490,1
895,81017,2,2,0,trial.validspatial,894,1
895,81017,2,1,800,trial.doublecue,763,1
895,81017,2,1,400,trial.validspatial,543,1
895,81017,2,2,400,trial.validspatial,462,1
895,81017,2,1,0,trial.doublecue,780,1
895,81017,2,2,400,trial.validspatial,794,1
895,81017,2,2,400,trial.invalid,860,1
895,81017,2,2,800,trial.doublecue,817,1
895,81017,1,2,400,trial.doublecue,754,1
895,81017,1,2,0,trial.validspatial,1521,1
895,81017,1,2,NaN,trial.nocue,781,1
895,81017,1,1,800,trial.invalid,764,1
895,81017,2,2,800,trial.validspatial,984,1
895,81017,2,1,800,trial.validspatial,687,1
895,81017,2,1,0,trial.validspatial,575,1
895,81017,2,2,NaN,trial.nocue,965,1
895,81017,2,2,800,trial.validspatial,865,1
895,81017,1,1,400,trial.validspatial,619,1
895,81017,1,2,800,trial.invalid,960,1
895,81017,2,2,0,trial.validspatial,605,1
895,81017,2,2,800,trial.validspatial,787,1
895,81017,1,1,800,trial.validspatial,880,1
895,81017,2,1,NaN,trial.nocue,843,1
895,81017,1,2,NaN,trial.nocue,824,1
895,81017,1,2,800,trial.validspatial,767,1
895,81017,1,2,0,trial.validspatial,922,1
895,81017,2,2,0,trial.invalid,961,1
895,81017,1,1,NaN,trial.nocue,750,1
895,81017,2,2,800,trial.validspatial,678,1
895,81017,2,1,800,trial.validspatial,869,1
895,81017,2,1,0,trial.validspatial,667,1
895,81017,1,1,800,trial.doublecue,595,1
895,81017,2,2,800,trial.invalid,903,1
895,81017,1,2,400,trial.validspatial,793,1
895,81017,2,1,800,trial.validspatial,531,1
895,81017,1,2,400,trial.invalid,911,1
895,81017,1,1,800,trial.validspatial,760,1
895,81017,2,2,400,trial.doublecue,895,1
895,81017,1,1,0,trial.validspatial,658,1
895,81017,2,1,NaN,trial.nocue,710,1
895,81017,2,1,400,trial.invalid,690,1
895,81017,1,2,800,trial.invalid,877,1
895,81017,1,2,0,trial.doublecue,1043,1
895,81017,1,1,400,trial.validspatial,640,1
895,81017,1,2,400,trial.validspatial,802,1
895,81017,1,1,0,trial.doublecue,486,1
895,81017,1,1,0,trial.doublecue,661,1
895,81017,1,2,NaN,trial.nocue,790,1
895,81017,2,1,400,trial.doublecue,555,1
895,81017,2,2,400,trial.validspatial,824,1
895,81017,2,2,800,trial.doublecue,1357,1
895,81017,2,2,NaN,trial.nocue,898,1
895,81017,1,2,NaN,trial.nocue,1095,1
895,81017,1,2,0,trial.doublecue,1099,1
895,81017,2,1,800,trial.invalid,664,1
895,81017,1,2,0,trial.validspatial,639,1
895,81017,1,1,0,trial.validspatial,585,1
895,81017,2,1,0,trial.validspatial,680,1
895,81017,1,1,400,trial.invalid,647,1
895,81017,1,2,800,trial.doublecue,688,1
895,81017,2,2,0,trial.validspatial,1076,1
895,81017,2,2,0,trial.invalid,1048,1
895,81017,1,1,0,trial.validspatial,928,1
895,81017,1,1,400,trial.invalid,596,1
895,81017,2,1,800,trial.validspatial,493,1
895,81017,2,2,400,trial.doublecue,774,1
895,81017,2,1,0,trial.doublecue,480,1
895,81017,2,2,400,trial.validspatial,614,1
895,81017,1,1,NaN,trial.nocue,752,1
895,81017,2,1,0,trial.invalid,527,1
895,81017,1,2,800,trial.validspatial,753,1
895,81017,1,2,800,trial.doublecue,848,1
895,81017,2,1,400,trial.validspatial,639,1
895,81017,1,1,800,trial.validspatial,593,1
895,81017,1,2,800,trial.validspatial,796,1
895,81017,1,1,0,trial.validspatial,535,1
895,81017,1,2,400,trial.validspatial,655,1
895,81017,2,1,400,trial.invalid,860,1
895,81017,2,1,0,trial.invalid,615,1
895,81017,2,2,NaN,trial.nocue,855,1
895,81017,1,1,800,trial.validspatial,821,1
895,81017,2,2,400,trial.validspatial,781,1
895,81017,2,1,NaN,trial.nocue,678,1
895,81017,1,1,400,trial.validspatial,479,1
895,81017,1,2,NaN,trial.nocue,886,1
895,81017,1,2,0,trial.validspatial,711,1
895,81017,1,2,800,trial.validspatial,677,1
895,81017,1,1,0,trial.validspatial,761,1
895,81017,1,1,400,trial.validspatial,552,1
895,81017,1,1,0,trial.validspatial,605,1
895,81017,1,2,0,trial.invalid,806,1
895,81017,1,2,800,trial.validspatial,523,1
895,81017,1,2,400,trial.validspatial,728,1
895,81017,1,2,400,trial.doublecue,809,1
895,81017,2,2,400,trial.validspatial,526,1
895,81017,2,1,400,trial.doublecue,618,1
895,81017,2,1,0,trial.validspatial,598,1
895,81017,2,1,400,trial.validspatial,438,1
895,81017,1,2,800,trial.validspatial,624,1
895,81017,1,1,800,trial.invalid,710,1
895,81017,2,1,400,trial.validspatial,452,1
895,81017,2,1,800,trial.validspatial,372,1
895,81017,2,2,0,trial.validspatial,837,1
895,81017,1,2,0,trial.validspatial,770,1
895,81017,1,1,400,trial.validspatial,515,1
895,81017,1,1,NaN,trial.nocue,357,1
895,81017,1,2,0,trial.validspatial,505,1
895,81017,1,1,NaN,trial.nocue,736,1
895,81017,2,2,0,trial.validspatial,1017,1
895,81017,2,1,800,trial.invalid,749,1
895,81017,2,2,NaN,trial.nocue,1001,1
895,81017,1,2,400,trial.invalid,1209,1
895,81017,2,2,0,trial.doublecue,945,1
895,81017,1,2,NaN,trial.nocue,1003,1
895,81017,1,1,400,trial.validspatial,541,1
895,81017,1,1,800,trial.validspatial,518,1
895,81017,2,1,NaN,trial.nocue,590,1
895,81017,1,1,800,trial.doublecue,667,1
895,81017,2,2,0,trial.doublecue,1065,1
895,81017,1,1,0,trial.invalid,725,1
895,81017,1,1,0,trial.invalid,530,1
895,81017,2,1,0,trial.validspatial,447,1
895,81017,2,1,0,trial.validspatial,710,1
895,81017,1,1,400,trial.doublecue,516,1
895,81017,2,2,800,trial.validspatial,697,1
895,81017,2,2,800,trial.validspatial,678,1
895,81017,2,2,0,trial.validspatial,706,1
895,81017,1,2,400,trial.validspatial,572,1
895,81017,2,2,800,trial.invalid,756,1
895,81017,1,2,0,trial.invalid,1178,1
895,81017,2,1,400,trial.validspatial,727,1
895,81017,2,1,400,trial.validspatial,482,1
895,81017,2,1,NaN,trial.nocue,639,1
895,81017,2,2,NaN,trial.nocue,753,1
895,81017,2,1,NaN,trial.nocue,575,1
895,81017,1,1,800,trial.validspatial,533,1
895,81017,1,1,NaN,trial.nocue,526,1
895,81017,2,1,800,trial.doublecue,414,1
895,81017,2,2,NaN,trial.nocue,563,1
895,81017,1,2,400,trial.validspatial,668,1
895,81017,1,1,400,trial.doublecue,695,1
895,81017,2,2,400,trial.invalid,592,0
895,81017,1,1,NaN,trial.nocue,637,1
895,81017,2,1,800,trial.validspatial,515,1
895,81017,2,2,0,trial.validspatial,673,1
895,81017,2,1,800,trial.doublecue,744,1
895,81017,2,1,400,trial.validspatial,510,1
895,81017,2,2,400,trial.validspatial,701,1
895,81017,2,1,0,trial.doublecue,801,1
895,81017,2,2,400,trial.validspatial,793,1
895,81017,2,2,400,trial.invalid,756,1
895,81017,2,2,800,trial.doublecue,553,1
895,81017,1,2,400,trial.doublecue,773,1
895,81017,1,2,0,trial.validspatial,838,1
895,81017,1,2,NaN,trial.nocue,847,1
895,81017,1,1,800,trial.invalid,640,1
895,81017,2,2,800,trial.validspatial,995,1
895,81017,2,1,800,trial.validspatial,639,1
895,81017,2,1,0,trial.validspatial,638,1
895,81017,2,2,NaN,trial.nocue,627,1
895,81017,2,2,800,trial.validspatial,600,1
895,81017,1,1,400,trial.validspatial,1700,0
895,81017,1,2,800,trial.invalid,569,1
895,81017,2,2,0,trial.validspatial,909,1
895,81017,2,2,800,trial.validspatial,753,1
895,81017,1,1,800,trial.validspatial,936,1
895,81017,2,1,NaN,trial.nocue,873,1
895,81017,1,2,NaN,trial.nocue,589,1
895,81017,1,2,800,trial.validspatial,845,1
895,81017,1,2,0,trial.validspatial,676,1
895,81017,2,2,0,trial.invalid,627,1
895,81017,1,1,NaN,trial.nocue,1003,1
895,81017,2,2,800,trial.validspatial,701,1
895,81017,2,1,800,trial.validspatial,506,1
895,81017,2,1,0,trial.validspatial,596,1
895,81017,1,1,800,trial.doublecue,779,1
895,81017,2,2,800,trial.invalid,831,1
895,81017,1,2,400,trial.validspatial,569,1
895,81017,2,1,800,trial.validspatial,478,1
895,81017,1,2,400,trial.invalid,908,1
895,81017,1,1,800,trial.validspatial,522,1
895,81017,2,2,400,trial.doublecue,1130,1
895,81017,1,1,0,trial.validspatial,869,1
895,81017,2,1,NaN,trial.nocue,926,1
895,81017,2,1,400,trial.invalid,1002,1
895,81017,1,2,800,trial.invalid,1108,1
895,81017,1,2,0,trial.doublecue,861,1
895,81017,1,1,400,trial.validspatial,658,1
895,81017,1,2,400,trial.validspatial,535,1
895,81017,1,1,0,trial.doublecue,702,1
895,81017,1,1,0,trial.doublecue,610,1
895,81017,1,2,NaN,trial.nocue,943,1
895,81017,2,1,400,trial.doublecue,660,1
895,81017,2,2,400,trial.validspatial,742,1
895,81017,2,2,800,trial.doublecue,638,1
895,81017,2,2,NaN,trial.nocue,760,1
895,81017,1,2,NaN,trial.nocue,552,1
895,81017,1,2,0,trial.doublecue,756,1
895,81017,2,1,800,trial.invalid,812,1
895,81017,1,2,0,trial.validspatial,767,1
895,81017,1,1,0,trial.validspatial,689,1
895,81017,2,1,0,trial.validspatial,850,1
895,81017,1,1,400,trial.invalid,996,1
895,81017,1,2,800,trial.doublecue,698,1
895,81017,2,2,0,trial.validspatial,644,1
895,81017,2,2,0,trial.invalid,789,1
895,81017,1,1,0,trial.validspatial,898,1
895,81017,1,1,400,trial.invalid,722,1
895,81017,2,1,800,trial.validspatial,589,1
895,81017,2,2,400,trial.doublecue,581,1
895,81017,2,1,0,trial.doublecue,652,1
895,81017,2,2,400,trial.validspatial,700,1
895,81017,1,1,NaN,trial.nocue,703,1
895,81017,2,1,0,trial.invalid,782,1
895,81017,1,2,800,trial.validspatial,842,1
895,81017,1,2,800,trial.doublecue,631,1
895,81017,2,1,400,trial.validspatial,380,1
895,81017,1,1,800,trial.validspatial,471,0
895,81017,1,2,800,trial.validspatial,743,1
895,81017,1,1,0,trial.validspatial,590,1
895,81017,1,2,400,trial.validspatial,857,1
895,81017,2,1,400,trial.invalid,686,1
895,81017,2,1,0,trial.invalid,788,1
895,81017,2,2,NaN,trial.nocue,807,1
895,81017,1,1,800,trial.validspatial,709,1
895,81017,2,2,400,trial.validspatial,779,1
895,81017,2,1,NaN,trial.nocue,849,1
895,81017,1,1,400,trial.validspatial,1168,1
895,81017,1,2,NaN,trial.nocue,852,1
895,81017,1,2,0,trial.validspatial,724,1
895,81017,1,2,800,trial.validspatial,676,1
895,81017,1,1,0,trial.validspatial,818,1
895,81017,1,1,400,trial.validspatial,969,1
