subject,date,location_congruence_val,flanker_congruence_val,cue_target_interval,cue_condition,latency,values.correct
131,62917,1,1,0,trial.validspatial,709,1
131,62917,1,2,0,trial.invalid,726,1
131,62917,1,2,800,trial.validspatial,522,1
131,62917,1,2,400,trial.validspatial,405,1
131,62917,1,2,400,trial.doublecue,488,1
131,62917,2,2,400,trial.validspatial,458,0
131,62917,2,1,400,trial.doublecue,408,0
131,62917,2,1,0,trial.validspatial,483,0
131,62917,2,1,400,trial.validspatial,357,0
131,62917,1,2,800,trial.validspatial,499,1
131,62917,1,1,800,trial.invalid,357,1
131,62917,2,1,400,trial.validspatial,394,0
131,62917,2,1,800,trial.validspatial,501,0
131,62917,2,2,0,trial.validspatial,565,0
131,62917,1,2,0,trial.validspatial,420,1
131,62917,1,1,400,trial.validspatial,368,1
131,62917,1,1,NaN,trial.nocue,648,1
131,62917,1,2,0,trial.validspatial,472,1
131,62917,1,1,NaN,trial.nocue,369,1
131,62917,2,2,0,trial.validspatial,395,0
131,62917,2,1,800,trial.invalid,386,0
131,62917,2,2,NaN,trial.nocue,616,0
131,62917,1,2,400,trial.invalid,446,1
131,62917,2,2,0,trial.doublecue,496,0
131,62917,1,2,NaN,trial.nocue,627,1
131,62917,1,1,400,trial.validspatial,318,1
131,62917,1,1,800,trial.validspatial,438,1
131,62917,2,1,NaN,trial.nocue,406,0
131,62917,1,1,800,trial.doublecue,381,1
131,62917,2,2,0,trial.doublecue,394,0
131,62917,1,1,0,trial.invalid,464,1
131,62917,1,1,0,trial.invalid,519,1
131,62917,2,1,0,trial.validspatial,444,0
131,62917,2,1,0,trial.validspatial,416,0
131,62917,1,1,400,trial.doublecue,291,1
131,62917,2,2,800,trial.validspatial,372,0
131,62917,2,2,800,trial.validspatial,360,0
131,62917,2,2,0,trial.validspatial,452,0
131,62917,1,2,400,trial.validspatial,380,1
131,62917,2,2,800,trial.invalid,419,0
131,62917,1,2,0,trial.invalid,539,1
131,62917,2,1,400,trial.validspatial,396,0
131,62917,2,1,400,trial.validspatial,347,0
131,62917,2,1,NaN,trial.nocue,547,0
131,62917,2,2,NaN,trial.nocue,412,0
131,62917,2,1,NaN,trial.nocue,403,0
131,62917,1,1,800,trial.validspatial,473,1
131,62917,1,1,NaN,trial.nocue,437,1
131,62917,2,1,800,trial.doublecue,387,0
131,62917,2,2,NaN,trial.nocue,493,0
131,62917,1,2,400,trial.validspatial,344,1
131,62917,1,1,400,trial.doublecue,392,1
131,62917,2,2,400,trial.invalid,583,0
131,62917,1,1,NaN,trial.nocue,489,1
131,62917,2,1,800,trial.validspatial,409,0
131,62917,2,2,0,trial.validspatial,481,0
131,62917,2,1,800,trial.doublecue,393,0
131,62917,2,1,400,trial.validspatial,468,0
131,62917,2,2,400,trial.validspatial,299,0
131,62917,2,1,0,trial.doublecue,542,0
131,62917,2,2,400,trial.validspatial,324,0
131,62917,2,2,400,trial.invalid,425,0
131,62917,2,2,800,trial.doublecue,348,0
131,62917,1,2,400,trial.doublecue,367,1
131,62917,1,2,0,trial.validspatial,531,1
131,62917,1,2,NaN,trial.nocue,569,1
131,62917,1,1,800,trial.invalid,406,1
131,62917,2,2,800,trial.validspatial,517,0
131,62917,2,1,800,trial.validspatial,476,0
131,62917,2,1,0,trial.validspatial,520,0
131,62917,2,2,NaN,trial.nocue,480,0
131,62917,2,2,800,trial.validspatial,336,0
131,62917,1,1,400,trial.validspatial,437,1
131,62917,1,2,800,trial.invalid,428,1
131,62917,2,2,0,trial.validspatial,466,0
131,62917,2,2,800,trial.validspatial,423,0
131,62917,1,1,800,trial.validspatial,502,1
131,62917,2,1,NaN,trial.nocue,623,0
131,62917,1,2,NaN,trial.nocue,518,1
131,62917,1,2,800,trial.validspatial,451,1
131,62917,1,2,0,trial.validspatial,456,1
131,62917,2,2,0,trial.invalid,485,0
131,62917,1,1,NaN,trial.nocue,531,1
131,62917,2,2,800,trial.validspatial,479,0
131,62917,2,1,800,trial.validspatial,406,0
131,62917,2,1,0,trial.validspatial,406,0
131,62917,1,1,800,trial.doublecue,367,1
131,62917,2,2,800,trial.invalid,345,0
131,62917,1,2,400,trial.validspatial,404,1
131,62917,2,1,800,trial.validspatial,375,0
131,62917,1,2,400,trial.invalid,457,1
131,62917,1,1,800,trial.validspatial,405,1
131,62917,2,2,400,trial.doublecue,504,0
131,62917,1,1,0,trial.validspatial,476,1
131,62917,2,1,NaN,trial.nocue,516,0
131,62917,2,1,400,trial.invalid,358,0
131,62917,1,2,800,trial.invalid,466,1
131,62917,1,2,0,trial.doublecue,571,1
131,62917,1,1,400,trial.validspatial,372,1
131,62917,1,2,400,trial.validspatial,344,1
131,62917,1,1,0,trial.doublecue,487,1
131,62917,1,1,0,trial.doublecue,474,1
131,62917,1,2,NaN,trial.nocue,598,1
131,62917,2,1,400,trial.doublecue,383,0
131,62917,2,2,400,trial.validspatial,332,0
131,62917,2,2,800,trial.doublecue,544,0
131,62917,2,2,NaN,trial.nocue,447,0
131,62917,1,2,NaN,trial.nocue,502,1
131,62917,1,2,0,trial.doublecue,516,1
131,62917,2,1,800,trial.invalid,480,0
131,62917,1,2,0,trial.validspatial,473,1
131,62917,1,1,0,trial.validspatial,487,1
131,62917,2,1,0,trial.validspatial,426,0
131,62917,1,1,400,trial.invalid,453,1
131,62917,1,2,800,trial.doublecue,405,1
131,62917,2,2,0,trial.validspatial,476,0
131,62917,2,2,0,trial.invalid,706,0
131,62917,1,1,0,trial.validspatial,506,1
131,62917,1,1,400,trial.invalid,400,1
131,62917,2,1,800,trial.validspatial,349,0
131,62917,2,2,400,trial.doublecue,345,0
131,62917,2,1,0,trial.doublecue,578,0
131,62917,2,2,400,trial.validspatial,357,0
131,62917,1,1,NaN,trial.nocue,515,1
131,62917,2,1,0,trial.invalid,480,0
131,62917,1,2,800,trial.validspatial,390,1
131,62917,1,2,800,trial.doublecue,417,1
131,62917,2,1,400,trial.validspatial,1022,0
131,62917,1,1,800,trial.validspatial,392,1
131,62917,1,2,800,trial.validspatial,388,1
131,62917,1,1,0,trial.validspatial,1700,0
131,62917,1,2,400,trial.validspatial,372,1
131,62917,2,1,400,trial.invalid,430,0
131,62917,2,1,0,trial.invalid,496,0
131,62917,2,2,NaN,trial.nocue,495,0
131,62917,1,1,800,trial.validspatial,493,1
131,62917,2,2,400,trial.validspatial,459,0
131,62917,2,1,NaN,trial.nocue,539,0
131,62917,1,1,400,trial.validspatial,415,1
131,62917,1,2,NaN,trial.nocue,517,1
131,62917,1,2,0,trial.validspatial,456,1
131,62917,1,2,800,trial.validspatial,484,1
131,62917,1,1,0,trial.validspatial,544,1
131,62917,1,1,400,trial.validspatial,404,1
131,62917,1,1,0,trial.validspatial,607,1
131,62917,1,2,0,trial.invalid,561,1
131,62917,1,2,800,trial.validspatial,429,1
131,62917,1,2,400,trial.validspatial,334,1
131,62917,1,2,400,trial.doublecue,482,1
131,62917,2,2,400,trial.validspatial,352,0
131,62917,2,1,400,trial.doublecue,363,0
131,62917,2,1,0,trial.validspatial,527,0
131,62917,2,1,400,trial.validspatial,302,0
131,62917,1,2,800,trial.validspatial,449,1
131,62917,1,1,800,trial.invalid,388,1
131,62917,2,1,400,trial.validspatial,294,0
131,62917,2,1,800,trial.validspatial,349,0
131,62917,2,2,0,trial.validspatial,420,0
131,62917,1,2,0,trial.validspatial,517,1
131,62917,1,1,400,trial.validspatial,358,1
131,62917,1,1,NaN,trial.nocue,488,1
131,62917,1,2,0,trial.validspatial,415,1
131,62917,1,1,NaN,trial.nocue,482,1
131,62917,2,2,0,trial.validspatial,399,0
131,62917,2,1,800,trial.invalid,370,0
131,62917,2,2,NaN,trial.nocue,467,0
131,62917,1,2,400,trial.invalid,403,1
131,62917,2,2,0,trial.doublecue,421,0
131,62917,1,2,NaN,trial.nocue,473,1
131,62917,1,1,400,trial.validspatial,115,1
131,62917,1,1,800,trial.validspatial,347,1
131,62917,2,1,NaN,trial.nocue,399,0
131,62917,1,1,800,trial.doublecue,429,1
131,62917,2,2,0,trial.doublecue,569,0
131,62917,1,1,0,trial.invalid,483,1
131,62917,1,1,0,trial.invalid,466,1
131,62917,2,1,0,trial.validspatial,462,0
131,62917,2,1,0,trial.validspatial,437,0
131,62917,1,1,400,trial.doublecue,344,1
131,62917,2,2,800,trial.validspatial,418,0
131,62917,2,2,800,trial.validspatial,401,0
131,62917,2,2,0,trial.validspatial,456,0
131,62917,1,2,400,trial.validspatial,525,1
131,62917,2,2,800,trial.invalid,424,0
131,62917,1,2,0,trial.invalid,393,1
131,62917,2,1,400,trial.validspatial,358,0
131,62917,2,1,400,trial.validspatial,430,0
131,62917,2,1,NaN,trial.nocue,547,0
131,62917,2,2,NaN,trial.nocue,491,0
131,62917,2,1,NaN,trial.nocue,484,0
131,62917,1,1,800,trial.validspatial,362,1
131,62917,1,1,NaN,trial.nocue,464,1
131,62917,2,1,800,trial.doublecue,309,0
131,62917,2,2,NaN,trial.nocue,403,0
131,62917,1,2,400,trial.validspatial,517,1
131,62917,1,1,400,trial.doublecue,373,1
131,62917,2,2,400,trial.invalid,556,0
131,62917,1,1,NaN,trial.nocue,469,1
131,62917,2,1,800,trial.validspatial,399,0
131,62917,2,2,0,trial.validspatial,553,0
131,62917,2,1,800,trial.doublecue,397,0
131,62917,2,1,400,trial.validspatial,299,0
131,62917,2,2,400,trial.validspatial,368,0
131,62917,2,1,0,trial.doublecue,494,0
131,62917,2,2,400,trial.validspatial,342,0
131,62917,2,2,400,trial.invalid,461,0
131,62917,2,2,800,trial.doublecue,416,0
131,62917,1,2,400,trial.doublecue,459,1
131,62917,1,2,0,trial.validspatial,423,1
131,62917,1,2,NaN,trial.nocue,497,1
131,62917,1,1,800,trial.invalid,379,1
131,62917,2,2,800,trial.validspatial,534,0
131,62917,2,1,800,trial.validspatial,434,0
131,62917,2,1,0,trial.validspatial,594,0
131,62917,2,2,NaN,trial.nocue,469,0
131,62917,2,2,800,trial.validspatial,496,0
131,62917,1,1,400,trial.validspatial,1700,0
131,62917,1,2,800,trial.invalid,430,1
131,62917,2,2,0,trial.validspatial,614,1
131,62917,2,2,800,trial.validspatial,413,1
131,62917,1,1,800,trial.validspatial,610,1
131,62917,2,1,NaN,trial.nocue,430,1
131,62917,1,2,NaN,trial.nocue,447,0
131,62917,1,2,800,trial.validspatial,361,0
131,62917,1,2,0,trial.validspatial,459,0
131,62917,2,2,0,trial.invalid,364,0
131,62917,1,1,NaN,trial.nocue,464,1
131,62917,2,2,800,trial.validspatial,393,1
131,62917,2,1,800,trial.validspatial,371,0
131,62917,2,1,0,trial.validspatial,462,0
131,62917,1,1,800,trial.doublecue,482,0
131,62917,2,2,800,trial.invalid,563,1
131,62917,1,2,400,trial.validspatial,364,1
131,62917,2,1,800,trial.validspatial,448,1
131,62917,1,2,400,trial.invalid,401,1
131,62917,1,1,800,trial.validspatial,523,1
131,62917,2,2,400,trial.doublecue,432,0
131,62917,1,1,0,trial.validspatial,404,0
131,62917,2,1,NaN,trial.nocue,650,0
131,62917,2,1,400,trial.invalid,474,1
131,62917,1,2,800,trial.invalid,474,0
131,62917,1,2,0,trial.doublecue,448,1
131,62917,1,1,400,trial.validspatial,329,1
131,62917,1,2,400,trial.validspatial,509,1
131,62917,1,1,0,trial.doublecue,536,0
131,62917,1,1,0,trial.doublecue,448,1
131,62917,1,2,NaN,trial.nocue,495,0
131,62917,2,1,400,trial.doublecue,489,1
131,62917,2,2,400,trial.validspatial,461,1
131,62917,2,2,800,trial.doublecue,419,0
131,62917,2,2,NaN,trial.nocue,474,0
131,62917,1,2,NaN,trial.nocue,335,1
131,62917,1,2,0,trial.doublecue,350,0
131,62917,2,1,800,trial.invalid,297,0
131,62917,1,2,0,trial.validspatial,412,0
131,62917,1,1,0,trial.validspatial,446,1
131,62917,2,1,0,trial.validspatial,386,0
131,62917,1,1,400,trial.invalid,443,1
131,62917,1,2,800,trial.doublecue,404,0
131,62917,2,2,0,trial.validspatial,270,0
131,62917,2,2,0,trial.invalid,403,0
131,62917,1,1,0,trial.validspatial,410,0
131,62917,1,1,400,trial.invalid,436,0
131,62917,2,1,800,trial.validspatial,311,1
131,62917,2,2,400,trial.doublecue,328,1
131,62917,2,1,0,trial.doublecue,296,0
131,62917,2,2,400,trial.validspatial,350,0
131,62917,1,1,NaN,trial.nocue,539,1
131,62917,2,1,0,trial.invalid,429,0
131,62917,1,2,800,trial.validspatial,366,0
131,62917,1,2,800,trial.doublecue,443,1
131,62917,2,1,400,trial.validspatial,339,0
131,62917,1,1,800,trial.validspatial,425,0
131,62917,1,2,800,trial.validspatial,408,0
131,62917,1,1,0,trial.validspatial,515,0
131,62917,1,2,400,trial.validspatial,326,0
131,62917,2,1,400,trial.invalid,510,0
131,62917,2,1,0,trial.invalid,369,0
131,62917,2,2,NaN,trial.nocue,424,0
131,62917,1,1,800,trial.validspatial,366,0
131,62917,2,2,400,trial.validspatial,368,1
131,62917,2,1,NaN,trial.nocue,503,1
131,62917,1,1,400,trial.validspatial,689,1
131,62917,1,2,NaN,trial.nocue,423,1
131,62917,1,2,0,trial.validspatial,434,0
131,62917,1,2,800,trial.validspatial,331,0
131,62917,1,1,0,trial.validspatial,491,0
131,62917,1,1,400,trial.validspatial,446,0
