subject,date,location_congruence_val,flanker_congruence_val,cue_target_interval,cue_condition,latency,values.correct
412,63017,1,1,0,trial.validspatial,628,1
412,63017,1,2,0,trial.invalid,309,0
412,63017,1,2,800,trial.validspatial,1700,0
412,63017,1,2,400,trial.validspatial,419,1
412,63017,1,2,400,trial.doublecue,435,1
412,63017,2,2,400,trial.validspatial,367,0
412,63017,2,1,400,trial.doublecue,477,0
412,63017,2,1,0,trial.validspatial,442,0
412,63017,2,1,400,trial.validspatial,417,0
412,63017,1,2,800,trial.validspatial,630,1
412,63017,1,1,800,trial.invalid,481,1
412,63017,2,1,400,trial.validspatial,370,0
412,63017,2,1,800,trial.validspatial,303,0
412,63017,2,2,0,trial.validspatial,595,0
412,63017,1,2,0,trial.validspatial,378,1
412,63017,1,1,400,trial.validspatial,1700,0
412,63017,1,1,NaN,trial.nocue,458,1
412,63017,1,2,0,trial.validspatial,381,1
412,63017,1,1,NaN,trial.nocue,452,1
412,63017,2,2,0,trial.validspatial,684,1
412,63017,2,1,800,trial.invalid,565,1
412,63017,2,2,NaN,trial.nocue,736,0
412,63017,1,2,400,trial.invalid,517,1
412,63017,2,2,0,trial.doublecue,751,1
412,63017,1,2,NaN,trial.nocue,589,0
412,63017,1,1,400,trial.validspatial,347,1
412,63017,1,1,800,trial.validspatial,627,0
412,63017,2,1,NaN,trial.nocue,642,0
412,63017,1,1,800,trial.doublecue,381,1
412,63017,2,2,0,trial.doublecue,470,0
412,63017,1,1,0,trial.invalid,546,1
412,63017,1,1,0,trial.invalid,398,1
412,63017,2,1,0,trial.validspatial,514,0
412,63017,2,1,0,trial.validspatial,419,0
412,63017,1,1,400,trial.doublecue,552,1
412,63017,2,2,800,trial.validspatial,480,0
412,63017,2,2,800,trial.validspatial,493,0
412,63017,2,2,0,trial.validspatial,534,0
412,63017,1,2,400,trial.validspatial,538,0
412,63017,2,2,800,trial.invalid,485,0
412,63017,1,2,0,trial.invalid,464,1
412,63017,2,1,400,trial.validspatial,514,0
412,63017,2,1,400,trial.validspatial,725,0
412,63017,2,1,NaN,trial.nocue,587,0
412,63017,2,2,NaN,trial.nocue,579,1
412,63017,2,1,NaN,trial.nocue,775,1
412,63017,1,1,800,trial.validspatial,561,1
412,63017,1,1,NaN,trial.nocue,522,1
412,63017,2,1,800,trial.doublecue,411,0
412,63017,2,2,NaN,trial.nocue,575,0
412,63017,1,2,400,trial.validspatial,441,0
412,63017,1,1,400,trial.doublecue,586,0
412,63017,2,2,400,trial.invalid,492,1
412,63017,1,1,NaN,trial.nocue,997,0
412,63017,2,1,800,trial.validspatial,874,0
412,63017,2,2,0,trial.validspatial,515,1
412,63017,2,1,800,trial.doublecue,540,0
412,63017,2,1,400,trial.validspatial,454,1
412,63017,2,2,400,trial.validspatial,488,0
412,63017,2,1,0,trial.doublecue,808,1
412,63017,2,2,400,trial.validspatial,395,0
412,63017,2,2,400,trial.invalid,509,0
412,63017,2,2,800,trial.doublecue,410,0
412,63017,1,2,400,trial.doublecue,397,1
412,63017,1,2,0,trial.validspatial,663,1
412,63017,1,2,NaN,trial.nocue,589,0
412,63017,1,1,800,trial.invalid,661,1
412,63017,2,2,800,trial.validspatial,454,0
412,63017,2,1,800,trial.validspatial,566,1
412,63017,2,1,0,trial.validspatial,634,1
412,63017,2,2,NaN,trial.nocue,722,0
412,63017,2,2,800,trial.validspatial,753,0
412,63017,1,1,400,trial.validspatial,466,1
412,63017,1,2,800,trial.invalid,548,1
412,63017,2,2,0,trial.validspatial,620,1
412,63017,2,2,800,trial.validspatial,418,0
412,63017,1,1,800,trial.validspatial,409,1
412,63017,2,1,NaN,trial.nocue,600,1
412,63017,1,2,NaN,trial.nocue,476,0
412,63017,1,2,800,trial.validspatial,410,0
412,63017,1,2,0,trial.validspatial,586,0
412,63017,2,2,0,trial.invalid,876,0
412,63017,1,1,NaN,trial.nocue,528,0
412,63017,2,2,800,trial.validspatial,309,0
412,63017,2,1,800,trial.validspatial,497,1
412,63017,2,1,0,trial.validspatial,631,1
412,63017,1,1,800,trial.doublecue,473,1
412,63017,2,2,800,trial.invalid,748,0
412,63017,1,2,400,trial.validspatial,631,0
412,63017,2,1,800,trial.validspatial,481,1
412,63017,1,2,400,trial.invalid,623,0
412,63017,1,1,800,trial.validspatial,402,1
412,63017,2,2,400,trial.doublecue,532,0
412,63017,1,1,0,trial.validspatial,579,1
412,63017,2,1,NaN,trial.nocue,551,1
412,63017,2,1,400,trial.invalid,674,1
412,63017,1,2,800,trial.invalid,416,1
412,63017,1,2,0,trial.doublecue,667,1
412,63017,1,1,400,trial.validspatial,501,1
412,63017,1,2,400,trial.validspatial,397,0
412,63017,1,1,0,trial.doublecue,682,1
412,63017,1,1,0,trial.doublecue,555,1
412,63017,1,2,NaN,trial.nocue,486,0
412,63017,2,1,400,trial.doublecue,558,1
412,63017,2,2,400,trial.validspatial,479,0
412,63017,2,2,800,trial.doublecue,1700,0
412,63017,2,2,NaN,trial.nocue,502,0
412,63017,1,2,NaN,trial.nocue,707,0
412,63017,1,2,0,trial.doublecue,844,0
412,63017,2,1,800,trial.invalid,727,1
412,63017,1,2,0,trial.validspatial,1700,0
412,63017,1,1,0,trial.validspatial,635,0
412,63017,2,1,0,trial.validspatial,804,0
412,63017,1,1,400,trial.invalid,555,0
412,63017,1,2,800,trial.doublecue,378,1
412,63017,2,2,0,trial.validspatial,310,0
412,63017,2,2,0,trial.invalid,619,1
412,63017,1,1,0,trial.validspatial,1700,0
412,63017,1,1,400,trial.invalid,778,0
412,63017,2,1,800,trial.validspatial,701,0
412,63017,2,2,400,trial.doublecue,692,1
412,63017,2,1,0,trial.doublecue,808,0
412,63017,2,2,400,trial.validspatial,415,0
412,63017,1,1,NaN,trial.nocue,666,0
412,63017,2,1,0,trial.invalid,488,0
412,63017,1,2,800,trial.validspatial,453,1
412,63017,1,2,800,trial.doublecue,557,1
412,63017,2,1,400,trial.validspatial,421,0
412,63017,1,1,800,trial.validspatial,465,1
412,63017,1,2,800,trial.validspatial,442,1
412,63017,1,1,0,trial.validspatial,769,1
412,63017,1,2,400,trial.validspatial,551,0
412,63017,2,1,400,trial.invalid,467,1
412,63017,2,1,0,trial.invalid,632,1
412,63017,2,2,NaN,trial.nocue,590,0
412,63017,1,1,800,trial.validspatial,458,1
412,63017,2,2,400,trial.validspatial,663,0
412,63017,2,1,NaN,trial.nocue,1098,0
412,63017,1,1,400,trial.validspatial,591,1
412,63017,1,2,NaN,trial.nocue,494,0
412,63017,1,2,0,trial.validspatial,631,1
412,63017,1,2,800,trial.validspatial,542,0
412,63017,1,1,0,trial.validspatial,517,1
412,63017,1,1,400,trial.validspatial,562,1
412,63017,1,1,0,trial.validspatial,598,0
412,63017,1,2,0,trial.invalid,506,0
412,63017,1,2,800,trial.validspatial,404,0
412,63017,1,2,400,trial.validspatial,671,0
412,63017,1,2,400,trial.doublecue,963,0
412,63017,2,2,400,trial.validspatial,864,1
412,63017,2,1,400,trial.doublecue,564,1
412,63017,2,1,0,trial.validspatial,489,1
412,63017,2,1,400,trial.validspatial,395,1
412,63017,1,2,800,trial.validspatial,456,0
412,63017,1,1,800,trial.invalid,599,0
412,63017,2,1,400,trial.validspatial,560,1
412,63017,2,1,800,trial.validspatial,427,1
412,63017,2,2,0,trial.validspatial,742,0
412,63017,1,2,0,trial.validspatial,405,1
412,63017,1,1,400,trial.validspatial,445,1
412,63017,1,1,NaN,trial.nocue,516,1
412,63017,1,2,0,trial.validspatial,669,1
412,63017,1,1,NaN,trial.nocue,613,0
412,63017,2,2,0,trial.validspatial,770,0
412,63017,2,1,800,trial.invalid,715,1
412,63017,2,2,NaN,trial.nocue,925,0
412,63017,1,2,400,trial.invalid,508,1
412,63017,2,2,0,trial.doublecue,553,0
412,63017,1,2,NaN,trial.nocue,921,0
412,63017,1,1,400,trial.validspatial,540,1
412,63017,1,1,800,trial.validspatial,352,1
412,63017,2,1,NaN,trial.nocue,397,0
412,63017,1,1,800,trial.doublecue,648,0
412,63017,2,2,0,trial.doublecue,583,0
412,63017,1,1,0,trial.invalid,634,1
412,63017,1,1,0,trial.invalid,607,1
412,63017,2,1,0,trial.validspatial,585,1
412,63017,2,1,0,trial.validspatial,541,1
412,63017,1,1,400,trial.doublecue,489,1
412,63017,2,2,800,trial.validspatial,447,0
412,63017,2,2,800,trial.validspatial,531,0
412,63017,2,2,0,trial.validspatial,571,0
412,63017,1,2,400,trial.validspatial,489,0
412,63017,2,2,800,trial.invalid,392,0
412,63017,1,2,0,trial.invalid,526,1
412,63017,2,1,400,trial.validspatial,587,1
412,63017,2,1,400,trial.validspatial,648,1
412,63017,2,1,NaN,trial.nocue,760,1
412,63017,2,2,NaN,trial.nocue,515,0
412,63017,2,1,NaN,trial.nocue,557,1
412,63017,1,1,800,trial.validspatial,541,1
412,63017,1,1,NaN,trial.nocue,500,1
412,63017,2,1,800,trial.doublecue,522,1
412,63017,2,2,NaN,trial.nocue,739,0
412,63017,1,2,400,trial.validspatial,468,0
412,63017,1,1,400,trial.doublecue,446,1
412,63017,2,2,400,trial.invalid,492,0
412,63017,1,1,NaN,trial.nocue,423,1
412,63017,2,1,800,trial.validspatial,1700,0
412,63017,2,2,0,trial.validspatial,973,1
412,63017,2,1,800,trial.doublecue,605,0
412,63017,2,1,400,trial.validspatial,654,1
412,63017,2,2,400,trial.validspatial,709,0
412,63017,2,1,0,trial.doublecue,653,1
412,63017,2,2,400,trial.validspatial,464,0
412,63017,2,2,400,trial.invalid,759,0
412,63017,2,2,800,trial.doublecue,617,0
412,63017,1,2,400,trial.doublecue,481,0
412,63017,1,2,0,trial.validspatial,592,1
412,63017,1,2,NaN,trial.nocue,488,0
412,63017,1,1,800,trial.invalid,753,1
412,63017,2,2,800,trial.validspatial,554,0
412,63017,2,1,800,trial.validspatial,713,1
412,63017,2,1,0,trial.validspatial,729,0
412,63017,2,2,NaN,trial.nocue,543,1
412,63017,2,2,800,trial.validspatial,692,1
412,63017,1,1,400,trial.validspatial,1700,0
412,63017,1,2,800,trial.invalid,649,0
412,63017,2,2,0,trial.validspatial,955,1
412,63017,2,2,800,trial.validspatial,749,0
412,63017,1,1,800,trial.validspatial,739,1
412,63017,2,1,NaN,trial.nocue,528,0
412,63017,1,2,NaN,trial.nocue,565,1
412,63017,1,2,800,trial.validspatial,503,1
412,63017,1,2,0,trial.validspatial,432,1
412,63017,2,2,0,trial.invalid,481,1
412,63017,1,1,NaN,trial.nocue,978,1
412,63017,2,2,800,trial.validspatial,775,1
412,63017,2,1,800,trial.validspatial,400,0
412,63017,2,1,0,trial.validspatial,510,1
412,63017,1,1,800,trial.doublecue,703,0
412,63017,2,2,800,trial.invalid,651,0
412,63017,1,2,400,trial.validspatial,477,1
412,63017,2,1,800,trial.validspatial,676,1
412,63017,1,2,400,trial.invalid,849,0
412,63017,1,1,800,trial.validspatial,664,0
412,63017,2,2,400,trial.doublecue,556,0
412,63017,1,1,0,trial.validspatial,548,0
412,63017,2,1,NaN,trial.nocue,1096,0
412,63017,2,1,400,trial.invalid,589,0
412,63017,1,2,800,trial.invalid,948,0
412,63017,1,2,0,trial.doublecue,648,1
412,63017,1,1,400,trial.validspatial,456,1
412,63017,1,2,400,trial.validspatial,516,1
412,63017,1,1,0,trial.doublecue,943,1
412,63017,1,1,0,trial.doublecue,771,0
412,63017,1,2,NaN,trial.nocue,602,0
412,63017,2,1,400,trial.doublecue,496,1
412,63017,2,2,400,trial.validspatial,947,1
412,63017,2,2,800,trial.doublecue,618,1
412,63017,2,2,NaN,trial.nocue,503,1
412,63017,1,2,NaN,trial.nocue,506,1
412,63017,1,2,0,trial.doublecue,454,0
412,63017,2,1,800,trial.invalid,454,0
412,63017,1,2,0,trial.validspatial,743,0
412,63017,1,1,0,trial.validspatial,824,1
412,63017,2,1,0,trial.validspatial,658,0
412,63017,1,1,400,trial.invalid,1700,0
412,63017,1,2,800,trial.doublecue,645,1
412,63017,2,2,0,trial.validspatial,609,1
412,63017,2,2,0,trial.invalid,907,1
412,63017,1,1,0,trial.validspatial,694,0
412,63017,1,1,400,trial.invalid,713,1
412,63017,2,1,800,trial.validspatial,592,1
412,63017,2,2,400,trial.doublecue,442,1
412,63017,2,1,0,trial.doublecue,618,1
412,63017,2,2,400,trial.validspatial,656,0
412,63017,1,1,NaN,trial.nocue,712,0
412,63017,2,1,0,trial.invalid,679,1
412,63017,1,2,800,trial.validspatial,835,0
412,63017,1,2,800,trial.doublecue,513,1
412,63017,2,1,400,trial.validspatial,817,0
412,63017,1,1,800,trial.validspatial,631,1
412,63017,1,2,800,trial.validspatial,749,1
412,63017,1,1,0,trial.validspatial,642,1
412,63017,1,2,400,trial.validspatial,469,0
412,63017,2,1,400,trial.invalid,697,1
412,63017,2,1,0,trial.invalid,1259,1
412,63017,2,2,NaN,trial.nocue,1700,0
412,63017,1,1,800,trial.validspatial,817,1
412,63017,2,2,400,trial.validspatial,822,0
412,63017,2,1,NaN,trial.nocue,918,1
412,63017,1,1,400,trial.validspatial,1237,0
412,63017,1,2,NaN,trial.nocue,694,1
412,63017,1,2,0,trial.validspatial,895,0
412,63017,1,2,800,trial.validspatial,567,1
412,63017,1,1,0,trial.validspatial,907,0
412,63017,1,1,400,trial.validspatial,1289,0
