subject,date,location_congruence_val,flanker_congruence_val,cue_target_interval,cue_condition,latency,values.correct
55,62917,1,1,0,trial.validspatial,1700,0
55,62917,1,2,0,trial.invalid,1700,0
55,62917,1,2,800,trial.validspatial,988,1
55,62917,1,2,400,trial.validspatial,899,1
55,62917,1,2,400,trial.doublecue,1307,1
55,62917,2,2,400,trial.validspatial,1037,1
55,62917,2,1,400,trial.doublecue,1218,1
55,62917,2,1,0,trial.validspatial,1147,1
55,62917,2,1,400,trial.validspatial,1006,1
55,62917,1,2,800,trial.validspatial,1124,1
55,62917,1,1,800,trial.invalid,1015,1
55,62917,2,1,400,trial.validspatial,1112,1
55,62917,2,1,800,trial.validspatial,938,1
55,62917,2,2,0,trial.validspatial,1044,1
55,62917,1,2,0,trial.validspatial,1286,1
55,62917,1,1,400,trial.validspatial,696,1
55,62917,1,1,NaN,trial.nocue,937,1
55,62917,1,2,0,trial.validspatial,959,1
55,62917,1,1,NaN,trial.nocue,925,1
55,62917,2,2,0,trial.validspatial,1130,1
55,62917,2,1,800,trial.invalid,1035,1
55,62917,2,2,NaN,trial.nocue,1117,1
55,62917,1,2,400,trial.invalid,1177,1
55,62917,2,2,0,trial.doublecue,1077,1
55,62917,1,2,NaN,trial.nocue,1115,1
55,62917,1,1,400,trial.validspatial,747,1
55,62917,1,1,800,trial.validspatial,613,1
55,62917,2,1,NaN,trial.nocue,1147,1
55,62917,1,1,800,trial.doublecue,912,1
55,62917,2,2,0,trial.doublecue,1133,1
55,62917,1,1,0,trial.invalid,1041,1
55,62917,1,1,0,trial.invalid,940,1
55,62917,2,1,0,trial.validspatial,921,1
55,62917,2,1,0,trial.validspatial,820,1
55,62917,1,1,400,trial.doublecue,722,1
55,62917,2,2,800,trial.validspatial,891,1
55,62917,2,2,800,trial.validspatial,747,1
55,62917,2,2,0,trial.validspatial,936,1
55,62917,1,2,400,trial.validspatial,896,1
55,62917,2,2,800,trial.invalid,995,1
55,62917,1,2,0,trial.invalid,1050,1
55,62917,2,1,400,trial.validspatial,705,1
55,62917,2,1,400,trial.validspatial,612,1
55,62917,2,1,NaN,trial.nocue,917,1
55,62917,2,2,NaN,trial.nocue,1007,1
55,62917,2,1,NaN,trial.nocue,947,1
55,62917,1,1,800,trial.validspatial,574,1
55,62917,1,1,NaN,trial.nocue,1007,1
55,62917,2,1,800,trial.doublecue,889,1
55,62917,2,2,NaN,trial.nocue,1009,1
55,62917,1,2,400,trial.validspatial,615,1
55,62917,1,1,400,trial.doublecue,903,1
55,62917,2,2,400,trial.invalid,976,1
55,62917,1,1,NaN,trial.nocue,841,1
55,62917,2,1,800,trial.validspatial,1592,1
55,62917,2,2,0,trial.validspatial,752,1
55,62917,2,1,800,trial.doublecue,866,1
55,62917,2,1,400,trial.validspatial,753,1
55,62917,2,2,400,trial.validspatial,980,1
55,62917,2,1,0,trial.doublecue,963,1
55,62917,2,2,400,trial.validspatial,849,1
55,62917,2,2,400,trial.invalid,943,1
55,62917,2,2,800,trial.doublecue,1026,1
55,62917,1,2,400,trial.doublecue,1021,1
55,62917,1,2,0,trial.validspatial,1039,1
55,62917,1,2,NaN,trial.nocue,860,1
55,62917,1,1,800,trial.invalid,787,1
55,62917,2,2,800,trial.validspatial,919,1
55,62917,2,1,800,trial.validspatial,823,1
55,62917,2,1,0,trial.validspatial,998,1
55,62917,2,2,NaN,trial.nocue,958,1
55,62917,2,2,800,trial.validspatial,619,1
55,62917,1,1,400,trial.validspatial,1395,1
55,62917,1,2,800,trial.invalid,1700,0
55,62917,2,2,0,trial.validspatial,1410,1
55,62917,2,2,800,trial.validspatial,835,1
55,62917,1,1,800,trial.validspatial,882,1
55,62917,2,1,NaN,trial.nocue,903,1
55,62917,1,2,NaN,trial.nocue,961,1
55,62917,1,2,800,trial.validspatial,941,1
55,62917,1,2,0,trial.validspatial,1033,1
55,62917,2,2,0,trial.invalid,954,1
55,62917,1,1,NaN,trial.nocue,1700,0
55,62917,2,2,800,trial.validspatial,929,1
55,62917,2,1,800,trial.validspatial,742,1
55,62917,2,1,0,trial.validspatial,1370,1
55,62917,1,1,800,trial.doublecue,807,1
55,62917,2,2,800,trial.invalid,1033,1
55,62917,1,2,400,trial.validspatial,971,1
55,62917,2,1,800,trial.validspatial,875,1
55,62917,1,2,400,trial.invalid,1697,1
55,62917,1,1,800,trial.validspatial,909,1
55,62917,2,2,400,trial.doublecue,967,1
55,62917,1,1,0,trial.validspatial,835,1
55,62917,2,1,NaN,trial.nocue,919,1
55,62917,2,1,400,trial.invalid,1129,1
55,62917,1,2,800,trial.invalid,914,1
55,62917,1,2,0,trial.doublecue,1222,1
55,62917,1,1,400,trial.validspatial,943,1
55,62917,1,2,400,trial.validspatial,889,1
55,62917,1,1,0,trial.doublecue,947,1
55,62917,1,1,0,trial.doublecue,887,1
55,62917,1,2,NaN,trial.nocue,1033,1
55,62917,2,1,400,trial.doublecue,917,1
55,62917,2,2,400,trial.validspatial,741,1
55,62917,2,2,800,trial.doublecue,919,1
55,62917,2,2,NaN,trial.nocue,841,1
55,62917,1,2,NaN,trial.nocue,986,1
55,62917,1,2,0,trial.doublecue,873,1
55,62917,2,1,800,trial.invalid,929,1
55,62917,1,2,0,trial.validspatial,924,1
55,62917,1,1,0,trial.validspatial,798,1
55,62917,2,1,0,trial.validspatial,841,1
55,62917,1,1,400,trial.invalid,866,1
55,62917,1,2,800,trial.doublecue,1133,1
55,62917,2,2,0,trial.validspatial,1006,1
55,62917,2,2,0,trial.invalid,852,1
55,62917,1,1,0,trial.validspatial,831,1
55,62917,1,1,400,trial.invalid,949,1
55,62917,2,1,800,trial.validspatial,902,1
55,62917,2,2,400,trial.doublecue,972,1
55,62917,2,1,0,trial.doublecue,914,1
55,62917,2,2,400,trial.validspatial,1068,1
55,62917,1,1,NaN,trial.nocue,885,1
55,62917,2,1,0,trial.invalid,948,1
55,62917,1,2,800,trial.validspatial,833,1
55,62917,1,2,800,trial.doublecue,1172,1
55,62917,2,1,400,trial.validspatial,705,1
55,62917,1,1,800,trial.validspatial,940,1
55,62917,1,2,800,trial.validspatial,1005,1
55,62917,1,1,0,trial.validspatial,716,1
55,62917,1,2,400,trial.validspatial,917,1
55,62917,2,1,400,trial.invalid,862,1
55,62917,2,1,0,trial.invalid,940,1
55,62917,2,2,NaN,trial.nocue,1047,1
55,62917,1,1,800,trial.validspatial,869,1
55,62917,2,2,400,trial.validspatial,829,1
55,62917,2,1,NaN,trial.nocue,869,1
55,62917,1,1,400,trial.validspatial,910,1
55,62917,1,2,NaN,trial.nocue,982,1
55,62917,1,2,0,trial.validspatial,944,1
55,62917,1,2,800,trial.validspatial,816,1
55,62917,1,1,0,trial.validspatial,882,1
55,62917,1,1,400,trial.validspatial,505,1
55,62917,1,1,0,trial.validspatial,1700,0
55,62917,1,2,0,trial.invalid,1700,0
55,62917,1,2,800,trial.validspatial,1700,0
55,62917,1,2,400,trial.validspatial,1076,1
55,62917,1,2,400,trial.doublecue,1065,1
55,62917,2,2,400,trial.validspatial,875,1
55,62917,2,1,400,trial.doublecue,863,1
55,62917,2,1,0,trial.validspatial,779,1
55,62917,2,1,400,trial.validspatial,848,1
55,62917,1,2,800,trial.validspatial,867,1
55,62917,1,1,800,trial.invalid,943,1
55,62917,2,1,400,trial.validspatial,726,1
55,62917,2,1,800,trial.validspatial,1110,1
55,62917,2,2,0,trial.validspatial,1008,1
55,62917,1,2,0,trial.validspatial,956,1
55,62917,1,1,400,trial.validspatial,801,1
55,62917,1,1,NaN,trial.nocue,867,1
55,62917,1,2,0,trial.validspatial,866,1
55,62917,1,1,NaN,trial.nocue,794,1
55,62917,2,2,0,trial.validspatial,933,1
55,62917,2,1,800,trial.invalid,855,1
55,62917,2,2,NaN,trial.nocue,992,1
55,62917,1,2,400,trial.invalid,1104,1
55,62917,2,2,0,trial.doublecue,847,1
55,62917,1,2,NaN,trial.nocue,870,1
55,62917,1,1,400,trial.validspatial,554,1
55,62917,1,1,800,trial.validspatial,867,1
55,62917,2,1,NaN,trial.nocue,799,1
55,62917,1,1,800,trial.doublecue,879,1
55,62917,2,2,0,trial.doublecue,961,1
55,62917,1,1,0,trial.invalid,717,1
55,62917,1,1,0,trial.invalid,865,1
55,62917,2,1,0,trial.validspatial,1039,1
55,62917,2,1,0,trial.validspatial,790,1
55,62917,1,1,400,trial.doublecue,766,1
55,62917,2,2,800,trial.validspatial,1068,1
55,62917,2,2,800,trial.validspatial,898,1
55,62917,2,2,0,trial.validspatial,936,1
55,62917,1,2,400,trial.validspatial,1700,0
55,62917,2,2,800,trial.invalid,882,1
55,62917,1,2,0,trial.invalid,1139,1
55,62917,2,1,400,trial.validspatial,629,1
55,62917,2,1,400,trial.validspatial,623,1
55,62917,2,1,NaN,trial.nocue,807,1
55,62917,2,2,NaN,trial.nocue,925,1
55,62917,2,1,NaN,trial.nocue,882,1
55,62917,1,1,800,trial.validspatial,830,1
55,62917,1,1,NaN,trial.nocue,818,1
55,62917,2,1,800,trial.doublecue,874,1
55,62917,2,2,NaN,trial.nocue,927,1
55,62917,1,2,400,trial.validspatial,985,1
55,62917,1,1,400,trial.doublecue,844,1
55,62917,2,2,400,trial.invalid,987,1
55,62917,1,1,NaN,trial.nocue,881,1
55,62917,2,1,800,trial.validspatial,866,1
55,62917,2,2,0,trial.validspatial,882,1
55,62917,2,1,800,trial.doublecue,933,1
55,62917,2,1,400,trial.validspatial,572,1
55,62917,2,2,400,trial.validspatial,583,1
55,62917,2,1,0,trial.doublecue,893,1
55,62917,2,2,400,trial.validspatial,857,1
55,62917,2,2,400,trial.invalid,876,1
55,62917,2,2,800,trial.doublecue,882,1
55,62917,1,2,400,trial.doublecue,878,1
55,62917,1,2,0,trial.validspatial,988,1
55,62917,1,2,NaN,trial.nocue,1169,1
55,62917,1,1,800,trial.invalid,1051,1
55,62917,2,2,800,trial.validspatial,878,1
55,62917,2,1,800,trial.validspatial,812,1
55,62917,2,1,0,trial.validspatial,934,1
55,62917,2,2,NaN,trial.nocue,1134,1
55,62917,2,2,800,trial.validspatial,789,1
55,62917,1,1,400,trial.validspatial,1700,0
55,62917,1,2,800,trial.invalid,741,1
55,62917,2,2,0,trial.validspatial,1075,1
55,62917,2,2,800,trial.validspatial,864,1
55,62917,1,1,800,trial.validspatial,999,1
55,62917,2,1,NaN,trial.nocue,1113,1
55,62917,1,2,NaN,trial.nocue,928,1
55,62917,1,2,800,trial.validspatial,886,1
55,62917,1,2,0,trial.validspatial,852,1
55,62917,2,2,0,trial.invalid,876,1
55,62917,1,1,NaN,trial.nocue,1222,1
55,62917,2,2,800,trial.validspatial,898,1
55,62917,2,1,800,trial.validspatial,938,1
55,62917,2,1,0,trial.validspatial,772,1
55,62917,1,1,800,trial.doublecue,936,1
55,62917,2,2,800,trial.invalid,933,1
55,62917,1,2,400,trial.validspatial,626,1
55,62917,2,1,800,trial.validspatial,801,1
55,62917,1,2,400,trial.invalid,951,1
55,62917,1,1,800,trial.validspatial,836,1
55,62917,2,2,400,trial.doublecue,1010,1
55,62917,1,1,0,trial.validspatial,1313,1
55,62917,2,1,NaN,trial.nocue,1068,1
55,62917,2,1,400,trial.invalid,999,1
55,62917,1,2,800,trial.invalid,887,1
55,62917,1,2,0,trial.doublecue,936,1
55,62917,1,1,400,trial.validspatial,535,1
55,62917,1,2,400,trial.validspatial,839,1
55,62917,1,1,0,trial.doublecue,913,1
55,62917,1,1,0,trial.doublecue,917,1
55,62917,1,2,NaN,trial.nocue,1057,1
55,62917,2,1,400,trial.doublecue,926,1
55,62917,2,2,400,trial.validspatial,818,1
55,62917,2,2,800,trial.doublecue,875,1
55,62917,2,2,NaN,trial.nocue,811,1
55,62917,1,2,NaN,trial.nocue,575,1
55,62917,1,2,0,trial.doublecue,1001,1
55,62917,2,1,800,trial.invalid,978,1
55,62917,1,2,0,trial.validspatial,756,1
55,62917,1,1,0,trial.validspatial,891,1
55,62917,2,1,0,trial.validspatial,861,1
55,62917,1,1,400,trial.invalid,1119,1
55,62917,1,2,800,trial.doublecue,663,1
55,62917,2,2,0,trial.validspatial,576,1
55,62917,2,2,0,trial.invalid,803,1
55,62917,1,1,0,trial.validspatial,1145,1
55,62917,1,1,400,trial.invalid,849,1
55,62917,2,1,800,trial.validspatial,908,1
55,62917,2,2,400,trial.doublecue,862,1
55,62917,2,1,0,trial.doublecue,857,1
55,62917,2,2,400,trial.validspatial,1131,1
55,62917,1,1,NaN,trial.nocue,959,1
55,62917,2,1,0,trial.invalid,1036,1
55,62917,1,2,800,trial.validspatial,1030,1
55,62917,1,2,800,trial.doublecue,1266,1
55,62917,2,1,400,trial.validspatial,607,1
55,62917,1,1,800,trial.validspatial,977,1
55,62917,1,2,800,trial.validspatial,995,1
55,62917,1,1,0,trial.validspatial,796,1
55,62917,1,2,400,trial.validspatial,870,1
55,62917,2,1,400,trial.invalid,1043,1
55,62917,2,1,0,trial.invalid,840,1
55,62917,2,2,NaN,trial.nocue,991,1
55,62917,1,1,800,trial.validspatial,951,1
55,62917,2,2,400,trial.validspatial,1486,1
55,62917,2,1,NaN,trial.nocue,936,1
55,62917,1,1,400,trial.validspatial,964,1
55,62917,1,2,NaN,trial.nocue,1237,1
55,62917,1,2,0,trial.validspatial,1620,1
55,62917,1,2,800,trial.validspatial,1129,1
55,62917,1,1,0,trial.validspatial,883,1
55,62917,1,1,400,trial.validspatial,931,1
