subject,date,location_congruence_val,flanker_congruence_val,cue_target_interval,cue_condition,latency,values.correct
8,101817,1,1,0,trial.validspatial,475,1
8,101817,1,2,0,trial.invalid,489,1
8,101817,1,2,800,trial.validspatial,634,1
8,101817,1,2,400,trial.validspatial,651,0
8,101817,1,2,400,trial.doublecue,480,0
8,101817,2,2,400,trial.validspatial,349,0
8,101817,2,1,400,trial.doublecue,528,1
8,101817,2,1,0,trial.validspatial,394,1
8,101817,2,1,400,trial.validspatial,359,1
8,101817,1,2,800,trial.validspatial,521,1
8,101817,1,1,800,trial.invalid,623,1
8,101817,2,1,400,trial.validspatial,371,1
8,101817,2,1,800,trial.validspatial,407,1
8,101817,2,2,0,trial.validspatial,443,0
8,101817,1,2,0,trial.validspatial,462,1
8,101817,1,1,400,trial.validspatial,373,1
8,101817,1,1,NaN,trial.nocue,501,1
8,101817,1,2,0,trial.validspatial,435,1
8,101817,1,1,NaN,trial.nocue,389,1
8,101817,2,2,0,trial.validspatial,437,0
8,101817,2,1,800,trial.invalid,563,1
8,101817,2,2,NaN,trial.nocue,552,1
8,101817,1,2,400,trial.invalid,485,0
8,101817,2,2,0,trial.doublecue,477,0
8,101817,1,2,NaN,trial.nocue,542,1
8,101817,1,1,400,trial.validspatial,439,1
8,101817,1,1,800,trial.validspatial,451,1
8,101817,2,1,NaN,trial.nocue,507,1
8,101817,1,1,800,trial.doublecue,369,1
8,101817,2,2,0,trial.doublecue,610,1
8,101817,1,1,0,trial.invalid,489,1
8,101817,1,1,0,trial.invalid,394,1
8,101817,2,1,0,trial.validspatial,358,1
8,101817,2,1,0,trial.validspatial,373,1
8,101817,1,1,400,trial.doublecue,412,1
8,101817,2,2,800,trial.validspatial,418,1
8,101817,2,2,800,trial.validspatial,389,1
8,101817,2,2,0,trial.validspatial,464,1
8,101817,1,2,400,trial.validspatial,569,1
8,101817,2,2,800,trial.invalid,449,0
8,101817,1,2,0,trial.invalid,593,0
8,101817,2,1,400,trial.validspatial,493,1
8,101817,2,1,400,trial.validspatial,368,1
8,101817,2,1,NaN,trial.nocue,500,1
8,101817,2,2,NaN,trial.nocue,533,0
8,101817,2,1,NaN,trial.nocue,494,1
8,101817,1,1,800,trial.validspatial,415,1
8,101817,1,1,NaN,trial.nocue,523,1
8,101817,2,1,800,trial.doublecue,423,1
8,101817,2,2,NaN,trial.nocue,511,0
8,101817,1,2,400,trial.validspatial,646,1
8,101817,1,1,400,trial.doublecue,553,1
8,101817,2,2,400,trial.invalid,646,1
8,101817,1,1,NaN,trial.nocue,333,1
8,101817,2,1,800,trial.validspatial,365,1
8,101817,2,2,0,trial.validspatial,533,1
8,101817,2,1,800,trial.doublecue,497,1
8,101817,2,1,400,trial.validspatial,503,1
8,101817,2,2,400,trial.validspatial,400,1
8,101817,2,1,0,trial.doublecue,472,1
8,101817,2,2,400,trial.validspatial,543,1
8,101817,2,2,400,trial.invalid,574,0
8,101817,2,2,800,trial.doublecue,464,0
8,101817,1,2,400,trial.doublecue,605,1
8,101817,1,2,0,trial.validspatial,630,1
8,101817,1,2,NaN,trial.nocue,515,0
8,101817,1,1,800,trial.invalid,460,1
8,101817,2,2,800,trial.validspatial,468,1
8,101817,2,1,800,trial.validspatial,381,1
8,101817,2,1,0,trial.validspatial,443,1
8,101817,2,2,NaN,trial.nocue,572,1
8,101817,2,2,800,trial.validspatial,478,1
8,101817,1,1,400,trial.validspatial,676,1
8,101817,1,2,800,trial.invalid,859,1
8,101817,2,2,0,trial.validspatial,665,1
8,101817,2,2,800,trial.validspatial,459,1
8,101817,1,1,800,trial.validspatial,428,1
8,101817,2,1,NaN,trial.nocue,473,1
8,101817,1,2,NaN,trial.nocue,418,0
8,101817,1,2,800,trial.validspatial,456,1
8,101817,1,2,0,trial.validspatial,609,1
8,101817,2,2,0,trial.invalid,627,1
8,101817,1,1,NaN,trial.nocue,413,1
8,101817,2,2,800,trial.validspatial,477,1
8,101817,2,1,800,trial.validspatial,432,1
8,101817,2,1,0,trial.validspatial,775,1
8,101817,1,1,800,trial.doublecue,521,1
8,101817,2,2,800,trial.invalid,527,0
8,101817,1,2,400,trial.validspatial,571,1
8,101817,2,1,800,trial.validspatial,387,1
8,101817,1,2,400,trial.invalid,458,0
8,101817,1,1,800,trial.validspatial,392,1
8,101817,2,2,400,trial.doublecue,655,1
8,101817,1,1,0,trial.validspatial,783,1
8,101817,2,1,NaN,trial.nocue,635,1
8,101817,2,1,400,trial.invalid,567,1
8,101817,1,2,800,trial.invalid,491,0
8,101817,1,2,0,trial.doublecue,576,1
8,101817,1,1,400,trial.validspatial,343,1
8,101817,1,2,400,trial.validspatial,560,1
8,101817,1,1,0,trial.doublecue,487,1
8,101817,1,1,0,trial.doublecue,483,1
8,101817,1,2,NaN,trial.nocue,585,1
8,101817,2,1,400,trial.doublecue,401,1
8,101817,2,2,400,trial.validspatial,447,1
8,101817,2,2,800,trial.doublecue,577,0
8,101817,2,2,NaN,trial.nocue,655,1
8,101817,1,2,NaN,trial.nocue,585,1
8,101817,1,2,0,trial.doublecue,789,0
8,101817,2,1,800,trial.invalid,492,1
8,101817,1,2,0,trial.validspatial,474,0
8,101817,1,1,0,trial.validspatial,523,1
8,101817,2,1,0,trial.validspatial,469,1
8,101817,1,1,400,trial.invalid,486,1
8,101817,1,2,800,trial.doublecue,604,1
8,101817,2,2,0,trial.validspatial,679,1
8,101817,2,2,0,trial.invalid,605,1
8,101817,1,1,0,trial.validspatial,1099,1
8,101817,1,1,400,trial.invalid,589,1
8,101817,2,1,800,trial.validspatial,432,0
8,101817,2,2,400,trial.doublecue,670,1
8,101817,2,1,0,trial.doublecue,770,1
8,101817,2,2,400,trial.validspatial,693,1
8,101817,1,1,NaN,trial.nocue,1024,1
8,101817,2,1,0,trial.invalid,989,1
8,101817,1,2,800,trial.validspatial,757,1
8,101817,1,2,800,trial.doublecue,479,0
8,101817,2,1,400,trial.validspatial,433,1
8,101817,1,1,800,trial.validspatial,400,1
8,101817,1,2,800,trial.validspatial,422,1
8,101817,1,1,0,trial.validspatial,443,1
8,101817,1,2,400,trial.validspatial,530,1
8,101817,2,1,400,trial.invalid,1700,0
8,101817,2,1,0,trial.invalid,1700,0
8,101817,2,2,NaN,trial.nocue,433,0
8,101817,1,1,800,trial.validspatial,1700,0
8,101817,2,2,400,trial.validspatial,374,0
8,101817,2,1,NaN,trial.nocue,456,1
8,101817,1,1,400,trial.validspatial,363,1
8,101817,1,2,NaN,trial.nocue,1700,0
8,101817,1,2,0,trial.validspatial,991,0
8,101817,1,2,800,trial.validspatial,1700,0
8,101817,1,1,0,trial.validspatial,377,1
8,101817,1,1,400,trial.validspatial,432,1
8,101817,1,1,0,trial.validspatial,499,1
8,101817,1,2,0,trial.invalid,981,0
8,101817,1,2,800,trial.validspatial,486,1
8,101817,1,2,400,trial.validspatial,631,1
8,101817,1,2,400,trial.doublecue,525,0
8,101817,2,2,400,trial.validspatial,473,1
8,101817,2,1,400,trial.doublecue,460,1
8,101817,2,1,0,trial.validspatial,472,1
8,101817,2,1,400,trial.validspatial,409,1
8,101817,1,2,800,trial.validspatial,491,1
8,101817,1,1,800,trial.invalid,593,1
8,101817,2,1,400,trial.validspatial,487,1
8,101817,2,1,800,trial.validspatial,393,1
8,101817,2,2,0,trial.validspatial,524,1
8,101817,1,2,0,trial.validspatial,848,0
8,101817,1,1,400,trial.validspatial,450,1
8,101817,1,1,NaN,trial.nocue,465,1
8,101817,1,2,0,trial.validspatial,536,1
8,101817,1,1,NaN,trial.nocue,1029,0
8,101817,2,2,0,trial.validspatial,324,0
8,101817,2,1,800,trial.invalid,773,1
8,101817,2,2,NaN,trial.nocue,666,1
8,101817,1,2,400,trial.invalid,868,1
8,101817,2,2,0,trial.doublecue,1594,0
8,101817,1,2,NaN,trial.nocue,523,1
8,101817,1,1,400,trial.validspatial,468,1
8,101817,1,1,800,trial.validspatial,447,1
8,101817,2,1,NaN,trial.nocue,551,1
8,101817,1,1,800,trial.doublecue,541,1
8,101817,2,2,0,trial.doublecue,477,0
8,101817,1,1,0,trial.invalid,511,1
8,101817,1,1,0,trial.invalid,608,1
8,101817,2,1,0,trial.validspatial,1700,0
8,101817,2,1,0,trial.validspatial,458,1
8,101817,1,1,400,trial.doublecue,546,1
8,101817,2,2,800,trial.validspatial,567,1
8,101817,2,2,800,trial.validspatial,489,1
8,101817,2,2,0,trial.validspatial,803,1
8,101817,1,2,400,trial.validspatial,759,1
8,101817,2,2,800,trial.invalid,431,1
8,101817,1,2,0,trial.invalid,767,1
8,101817,2,1,400,trial.validspatial,450,1
8,101817,2,1,400,trial.validspatial,390,1
8,101817,2,1,NaN,trial.nocue,473,1
8,101817,2,2,NaN,trial.nocue,618,1
8,101817,2,1,NaN,trial.nocue,435,1
8,101817,1,1,800,trial.validspatial,373,1
8,101817,1,1,NaN,trial.nocue,577,1
8,101817,2,1,800,trial.doublecue,525,1
8,101817,2,2,NaN,trial.nocue,469,0
8,101817,1,2,400,trial.validspatial,540,1
8,101817,1,1,400,trial.doublecue,399,1
8,101817,2,2,400,trial.invalid,525,0
8,101817,1,1,NaN,trial.nocue,485,1
8,101817,2,1,800,trial.validspatial,387,1
8,101817,2,2,0,trial.validspatial,635,1
8,101817,2,1,800,trial.doublecue,523,1
8,101817,2,1,400,trial.validspatial,369,1
8,101817,2,2,400,trial.validspatial,475,1
8,101817,2,1,0,trial.doublecue,531,1
8,101817,2,2,400,trial.validspatial,507,1
8,101817,2,2,400,trial.invalid,650,0
8,101817,2,2,800,trial.doublecue,507,1
8,101817,1,2,400,trial.doublecue,471,1
8,101817,1,2,0,trial.validspatial,481,0
8,101817,1,2,NaN,trial.nocue,1416,1
8,101817,1,1,800,trial.invalid,508,1
8,101817,2,2,800,trial.validspatial,514,1
8,101817,2,1,800,trial.validspatial,490,1
8,101817,2,1,0,trial.validspatial,631,1
8,101817,2,2,NaN,trial.nocue,670,0
8,101817,2,2,800,trial.validspatial,480,1
8,101817,1,1,400,trial.validspatial,1700,0
8,101817,1,2,800,trial.invalid,400,1
8,101817,2,2,0,trial.validspatial,497,0
8,101817,2,2,800,trial.validspatial,407,1
8,101817,1,1,800,trial.validspatial,521,1
8,101817,2,1,NaN,trial.nocue,463,0
8,101817,1,2,NaN,trial.nocue,620,1
8,101817,1,2,800,trial.validspatial,445,1
8,101817,1,2,0,trial.validspatial,442,1
8,101817,2,2,0,trial.invalid,458,1
8,101817,1,1,NaN,trial.nocue,604,1
8,101817,2,2,800,trial.validspatial,595,1
8,101817,2,1,800,trial.validspatial,407,1
8,101817,2,1,0,trial.validspatial,427,1
8,101817,1,1,800,trial.doublecue,542,1
8,101817,2,2,800,trial.invalid,562,1
8,101817,1,2,400,trial.validspatial,460,1
8,101817,2,1,800,trial.validspatial,476,1
8,101817,1,2,400,trial.invalid,561,1
8,101817,1,1,800,trial.validspatial,512,1
8,101817,2,2,400,trial.doublecue,373,0
8,101817,1,1,0,trial.validspatial,534,1
8,101817,2,1,NaN,trial.nocue,491,0
8,101817,2,1,400,trial.invalid,765,1
8,101817,1,2,800,trial.invalid,580,1
8,101817,1,2,0,trial.doublecue,573,1
8,101817,1,1,400,trial.validspatial,405,1
8,101817,1,2,400,trial.validspatial,450,1
8,101817,1,1,0,trial.doublecue,1700,0
8,101817,1,1,0,trial.doublecue,415,1
8,101817,1,2,NaN,trial.nocue,608,0
8,101817,2,1,400,trial.doublecue,711,1
8,101817,2,2,400,trial.validspatial,464,1
8,101817,2,2,800,trial.doublecue,444,1
8,101817,2,2,NaN,trial.nocue,427,1
8,101817,1,2,NaN,trial.nocue,386,1
8,101817,1,2,0,trial.doublecue,376,0
8,101817,2,1,800,trial.invalid,427,0
8,101817,1,2,0,trial.validspatial,1700,0
8,101817,1,1,0,trial.validspatial,426,1
8,101817,2,1,0,trial.validspatial,643,1
8,101817,1,1,400,trial.invalid,1700,0
8,101817,1,2,800,trial.doublecue,421,1
8,101817,2,2,0,trial.validspatial,456,1
8,101817,2,2,0,trial.invalid,492,1
8,101817,1,1,0,trial.validspatial,397,0
8,101817,1,1,400,trial.invalid,632,1
8,101817,2,1,800,trial.validspatial,382,1
8,101817,2,2,400,trial.doublecue,555,1
8,101817,2,1,0,trial.doublecue,470,1
8,101817,2,2,400,trial.validspatial,1700,0
8,101817,1,1,NaN,trial.nocue,453,1
8,101817,2,1,0,trial.invalid,393,1
8,101817,1,2,800,trial.validspatial,583,0
8,101817,1,2,800,trial.doublecue,429,1
8,101817,2,1,400,trial.validspatial,413,1
8,101817,1,1,800,trial.validspatial,405,0
8,101817,1,2,800,trial.validspatial,400,1
8,101817,1,1,0,trial.validspatial,438,1
8,101817,1,2,400,trial.validspatial,465,1
8,101817,2,1,400,trial.invalid,489,1
8,101817,2,1,0,trial.invalid,351,0
8,101817,2,2,NaN,trial.nocue,704,1
8,101817,1,1,800,trial.validspatial,561,0
8,101817,2,2,400,trial.validspatial,574,1
8,101817,2,1,NaN,trial.nocue,567,1
8,101817,1,1,400,trial.validspatial,497,0
8,101817,1,2,NaN,trial.nocue,553,1
8,101817,1,2,0,trial.validspatial,464,1
8,101817,1,2,800,trial.validspatial,441,1
8,101817,1,1,0,trial.validspatial,423,1
8,101817,1,1,400,trial.validspatial,440,0
