subject,date,location_congruence_val,flanker_congruence_val,cue_target_interval,cue_condition,latency,values.correct
472,80717,1,1,0,trial.validspatial,1700,0
472,80717,1,2,0,trial.invalid,1476,1
472,80717,1,2,800,trial.validspatial,731,0
472,80717,1,2,400,trial.validspatial,1403,0
472,80717,1,2,400,trial.doublecue,1564,1
472,80717,2,2,400,trial.validspatial,1458,1
472,80717,2,1,400,trial.doublecue,1036,1
472,80717,2,1,0,trial.validspatial,903,0
472,80717,2,1,400,trial.validspatial,782,0
472,80717,1,2,800,trial.validspatial,1434,1
472,80717,1,1,800,trial.invalid,1324,0
472,80717,2,1,400,trial.validspatial,913,0
472,80717,2,1,800,trial.validspatial,500,0
472,80717,2,2,0,trial.validspatial,1402,0
472,80717,1,2,0,trial.validspatial,1700,0
472,80717,1,1,400,trial.validspatial,1001,0
472,80717,1,1,NaN,trial.nocue,1347,0
472,80717,1,2,0,trial.validspatial,1194,0
472,80717,1,1,NaN,trial.nocue,1104,0
472,80717,2,2,0,trial.validspatial,1350,0
472,80717,2,1,800,trial.invalid,906,0
472,80717,2,2,NaN,trial.nocue,1413,0
472,80717,1,2,400,trial.invalid,1074,1
472,80717,2,2,0,trial.doublecue,1442,0
472,80717,1,2,NaN,trial.nocue,1375,1
472,80717,1,1,400,trial.validspatial,1700,0
472,80717,1,1,800,trial.validspatial,1229,1
472,80717,2,1,NaN,trial.nocue,1548,1
472,80717,1,1,800,trial.doublecue,551,1
472,80717,2,2,0,trial.doublecue,583,0
472,80717,1,1,0,trial.invalid,991,1
472,80717,1,1,0,trial.invalid,844,1
472,80717,2,1,0,trial.validspatial,799,1
472,80717,2,1,0,trial.validspatial,780,1
472,80717,1,1,400,trial.doublecue,750,1
472,80717,2,2,800,trial.validspatial,501,0
472,80717,2,2,800,trial.validspatial,1141,1
472,80717,2,2,0,trial.validspatial,1106,1
472,80717,1,2,400,trial.validspatial,830,1
472,80717,2,2,800,trial.invalid,1511,0
472,80717,1,2,0,trial.invalid,1034,1
472,80717,2,1,400,trial.validspatial,670,1
472,80717,2,1,400,trial.validspatial,373,1
472,80717,2,1,NaN,trial.nocue,750,1
472,80717,2,2,NaN,trial.nocue,941,1
472,80717,2,1,NaN,trial.nocue,605,1
472,80717,1,1,800,trial.validspatial,526,1
472,80717,1,1,NaN,trial.nocue,469,1
472,80717,2,1,800,trial.doublecue,681,1
472,80717,2,2,NaN,trial.nocue,1126,1
472,80717,1,2,400,trial.validspatial,1169,1
472,80717,1,1,400,trial.doublecue,645,1
472,80717,2,2,400,trial.invalid,981,1
472,80717,1,1,NaN,trial.nocue,746,1
472,80717,2,1,800,trial.validspatial,521,1
472,80717,2,2,0,trial.validspatial,505,0
472,80717,2,1,800,trial.doublecue,741,1
472,80717,2,1,400,trial.validspatial,657,1
472,80717,2,2,400,trial.validspatial,707,1
472,80717,2,1,0,trial.doublecue,979,1
472,80717,2,2,400,trial.validspatial,942,1
472,80717,2,2,400,trial.invalid,1689,1
472,80717,2,2,800,trial.doublecue,756,1
472,80717,1,2,400,trial.doublecue,1050,1
472,80717,1,2,0,trial.validspatial,1250,1
472,80717,1,2,NaN,trial.nocue,1049,1
472,80717,1,1,800,trial.invalid,581,1
472,80717,2,2,800,trial.validspatial,768,0
472,80717,2,1,800,trial.validspatial,676,1
472,80717,2,1,0,trial.validspatial,730,1
472,80717,2,2,NaN,trial.nocue,1096,1
472,80717,2,2,800,trial.validspatial,831,1
472,80717,1,1,400,trial.validspatial,1147,1
472,80717,1,2,800,trial.invalid,1224,1
472,80717,2,2,0,trial.validspatial,860,1
472,80717,2,2,800,trial.validspatial,659,1
472,80717,1,1,800,trial.validspatial,750,1
472,80717,2,1,NaN,trial.nocue,1191,1
472,80717,1,2,NaN,trial.nocue,1043,1
472,80717,1,2,800,trial.validspatial,1079,1
472,80717,1,2,0,trial.validspatial,1173,1
472,80717,2,2,0,trial.invalid,1001,1
472,80717,1,1,NaN,trial.nocue,794,1
472,80717,2,2,800,trial.validspatial,569,0
472,80717,2,1,800,trial.validspatial,718,1
472,80717,2,1,0,trial.validspatial,684,1
472,80717,1,1,800,trial.doublecue,696,1
472,80717,2,2,800,trial.invalid,1016,1
472,80717,1,2,400,trial.validspatial,1195,1
472,80717,2,1,800,trial.validspatial,1020,1
472,80717,1,2,400,trial.invalid,1357,1
472,80717,1,1,800,trial.validspatial,989,1
472,80717,2,2,400,trial.doublecue,978,1
472,80717,1,1,0,trial.validspatial,669,1
472,80717,2,1,NaN,trial.nocue,789,1
472,80717,2,1,400,trial.invalid,651,1
472,80717,1,2,800,trial.invalid,1103,1
472,80717,1,2,0,trial.doublecue,979,1
472,80717,1,1,400,trial.validspatial,730,1
472,80717,1,2,400,trial.validspatial,1245,1
472,80717,1,1,0,trial.doublecue,649,1
472,80717,1,1,0,trial.doublecue,728,1
472,80717,1,2,NaN,trial.nocue,1557,1
472,80717,2,1,400,trial.doublecue,557,0
472,80717,2,2,400,trial.validspatial,696,1
472,80717,2,2,800,trial.doublecue,899,1
472,80717,2,2,NaN,trial.nocue,899,1
472,80717,1,2,NaN,trial.nocue,1140,1
472,80717,1,2,0,trial.doublecue,1024,1
472,80717,2,1,800,trial.invalid,791,1
472,80717,1,2,0,trial.validspatial,1034,1
472,80717,1,1,0,trial.validspatial,927,1
472,80717,2,1,0,trial.validspatial,800,1
472,80717,1,1,400,trial.invalid,838,1
472,80717,1,2,800,trial.doublecue,1048,1
472,80717,2,2,0,trial.validspatial,933,1
472,80717,2,2,0,trial.invalid,837,1
472,80717,1,1,0,trial.validspatial,896,1
472,80717,1,1,400,trial.invalid,746,1
472,80717,2,1,800,trial.validspatial,725,1
472,80717,2,2,400,trial.doublecue,763,0
472,80717,2,1,0,trial.doublecue,720,1
472,80717,2,2,400,trial.validspatial,1000,1
472,80717,1,1,NaN,trial.nocue,910,1
472,80717,2,1,0,trial.invalid,780,1
472,80717,1,2,800,trial.validspatial,1112,1
472,80717,1,2,800,trial.doublecue,1179,1
472,80717,2,1,400,trial.validspatial,858,1
472,80717,1,1,800,trial.validspatial,800,1
472,80717,1,2,800,trial.validspatial,1144,1
472,80717,1,1,0,trial.validspatial,755,1
472,80717,1,2,400,trial.validspatial,772,1
472,80717,2,1,400,trial.invalid,1052,1
472,80717,2,1,0,trial.invalid,718,1
472,80717,2,2,NaN,trial.nocue,954,1
472,80717,1,1,800,trial.validspatial,670,1
472,80717,2,2,400,trial.validspatial,695,1
472,80717,2,1,NaN,trial.nocue,687,1
472,80717,1,1,400,trial.validspatial,783,1
472,80717,1,2,NaN,trial.nocue,918,1
472,80717,1,2,0,trial.validspatial,898,1
472,80717,1,2,800,trial.validspatial,799,1
472,80717,1,1,0,trial.validspatial,731,1
472,80717,1,1,400,trial.validspatial,573,1
472,80717,1,1,0,trial.validspatial,615,1
472,80717,1,2,0,trial.invalid,577,1
472,80717,1,2,800,trial.validspatial,897,1
472,80717,1,2,400,trial.validspatial,907,1
472,80717,1,2,400,trial.doublecue,986,1
472,80717,2,2,400,trial.validspatial,1272,1
472,80717,2,1,400,trial.doublecue,829,1
472,80717,2,1,0,trial.validspatial,769,1
472,80717,2,1,400,trial.validspatial,567,1
472,80717,1,2,800,trial.validspatial,1227,1
472,80717,1,1,800,trial.invalid,746,1
472,80717,2,1,400,trial.validspatial,551,1
472,80717,2,1,800,trial.validspatial,871,1
472,80717,2,2,0,trial.validspatial,994,1
472,80717,1,2,0,trial.validspatial,1017,1
472,80717,1,1,400,trial.validspatial,715,1
472,80717,1,1,NaN,trial.nocue,727,1
472,80717,1,2,0,trial.validspatial,1027,1
472,80717,1,1,NaN,trial.nocue,659,1
472,80717,2,2,0,trial.validspatial,899,1
472,80717,2,1,800,trial.invalid,835,1
472,80717,2,2,NaN,trial.nocue,1569,0
472,80717,1,2,400,trial.invalid,1111,1
472,80717,2,2,0,trial.doublecue,887,1
472,80717,1,2,NaN,trial.nocue,874,1
472,80717,1,1,400,trial.validspatial,634,1
472,80717,1,1,800,trial.validspatial,614,1
472,80717,2,1,NaN,trial.nocue,665,1
472,80717,1,1,800,trial.doublecue,517,1
472,80717,2,2,0,trial.doublecue,590,0
472,80717,1,1,0,trial.invalid,844,1
472,80717,1,1,0,trial.invalid,690,1
472,80717,2,1,0,trial.validspatial,742,1
472,80717,2,1,0,trial.validspatial,686,1
472,80717,1,1,400,trial.doublecue,636,1
472,80717,2,2,800,trial.validspatial,1040,1
472,80717,2,2,800,trial.validspatial,994,1
472,80717,2,2,0,trial.validspatial,1078,1
472,80717,1,2,400,trial.validspatial,1026,1
472,80717,2,2,800,trial.invalid,1075,1
472,80717,1,2,0,trial.invalid,891,1
472,80717,2,1,400,trial.validspatial,775,1
472,80717,2,1,400,trial.validspatial,593,1
472,80717,2,1,NaN,trial.nocue,787,1
472,80717,2,2,NaN,trial.nocue,1118,1
472,80717,2,1,NaN,trial.nocue,589,1
472,80717,1,1,800,trial.validspatial,702,1
472,80717,1,1,NaN,trial.nocue,633,1
472,80717,2,1,800,trial.doublecue,674,1
472,80717,2,2,NaN,trial.nocue,820,1
472,80717,1,2,400,trial.validspatial,901,1
472,80717,1,1,400,trial.doublecue,617,1
472,80717,2,2,400,trial.invalid,906,1
472,80717,1,1,NaN,trial.nocue,801,1
472,80717,2,1,800,trial.validspatial,609,1
472,80717,2,2,0,trial.validspatial,499,0
472,80717,2,1,800,trial.doublecue,751,1
472,80717,2,1,400,trial.validspatial,742,1
472,80717,2,2,400,trial.validspatial,945,1
472,80717,2,1,0,trial.doublecue,862,1
472,80717,2,2,400,trial.validspatial,852,1
472,80717,2,2,400,trial.invalid,1009,1
472,80717,2,2,800,trial.doublecue,1164,1
472,80717,1,2,400,trial.doublecue,851,1
472,80717,1,2,0,trial.validspatial,1029,1
472,80717,1,2,NaN,trial.nocue,969,1
472,80717,1,1,800,trial.invalid,774,1
472,80717,2,2,800,trial.validspatial,886,1
472,80717,2,1,800,trial.validspatial,621,1
472,80717,2,1,0,trial.validspatial,742,1
472,80717,2,2,NaN,trial.nocue,931,1
472,80717,2,2,800,trial.validspatial,806,1
472,80717,1,1,400,trial.validspatial,1700,0
472,80717,1,2,800,trial.invalid,721,1
472,80717,2,2,0,trial.validspatial,1077,1
472,80717,2,2,800,trial.validspatial,826,1
472,80717,1,1,800,trial.validspatial,842,1
472,80717,2,1,NaN,trial.nocue,919,1
472,80717,1,2,NaN,trial.nocue,756,1
472,80717,1,2,800,trial.validspatial,721,1
472,80717,1,2,0,trial.validspatial,769,1
472,80717,2,2,0,trial.invalid,571,1
472,80717,1,1,NaN,trial.nocue,687,1
472,80717,2,2,800,trial.validspatial,859,1
472,80717,2,1,800,trial.validspatial,614,1
472,80717,2,1,0,trial.validspatial,505,1
472,80717,1,1,800,trial.doublecue,879,1
472,80717,2,2,800,trial.invalid,867,1
472,80717,1,2,400,trial.validspatial,498,1
472,80717,2,1,800,trial.validspatial,691,1
472,80717,1,2,400,trial.invalid,982,1
472,80717,1,1,800,trial.validspatial,522,1
472,80717,2,2,400,trial.doublecue,828,1
472,80717,1,1,0,trial.validspatial,856,1
472,80717,2,1,NaN,trial.nocue,991,1
472,80717,2,1,400,trial.invalid,980,1
472,80717,1,2,800,trial.invalid,959,1
472,80717,1,2,0,trial.doublecue,832,1
472,80717,1,1,400,trial.validspatial,677,1
472,80717,1,2,400,trial.validspatial,643,1
472,80717,1,1,0,trial.doublecue,788,1
472,80717,1,1,0,trial.doublecue,675,1
472,80717,1,2,NaN,trial.nocue,1014,1
472,80717,2,1,400,trial.doublecue,660,1
472,80717,2,2,400,trial.validspatial,680,1
472,80717,2,2,800,trial.doublecue,608,1
472,80717,2,2,NaN,trial.nocue,569,1
472,80717,1,2,NaN,trial.nocue,664,1
472,80717,1,2,0,trial.doublecue,855,1
472,80717,2,1,800,trial.invalid,997,1
472,80717,1,2,0,trial.validspatial,1096,1
472,80717,1,1,0,trial.validspatial,951,1
472,80717,2,1,0,trial.validspatial,781,1
472,80717,1,1,400,trial.invalid,968,1
472,80717,1,2,800,trial.doublecue,782,1
472,80717,2,2,0,trial.validspatial,580,1
472,80717,2,2,0,trial.invalid,870,1
472,80717,1,1,0,trial.validspatial,1165,1
472,80717,1,1,400,trial.invalid,607,1
472,80717,2,1,800,trial.validspatial,599,1
472,80717,2,2,400,trial.doublecue,560,1
472,80717,2,1,0,trial.doublecue,482,0
472,80717,2,2,400,trial.validspatial,946,1
472,80717,1,1,NaN,trial.nocue,710,1
472,80717,2,1,0,trial.invalid,731,1
472,80717,1,2,800,trial.validspatial,1347,1
472,80717,1,2,800,trial.doublecue,742,1
472,80717,2,1,400,trial.validspatial,565,1
472,80717,1,1,800,trial.validspatial,534,0
472,80717,1,2,800,trial.validspatial,720,1
472,80717,1,1,0,trial.validspatial,561,1
472,80717,1,2,400,trial.validspatial,787,1
472,80717,2,1,400,trial.invalid,688,1
472,80717,2,1,0,trial.invalid,781,1
472,80717,2,2,NaN,trial.nocue,939,1
472,80717,1,1,800,trial.validspatial,804,1
472,80717,2,2,400,trial.validspatial,831,1
472,80717,2,1,NaN,trial.nocue,817,1
472,80717,1,1,400,trial.validspatial,977,1
472,80717,1,2,NaN,trial.nocue,740,1
472,80717,1,2,0,trial.validspatial,578,1
472,80717,1,2,800,trial.validspatial,556,1
472,80717,1,1,0,trial.validspatial,671,1
472,80717,1,1,400,trial.validspatial,1139,1
