subject,date,location_congruence_val,flanker_congruence_val,cue_target_interval,cue_condition,latency,values.correct
644,63017,1,1,0,trial.validspatial,728,1
644,63017,1,2,0,trial.invalid,648,0
644,63017,1,2,800,trial.validspatial,650,1
644,63017,1,2,400,trial.validspatial,532,1
644,63017,1,2,400,trial.doublecue,492,0
644,63017,2,2,400,trial.validspatial,363,0
644,63017,2,1,400,trial.doublecue,407,1
644,63017,2,1,0,trial.validspatial,591,0
644,63017,2,1,400,trial.validspatial,504,0
644,63017,1,2,800,trial.validspatial,554,1
644,63017,1,1,800,trial.invalid,487,1
644,63017,2,1,400,trial.validspatial,603,0
644,63017,2,1,800,trial.validspatial,557,1
644,63017,2,2,0,trial.validspatial,691,0
644,63017,1,2,0,trial.validspatial,565,0
644,63017,1,1,400,trial.validspatial,405,1
644,63017,1,1,NaN,trial.nocue,621,1
644,63017,1,2,0,trial.validspatial,423,0
644,63017,1,1,NaN,trial.nocue,524,1
644,63017,2,2,0,trial.validspatial,541,1
644,63017,2,1,800,trial.invalid,500,1
644,63017,2,2,NaN,trial.nocue,684,1
644,63017,1,2,400,trial.invalid,634,1
644,63017,2,2,0,trial.doublecue,557,1
644,63017,1,2,NaN,trial.nocue,509,0
644,63017,1,1,400,trial.validspatial,565,1
644,63017,1,1,800,trial.validspatial,469,1
644,63017,2,1,NaN,trial.nocue,639,1
644,63017,1,1,800,trial.doublecue,355,1
644,63017,2,2,0,trial.doublecue,855,1
644,63017,1,1,0,trial.invalid,420,0
644,63017,1,1,0,trial.invalid,405,1
644,63017,2,1,0,trial.validspatial,394,1
644,63017,2,1,0,trial.validspatial,365,1
644,63017,1,1,400,trial.doublecue,399,1
644,63017,2,2,800,trial.validspatial,347,0
644,63017,2,2,800,trial.validspatial,482,0
644,63017,2,2,0,trial.validspatial,766,1
644,63017,1,2,400,trial.validspatial,553,0
644,63017,2,2,800,trial.invalid,549,1
644,63017,1,2,0,trial.invalid,582,0
644,63017,2,1,400,trial.validspatial,578,1
644,63017,2,1,400,trial.validspatial,426,1
644,63017,2,1,NaN,trial.nocue,615,1
644,63017,2,2,NaN,trial.nocue,519,0
644,63017,2,1,NaN,trial.nocue,501,1
644,63017,1,1,800,trial.validspatial,371,1
644,63017,1,1,NaN,trial.nocue,449,1
644,63017,2,1,800,trial.doublecue,463,1
644,63017,2,2,NaN,trial.nocue,450,0
644,63017,1,2,400,trial.validspatial,567,1
644,63017,1,1,400,trial.doublecue,522,1
644,63017,2,2,400,trial.invalid,551,0
644,63017,1,1,NaN,trial.nocue,488,1
644,63017,2,1,800,trial.validspatial,459,1
644,63017,2,2,0,trial.validspatial,592,1
644,63017,2,1,800,trial.doublecue,544,1
644,63017,2,1,400,trial.validspatial,314,1
644,63017,2,2,400,trial.validspatial,408,0
644,63017,2,1,0,trial.doublecue,635,1
644,63017,2,2,400,trial.validspatial,377,0
644,63017,2,2,400,trial.invalid,478,0
644,63017,2,2,800,trial.doublecue,557,1
644,63017,1,2,400,trial.doublecue,627,1
644,63017,1,2,0,trial.validspatial,512,1
644,63017,1,2,NaN,trial.nocue,589,1
644,63017,1,1,800,trial.invalid,502,1
644,63017,2,2,800,trial.validspatial,505,1
644,63017,2,1,800,trial.validspatial,381,1
644,63017,2,1,0,trial.validspatial,487,1
644,63017,2,2,NaN,trial.nocue,417,0
644,63017,2,2,800,trial.validspatial,499,1
644,63017,1,1,400,trial.validspatial,1700,0
644,63017,1,2,800,trial.invalid,1700,0
644,63017,2,2,0,trial.validspatial,636,1
644,63017,2,2,800,trial.validspatial,630,1
644,63017,1,1,800,trial.validspatial,499,1
644,63017,2,1,NaN,trial.nocue,537,1
644,63017,1,2,NaN,trial.nocue,454,0
644,63017,1,2,800,trial.validspatial,598,1
644,63017,1,2,0,trial.validspatial,557,1
644,63017,2,2,0,trial.invalid,705,1
644,63017,1,1,NaN,trial.nocue,618,1
644,63017,2,2,800,trial.validspatial,541,1
644,63017,2,1,800,trial.validspatial,406,1
644,63017,2,1,0,trial.validspatial,507,1
644,63017,1,1,800,trial.doublecue,508,1
644,63017,2,2,800,trial.invalid,540,0
644,63017,1,2,400,trial.validspatial,540,0
644,63017,2,1,800,trial.validspatial,487,1
644,63017,1,2,400,trial.invalid,599,0
644,63017,1,1,800,trial.validspatial,504,1
644,63017,2,2,400,trial.doublecue,490,0
644,63017,1,1,0,trial.validspatial,491,1
644,63017,2,1,NaN,trial.nocue,566,1
644,63017,2,1,400,trial.invalid,600,1
644,63017,1,2,800,trial.invalid,604,1
644,63017,1,2,0,trial.doublecue,517,0
644,63017,1,1,400,trial.validspatial,533,1
644,63017,1,2,400,trial.validspatial,598,1
644,63017,1,1,0,trial.doublecue,405,1
644,63017,1,1,0,trial.doublecue,482,1
644,63017,1,2,NaN,trial.nocue,408,0
644,63017,2,1,400,trial.doublecue,544,1
644,63017,2,2,400,trial.validspatial,586,1
644,63017,2,2,800,trial.doublecue,678,1
644,63017,2,2,NaN,trial.nocue,601,1
644,63017,1,2,NaN,trial.nocue,614,1
644,63017,1,2,0,trial.doublecue,685,1
644,63017,2,1,800,trial.invalid,542,1
644,63017,1,2,0,trial.validspatial,606,1
644,63017,1,1,0,trial.validspatial,555,1
644,63017,2,1,0,trial.validspatial,496,1
644,63017,1,1,400,trial.invalid,529,1
644,63017,1,2,800,trial.doublecue,652,1
644,63017,2,2,0,trial.validspatial,602,1
644,63017,2,2,0,trial.invalid,541,0
644,63017,1,1,0,trial.validspatial,465,1
644,63017,1,1,400,trial.invalid,460,1
644,63017,2,1,800,trial.validspatial,440,1
644,63017,2,2,400,trial.doublecue,473,0
644,63017,2,1,0,trial.doublecue,509,1
644,63017,2,2,400,trial.validspatial,564,1
644,63017,1,1,NaN,trial.nocue,490,1
644,63017,2,1,0,trial.invalid,514,1
644,63017,1,2,800,trial.validspatial,562,1
644,63017,1,2,800,trial.doublecue,629,1
644,63017,2,1,400,trial.validspatial,505,1
644,63017,1,1,800,trial.validspatial,466,1
644,63017,1,2,800,trial.validspatial,550,1
644,63017,1,1,0,trial.validspatial,567,1
644,63017,1,2,400,trial.validspatial,471,1
644,63017,2,1,400,trial.invalid,530,1
644,63017,2,1,0,trial.invalid,466,1
644,63017,2,2,NaN,trial.nocue,530,0
644,63017,1,1,800,trial.validspatial,409,1
644,63017,2,2,400,trial.validspatial,604,1
644,63017,2,1,NaN,trial.nocue,536,1
644,63017,1,1,400,trial.validspatial,347,1
644,63017,1,2,NaN,trial.nocue,430,0
644,63017,1,2,0,trial.validspatial,634,1
644,63017,1,2,800,trial.validspatial,526,1
644,63017,1,1,0,trial.validspatial,605,1
644,63017,1,1,400,trial.validspatial,376,1
644,63017,1,1,0,trial.validspatial,429,1
644,63017,1,2,0,trial.invalid,509,0
644,63017,1,2,800,trial.validspatial,597,1
644,63017,1,2,400,trial.validspatial,658,1
644,63017,1,2,400,trial.doublecue,494,0
644,63017,2,2,400,trial.validspatial,525,1
644,63017,2,1,400,trial.doublecue,551,1
644,63017,2,1,0,trial.validspatial,565,1
644,63017,2,1,400,trial.validspatial,418,1
644,63017,1,2,800,trial.validspatial,466,1
644,63017,1,1,800,trial.invalid,442,1
644,63017,2,1,400,trial.validspatial,477,1
644,63017,2,1,800,trial.validspatial,411,1
644,63017,2,2,0,trial.validspatial,383,0
644,63017,1,2,0,trial.validspatial,581,1
644,63017,1,1,400,trial.validspatial,483,1
644,63017,1,1,NaN,trial.nocue,476,1
644,63017,1,2,0,trial.validspatial,639,1
644,63017,1,1,NaN,trial.nocue,400,1
644,63017,2,2,0,trial.validspatial,426,0
644,63017,2,1,800,trial.invalid,558,1
644,63017,2,2,NaN,trial.nocue,465,0
644,63017,1,2,400,trial.invalid,652,1
644,63017,2,2,0,trial.doublecue,649,1
644,63017,1,2,NaN,trial.nocue,619,1
644,63017,1,1,400,trial.validspatial,408,1
644,63017,1,1,800,trial.validspatial,443,1
644,63017,2,1,NaN,trial.nocue,591,1
644,63017,1,1,800,trial.doublecue,465,1
644,63017,2,2,0,trial.doublecue,509,0
644,63017,1,1,0,trial.invalid,543,1
644,63017,1,1,0,trial.invalid,514,1
644,63017,2,1,0,trial.validspatial,605,1
644,63017,2,1,0,trial.validspatial,491,1
644,63017,1,1,400,trial.doublecue,474,1
644,63017,2,2,800,trial.validspatial,466,0
644,63017,2,2,800,trial.validspatial,586,1
644,63017,2,2,0,trial.validspatial,579,1
644,63017,1,2,400,trial.validspatial,555,1
644,63017,2,2,800,trial.invalid,550,1
644,63017,1,2,0,trial.invalid,604,0
644,63017,2,1,400,trial.validspatial,505,1
644,63017,2,1,400,trial.validspatial,620,1
644,63017,2,1,NaN,trial.nocue,574,1
644,63017,2,2,NaN,trial.nocue,615,0
644,63017,2,1,NaN,trial.nocue,463,1
644,63017,1,1,800,trial.validspatial,459,1
644,63017,1,1,NaN,trial.nocue,428,1
644,63017,2,1,800,trial.doublecue,486,1
644,63017,2,2,NaN,trial.nocue,472,0
644,63017,1,2,400,trial.validspatial,613,1
644,63017,1,1,400,trial.doublecue,544,1
644,63017,2,2,400,trial.invalid,620,1
644,63017,1,1,NaN,trial.nocue,493,1
644,63017,2,1,800,trial.validspatial,493,1
644,63017,2,2,0,trial.validspatial,594,1
644,63017,2,1,800,trial.doublecue,567,1
644,63017,2,1,400,trial.validspatial,378,1
644,63017,2,2,400,trial.validspatial,386,0
644,63017,2,1,0,trial.doublecue,474,1
644,63017,2,2,400,trial.validspatial,364,0
644,63017,2,2,400,trial.invalid,568,1
644,63017,2,2,800,trial.doublecue,598,1
644,63017,1,2,400,trial.doublecue,558,1
644,63017,1,2,0,trial.validspatial,704,1
644,63017,1,2,NaN,trial.nocue,584,1
644,63017,1,1,800,trial.invalid,586,1
644,63017,2,2,800,trial.validspatial,470,1
644,63017,2,1,800,trial.validspatial,391,1
644,63017,2,1,0,trial.validspatial,499,1
644,63017,2,2,NaN,trial.nocue,678,0
644,63017,2,2,800,trial.validspatial,603,1
644,63017,1,1,400,trial.validspatial,1700,0
644,63017,1,2,800,trial.invalid,473,1
644,63017,2,2,0,trial.validspatial,507,0
644,63017,2,2,800,trial.validspatial,815,1
644,63017,1,1,800,trial.validspatial,600,0
644,63017,2,1,NaN,trial.nocue,528,1
644,63017,1,2,NaN,trial.nocue,465,1
644,63017,1,2,800,trial.validspatial,533,1
644,63017,1,2,0,trial.validspatial,415,1
644,63017,2,2,0,trial.invalid,416,1
644,63017,1,1,NaN,trial.nocue,471,0
644,63017,2,2,800,trial.validspatial,595,1
644,63017,2,1,800,trial.validspatial,465,1
644,63017,2,1,0,trial.validspatial,455,1
644,63017,1,1,800,trial.doublecue,475,0
644,63017,2,2,800,trial.invalid,590,1
644,63017,1,2,400,trial.validspatial,444,1
644,63017,2,1,800,trial.validspatial,584,1
644,63017,1,2,400,trial.invalid,743,1
644,63017,1,1,800,trial.validspatial,474,1
644,63017,2,2,400,trial.doublecue,613,1
644,63017,1,1,0,trial.validspatial,551,1
644,63017,2,1,NaN,trial.nocue,632,1
644,63017,2,1,400,trial.invalid,680,0
644,63017,1,2,800,trial.invalid,665,1
644,63017,1,2,0,trial.doublecue,635,1
644,63017,1,1,400,trial.validspatial,581,1
644,63017,1,2,400,trial.validspatial,507,1
644,63017,1,1,0,trial.doublecue,571,1
644,63017,1,1,0,trial.doublecue,499,1
644,63017,1,2,NaN,trial.nocue,500,0
644,63017,2,1,400,trial.doublecue,561,1
644,63017,2,2,400,trial.validspatial,536,1
644,63017,2,2,800,trial.doublecue,498,1
644,63017,2,2,NaN,trial.nocue,518,1
644,63017,1,2,NaN,trial.nocue,587,1
644,63017,1,2,0,trial.doublecue,420,0
644,63017,2,1,800,trial.invalid,505,0
644,63017,1,2,0,trial.validspatial,597,0
644,63017,1,1,0,trial.validspatial,546,0
644,63017,2,1,0,trial.validspatial,706,1
644,63017,1,1,400,trial.invalid,630,0
644,63017,1,2,800,trial.doublecue,525,1
644,63017,2,2,0,trial.validspatial,421,1
644,63017,2,2,0,trial.invalid,480,1
644,63017,1,1,0,trial.validspatial,453,0
644,63017,1,1,400,trial.invalid,468,1
644,63017,2,1,800,trial.validspatial,385,1
644,63017,2,2,400,trial.doublecue,368,1
644,63017,2,1,0,trial.doublecue,444,1
644,63017,2,2,400,trial.validspatial,423,0
644,63017,1,1,NaN,trial.nocue,473,0
644,63017,2,1,0,trial.invalid,520,1
644,63017,1,2,800,trial.validspatial,587,1
644,63017,1,2,800,trial.doublecue,474,1
644,63017,2,1,400,trial.validspatial,429,1
644,63017,1,1,800,trial.validspatial,469,0
644,63017,1,2,800,trial.validspatial,509,1
644,63017,1,1,0,trial.validspatial,404,1
644,63017,1,2,400,trial.validspatial,564,1
644,63017,2,1,400,trial.invalid,472,1
644,63017,2,1,0,trial.invalid,525,1
644,63017,2,2,NaN,trial.nocue,580,0
644,63017,1,1,800,trial.validspatial,575,1
644,63017,2,2,400,trial.validspatial,558,0
644,63017,2,1,NaN,trial.nocue,634,1
644,63017,1,1,400,trial.validspatial,661,1
644,63017,1,2,NaN,trial.nocue,508,1
644,63017,1,2,0,trial.validspatial,600,1
644,63017,1,2,800,trial.validspatial,430,1
644,63017,1,1,0,trial.validspatial,697,1
644,63017,1,1,400,trial.validspatial,607,1
