subject,date,location_congruence_val,flanker_congruence_val,cue_target_interval,cue_condition,latency,values.correct
148,62917,1,1,0,trial.validspatial,1045,1
148,62917,1,2,0,trial.invalid,1441,1
148,62917,1,2,800,trial.validspatial,990,1
148,62917,1,2,400,trial.validspatial,1082,1
148,62917,1,2,400,trial.doublecue,1700,0
148,62917,2,2,400,trial.validspatial,1079,1
148,62917,2,1,400,trial.doublecue,1088,0
148,62917,2,1,0,trial.validspatial,944,1
148,62917,2,1,400,trial.validspatial,850,1
148,62917,1,2,800,trial.validspatial,898,1
148,62917,1,1,800,trial.invalid,1010,1
148,62917,2,1,400,trial.validspatial,1012,1
148,62917,2,1,800,trial.validspatial,490,1
148,62917,2,2,0,trial.validspatial,894,1
148,62917,1,2,0,trial.validspatial,792,1
148,62917,1,1,400,trial.validspatial,644,1
148,62917,1,1,NaN,trial.nocue,657,1
148,62917,1,2,0,trial.validspatial,573,1
148,62917,1,1,NaN,trial.nocue,748,1
148,62917,2,2,0,trial.validspatial,958,1
148,62917,2,1,800,trial.invalid,952,1
148,62917,2,2,NaN,trial.nocue,792,1
148,62917,1,2,400,trial.invalid,1700,0
148,62917,2,2,0,trial.doublecue,989,1
148,62917,1,2,NaN,trial.nocue,945,1
148,62917,1,1,400,trial.validspatial,664,1
148,62917,1,1,800,trial.validspatial,840,1
148,62917,2,1,NaN,trial.nocue,895,1
148,62917,1,1,800,trial.doublecue,728,1
148,62917,2,2,0,trial.doublecue,1155,1
148,62917,1,1,0,trial.invalid,736,1
148,62917,1,1,0,trial.invalid,743,1
148,62917,2,1,0,trial.validspatial,1036,1
148,62917,2,1,0,trial.validspatial,1016,1
148,62917,1,1,400,trial.doublecue,555,1
148,62917,2,2,800,trial.validspatial,778,1
148,62917,2,2,800,trial.validspatial,733,1
148,62917,2,2,0,trial.validspatial,575,1
148,62917,1,2,400,trial.validspatial,621,1
148,62917,2,2,800,trial.invalid,860,1
148,62917,1,2,0,trial.invalid,1142,1
148,62917,2,1,400,trial.validspatial,1227,1
148,62917,2,1,400,trial.validspatial,500,1
148,62917,2,1,NaN,trial.nocue,937,1
148,62917,2,2,NaN,trial.nocue,1263,1
148,62917,2,1,NaN,trial.nocue,697,1
148,62917,1,1,800,trial.validspatial,623,1
148,62917,1,1,NaN,trial.nocue,707,1
148,62917,2,1,800,trial.doublecue,542,1
148,62917,2,2,NaN,trial.nocue,612,1
148,62917,1,2,400,trial.validspatial,648,1
148,62917,1,1,400,trial.doublecue,889,1
148,62917,2,2,400,trial.invalid,730,1
148,62917,1,1,NaN,trial.nocue,560,1
148,62917,2,1,800,trial.validspatial,550,1
148,62917,2,2,0,trial.validspatial,849,1
148,62917,2,1,800,trial.doublecue,797,1
148,62917,2,1,400,trial.validspatial,853,1
148,62917,2,2,400,trial.validspatial,689,1
148,62917,2,1,0,trial.doublecue,1019,1
148,62917,2,2,400,trial.validspatial,728,1
148,62917,2,2,400,trial.invalid,1245,1
148,62917,2,2,800,trial.doublecue,873,1
148,62917,1,2,400,trial.doublecue,706,1
148,62917,1,2,0,trial.validspatial,912,1
148,62917,1,2,NaN,trial.nocue,863,1
148,62917,1,1,800,trial.invalid,816,1
148,62917,2,2,800,trial.validspatial,847,1
148,62917,2,1,800,trial.validspatial,537,1
148,62917,2,1,0,trial.validspatial,782,1
148,62917,2,2,NaN,trial.nocue,964,1
148,62917,2,2,800,trial.validspatial,674,1
148,62917,1,1,400,trial.validspatial,573,1
148,62917,1,2,800,trial.invalid,1284,1
148,62917,2,2,0,trial.validspatial,1134,1
148,62917,2,2,800,trial.validspatial,793,1
148,62917,1,1,800,trial.validspatial,607,1
148,62917,2,1,NaN,trial.nocue,926,1
148,62917,1,2,NaN,trial.nocue,825,1
148,62917,1,2,800,trial.validspatial,835,1
148,62917,1,2,0,trial.validspatial,891,1
148,62917,2,2,0,trial.invalid,955,1
148,62917,1,1,NaN,trial.nocue,872,1
148,62917,2,2,800,trial.validspatial,577,1
148,62917,2,1,800,trial.validspatial,706,1
148,62917,2,1,0,trial.validspatial,576,1
148,62917,1,1,800,trial.doublecue,849,1
148,62917,2,2,800,trial.invalid,879,1
148,62917,1,2,400,trial.validspatial,951,1
148,62917,2,1,800,trial.validspatial,674,1
148,62917,1,2,400,trial.invalid,920,1
148,62917,1,1,800,trial.validspatial,653,1
148,62917,2,2,400,trial.doublecue,926,1
148,62917,1,1,0,trial.validspatial,936,1
148,62917,2,1,NaN,trial.nocue,886,1
148,62917,2,1,400,trial.invalid,764,1
148,62917,1,2,800,trial.invalid,1128,1
148,62917,1,2,0,trial.doublecue,951,1
148,62917,1,1,400,trial.validspatial,579,1
148,62917,1,2,400,trial.validspatial,669,1
148,62917,1,1,0,trial.doublecue,672,1
148,62917,1,1,0,trial.doublecue,580,1
148,62917,1,2,NaN,trial.nocue,1203,1
148,62917,2,1,400,trial.doublecue,664,1
148,62917,2,2,400,trial.validspatial,877,1
148,62917,2,2,800,trial.doublecue,933,1
148,62917,2,2,NaN,trial.nocue,1016,1
148,62917,1,2,NaN,trial.nocue,882,1
148,62917,1,2,0,trial.doublecue,928,1
148,62917,2,1,800,trial.invalid,969,1
148,62917,1,2,0,trial.validspatial,1134,1
148,62917,1,1,0,trial.validspatial,1049,1
148,62917,2,1,0,trial.validspatial,854,1
148,62917,1,1,400,trial.invalid,863,1
148,62917,1,2,800,trial.doublecue,825,1
148,62917,2,2,0,trial.validspatial,906,1
148,62917,2,2,0,trial.invalid,912,1
148,62917,1,1,0,trial.validspatial,854,1
148,62917,1,1,400,trial.invalid,884,1
148,62917,2,1,800,trial.validspatial,573,1
148,62917,2,2,400,trial.doublecue,870,1
148,62917,2,1,0,trial.doublecue,691,1
148,62917,2,2,400,trial.validspatial,837,1
148,62917,1,1,NaN,trial.nocue,764,1
148,62917,2,1,0,trial.invalid,626,1
148,62917,1,2,800,trial.validspatial,620,1
148,62917,1,2,800,trial.doublecue,973,1
148,62917,2,1,400,trial.validspatial,589,1
148,62917,1,1,800,trial.validspatial,553,1
148,62917,1,2,800,trial.validspatial,923,1
148,62917,1,1,0,trial.validspatial,945,1
148,62917,1,2,400,trial.validspatial,746,1
148,62917,2,1,400,trial.invalid,957,1
148,62917,2,1,0,trial.invalid,969,1
148,62917,2,2,NaN,trial.nocue,979,1
148,62917,1,1,800,trial.validspatial,889,1
148,62917,2,2,400,trial.validspatial,797,1
148,62917,2,1,NaN,trial.nocue,562,1
148,62917,1,1,400,trial.validspatial,552,1
148,62917,1,2,NaN,trial.nocue,658,1
148,62917,1,2,0,trial.validspatial,885,1
148,62917,1,2,800,trial.validspatial,983,1
148,62917,1,1,0,trial.validspatial,972,1
148,62917,1,1,400,trial.validspatial,937,1
148,62917,1,1,0,trial.validspatial,535,1
148,62917,1,2,0,trial.invalid,964,1
148,62917,1,2,800,trial.validspatial,899,1
148,62917,1,2,400,trial.validspatial,1030,1
148,62917,1,2,400,trial.doublecue,1076,1
148,62917,2,2,400,trial.validspatial,1004,1
148,62917,2,1,400,trial.doublecue,1128,1
148,62917,2,1,0,trial.validspatial,924,1
148,62917,2,1,400,trial.validspatial,462,1
148,62917,1,2,800,trial.validspatial,913,1
148,62917,1,1,800,trial.invalid,749,1
148,62917,2,1,400,trial.validspatial,524,1
148,62917,2,1,800,trial.validspatial,545,1
148,62917,2,2,0,trial.validspatial,912,1
148,62917,1,2,0,trial.validspatial,749,1
148,62917,1,1,400,trial.validspatial,476,1
148,62917,1,1,NaN,trial.nocue,535,1
148,62917,1,2,0,trial.validspatial,615,1
148,62917,1,1,NaN,trial.nocue,563,1
148,62917,2,2,0,trial.validspatial,702,1
148,62917,2,1,800,trial.invalid,1031,1
148,62917,2,2,NaN,trial.nocue,774,1
148,62917,1,2,400,trial.invalid,875,1
148,62917,2,2,0,trial.doublecue,800,1
148,62917,1,2,NaN,trial.nocue,717,1
148,62917,1,1,400,trial.validspatial,550,1
148,62917,1,1,800,trial.validspatial,666,1
148,62917,2,1,NaN,trial.nocue,665,1
148,62917,1,1,800,trial.doublecue,500,1
148,62917,2,2,0,trial.doublecue,854,1
148,62917,1,1,0,trial.invalid,642,1
148,62917,1,1,0,trial.invalid,684,1
148,62917,2,1,0,trial.validspatial,649,1
148,62917,2,1,0,trial.validspatial,867,1
148,62917,1,1,400,trial.doublecue,538,1
148,62917,2,2,800,trial.validspatial,744,1
148,62917,2,2,800,trial.validspatial,1008,1
148,62917,2,2,0,trial.validspatial,618,1
148,62917,1,2,400,trial.validspatial,573,1
148,62917,2,2,800,trial.invalid,754,1
148,62917,1,2,0,trial.invalid,1108,1
148,62917,2,1,400,trial.validspatial,649,1
148,62917,2,1,400,trial.validspatial,530,1
148,62917,2,1,NaN,trial.nocue,747,1
148,62917,2,2,NaN,trial.nocue,1059,1
148,62917,2,1,NaN,trial.nocue,671,1
148,62917,1,1,800,trial.validspatial,479,1
148,62917,1,1,NaN,trial.nocue,578,1
148,62917,2,1,800,trial.doublecue,583,1
148,62917,2,2,NaN,trial.nocue,685,1
148,62917,1,2,400,trial.validspatial,646,1
148,62917,1,1,400,trial.doublecue,591,1
148,62917,2,2,400,trial.invalid,835,1
148,62917,1,1,NaN,trial.nocue,646,1
148,62917,2,1,800,trial.validspatial,492,1
148,62917,2,2,0,trial.validspatial,731,1
148,62917,2,1,800,trial.doublecue,706,1
148,62917,2,1,400,trial.validspatial,581,1
148,62917,2,2,400,trial.validspatial,743,1
148,62917,2,1,0,trial.doublecue,601,1
148,62917,2,2,400,trial.validspatial,702,1
148,62917,2,2,400,trial.invalid,762,1
148,62917,2,2,800,trial.doublecue,714,1
148,62917,1,2,400,trial.doublecue,683,1
148,62917,1,2,0,trial.validspatial,1015,1
148,62917,1,2,NaN,trial.nocue,825,1
148,62917,1,1,800,trial.invalid,750,1
148,62917,2,2,800,trial.validspatial,616,1
148,62917,2,1,800,trial.validspatial,490,1
148,62917,2,1,0,trial.validspatial,489,1
148,62917,2,2,NaN,trial.nocue,681,1
148,62917,2,2,800,trial.validspatial,621,1
148,62917,1,1,400,trial.validspatial,1700,0
148,62917,1,2,800,trial.invalid,819,1
148,62917,2,2,0,trial.validspatial,1001,1
148,62917,2,2,800,trial.validspatial,769,1
148,62917,1,1,800,trial.validspatial,1123,1
148,62917,2,1,NaN,trial.nocue,799,1
148,62917,1,2,NaN,trial.nocue,629,1
148,62917,1,2,800,trial.validspatial,628,1
148,62917,1,2,0,trial.validspatial,545,1
148,62917,2,2,0,trial.invalid,483,1
148,62917,1,1,NaN,trial.nocue,591,1
148,62917,2,2,800,trial.validspatial,629,1
148,62917,2,1,800,trial.validspatial,475,1
148,62917,2,1,0,trial.validspatial,500,1
148,62917,1,1,800,trial.doublecue,686,1
148,62917,2,2,800,trial.invalid,880,1
148,62917,1,2,400,trial.validspatial,485,1
148,62917,2,1,800,trial.validspatial,478,1
148,62917,1,2,400,trial.invalid,666,1
148,62917,1,1,800,trial.validspatial,597,1
148,62917,2,2,400,trial.doublecue,734,1
148,62917,1,1,0,trial.validspatial,528,1
148,62917,2,1,NaN,trial.nocue,1340,1
148,62917,2,1,400,trial.invalid,1053,1
148,62917,1,2,800,trial.invalid,1066,1
148,62917,1,2,0,trial.doublecue,901,1
148,62917,1,1,400,trial.validspatial,668,1
148,62917,1,2,400,trial.validspatial,574,1
148,62917,1,1,0,trial.doublecue,700,1
148,62917,1,1,0,trial.doublecue,564,1
148,62917,1,2,NaN,trial.nocue,920,1
148,62917,2,1,400,trial.doublecue,632,1
148,62917,2,2,400,trial.validspatial,602,1
148,62917,2,2,800,trial.doublecue,482,1
148,62917,2,2,NaN,trial.nocue,505,1
148,62917,1,2,NaN,trial.nocue,469,1
148,62917,1,2,0,trial.doublecue,664,1
148,62917,2,1,800,trial.invalid,876,1
148,62917,1,2,0,trial.validspatial,541,1
148,62917,1,1,0,trial.validspatial,601,1
148,62917,2,1,0,trial.validspatial,1113,1
148,62917,1,1,400,trial.invalid,928,1
148,62917,1,2,800,trial.doublecue,538,1
148,62917,2,2,0,trial.validspatial,815,1
148,62917,2,2,0,trial.invalid,654,1
148,62917,1,1,0,trial.validspatial,1131,1
148,62917,1,1,400,trial.invalid,605,1
148,62917,2,1,800,trial.validspatial,511,1
148,62917,2,2,400,trial.doublecue,533,1
148,62917,2,1,0,trial.doublecue,582,1
148,62917,2,2,400,trial.validspatial,1011,1
148,62917,1,1,NaN,trial.nocue,879,1
148,62917,2,1,0,trial.invalid,897,1
148,62917,1,2,800,trial.validspatial,905,1
148,62917,1,2,800,trial.doublecue,617,1
148,62917,2,1,400,trial.validspatial,544,1
148,62917,1,1,800,trial.validspatial,821,1
148,62917,1,2,800,trial.validspatial,858,1
148,62917,1,1,0,trial.validspatial,573,1
148,62917,1,2,400,trial.validspatial,888,1
148,62917,2,1,400,trial.invalid,728,1
148,62917,2,1,0,trial.invalid,708,1
148,62917,2,2,NaN,trial.nocue,938,1
148,62917,1,1,800,trial.validspatial,765,1
148,62917,2,2,400,trial.validspatial,784,1
148,62917,2,1,NaN,trial.nocue,921,1
148,62917,1,1,400,trial.validspatial,911,1
148,62917,1,2,NaN,trial.nocue,621,1
148,62917,1,2,0,trial.validspatial,837,1
148,62917,1,2,800,trial.validspatial,831,1
148,62917,1,1,0,trial.validspatial,813,1
148,62917,1,1,400,trial.validspatial,854,1
