subject,date,location_congruence_val,flanker_congruence_val,cue_target_interval,cue_condition,latency,values.correct
20,80717,1,1,0,trial.validspatial,1700,0
20,80717,1,2,0,trial.invalid,915,1
20,80717,1,2,800,trial.validspatial,770,1
20,80717,1,2,400,trial.validspatial,709,1
20,80717,1,2,400,trial.doublecue,1056,1
20,80717,2,2,400,trial.validspatial,1034,1
20,80717,2,1,400,trial.doublecue,895,1
20,80717,2,1,0,trial.validspatial,1214,1
20,80717,2,1,400,trial.validspatial,668,1
20,80717,1,2,800,trial.validspatial,619,1
20,80717,1,1,800,trial.invalid,832,1
20,80717,2,1,400,trial.validspatial,711,1
20,80717,2,1,800,trial.validspatial,917,1
20,80717,2,2,0,trial.validspatial,836,1
20,80717,1,2,0,trial.validspatial,878,1
20,80717,1,1,400,trial.validspatial,542,1
20,80717,1,1,NaN,trial.nocue,766,1
20,80717,1,2,0,trial.validspatial,772,1
20,80717,1,1,NaN,trial.nocue,799,1
20,80717,2,2,0,trial.validspatial,759,1
20,80717,2,1,800,trial.invalid,751,1
20,80717,2,2,NaN,trial.nocue,931,1
20,80717,1,2,400,trial.invalid,978,1
20,80717,2,2,0,trial.doublecue,1246,1
20,80717,1,2,NaN,trial.nocue,885,1
20,80717,1,1,400,trial.validspatial,977,1
20,80717,1,1,800,trial.validspatial,816,1
20,80717,2,1,NaN,trial.nocue,935,1
20,80717,1,1,800,trial.doublecue,601,1
20,80717,2,2,0,trial.doublecue,982,1
20,80717,1,1,0,trial.invalid,745,1
20,80717,1,1,0,trial.invalid,823,1
20,80717,2,1,0,trial.validspatial,728,1
20,80717,2,1,0,trial.validspatial,715,1
20,80717,1,1,400,trial.doublecue,1455,1
20,80717,2,2,800,trial.validspatial,629,1
20,80717,2,2,800,trial.validspatial,821,1
20,80717,2,2,0,trial.validspatial,773,1
20,80717,1,2,400,trial.validspatial,734,1
20,80717,2,2,800,trial.invalid,839,1
20,80717,1,2,0,trial.invalid,845,0
20,80717,2,1,400,trial.validspatial,1181,1
20,80717,2,1,400,trial.validspatial,526,1
20,80717,2,1,NaN,trial.nocue,1014,1
20,80717,2,2,NaN,trial.nocue,674,1
20,80717,2,1,NaN,trial.nocue,836,1
20,80717,1,1,800,trial.validspatial,615,1
20,80717,1,1,NaN,trial.nocue,736,1
20,80717,2,1,800,trial.doublecue,979,1
20,80717,2,2,NaN,trial.nocue,803,1
20,80717,1,2,400,trial.validspatial,825,1
20,80717,1,1,400,trial.doublecue,761,1
20,80717,2,2,400,trial.invalid,997,0
20,80717,1,1,NaN,trial.nocue,779,1
20,80717,2,1,800,trial.validspatial,853,1
20,80717,2,2,0,trial.validspatial,752,1
20,80717,2,1,800,trial.doublecue,675,1
20,80717,2,1,400,trial.validspatial,601,1
20,80717,2,2,400,trial.validspatial,694,1
20,80717,2,1,0,trial.doublecue,1038,0
20,80717,2,2,400,trial.validspatial,1479,1
20,80717,2,2,400,trial.invalid,1174,1
20,80717,2,2,800,trial.doublecue,663,1
20,80717,1,2,400,trial.doublecue,700,1
20,80717,1,2,0,trial.validspatial,841,1
20,80717,1,2,NaN,trial.nocue,1309,0
20,80717,1,1,800,trial.invalid,1498,1
20,80717,2,2,800,trial.validspatial,652,1
20,80717,2,1,800,trial.validspatial,1187,1
20,80717,2,1,0,trial.validspatial,939,1
20,80717,2,2,NaN,trial.nocue,948,1
20,80717,2,2,800,trial.validspatial,1700,0
20,80717,1,1,400,trial.validspatial,572,1
20,80717,1,2,800,trial.invalid,852,1
20,80717,2,2,0,trial.validspatial,817,1
20,80717,2,2,800,trial.validspatial,1128,1
20,80717,1,1,800,trial.validspatial,704,1
20,80717,2,1,NaN,trial.nocue,825,1
20,80717,1,2,NaN,trial.nocue,934,1
20,80717,1,2,800,trial.validspatial,644,1
20,80717,1,2,0,trial.validspatial,1032,1
20,80717,2,2,0,trial.invalid,1034,1
20,80717,1,1,NaN,trial.nocue,856,1
20,80717,2,2,800,trial.validspatial,744,1
20,80717,2,1,800,trial.validspatial,765,1
20,80717,2,1,0,trial.validspatial,838,1
20,80717,1,1,800,trial.doublecue,853,1
20,80717,2,2,800,trial.invalid,867,1
20,80717,1,2,400,trial.validspatial,868,1
20,80717,2,1,800,trial.validspatial,830,1
20,80717,1,2,400,trial.invalid,934,1
20,80717,1,1,800,trial.validspatial,745,1
20,80717,2,2,400,trial.doublecue,1700,0
20,80717,1,1,0,trial.validspatial,792,1
20,80717,2,1,NaN,trial.nocue,1090,1
20,80717,2,1,400,trial.invalid,829,1
20,80717,1,2,800,trial.invalid,800,1
20,80717,1,2,0,trial.doublecue,1058,1
20,80717,1,1,400,trial.validspatial,623,1
20,80717,1,2,400,trial.validspatial,692,1
20,80717,1,1,0,trial.doublecue,908,1
20,80717,1,1,0,trial.doublecue,662,1
20,80717,1,2,NaN,trial.nocue,922,1
20,80717,2,1,400,trial.doublecue,840,1
20,80717,2,2,400,trial.validspatial,798,1
20,80717,2,2,800,trial.doublecue,905,1
20,80717,2,2,NaN,trial.nocue,1137,1
20,80717,1,2,NaN,trial.nocue,937,1
20,80717,1,2,0,trial.doublecue,799,1
20,80717,2,1,800,trial.invalid,826,1
20,80717,1,2,0,trial.validspatial,1580,1
20,80717,1,1,0,trial.validspatial,926,1
20,80717,2,1,0,trial.validspatial,1057,1
20,80717,1,1,400,trial.invalid,970,1
20,80717,1,2,800,trial.doublecue,710,1
20,80717,2,2,0,trial.validspatial,1032,1
20,80717,2,2,0,trial.invalid,1593,1
20,80717,1,1,0,trial.validspatial,716,1
20,80717,1,1,400,trial.invalid,786,1
20,80717,2,1,800,trial.validspatial,847,1
20,80717,2,2,400,trial.doublecue,960,1
20,80717,2,1,0,trial.doublecue,764,1
20,80717,2,2,400,trial.validspatial,640,1
20,80717,1,1,NaN,trial.nocue,811,1
20,80717,2,1,0,trial.invalid,852,1
20,80717,1,2,800,trial.validspatial,821,1
20,80717,1,2,800,trial.doublecue,735,1
20,80717,2,1,400,trial.validspatial,596,1
20,80717,1,1,800,trial.validspatial,841,1
20,80717,1,2,800,trial.validspatial,729,1
20,80717,1,1,0,trial.validspatial,1460,1
20,80717,1,2,400,trial.validspatial,1232,1
20,80717,2,1,400,trial.invalid,761,1
20,80717,2,1,0,trial.invalid,875,1
20,80717,2,2,NaN,trial.nocue,1700,0
20,80717,1,1,800,trial.validspatial,771,1
20,80717,2,2,400,trial.validspatial,610,1
20,80717,2,1,NaN,trial.nocue,878,1
20,80717,1,1,400,trial.validspatial,631,1
20,80717,1,2,NaN,trial.nocue,1700,0
20,80717,1,2,0,trial.validspatial,702,1
20,80717,1,2,800,trial.validspatial,853,1
20,80717,1,1,0,trial.validspatial,876,1
20,80717,1,1,400,trial.validspatial,705,1
20,80717,1,1,0,trial.validspatial,924,1
20,80717,1,2,0,trial.invalid,766,1
20,80717,1,2,800,trial.validspatial,618,1
20,80717,1,2,400,trial.validspatial,1429,1
20,80717,1,2,400,trial.doublecue,776,1
20,80717,2,2,400,trial.validspatial,762,0
20,80717,2,1,400,trial.doublecue,709,1
20,80717,2,1,0,trial.validspatial,756,1
20,80717,2,1,400,trial.validspatial,693,1
20,80717,1,2,800,trial.validspatial,804,1
20,80717,1,1,800,trial.invalid,695,1
20,80717,2,1,400,trial.validspatial,751,1
20,80717,2,1,800,trial.validspatial,591,1
20,80717,2,2,0,trial.validspatial,761,1
20,80717,1,2,0,trial.validspatial,1130,1
20,80717,1,1,400,trial.validspatial,678,1
20,80717,1,1,NaN,trial.nocue,674,1
20,80717,1,2,0,trial.validspatial,941,1
20,80717,1,1,NaN,trial.nocue,856,1
20,80717,2,2,0,trial.validspatial,811,1
20,80717,2,1,800,trial.invalid,879,1
20,80717,2,2,NaN,trial.nocue,1140,1
20,80717,1,2,400,trial.invalid,891,1
20,80717,2,2,0,trial.doublecue,1110,0
20,80717,1,2,NaN,trial.nocue,793,1
20,80717,1,1,400,trial.validspatial,1308,1
20,80717,1,1,800,trial.validspatial,1480,1
20,80717,2,1,NaN,trial.nocue,967,1
20,80717,1,1,800,trial.doublecue,727,1
20,80717,2,2,0,trial.doublecue,998,1
20,80717,1,1,0,trial.invalid,982,1
20,80717,1,1,0,trial.invalid,863,1
20,80717,2,1,0,trial.validspatial,873,1
20,80717,2,1,0,trial.validspatial,734,1
20,80717,1,1,400,trial.doublecue,728,1
20,80717,2,2,800,trial.validspatial,951,1
20,80717,2,2,800,trial.validspatial,735,1
20,80717,2,2,0,trial.validspatial,831,1
20,80717,1,2,400,trial.validspatial,888,1
20,80717,2,2,800,trial.invalid,855,1
20,80717,1,2,0,trial.invalid,977,1
20,80717,2,1,400,trial.validspatial,644,1
20,80717,2,1,400,trial.validspatial,897,1
20,80717,2,1,NaN,trial.nocue,1504,1
20,80717,2,2,NaN,trial.nocue,1464,1
20,80717,2,1,NaN,trial.nocue,806,1
20,80717,1,1,800,trial.validspatial,717,1
20,80717,1,1,NaN,trial.nocue,873,1
20,80717,2,1,800,trial.doublecue,885,1
20,80717,2,2,NaN,trial.nocue,968,1
20,80717,1,2,400,trial.validspatial,790,1
20,80717,1,1,400,trial.doublecue,1009,1
20,80717,2,2,400,trial.invalid,898,1
20,80717,1,1,NaN,trial.nocue,745,1
20,80717,2,1,800,trial.validspatial,658,1
20,80717,2,2,0,trial.validspatial,829,1
20,80717,2,1,800,trial.doublecue,589,1
20,80717,2,1,400,trial.validspatial,537,1
20,80717,2,2,400,trial.validspatial,820,1
20,80717,2,1,0,trial.doublecue,1453,1
20,80717,2,2,400,trial.validspatial,796,1
20,80717,2,2,400,trial.invalid,809,1
20,80717,2,2,800,trial.doublecue,633,1
20,80717,1,2,400,trial.doublecue,627,1
20,80717,1,2,0,trial.validspatial,946,1
20,80717,1,2,NaN,trial.nocue,804,1
20,80717,1,1,800,trial.invalid,692,1
20,80717,2,2,800,trial.validspatial,670,1
20,80717,2,1,800,trial.validspatial,691,1
20,80717,2,1,0,trial.validspatial,954,1
20,80717,2,2,NaN,trial.nocue,920,1
20,80717,2,2,800,trial.validspatial,703,1
20,80717,1,1,400,trial.validspatial,1700,0
20,80717,1,2,800,trial.invalid,782,1
20,80717,2,2,0,trial.validspatial,811,1
20,80717,2,2,800,trial.validspatial,637,1
20,80717,1,1,800,trial.validspatial,1108,1
20,80717,2,1,NaN,trial.nocue,879,1
20,80717,1,2,NaN,trial.nocue,678,1
20,80717,1,2,800,trial.validspatial,718,1
20,80717,1,2,0,trial.validspatial,581,1
20,80717,2,2,0,trial.invalid,807,1
20,80717,1,1,NaN,trial.nocue,838,1
20,80717,2,2,800,trial.validspatial,874,1
20,80717,2,1,800,trial.validspatial,827,1
20,80717,2,1,0,trial.validspatial,745,1
20,80717,1,1,800,trial.doublecue,834,1
20,80717,2,2,800,trial.invalid,779,1
20,80717,1,2,400,trial.validspatial,583,1
20,80717,2,1,800,trial.validspatial,725,1
20,80717,1,2,400,trial.invalid,664,1
20,80717,1,1,800,trial.validspatial,734,1
20,80717,2,2,400,trial.doublecue,771,1
20,80717,1,1,0,trial.validspatial,805,1
20,80717,2,1,NaN,trial.nocue,992,1
20,80717,2,1,400,trial.invalid,1247,1
20,80717,1,2,800,trial.invalid,745,1
20,80717,1,2,0,trial.doublecue,877,1
20,80717,1,1,400,trial.validspatial,669,1
20,80717,1,2,400,trial.validspatial,1695,1
20,80717,1,1,0,trial.doublecue,993,1
20,80717,1,1,0,trial.doublecue,632,1
20,80717,1,2,NaN,trial.nocue,957,1
20,80717,2,1,400,trial.doublecue,712,1
20,80717,2,2,400,trial.validspatial,797,1
20,80717,2,2,800,trial.doublecue,766,1
20,80717,2,2,NaN,trial.nocue,721,1
20,80717,1,2,NaN,trial.nocue,660,1
20,80717,1,2,0,trial.doublecue,971,1
20,80717,2,1,800,trial.invalid,1700,0
20,80717,1,2,0,trial.validspatial,814,1
20,80717,1,1,0,trial.validspatial,733,1
20,80717,2,1,0,trial.validspatial,773,1
20,80717,1,1,400,trial.invalid,1343,1
20,80717,1,2,800,trial.doublecue,1433,1
20,80717,2,2,0,trial.validspatial,629,1
20,80717,2,2,0,trial.invalid,766,1
20,80717,1,1,0,trial.validspatial,1130,1
20,80717,1,1,400,trial.invalid,903,1
20,80717,2,1,800,trial.validspatial,766,1
20,80717,2,2,400,trial.doublecue,664,1
20,80717,2,1,0,trial.doublecue,938,1
20,80717,2,2,400,trial.validspatial,1086,1
20,80717,1,1,NaN,trial.nocue,1280,1
20,80717,2,1,0,trial.invalid,691,1
20,80717,1,2,800,trial.validspatial,937,1
20,80717,1,2,800,trial.doublecue,741,1
20,80717,2,1,400,trial.validspatial,780,1
20,80717,1,1,800,trial.validspatial,810,1
20,80717,1,2,800,trial.validspatial,641,1
20,80717,1,1,0,trial.validspatial,771,1
20,80717,1,2,400,trial.validspatial,899,1
20,80717,2,1,400,trial.invalid,845,1
20,80717,2,1,0,trial.invalid,702,1
20,80717,2,2,NaN,trial.nocue,746,1
20,80717,1,1,800,trial.validspatial,958,1
20,80717,2,2,400,trial.validspatial,1039,1
20,80717,2,1,NaN,trial.nocue,853,1
20,80717,1,1,400,trial.validspatial,864,1
20,80717,1,2,NaN,trial.nocue,730,1
20,80717,1,2,0,trial.validspatial,741,1
20,80717,1,2,800,trial.validspatial,1239,1
20,80717,1,1,0,trial.validspatial,1049,1
20,80717,1,1,400,trial.validspatial,1085,1
