subject,date,location_congruence_val,flanker_congruence_val,cue_target_interval,cue_condition,latency,values.correct
717,81017,1,1,0,trial.validspatial,1700,0
717,81017,1,2,0,trial.invalid,1700,0
717,81017,1,2,800,trial.validspatial,1700,0
717,81017,1,2,400,trial.validspatial,1700,0
717,81017,1,2,400,trial.doublecue,661,1
717,81017,2,2,400,trial.validspatial,281,0
717,81017,2,1,400,trial.doublecue,572,1
717,81017,2,1,0,trial.validspatial,374,1
717,81017,2,1,400,trial.validspatial,291,1
717,81017,1,2,800,trial.validspatial,421,1
717,81017,1,1,800,trial.invalid,724,1
717,81017,2,1,400,trial.validspatial,408,1
717,81017,2,1,800,trial.validspatial,380,1
717,81017,2,2,0,trial.validspatial,672,1
717,81017,1,2,0,trial.validspatial,369,0
717,81017,1,1,400,trial.validspatial,1700,0
717,81017,1,1,NaN,trial.nocue,303,1
717,81017,1,2,0,trial.validspatial,461,0
717,81017,1,1,NaN,trial.nocue,368,1
717,81017,2,2,0,trial.validspatial,336,0
717,81017,2,1,800,trial.invalid,581,1
717,81017,2,2,NaN,trial.nocue,515,1
717,81017,1,2,400,trial.invalid,624,1
717,81017,2,2,0,trial.doublecue,544,0
717,81017,1,2,NaN,trial.nocue,744,1
717,81017,1,1,400,trial.validspatial,401,1
717,81017,1,1,800,trial.validspatial,293,1
717,81017,2,1,NaN,trial.nocue,252,0
717,81017,1,1,800,trial.doublecue,420,1
717,81017,2,2,0,trial.doublecue,349,0
717,81017,1,1,0,trial.invalid,422,1
717,81017,1,1,0,trial.invalid,399,1
717,81017,2,1,0,trial.validspatial,347,0
717,81017,2,1,0,trial.validspatial,450,1
717,81017,1,1,400,trial.doublecue,361,1
717,81017,2,2,800,trial.validspatial,502,1
717,81017,2,2,800,trial.validspatial,528,1
717,81017,2,2,0,trial.validspatial,410,0
717,81017,1,2,400,trial.validspatial,475,1
717,81017,2,2,800,trial.invalid,532,0
717,81017,1,2,0,trial.invalid,532,0
717,81017,2,1,400,trial.validspatial,461,1
717,81017,2,1,400,trial.validspatial,352,1
717,81017,2,1,NaN,trial.nocue,428,1
717,81017,2,2,NaN,trial.nocue,957,0
717,81017,2,1,NaN,trial.nocue,367,0
717,81017,1,1,800,trial.validspatial,424,1
717,81017,1,1,NaN,trial.nocue,404,1
717,81017,2,1,800,trial.doublecue,370,0
717,81017,2,2,NaN,trial.nocue,377,0
717,81017,1,2,400,trial.validspatial,321,0
717,81017,1,1,400,trial.doublecue,564,1
717,81017,2,2,400,trial.invalid,418,0
717,81017,1,1,NaN,trial.nocue,433,1
717,81017,2,1,800,trial.validspatial,448,1
717,81017,2,2,0,trial.validspatial,480,0
717,81017,2,1,800,trial.doublecue,443,1
717,81017,2,1,400,trial.validspatial,378,1
717,81017,2,2,400,trial.validspatial,555,1
717,81017,2,1,0,trial.doublecue,490,1
717,81017,2,2,400,trial.validspatial,360,0
717,81017,2,2,400,trial.invalid,649,0
717,81017,2,2,800,trial.doublecue,387,0
717,81017,1,2,400,trial.doublecue,464,0
717,81017,1,2,0,trial.validspatial,554,1
717,81017,1,2,NaN,trial.nocue,587,1
717,81017,1,1,800,trial.invalid,478,1
717,81017,2,2,800,trial.validspatial,334,0
717,81017,2,1,800,trial.validspatial,360,1
717,81017,2,1,0,trial.validspatial,381,1
717,81017,2,2,NaN,trial.nocue,335,0
717,81017,2,2,800,trial.validspatial,258,0
717,81017,1,1,400,trial.validspatial,392,1
717,81017,1,2,800,trial.invalid,719,0
717,81017,2,2,0,trial.validspatial,372,0
717,81017,2,2,800,trial.validspatial,464,0
717,81017,1,1,800,trial.validspatial,345,1
717,81017,2,1,NaN,trial.nocue,670,1
717,81017,1,2,NaN,trial.nocue,421,0
717,81017,1,2,800,trial.validspatial,411,0
717,81017,1,2,0,trial.validspatial,252,0
717,81017,2,2,0,trial.invalid,401,0
717,81017,1,1,NaN,trial.nocue,454,1
717,81017,2,2,800,trial.validspatial,359,0
717,81017,2,1,800,trial.validspatial,345,1
717,81017,2,1,0,trial.validspatial,400,1
717,81017,1,1,800,trial.doublecue,527,1
717,81017,2,2,800,trial.invalid,526,0
717,81017,1,2,400,trial.validspatial,483,1
717,81017,2,1,800,trial.validspatial,369,1
717,81017,1,2,400,trial.invalid,505,0
717,81017,1,1,800,trial.validspatial,389,1
717,81017,2,2,400,trial.doublecue,372,0
717,81017,1,1,0,trial.validspatial,445,1
717,81017,2,1,NaN,trial.nocue,430,1
717,81017,2,1,400,trial.invalid,517,1
717,81017,1,2,800,trial.invalid,479,0
717,81017,1,2,0,trial.doublecue,460,0
717,81017,1,1,400,trial.validspatial,352,1
717,81017,1,2,400,trial.validspatial,353,0
717,81017,1,1,0,trial.doublecue,409,1
717,81017,1,1,0,trial.doublecue,373,1
717,81017,1,2,NaN,trial.nocue,459,0
717,81017,2,1,400,trial.doublecue,464,1
717,81017,2,2,400,trial.validspatial,357,0
717,81017,2,2,800,trial.doublecue,616,1
717,81017,2,2,NaN,trial.nocue,645,1
717,81017,1,2,NaN,trial.nocue,743,1
717,81017,1,2,0,trial.doublecue,611,1
717,81017,2,1,800,trial.invalid,516,1
717,81017,1,2,0,trial.validspatial,434,0
717,81017,1,1,0,trial.validspatial,468,1
717,81017,2,1,0,trial.validspatial,427,1
717,81017,1,1,400,trial.invalid,532,1
717,81017,1,2,800,trial.doublecue,623,1
717,81017,2,2,0,trial.validspatial,605,1
717,81017,2,2,0,trial.invalid,512,0
717,81017,1,1,0,trial.validspatial,409,0
717,81017,1,1,400,trial.invalid,473,1
717,81017,2,1,800,trial.validspatial,396,1
717,81017,2,2,400,trial.doublecue,410,0
717,81017,2,1,0,trial.doublecue,433,1
717,81017,2,2,400,trial.validspatial,488,0
717,81017,1,1,NaN,trial.nocue,491,1
717,81017,2,1,0,trial.invalid,392,1
717,81017,1,2,800,trial.validspatial,598,1
717,81017,1,2,800,trial.doublecue,608,0
717,81017,2,1,400,trial.validspatial,385,1
717,81017,1,1,800,trial.validspatial,313,1
717,81017,1,2,800,trial.validspatial,381,0
717,81017,1,1,0,trial.validspatial,378,1
717,81017,1,2,400,trial.validspatial,401,0
717,81017,2,1,400,trial.invalid,523,1
717,81017,2,1,0,trial.invalid,491,1
717,81017,2,2,NaN,trial.nocue,422,1
717,81017,1,1,800,trial.validspatial,335,1
717,81017,2,2,400,trial.validspatial,300,0
717,81017,2,1,NaN,trial.nocue,446,1
717,81017,1,1,400,trial.validspatial,344,1
717,81017,1,2,NaN,trial.nocue,415,0
717,81017,1,2,0,trial.validspatial,414,0
717,81017,1,2,800,trial.validspatial,638,1
717,81017,1,1,0,trial.validspatial,436,1
717,81017,1,1,400,trial.validspatial,364,1
717,81017,1,1,0,trial.validspatial,511,1
717,81017,1,2,0,trial.invalid,401,1
717,81017,1,2,800,trial.validspatial,359,1
717,81017,1,2,400,trial.validspatial,1700,0
717,81017,1,2,400,trial.doublecue,686,1
717,81017,2,2,400,trial.validspatial,1700,0
717,81017,2,1,400,trial.doublecue,458,1
717,81017,2,1,0,trial.validspatial,478,1
717,81017,2,1,400,trial.validspatial,423,1
717,81017,1,2,800,trial.validspatial,464,0
717,81017,1,1,800,trial.invalid,400,1
717,81017,2,1,400,trial.validspatial,349,1
717,81017,2,1,800,trial.validspatial,288,1
717,81017,2,2,0,trial.validspatial,452,0
717,81017,1,2,0,trial.validspatial,439,0
717,81017,1,1,400,trial.validspatial,326,1
717,81017,1,1,NaN,trial.nocue,350,1
717,81017,1,2,0,trial.validspatial,436,0
717,81017,1,1,NaN,trial.nocue,383,1
717,81017,2,2,0,trial.validspatial,331,0
717,81017,2,1,800,trial.invalid,516,1
717,81017,2,2,NaN,trial.nocue,457,0
717,81017,1,2,400,trial.invalid,731,1
717,81017,2,2,0,trial.doublecue,419,0
717,81017,1,2,NaN,trial.nocue,440,0
717,81017,1,1,400,trial.validspatial,409,1
717,81017,1,1,800,trial.validspatial,405,1
717,81017,2,1,NaN,trial.nocue,365,0
717,81017,1,1,800,trial.doublecue,436,1
717,81017,2,2,0,trial.doublecue,405,0
717,81017,1,1,0,trial.invalid,375,1
717,81017,1,1,0,trial.invalid,384,1
717,81017,2,1,0,trial.validspatial,388,1
717,81017,2,1,0,trial.validspatial,314,0
717,81017,1,1,400,trial.doublecue,474,1
717,81017,2,2,800,trial.validspatial,583,1
717,81017,2,2,800,trial.validspatial,521,0
717,81017,2,2,0,trial.validspatial,530,1
717,81017,1,2,400,trial.validspatial,365,0
717,81017,2,2,800,trial.invalid,382,0
717,81017,1,2,0,trial.invalid,494,0
717,81017,2,1,400,trial.validspatial,431,1
717,81017,2,1,400,trial.validspatial,481,1
717,81017,2,1,NaN,trial.nocue,493,1
717,81017,2,2,NaN,trial.nocue,438,0
717,81017,2,1,NaN,trial.nocue,448,1
717,81017,1,1,800,trial.validspatial,385,1
717,81017,1,1,NaN,trial.nocue,414,1
717,81017,2,1,800,trial.doublecue,411,1
717,81017,2,2,NaN,trial.nocue,403,0
717,81017,1,2,400,trial.validspatial,482,1
717,81017,1,1,400,trial.doublecue,318,1
717,81017,2,2,400,trial.invalid,428,0
717,81017,1,1,NaN,trial.nocue,340,1
717,81017,2,1,800,trial.validspatial,347,1
717,81017,2,2,0,trial.validspatial,339,0
717,81017,2,1,800,trial.doublecue,446,1
717,81017,2,1,400,trial.validspatial,445,1
717,81017,2,2,400,trial.validspatial,326,1
717,81017,2,1,0,trial.doublecue,518,1
717,81017,2,2,400,trial.validspatial,573,0
717,81017,2,2,400,trial.invalid,621,1
717,81017,2,2,800,trial.doublecue,390,1
717,81017,1,2,400,trial.doublecue,419,0
717,81017,1,2,0,trial.validspatial,372,1
717,81017,1,2,NaN,trial.nocue,643,1
717,81017,1,1,800,trial.invalid,481,1
717,81017,2,2,800,trial.validspatial,417,0
717,81017,2,1,800,trial.validspatial,362,1
717,81017,2,1,0,trial.validspatial,312,0
717,81017,2,2,NaN,trial.nocue,354,0
717,81017,2,2,800,trial.validspatial,405,1
717,81017,1,1,400,trial.validspatial,1700,0
717,81017,1,2,800,trial.invalid,436,1
717,81017,2,2,0,trial.validspatial,461,0
717,81017,2,2,800,trial.validspatial,531,1
717,81017,1,1,800,trial.validspatial,517,1
717,81017,2,1,NaN,trial.nocue,466,0
717,81017,1,2,NaN,trial.nocue,438,0
717,81017,1,2,800,trial.validspatial,505,1
717,81017,1,2,0,trial.validspatial,451,1
717,81017,2,2,0,trial.invalid,436,1
717,81017,1,1,NaN,trial.nocue,334,0
717,81017,2,2,800,trial.validspatial,429,0
717,81017,2,1,800,trial.validspatial,434,1
717,81017,2,1,0,trial.validspatial,358,1
717,81017,1,1,800,trial.doublecue,473,0
717,81017,2,2,800,trial.invalid,429,0
717,81017,1,2,400,trial.validspatial,348,1
717,81017,2,1,800,trial.validspatial,355,1
717,81017,1,2,400,trial.invalid,505,0
717,81017,1,1,800,trial.validspatial,460,1
717,81017,2,2,400,trial.doublecue,672,1
717,81017,1,1,0,trial.validspatial,448,1
717,81017,2,1,NaN,trial.nocue,422,0
717,81017,2,1,400,trial.invalid,712,1
717,81017,1,2,800,trial.invalid,559,1
717,81017,1,2,0,trial.doublecue,423,0
717,81017,1,1,400,trial.validspatial,329,1
717,81017,1,2,400,trial.validspatial,381,1
717,81017,1,1,0,trial.doublecue,292,0
717,81017,1,1,0,trial.doublecue,476,1
717,81017,1,2,NaN,trial.nocue,429,0
717,81017,2,1,400,trial.doublecue,366,1
717,81017,2,2,400,trial.validspatial,359,1
717,81017,2,2,800,trial.doublecue,427,1
717,81017,2,2,NaN,trial.nocue,402,1
717,81017,1,2,NaN,trial.nocue,425,1
717,81017,1,2,0,trial.doublecue,431,0
717,81017,2,1,800,trial.invalid,466,0
717,81017,1,2,0,trial.validspatial,597,1
717,81017,1,1,0,trial.validspatial,514,1
717,81017,2,1,0,trial.validspatial,594,1
717,81017,1,1,400,trial.invalid,513,0
717,81017,1,2,800,trial.doublecue,394,1
717,81017,2,2,0,trial.validspatial,397,1
717,81017,2,2,0,trial.invalid,417,1
717,81017,1,1,0,trial.validspatial,594,0
717,81017,1,1,400,trial.invalid,564,1
717,81017,2,1,800,trial.validspatial,399,1
717,81017,2,2,400,trial.doublecue,371,1
717,81017,2,1,0,trial.doublecue,361,0
717,81017,2,2,400,trial.validspatial,392,0
717,81017,1,1,NaN,trial.nocue,536,1
717,81017,2,1,0,trial.invalid,394,1
717,81017,1,2,800,trial.validspatial,424,0
717,81017,1,2,800,trial.doublecue,512,1
717,81017,2,1,400,trial.validspatial,374,1
717,81017,1,1,800,trial.validspatial,405,0
717,81017,1,2,800,trial.validspatial,457,1
717,81017,1,1,0,trial.validspatial,408,1
717,81017,1,2,400,trial.validspatial,649,1
717,81017,2,1,400,trial.invalid,440,1
717,81017,2,1,0,trial.invalid,367,0
717,81017,2,2,NaN,trial.nocue,567,0
717,81017,1,1,800,trial.validspatial,440,1
717,81017,2,2,400,trial.validspatial,358,0
717,81017,2,1,NaN,trial.nocue,455,0
717,81017,1,1,400,trial.validspatial,438,0
717,81017,1,2,NaN,trial.nocue,631,1
717,81017,1,2,0,trial.validspatial,518,1
717,81017,1,2,800,trial.validspatial,382,1
717,81017,1,1,0,trial.validspatial,476,1
717,81017,1,1,400,trial.validspatial,525,0
