subject,date,location_congruence_val,flanker_congruence_val,cue_target_interval,cue_condition,latency,values.correct
379,63017,1,1,0,trial.validspatial,906,1
379,63017,1,2,0,trial.invalid,368,1
379,63017,1,2,800,trial.validspatial,736,1
379,63017,1,2,400,trial.validspatial,296,1
379,63017,1,2,400,trial.doublecue,357,1
379,63017,2,2,400,trial.validspatial,1700,0
379,63017,2,1,400,trial.doublecue,299,0
379,63017,2,1,0,trial.validspatial,225,0
379,63017,2,1,400,trial.validspatial,1700,0
379,63017,1,2,800,trial.validspatial,219,1
379,63017,1,1,800,trial.invalid,335,1
379,63017,2,1,400,trial.validspatial,313,0
379,63017,2,1,800,trial.validspatial,343,0
379,63017,2,2,0,trial.validspatial,277,0
379,63017,1,2,0,trial.validspatial,251,1
379,63017,1,1,400,trial.validspatial,1700,0
379,63017,1,1,NaN,trial.nocue,340,1
379,63017,1,2,0,trial.validspatial,197,1
379,63017,1,1,NaN,trial.nocue,264,1
379,63017,2,2,0,trial.validspatial,183,0
379,63017,2,1,800,trial.invalid,218,0
379,63017,2,2,NaN,trial.nocue,374,0
379,63017,1,2,400,trial.invalid,328,1
379,63017,2,2,0,trial.doublecue,375,0
379,63017,1,2,NaN,trial.nocue,418,1
379,63017,1,1,400,trial.validspatial,260,1
379,63017,1,1,800,trial.validspatial,257,1
379,63017,2,1,NaN,trial.nocue,343,0
379,63017,1,1,800,trial.doublecue,1700,0
379,63017,2,2,0,trial.doublecue,410,0
379,63017,1,1,0,trial.invalid,356,1
379,63017,1,1,0,trial.invalid,322,1
379,63017,2,1,0,trial.validspatial,278,0
379,63017,2,1,0,trial.validspatial,179,0
379,63017,1,1,400,trial.doublecue,311,1
379,63017,2,2,800,trial.validspatial,1700,0
379,63017,2,2,800,trial.validspatial,356,0
379,63017,2,2,0,trial.validspatial,395,0
379,63017,1,2,400,trial.validspatial,283,1
379,63017,2,2,800,trial.invalid,273,0
379,63017,1,2,0,trial.invalid,395,1
379,63017,2,1,400,trial.validspatial,301,0
379,63017,2,1,400,trial.validspatial,301,0
379,63017,2,1,NaN,trial.nocue,360,0
379,63017,2,2,NaN,trial.nocue,399,0
379,63017,2,1,NaN,trial.nocue,484,0
379,63017,1,1,800,trial.validspatial,289,1
379,63017,1,1,NaN,trial.nocue,401,1
379,63017,2,1,800,trial.doublecue,390,0
379,63017,2,2,NaN,trial.nocue,366,0
379,63017,1,2,400,trial.validspatial,1700,0
379,63017,1,1,400,trial.doublecue,315,1
379,63017,2,2,400,trial.invalid,327,0
379,63017,1,1,NaN,trial.nocue,375,1
379,63017,2,1,800,trial.validspatial,232,0
379,63017,2,2,0,trial.validspatial,365,0
379,63017,2,1,800,trial.doublecue,409,0
379,63017,2,1,400,trial.validspatial,333,0
379,63017,2,2,400,trial.validspatial,310,0
379,63017,2,1,0,trial.doublecue,404,0
379,63017,2,2,400,trial.validspatial,257,0
379,63017,2,2,400,trial.invalid,352,0
379,63017,2,2,800,trial.doublecue,323,0
379,63017,1,2,400,trial.doublecue,360,1
379,63017,1,2,0,trial.validspatial,337,1
379,63017,1,2,NaN,trial.nocue,393,1
379,63017,1,1,800,trial.invalid,265,1
379,63017,2,2,800,trial.validspatial,337,0
379,63017,2,1,800,trial.validspatial,347,0
379,63017,2,1,0,trial.validspatial,308,0
379,63017,2,2,NaN,trial.nocue,343,0
379,63017,2,2,800,trial.validspatial,320,0
379,63017,1,1,400,trial.validspatial,344,1
379,63017,1,2,800,trial.invalid,287,1
379,63017,2,2,0,trial.validspatial,299,0
379,63017,2,2,800,trial.validspatial,288,0
379,63017,1,1,800,trial.validspatial,1700,0
379,63017,2,1,NaN,trial.nocue,448,0
379,63017,1,2,NaN,trial.nocue,332,1
379,63017,1,2,800,trial.validspatial,334,1
379,63017,1,2,0,trial.validspatial,304,1
379,63017,2,2,0,trial.invalid,361,0
379,63017,1,1,NaN,trial.nocue,430,1
379,63017,2,2,800,trial.validspatial,256,0
379,63017,2,1,800,trial.validspatial,314,0
379,63017,2,1,0,trial.validspatial,303,0
379,63017,1,1,800,trial.doublecue,382,1
379,63017,2,2,800,trial.invalid,592,0
379,63017,1,2,400,trial.validspatial,368,1
379,63017,2,1,800,trial.validspatial,304,0
379,63017,1,2,400,trial.invalid,402,1
379,63017,1,1,800,trial.validspatial,1700,0
379,63017,2,2,400,trial.doublecue,359,0
379,63017,1,1,0,trial.validspatial,319,1
379,63017,2,1,NaN,trial.nocue,560,0
379,63017,2,1,400,trial.invalid,362,0
379,63017,1,2,800,trial.invalid,304,1
379,63017,1,2,0,trial.doublecue,443,1
379,63017,1,1,400,trial.validspatial,269,1
379,63017,1,2,400,trial.validspatial,253,1
379,63017,1,1,0,trial.doublecue,308,1
379,63017,1,1,0,trial.doublecue,408,1
379,63017,1,2,NaN,trial.nocue,358,1
379,63017,2,1,400,trial.doublecue,315,0
379,63017,2,2,400,trial.validspatial,309,0
379,63017,2,2,800,trial.doublecue,315,0
379,63017,2,2,NaN,trial.nocue,417,0
379,63017,1,2,NaN,trial.nocue,335,1
379,63017,1,2,0,trial.doublecue,487,1
379,63017,2,1,800,trial.invalid,336,0
379,63017,1,2,0,trial.validspatial,276,1
379,63017,1,1,0,trial.validspatial,331,1
379,63017,2,1,0,trial.validspatial,322,0
379,63017,1,1,400,trial.invalid,1700,0
379,63017,1,2,800,trial.doublecue,281,1
379,63017,2,2,0,trial.validspatial,287,0
379,63017,2,2,0,trial.invalid,239,1
379,63017,1,1,0,trial.validspatial,321,1
379,63017,1,1,400,trial.invalid,1700,0
379,63017,2,1,800,trial.validspatial,387,0
379,63017,2,2,400,trial.doublecue,350,0
379,63017,2,1,0,trial.doublecue,428,0
379,63017,2,2,400,trial.validspatial,1700,0
379,63017,1,1,NaN,trial.nocue,389,1
379,63017,2,1,0,trial.invalid,376,0
379,63017,1,2,800,trial.validspatial,1700,0
379,63017,1,2,800,trial.doublecue,341,1
379,63017,2,1,400,trial.validspatial,1700,0
379,63017,1,1,800,trial.validspatial,326,1
379,63017,1,2,800,trial.validspatial,348,1
379,63017,1,1,0,trial.validspatial,381,1
379,63017,1,2,400,trial.validspatial,334,1
379,63017,2,1,400,trial.invalid,1700,0
379,63017,2,1,0,trial.invalid,407,0
379,63017,2,2,NaN,trial.nocue,345,0
379,63017,1,1,800,trial.validspatial,343,1
379,63017,2,2,400,trial.validspatial,309,0
379,63017,2,1,NaN,trial.nocue,495,0
379,63017,1,1,400,trial.validspatial,345,1
379,63017,1,2,NaN,trial.nocue,358,1
379,63017,1,2,0,trial.validspatial,331,1
379,63017,1,2,800,trial.validspatial,332,1
379,63017,1,1,0,trial.validspatial,376,1
379,63017,1,1,400,trial.validspatial,1700,0
379,63017,1,1,0,trial.validspatial,327,1
379,63017,1,2,0,trial.invalid,454,1
379,63017,1,2,800,trial.validspatial,314,1
379,63017,1,2,400,trial.validspatial,306,1
379,63017,1,2,400,trial.doublecue,359,1
379,63017,2,2,400,trial.validspatial,294,0
379,63017,2,1,400,trial.doublecue,351,0
379,63017,2,1,0,trial.validspatial,377,0
379,63017,2,1,400,trial.validspatial,259,0
379,63017,1,2,800,trial.validspatial,296,1
379,63017,1,1,800,trial.invalid,315,1
379,63017,2,1,400,trial.validspatial,303,0
379,63017,2,1,800,trial.validspatial,1700,0
379,63017,2,2,0,trial.validspatial,487,0
379,63017,1,2,0,trial.validspatial,314,1
379,63017,1,1,400,trial.validspatial,276,1
379,63017,1,1,NaN,trial.nocue,403,1
379,63017,1,2,0,trial.validspatial,312,1
379,63017,1,1,NaN,trial.nocue,358,1
379,63017,2,2,0,trial.validspatial,188,0
379,63017,2,1,800,trial.invalid,1700,0
379,63017,2,2,NaN,trial.nocue,525,0
379,63017,1,2,400,trial.invalid,348,1
379,63017,2,2,0,trial.doublecue,437,0
379,63017,1,2,NaN,trial.nocue,351,1
379,63017,1,1,400,trial.validspatial,340,1
379,63017,1,1,800,trial.validspatial,317,1
379,63017,2,1,NaN,trial.nocue,406,0
379,63017,1,1,800,trial.doublecue,350,1
379,63017,2,2,0,trial.doublecue,432,0
379,63017,1,1,0,trial.invalid,363,1
379,63017,1,1,0,trial.invalid,648,1
379,63017,2,1,0,trial.validspatial,557,0
379,63017,2,1,0,trial.validspatial,351,0
379,63017,1,1,400,trial.doublecue,349,1
379,63017,2,2,800,trial.validspatial,1700,0
379,63017,2,2,800,trial.validspatial,404,0
379,63017,2,2,0,trial.validspatial,455,0
379,63017,1,2,400,trial.validspatial,311,1
379,63017,2,2,800,trial.invalid,335,0
379,63017,1,2,0,trial.invalid,464,1
379,63017,2,1,400,trial.validspatial,320,0
379,63017,2,1,400,trial.validspatial,345,0
379,63017,2,1,NaN,trial.nocue,380,0
379,63017,2,2,NaN,trial.nocue,391,0
379,63017,2,1,NaN,trial.nocue,351,0
379,63017,1,1,800,trial.validspatial,310,1
379,63017,1,1,NaN,trial.nocue,421,1
379,63017,2,1,800,trial.doublecue,396,0
379,63017,2,2,NaN,trial.nocue,444,0
379,63017,1,2,400,trial.validspatial,358,1
379,63017,1,1,400,trial.doublecue,340,1
379,63017,2,2,400,trial.invalid,324,0
379,63017,1,1,NaN,trial.nocue,328,1
379,63017,2,1,800,trial.validspatial,1700,0
379,63017,2,2,0,trial.validspatial,397,0
379,63017,2,1,800,trial.doublecue,294,0
379,63017,2,1,400,trial.validspatial,326,0
379,63017,2,2,400,trial.validspatial,278,0
379,63017,2,1,0,trial.doublecue,363,0
379,63017,2,2,400,trial.validspatial,234,0
379,63017,2,2,400,trial.invalid,349,0
379,63017,2,2,800,trial.doublecue,365,0
379,63017,1,2,400,trial.doublecue,378,1
379,63017,1,2,0,trial.validspatial,312,1
379,63017,1,2,NaN,trial.nocue,474,1
379,63017,1,1,800,trial.invalid,416,1
379,63017,2,2,800,trial.validspatial,337,0
379,63017,2,1,800,trial.validspatial,291,0
379,63017,2,1,0,trial.validspatial,392,0
379,63017,2,2,NaN,trial.nocue,533,0
379,63017,2,2,800,trial.validspatial,325,0
379,63017,1,1,400,trial.validspatial,1700,0
379,63017,1,2,800,trial.invalid,311,1
379,63017,2,2,0,trial.validspatial,428,1
379,63017,2,2,800,trial.validspatial,1700,0
379,63017,1,1,800,trial.validspatial,1700,0
379,63017,2,1,NaN,trial.nocue,374,1
379,63017,1,2,NaN,trial.nocue,325,0
379,63017,1,2,800,trial.validspatial,330,0
379,63017,1,2,0,trial.validspatial,330,0
379,63017,2,2,0,trial.invalid,344,0
379,63017,1,1,NaN,trial.nocue,316,1
379,63017,2,2,800,trial.validspatial,334,1
379,63017,2,1,800,trial.validspatial,332,0
379,63017,2,1,0,trial.validspatial,293,0
379,63017,1,1,800,trial.doublecue,393,0
379,63017,2,2,800,trial.invalid,312,1
379,63017,1,2,400,trial.validspatial,273,1
379,63017,2,1,800,trial.validspatial,337,1
379,63017,1,2,400,trial.invalid,331,1
379,63017,1,1,800,trial.validspatial,364,1
379,63017,2,2,400,trial.doublecue,366,0
379,63017,1,1,0,trial.validspatial,303,0
379,63017,2,1,NaN,trial.nocue,465,0
379,63017,2,1,400,trial.invalid,416,1
379,63017,1,2,800,trial.invalid,426,0
379,63017,1,2,0,trial.doublecue,363,1
379,63017,1,1,400,trial.validspatial,429,1
379,63017,1,2,400,trial.validspatial,290,1
379,63017,1,1,0,trial.doublecue,420,0
379,63017,1,1,0,trial.doublecue,396,1
379,63017,1,2,NaN,trial.nocue,469,0
379,63017,2,1,400,trial.doublecue,388,1
379,63017,2,2,400,trial.validspatial,382,1
379,63017,2,2,800,trial.doublecue,402,0
379,63017,2,2,NaN,trial.nocue,324,0
379,63017,1,2,NaN,trial.nocue,432,1
379,63017,1,2,0,trial.doublecue,1700,0
379,63017,2,1,800,trial.invalid,336,0
379,63017,1,2,0,trial.validspatial,366,0
379,63017,1,1,0,trial.validspatial,346,1
379,63017,2,1,0,trial.validspatial,312,0
379,63017,1,1,400,trial.invalid,522,1
379,63017,1,2,800,trial.doublecue,326,0
379,63017,2,2,0,trial.validspatial,319,0
379,63017,2,2,0,trial.invalid,379,0
379,63017,1,1,0,trial.validspatial,338,0
379,63017,1,1,400,trial.invalid,467,0
379,63017,2,1,800,trial.validspatial,343,1
379,63017,2,2,400,trial.doublecue,506,1
379,63017,2,1,0,trial.doublecue,343,0
379,63017,2,2,400,trial.validspatial,469,0
379,63017,1,1,NaN,trial.nocue,386,1
379,63017,2,1,0,trial.invalid,438,1
379,63017,1,2,800,trial.validspatial,362,0
379,63017,1,2,800,trial.doublecue,532,1
379,63017,2,1,400,trial.validspatial,367,0
379,63017,1,1,800,trial.validspatial,411,0
379,63017,1,2,800,trial.validspatial,345,0
379,63017,1,1,0,trial.validspatial,289,0
379,63017,1,2,400,trial.validspatial,288,0
379,63017,2,1,400,trial.invalid,423,0
379,63017,2,1,0,trial.invalid,279,0
379,63017,2,2,NaN,trial.nocue,394,0
379,63017,1,1,800,trial.validspatial,340,0
379,63017,2,2,400,trial.validspatial,356,1
379,63017,2,1,NaN,trial.nocue,384,1
379,63017,1,1,400,trial.validspatial,405,1
379,63017,1,2,NaN,trial.nocue,1700,0
379,63017,1,2,0,trial.validspatial,1700,0
379,63017,1,2,800,trial.validspatial,301,0
379,63017,1,1,0,trial.validspatial,337,0
379,63017,1,1,400,trial.validspatial,397,0
