subject,date,location_congruence_val,flanker_congruence_val,cue_target_interval,cue_condition,latency,values.correct
17,62917,1,1,0,trial.validspatial,1700,0
17,62917,1,2,0,trial.invalid,1397,1
17,62917,1,2,800,trial.validspatial,705,0
17,62917,1,2,400,trial.validspatial,974,1
17,62917,1,2,400,trial.doublecue,892,1
17,62917,2,2,400,trial.validspatial,837,1
17,62917,2,1,400,trial.doublecue,862,1
17,62917,2,1,0,trial.validspatial,840,1
17,62917,2,1,400,trial.validspatial,673,1
17,62917,1,2,800,trial.validspatial,630,1
17,62917,1,1,800,trial.invalid,709,1
17,62917,2,1,400,trial.validspatial,613,1
17,62917,2,1,800,trial.validspatial,637,1
17,62917,2,2,0,trial.validspatial,1295,1
17,62917,1,2,0,trial.validspatial,826,1
17,62917,1,1,400,trial.validspatial,587,1
17,62917,1,1,NaN,trial.nocue,665,1
17,62917,1,2,0,trial.validspatial,779,1
17,62917,1,1,NaN,trial.nocue,629,1
17,62917,2,2,0,trial.validspatial,581,0
17,62917,2,1,800,trial.invalid,783,1
17,62917,2,2,NaN,trial.nocue,720,1
17,62917,1,2,400,trial.invalid,841,1
17,62917,2,2,0,trial.doublecue,837,1
17,62917,1,2,NaN,trial.nocue,714,1
17,62917,1,1,400,trial.validspatial,577,1
17,62917,1,1,800,trial.validspatial,537,1
17,62917,2,1,NaN,trial.nocue,654,1
17,62917,1,1,800,trial.doublecue,511,1
17,62917,2,2,0,trial.doublecue,799,1
17,62917,1,1,0,trial.invalid,584,1
17,62917,1,1,0,trial.invalid,509,1
17,62917,2,1,0,trial.validspatial,517,1
17,62917,2,1,0,trial.validspatial,514,1
17,62917,1,1,400,trial.doublecue,498,1
17,62917,2,2,800,trial.validspatial,507,1
17,62917,2,2,800,trial.validspatial,723,1
17,62917,2,2,0,trial.validspatial,621,1
17,62917,1,2,400,trial.validspatial,634,1
17,62917,2,2,800,trial.invalid,725,1
17,62917,1,2,0,trial.invalid,661,0
17,62917,2,1,400,trial.validspatial,658,1
17,62917,2,1,400,trial.validspatial,582,1
17,62917,2,1,NaN,trial.nocue,796,1
17,62917,2,2,NaN,trial.nocue,801,1
17,62917,2,1,NaN,trial.nocue,887,1
17,62917,1,1,800,trial.validspatial,585,1
17,62917,1,1,NaN,trial.nocue,556,1
17,62917,2,1,800,trial.doublecue,654,1
17,62917,2,2,NaN,trial.nocue,702,1
17,62917,1,2,400,trial.validspatial,687,1
17,62917,1,1,400,trial.doublecue,597,1
17,62917,2,2,400,trial.invalid,654,1
17,62917,1,1,NaN,trial.nocue,541,1
17,62917,2,1,800,trial.validspatial,475,1
17,62917,2,2,0,trial.validspatial,723,1
17,62917,2,1,800,trial.doublecue,695,1
17,62917,2,1,400,trial.validspatial,603,1
17,62917,2,2,400,trial.validspatial,602,1
17,62917,2,1,0,trial.doublecue,640,1
17,62917,2,2,400,trial.validspatial,588,1
17,62917,2,2,400,trial.invalid,951,1
17,62917,2,2,800,trial.doublecue,704,1
17,62917,1,2,400,trial.doublecue,821,1
17,62917,1,2,0,trial.validspatial,755,1
17,62917,1,2,NaN,trial.nocue,678,1
17,62917,1,1,800,trial.invalid,529,1
17,62917,2,2,800,trial.validspatial,759,1
17,62917,2,1,800,trial.validspatial,701,1
17,62917,2,1,0,trial.validspatial,679,1
17,62917,2,2,NaN,trial.nocue,692,1
17,62917,2,2,800,trial.validspatial,797,1
17,62917,1,1,400,trial.validspatial,594,1
17,62917,1,2,800,trial.invalid,694,1
17,62917,2,2,0,trial.validspatial,672,1
17,62917,2,2,800,trial.validspatial,588,0
17,62917,1,1,800,trial.validspatial,695,1
17,62917,2,1,NaN,trial.nocue,719,1
17,62917,1,2,NaN,trial.nocue,592,0
17,62917,1,2,800,trial.validspatial,858,1
17,62917,1,2,0,trial.validspatial,869,1
17,62917,2,2,0,trial.invalid,798,1
17,62917,1,1,NaN,trial.nocue,871,1
17,62917,2,2,800,trial.validspatial,607,1
17,62917,2,1,800,trial.validspatial,565,1
17,62917,2,1,0,trial.validspatial,690,1
17,62917,1,1,800,trial.doublecue,593,1
17,62917,2,2,800,trial.invalid,807,1
17,62917,1,2,400,trial.validspatial,633,1
17,62917,2,1,800,trial.validspatial,563,1
17,62917,1,2,400,trial.invalid,659,0
17,62917,1,1,800,trial.validspatial,703,1
17,62917,2,2,400,trial.doublecue,894,1
17,62917,1,1,0,trial.validspatial,719,1
17,62917,2,1,NaN,trial.nocue,635,1
17,62917,2,1,400,trial.invalid,767,1
17,62917,1,2,800,trial.invalid,797,1
17,62917,1,2,0,trial.doublecue,797,1
17,62917,1,1,400,trial.validspatial,498,1
17,62917,1,2,400,trial.validspatial,799,1
17,62917,1,1,0,trial.doublecue,533,1
17,62917,1,1,0,trial.doublecue,592,1
17,62917,1,2,NaN,trial.nocue,818,1
17,62917,2,1,400,trial.doublecue,586,1
17,62917,2,2,400,trial.validspatial,600,1
17,62917,2,2,800,trial.doublecue,822,1
17,62917,2,2,NaN,trial.nocue,795,1
17,62917,1,2,NaN,trial.nocue,738,1
17,62917,1,2,0,trial.doublecue,803,1
17,62917,2,1,800,trial.invalid,712,1
17,62917,1,2,0,trial.validspatial,665,1
17,62917,1,1,0,trial.validspatial,684,1
17,62917,2,1,0,trial.validspatial,694,1
17,62917,1,1,400,trial.invalid,668,1
17,62917,1,2,800,trial.doublecue,753,1
17,62917,2,2,0,trial.validspatial,620,1
17,62917,2,2,0,trial.invalid,806,1
17,62917,1,1,0,trial.validspatial,596,1
17,62917,1,1,400,trial.invalid,727,1
17,62917,2,1,800,trial.validspatial,577,1
17,62917,2,2,400,trial.doublecue,844,1
17,62917,2,1,0,trial.doublecue,587,1
17,62917,2,2,400,trial.validspatial,616,1
17,62917,1,1,NaN,trial.nocue,586,1
17,62917,2,1,0,trial.invalid,605,1
17,62917,1,2,800,trial.validspatial,590,1
17,62917,1,2,800,trial.doublecue,604,1
17,62917,2,1,400,trial.validspatial,660,1
17,62917,1,1,800,trial.validspatial,520,1
17,62917,1,2,800,trial.validspatial,570,1
17,62917,1,1,0,trial.validspatial,677,1
17,62917,1,2,400,trial.validspatial,627,1
17,62917,2,1,400,trial.invalid,695,1
17,62917,2,1,0,trial.invalid,593,1
17,62917,2,2,NaN,trial.nocue,598,0
17,62917,1,1,800,trial.validspatial,502,1
17,62917,2,2,400,trial.validspatial,608,1
17,62917,2,1,NaN,trial.nocue,638,1
17,62917,1,1,400,trial.validspatial,611,1
17,62917,1,2,NaN,trial.nocue,825,1
17,62917,1,2,0,trial.validspatial,650,1
17,62917,1,2,800,trial.validspatial,677,1
17,62917,1,1,0,trial.validspatial,692,1
17,62917,1,1,400,trial.validspatial,607,1
17,62917,1,1,0,trial.validspatial,612,1
17,62917,1,2,0,trial.invalid,768,1
17,62917,1,2,800,trial.validspatial,786,1
17,62917,1,2,400,trial.validspatial,687,1
17,62917,1,2,400,trial.doublecue,709,1
17,62917,2,2,400,trial.validspatial,582,1
17,62917,2,1,400,trial.doublecue,611,1
17,62917,2,1,0,trial.validspatial,598,1
17,62917,2,1,400,trial.validspatial,571,1
17,62917,1,2,800,trial.validspatial,665,1
17,62917,1,1,800,trial.invalid,604,1
17,62917,2,1,400,trial.validspatial,543,1
17,62917,2,1,800,trial.validspatial,1105,1
17,62917,2,2,0,trial.validspatial,722,1
17,62917,1,2,0,trial.validspatial,797,1
17,62917,1,1,400,trial.validspatial,626,1
17,62917,1,1,NaN,trial.nocue,584,1
17,62917,1,2,0,trial.validspatial,749,1
17,62917,1,1,NaN,trial.nocue,504,1
17,62917,2,2,0,trial.validspatial,699,1
17,62917,2,1,800,trial.invalid,578,1
17,62917,2,2,NaN,trial.nocue,881,1
17,62917,1,2,400,trial.invalid,797,1
17,62917,2,2,0,trial.doublecue,842,1
17,62917,1,2,NaN,trial.nocue,701,1
17,62917,1,1,400,trial.validspatial,586,1
17,62917,1,1,800,trial.validspatial,673,1
17,62917,2,1,NaN,trial.nocue,589,1
17,62917,1,1,800,trial.doublecue,658,1
17,62917,2,2,0,trial.doublecue,744,1
17,62917,1,1,0,trial.invalid,528,1
17,62917,1,1,0,trial.invalid,589,1
17,62917,2,1,0,trial.validspatial,680,1
17,62917,2,1,0,trial.validspatial,585,1
17,62917,1,1,400,trial.doublecue,488,1
17,62917,2,2,800,trial.validspatial,558,0
17,62917,2,2,800,trial.validspatial,962,1
17,62917,2,2,0,trial.validspatial,902,1
17,62917,1,2,400,trial.validspatial,608,1
17,62917,2,2,800,trial.invalid,930,1
17,62917,1,2,0,trial.invalid,672,1
17,62917,2,1,400,trial.validspatial,901,1
17,62917,2,1,400,trial.validspatial,602,1
17,62917,2,1,NaN,trial.nocue,752,1
17,62917,2,2,NaN,trial.nocue,772,1
17,62917,2,1,NaN,trial.nocue,639,1
17,62917,1,1,800,trial.validspatial,683,1
17,62917,1,1,NaN,trial.nocue,595,1
17,62917,2,1,800,trial.doublecue,555,1
17,62917,2,2,NaN,trial.nocue,798,1
17,62917,1,2,400,trial.validspatial,576,1
17,62917,1,1,400,trial.doublecue,576,1
17,62917,2,2,400,trial.invalid,689,1
17,62917,1,1,NaN,trial.nocue,773,1
17,62917,2,1,800,trial.validspatial,521,1
17,62917,2,2,0,trial.validspatial,789,1
17,62917,2,1,800,trial.doublecue,587,1
17,62917,2,1,400,trial.validspatial,599,1
17,62917,2,2,400,trial.validspatial,702,1
17,62917,2,1,0,trial.doublecue,699,1
17,62917,2,2,400,trial.validspatial,671,1
17,62917,2,2,400,trial.invalid,601,1
17,62917,2,2,800,trial.doublecue,783,1
17,62917,1,2,400,trial.doublecue,703,1
17,62917,1,2,0,trial.validspatial,666,1
17,62917,1,2,NaN,trial.nocue,612,1
17,62917,1,1,800,trial.invalid,604,1
17,62917,2,2,800,trial.validspatial,739,1
17,62917,2,1,800,trial.validspatial,598,1
17,62917,2,1,0,trial.validspatial,642,1
17,62917,2,2,NaN,trial.nocue,749,1
17,62917,2,2,800,trial.validspatial,688,1
17,62917,1,1,400,trial.validspatial,1700,0
17,62917,1,2,800,trial.invalid,697,1
17,62917,2,2,0,trial.validspatial,773,1
17,62917,2,2,800,trial.validspatial,884,1
17,62917,1,1,800,trial.validspatial,891,1
17,62917,2,1,NaN,trial.nocue,725,1
17,62917,1,2,NaN,trial.nocue,701,1
17,62917,1,2,800,trial.validspatial,663,1
17,62917,1,2,0,trial.validspatial,561,1
17,62917,2,2,0,trial.invalid,702,1
17,62917,1,1,NaN,trial.nocue,786,1
17,62917,2,2,800,trial.validspatial,690,1
17,62917,2,1,800,trial.validspatial,630,1
17,62917,2,1,0,trial.validspatial,510,1
17,62917,1,1,800,trial.doublecue,600,0
17,62917,2,2,800,trial.invalid,880,1
17,62917,1,2,400,trial.validspatial,777,1
17,62917,2,1,800,trial.validspatial,761,1
17,62917,1,2,400,trial.invalid,793,1
17,62917,1,1,800,trial.validspatial,602,1
17,62917,2,2,400,trial.doublecue,784,1
17,62917,1,1,0,trial.validspatial,670,1
17,62917,2,1,NaN,trial.nocue,747,1
17,62917,2,1,400,trial.invalid,742,1
17,62917,1,2,800,trial.invalid,790,1
17,62917,1,2,0,trial.doublecue,736,1
17,62917,1,1,400,trial.validspatial,579,1
17,62917,1,2,400,trial.validspatial,551,1
17,62917,1,1,0,trial.doublecue,750,1
17,62917,1,1,0,trial.doublecue,866,1
17,62917,1,2,NaN,trial.nocue,831,1
17,62917,2,1,400,trial.doublecue,675,1
17,62917,2,2,400,trial.validspatial,623,1
17,62917,2,2,800,trial.doublecue,780,1
17,62917,2,2,NaN,trial.nocue,540,1
17,62917,1,2,NaN,trial.nocue,519,1
17,62917,1,2,0,trial.doublecue,572,0
17,62917,2,1,800,trial.invalid,689,1
17,62917,1,2,0,trial.validspatial,674,1
17,62917,1,1,0,trial.validspatial,672,1
17,62917,2,1,0,trial.validspatial,685,1
17,62917,1,1,400,trial.invalid,897,1
17,62917,1,2,800,trial.doublecue,636,1
17,62917,2,2,0,trial.validspatial,632,1
17,62917,2,2,0,trial.invalid,699,1
17,62917,1,1,0,trial.validspatial,740,1
17,62917,1,1,400,trial.invalid,580,1
17,62917,2,1,800,trial.validspatial,583,1
17,62917,2,2,400,trial.doublecue,582,1
17,62917,2,1,0,trial.doublecue,630,1
17,62917,2,2,400,trial.validspatial,774,1
17,62917,1,1,NaN,trial.nocue,562,1
17,62917,2,1,0,trial.invalid,694,1
17,62917,1,2,800,trial.validspatial,799,1
17,62917,1,2,800,trial.doublecue,669,1
17,62917,2,1,400,trial.validspatial,554,1
17,62917,1,1,800,trial.validspatial,675,1
17,62917,1,2,800,trial.validspatial,649,1
17,62917,1,1,0,trial.validspatial,624,1
17,62917,1,2,400,trial.validspatial,648,1
17,62917,2,1,400,trial.invalid,662,1
17,62917,2,1,0,trial.invalid,603,1
17,62917,2,2,NaN,trial.nocue,797,1
17,62917,1,1,800,trial.validspatial,635,1
17,62917,2,2,400,trial.validspatial,749,1
17,62917,2,1,NaN,trial.nocue,666,1
17,62917,1,1,400,trial.validspatial,789,1
17,62917,1,2,NaN,trial.nocue,584,1
17,62917,1,2,0,trial.validspatial,799,1
17,62917,1,2,800,trial.validspatial,555,1
17,62917,1,1,0,trial.validspatial,763,1
17,62917,1,1,400,trial.validspatial,846,1
