subject,date,location_congruence_val,flanker_congruence_val,cue_target_interval,cue_condition,latency,values.correct
121,40117,1,1,0,trial.validspatial,450,1
121,40117,1,2,0,trial.invalid,1700,0
121,40117,1,2,800,trial.validspatial,1700,0
121,40117,1,2,400,trial.validspatial,1480,1
121,40117,1,2,400,trial.doublecue,1020,1
121,40117,2,2,400,trial.validspatial,638,1
121,40117,2,1,400,trial.doublecue,1021,1
121,40117,2,1,0,trial.validspatial,745,1
121,40117,2,1,400,trial.validspatial,556,1
121,40117,1,2,800,trial.validspatial,1128,1
121,40117,1,1,800,trial.invalid,733,1
121,40117,2,1,400,trial.validspatial,536,1
121,40117,2,1,800,trial.validspatial,464,1
121,40117,2,2,0,trial.validspatial,945,1
121,40117,1,2,0,trial.validspatial,715,1
121,40117,1,1,400,trial.validspatial,481,1
121,40117,1,1,NaN,trial.nocue,674,1
121,40117,1,2,0,trial.validspatial,1000,1
121,40117,1,1,NaN,trial.nocue,707,1
121,40117,2,2,0,trial.validspatial,1270,1
121,40117,2,1,800,trial.invalid,1409,1
121,40117,2,2,NaN,trial.nocue,780,1
121,40117,1,2,400,trial.invalid,1436,1
121,40117,2,2,0,trial.doublecue,1207,1
121,40117,1,2,NaN,trial.nocue,920,1
121,40117,1,1,400,trial.validspatial,554,1
121,40117,1,1,800,trial.validspatial,553,1
121,40117,2,1,NaN,trial.nocue,884,1
121,40117,1,1,800,trial.doublecue,729,1
121,40117,2,2,0,trial.doublecue,1022,0
121,40117,1,1,0,trial.invalid,721,1
121,40117,1,1,0,trial.invalid,637,1
121,40117,2,1,0,trial.validspatial,679,1
121,40117,2,1,0,trial.validspatial,557,1
121,40117,1,1,400,trial.doublecue,496,1
121,40117,2,2,800,trial.validspatial,576,1
121,40117,2,2,800,trial.validspatial,853,1
121,40117,2,2,0,trial.validspatial,1114,1
121,40117,1,2,400,trial.validspatial,1164,1
121,40117,2,2,800,trial.invalid,1078,1
121,40117,1,2,0,trial.invalid,941,1
121,40117,2,1,400,trial.validspatial,681,1
121,40117,2,1,400,trial.validspatial,507,1
121,40117,2,1,NaN,trial.nocue,612,1
121,40117,2,2,NaN,trial.nocue,966,1
121,40117,2,1,NaN,trial.nocue,680,1
121,40117,1,1,800,trial.validspatial,422,1
121,40117,1,1,NaN,trial.nocue,521,1
121,40117,2,1,800,trial.doublecue,639,1
121,40117,2,2,NaN,trial.nocue,951,1
121,40117,1,2,400,trial.validspatial,683,1
121,40117,1,1,400,trial.doublecue,747,1
121,40117,2,2,400,trial.invalid,501,0
121,40117,1,1,NaN,trial.nocue,595,1
121,40117,2,1,800,trial.validspatial,809,1
121,40117,2,2,0,trial.validspatial,701,1
121,40117,2,1,800,trial.doublecue,641,1
121,40117,2,1,400,trial.validspatial,487,1
121,40117,2,2,400,trial.validspatial,686,1
121,40117,2,1,0,trial.doublecue,682,1
121,40117,2,2,400,trial.validspatial,1281,1
121,40117,2,2,400,trial.invalid,633,1
121,40117,2,2,800,trial.doublecue,650,1
121,40117,1,2,400,trial.doublecue,904,1
121,40117,1,2,0,trial.validspatial,958,1
121,40117,1,2,NaN,trial.nocue,917,1
121,40117,1,1,800,trial.invalid,789,1
121,40117,2,2,800,trial.validspatial,637,1
121,40117,2,1,800,trial.validspatial,552,1
121,40117,2,1,0,trial.validspatial,563,1
121,40117,2,2,NaN,trial.nocue,785,1
121,40117,2,2,800,trial.validspatial,666,1
121,40117,1,1,400,trial.validspatial,729,1
121,40117,1,2,800,trial.invalid,1204,1
121,40117,2,2,0,trial.validspatial,897,1
121,40117,2,2,800,trial.validspatial,1037,1
121,40117,1,1,800,trial.validspatial,575,1
121,40117,2,1,NaN,trial.nocue,538,1
121,40117,1,2,NaN,trial.nocue,680,1
121,40117,1,2,800,trial.validspatial,514,1
121,40117,1,2,0,trial.validspatial,1134,0
121,40117,2,2,0,trial.invalid,685,1
121,40117,1,1,NaN,trial.nocue,1002,1
121,40117,2,2,800,trial.validspatial,575,1
121,40117,2,1,800,trial.validspatial,513,1
121,40117,2,1,0,trial.validspatial,606,1
121,40117,1,1,800,trial.doublecue,508,1
121,40117,2,2,800,trial.invalid,529,0
121,40117,1,2,400,trial.validspatial,812,1
121,40117,2,1,800,trial.validspatial,1546,0
121,40117,1,2,400,trial.invalid,907,1
121,40117,1,1,800,trial.validspatial,493,1
121,40117,2,2,400,trial.doublecue,791,1
121,40117,1,1,0,trial.validspatial,665,1
121,40117,2,1,NaN,trial.nocue,498,1
121,40117,2,1,400,trial.invalid,576,1
121,40117,1,2,800,trial.invalid,1193,1
121,40117,1,2,0,trial.doublecue,1132,1
121,40117,1,1,400,trial.validspatial,597,1
121,40117,1,2,400,trial.validspatial,756,1
121,40117,1,1,0,trial.doublecue,1224,1
121,40117,1,1,0,trial.doublecue,1043,1
121,40117,1,2,NaN,trial.nocue,998,1
121,40117,2,1,400,trial.doublecue,558,1
121,40117,2,2,400,trial.validspatial,699,1
121,40117,2,2,800,trial.doublecue,709,1
121,40117,2,2,NaN,trial.nocue,895,1
121,40117,1,2,NaN,trial.nocue,700,1
121,40117,1,2,0,trial.doublecue,1232,1
121,40117,2,1,800,trial.invalid,747,1
121,40117,1,2,0,trial.validspatial,955,1
121,40117,1,1,0,trial.validspatial,742,1
121,40117,2,1,0,trial.validspatial,725,1
121,40117,1,1,400,trial.invalid,639,1
121,40117,1,2,800,trial.doublecue,757,1
121,40117,2,2,0,trial.validspatial,670,1
121,40117,2,2,0,trial.invalid,757,1
121,40117,1,1,0,trial.validspatial,858,1
121,40117,1,1,400,trial.invalid,365,0
121,40117,2,1,800,trial.validspatial,538,1
121,40117,2,2,400,trial.doublecue,953,1
121,40117,2,1,0,trial.doublecue,603,1
121,40117,2,2,400,trial.validspatial,525,1
121,40117,1,1,NaN,trial.nocue,545,1
121,40117,2,1,0,trial.invalid,547,1
121,40117,1,2,800,trial.validspatial,646,1
121,40117,1,2,800,trial.doublecue,610,1
121,40117,2,1,400,trial.validspatial,482,1
121,40117,1,1,800,trial.validspatial,542,1
121,40117,1,2,800,trial.validspatial,762,1
121,40117,1,1,0,trial.validspatial,416,1
121,40117,1,2,400,trial.validspatial,720,1
121,40117,2,1,400,trial.invalid,690,1
121,40117,2,1,0,trial.invalid,492,1
121,40117,2,2,NaN,trial.nocue,1700,0
121,40117,1,1,800,trial.validspatial,608,1
121,40117,2,2,400,trial.validspatial,819,1
121,40117,2,1,NaN,trial.nocue,530,1
121,40117,1,1,400,trial.validspatial,459,1
121,40117,1,2,NaN,trial.nocue,949,1
121,40117,1,2,0,trial.validspatial,503,0
121,40117,1,2,800,trial.validspatial,708,1
121,40117,1,1,0,trial.validspatial,607,1
121,40117,1,1,400,trial.validspatial,423,1
121,40117,1,1,0,trial.validspatial,578,1
121,40117,1,2,0,trial.invalid,870,1
121,40117,1,2,800,trial.validspatial,511,1
121,40117,1,2,400,trial.validspatial,798,1
121,40117,1,2,400,trial.doublecue,684,1
121,40117,2,2,400,trial.validspatial,562,1
121,40117,2,1,400,trial.doublecue,694,1
121,40117,2,1,0,trial.validspatial,531,1
121,40117,2,1,400,trial.validspatial,494,1
121,40117,1,2,800,trial.validspatial,1011,1
121,40117,1,1,800,trial.invalid,666,1
121,40117,2,1,400,trial.validspatial,464,1
121,40117,2,1,800,trial.validspatial,381,1
121,40117,2,2,0,trial.validspatial,652,1
121,40117,1,2,0,trial.validspatial,762,1
121,40117,1,1,400,trial.validspatial,438,1
121,40117,1,1,NaN,trial.nocue,529,1
121,40117,1,2,0,trial.validspatial,708,1
121,40117,1,1,NaN,trial.nocue,624,1
121,40117,2,2,0,trial.validspatial,528,0
121,40117,2,1,800,trial.invalid,708,1
121,40117,2,2,NaN,trial.nocue,470,0
121,40117,1,2,400,trial.invalid,873,1
121,40117,2,2,0,trial.doublecue,632,1
121,40117,1,2,NaN,trial.nocue,581,0
121,40117,1,1,400,trial.validspatial,472,1
121,40117,1,1,800,trial.validspatial,447,1
121,40117,2,1,NaN,trial.nocue,681,1
121,40117,1,1,800,trial.doublecue,531,1
121,40117,2,2,0,trial.doublecue,852,1
121,40117,1,1,0,trial.invalid,570,1
121,40117,1,1,0,trial.invalid,613,1
121,40117,2,1,0,trial.validspatial,502,1
121,40117,2,1,0,trial.validspatial,645,1
121,40117,1,1,400,trial.doublecue,506,1
121,40117,2,2,800,trial.validspatial,647,1
121,40117,2,2,800,trial.validspatial,605,1
121,40117,2,2,0,trial.validspatial,705,1
121,40117,1,2,400,trial.validspatial,717,1
121,40117,2,2,800,trial.invalid,731,1
121,40117,1,2,0,trial.invalid,776,1
121,40117,2,1,400,trial.validspatial,630,1
121,40117,2,1,400,trial.validspatial,546,1
121,40117,2,1,NaN,trial.nocue,925,1
121,40117,2,2,NaN,trial.nocue,778,1
121,40117,2,1,NaN,trial.nocue,639,1
121,40117,1,1,800,trial.validspatial,507,1
121,40117,1,1,NaN,trial.nocue,796,1
121,40117,2,1,800,trial.doublecue,485,1
121,40117,2,2,NaN,trial.nocue,888,1
121,40117,1,2,400,trial.validspatial,791,1
121,40117,1,1,400,trial.doublecue,523,1
121,40117,2,2,400,trial.invalid,716,1
121,40117,1,1,NaN,trial.nocue,570,1
121,40117,2,1,800,trial.validspatial,497,1
121,40117,2,2,0,trial.validspatial,911,1
121,40117,2,1,800,trial.doublecue,677,1
121,40117,2,1,400,trial.validspatial,605,1
121,40117,2,2,400,trial.validspatial,560,1
121,40117,2,1,0,trial.doublecue,540,1
121,40117,2,2,400,trial.validspatial,989,1
121,40117,2,2,400,trial.invalid,689,1
121,40117,2,2,800,trial.doublecue,718,1
121,40117,1,2,400,trial.doublecue,537,1
121,40117,1,2,0,trial.validspatial,1020,1
121,40117,1,2,NaN,trial.nocue,698,1
121,40117,1,1,800,trial.invalid,661,1
121,40117,2,2,800,trial.validspatial,557,1
121,40117,2,1,800,trial.validspatial,497,1
121,40117,2,1,0,trial.validspatial,549,1
121,40117,2,2,NaN,trial.nocue,956,0
121,40117,2,2,800,trial.validspatial,581,1
121,40117,1,1,400,trial.validspatial,1700,0
121,40117,1,2,800,trial.invalid,813,1
121,40117,2,2,0,trial.validspatial,972,0
121,40117,2,2,800,trial.validspatial,587,1
121,40117,1,1,800,trial.validspatial,943,1
121,40117,2,1,NaN,trial.nocue,702,1
121,40117,1,2,NaN,trial.nocue,559,1
121,40117,1,2,800,trial.validspatial,586,1
121,40117,1,2,0,trial.validspatial,1578,0
121,40117,2,2,0,trial.invalid,505,1
121,40117,1,1,NaN,trial.nocue,585,1
121,40117,2,2,800,trial.validspatial,489,1
121,40117,2,1,800,trial.validspatial,479,1
121,40117,2,1,0,trial.validspatial,611,1
121,40117,1,1,800,trial.doublecue,1008,1
121,40117,2,2,800,trial.invalid,857,1
121,40117,1,2,400,trial.validspatial,464,1
121,40117,2,1,800,trial.validspatial,464,1
121,40117,1,2,400,trial.invalid,707,1
121,40117,1,1,800,trial.validspatial,839,1
121,40117,2,2,400,trial.doublecue,690,1
121,40117,1,1,0,trial.validspatial,523,1
121,40117,2,1,NaN,trial.nocue,750,1
121,40117,2,1,400,trial.invalid,926,1
121,40117,1,2,800,trial.invalid,952,1
121,40117,1,2,0,trial.doublecue,865,1
121,40117,1,1,400,trial.validspatial,450,1
121,40117,1,2,400,trial.validspatial,373,1
121,40117,1,1,0,trial.doublecue,636,1
121,40117,1,1,0,trial.doublecue,1700,0
121,40117,1,2,NaN,trial.nocue,790,1
121,40117,2,1,400,trial.doublecue,862,1
121,40117,2,2,400,trial.validspatial,676,1
121,40117,2,2,800,trial.doublecue,490,1
121,40117,2,2,NaN,trial.nocue,522,1
121,40117,1,2,NaN,trial.nocue,438,1
121,40117,1,2,0,trial.doublecue,696,1
121,40117,2,1,800,trial.invalid,690,1
121,40117,1,2,0,trial.validspatial,638,1
121,40117,1,1,0,trial.validspatial,664,1
121,40117,2,1,0,trial.validspatial,532,0
121,40117,1,1,400,trial.invalid,989,1
121,40117,1,2,800,trial.doublecue,517,1
121,40117,2,2,0,trial.validspatial,450,1
121,40117,2,2,0,trial.invalid,617,1
121,40117,1,1,0,trial.validspatial,617,1
121,40117,1,1,400,trial.invalid,498,1
121,40117,2,1,800,trial.validspatial,514,1
121,40117,2,2,400,trial.doublecue,108,0
121,40117,2,1,0,trial.doublecue,953,1
121,40117,2,2,400,trial.validspatial,937,1
121,40117,1,1,NaN,trial.nocue,689,0
121,40117,2,1,0,trial.invalid,687,1
121,40117,1,2,800,trial.validspatial,766,1
121,40117,1,2,800,trial.doublecue,524,1
121,40117,2,1,400,trial.validspatial,459,1
121,40117,1,1,800,trial.validspatial,992,1
121,40117,1,2,800,trial.validspatial,654,1
121,40117,1,1,0,trial.validspatial,502,1
121,40117,1,2,400,trial.validspatial,688,1
121,40117,2,1,400,trial.invalid,1039,1
121,40117,2,1,0,trial.invalid,642,1
121,40117,2,2,NaN,trial.nocue,881,1
121,40117,1,1,800,trial.validspatial,638,1
121,40117,2,2,400,trial.validspatial,753,1
121,40117,2,1,NaN,trial.nocue,669,1
121,40117,1,1,400,trial.validspatial,639,1
121,40117,1,2,NaN,trial.nocue,562,1
121,40117,1,2,0,trial.validspatial,572,1
121,40117,1,2,800,trial.validspatial,512,1
121,40117,1,1,0,trial.validspatial,742,1
121,40117,1,1,400,trial.validspatial,770,1
