subject,date,location_congruence_val,flanker_congruence_val,cue_target_interval,cue_condition,latency,values.correct
659,80817,1,1,0,trial.validspatial,1700,0
659,80817,1,2,0,trial.invalid,1700,0
659,80817,1,2,800,trial.validspatial,1700,0
659,80817,1,2,400,trial.validspatial,1700,0
659,80817,1,2,400,trial.doublecue,1700,0
659,80817,2,2,400,trial.validspatial,1700,0
659,80817,2,1,400,trial.doublecue,1700,0
659,80817,2,1,0,trial.validspatial,1700,0
659,80817,2,1,400,trial.validspatial,1700,0
659,80817,1,2,800,trial.validspatial,1700,0
659,80817,1,1,800,trial.invalid,1700,0
659,80817,2,1,400,trial.validspatial,673,1
659,80817,2,1,800,trial.validspatial,1700,0
659,80817,2,2,0,trial.validspatial,1700,0
659,80817,1,2,0,trial.validspatial,633,1
659,80817,1,1,400,trial.validspatial,889,0
659,80817,1,1,NaN,trial.nocue,483,1
659,80817,1,2,0,trial.validspatial,733,1
659,80817,1,1,NaN,trial.nocue,521,1
659,80817,2,2,0,trial.validspatial,1273,0
659,80817,2,1,800,trial.invalid,1619,0
659,80817,2,2,NaN,trial.nocue,1700,0
659,80817,1,2,400,trial.invalid,1700,0
659,80817,2,2,0,trial.doublecue,1700,0
659,80817,1,2,NaN,trial.nocue,1700,0
659,80817,1,1,400,trial.validspatial,1700,0
659,80817,1,1,800,trial.validspatial,1700,0
659,80817,2,1,NaN,trial.nocue,1245,1
659,80817,1,1,800,trial.doublecue,1700,0
659,80817,2,2,0,trial.doublecue,834,0
659,80817,1,1,0,trial.invalid,1560,1
659,80817,1,1,0,trial.invalid,1652,0
659,80817,2,1,0,trial.validspatial,1700,0
659,80817,2,1,0,trial.validspatial,704,0
659,80817,1,1,400,trial.doublecue,1700,0
659,80817,2,2,800,trial.validspatial,1628,1
659,80817,2,2,800,trial.validspatial,1700,0
659,80817,2,2,0,trial.validspatial,1700,0
659,80817,1,2,400,trial.validspatial,429,1
659,80817,2,2,800,trial.invalid,821,0
659,80817,1,2,0,trial.invalid,1700,0
659,80817,2,1,400,trial.validspatial,1577,0
659,80817,2,1,400,trial.validspatial,1334,0
659,80817,2,1,NaN,trial.nocue,1700,0
659,80817,2,2,NaN,trial.nocue,1700,0
659,80817,2,1,NaN,trial.nocue,1638,1
659,80817,1,1,800,trial.validspatial,1416,1
659,80817,1,1,NaN,trial.nocue,1598,1
659,80817,2,1,800,trial.doublecue,1493,1
659,80817,2,2,NaN,trial.nocue,1700,0
659,80817,1,2,400,trial.validspatial,1700,0
659,80817,1,1,400,trial.doublecue,1700,0
659,80817,2,2,400,trial.invalid,1691,1
659,80817,1,1,NaN,trial.nocue,1700,0
659,80817,2,1,800,trial.validspatial,1619,1
659,80817,2,2,0,trial.validspatial,1291,1
659,80817,2,1,800,trial.doublecue,1700,0
659,80817,2,1,400,trial.validspatial,1653,1
659,80817,2,2,400,trial.validspatial,1291,1
659,80817,2,1,0,trial.doublecue,1670,0
659,80817,2,2,400,trial.validspatial,1700,0
659,80817,2,2,400,trial.invalid,1700,0
659,80817,2,2,800,trial.doublecue,1700,0
659,80817,1,2,400,trial.doublecue,1099,1
659,80817,1,2,0,trial.validspatial,1145,0
659,80817,1,2,NaN,trial.nocue,1271,1
659,80817,1,1,800,trial.invalid,1700,0
659,80817,2,2,800,trial.validspatial,649,0
659,80817,2,1,800,trial.validspatial,1533,0
659,80817,2,1,0,trial.validspatial,887,0
659,80817,2,2,NaN,trial.nocue,1700,0
659,80817,2,2,800,trial.validspatial,1700,0
659,80817,1,1,400,trial.validspatial,1700,0
659,80817,1,2,800,trial.invalid,1434,1
659,80817,2,2,0,trial.validspatial,1577,1
659,80817,2,2,800,trial.validspatial,1700,0
659,80817,1,1,800,trial.validspatial,728,1
659,80817,2,1,NaN,trial.nocue,1614,1
659,80817,1,2,NaN,trial.nocue,1391,1
659,80817,1,2,800,trial.validspatial,1659,0
659,80817,1,2,0,trial.validspatial,1676,0
659,80817,2,2,0,trial.invalid,1071,1
659,80817,1,1,NaN,trial.nocue,1060,1
659,80817,2,2,800,trial.validspatial,208,1
659,80817,2,1,800,trial.validspatial,644,0
659,80817,2,1,0,trial.validspatial,1417,0
659,80817,1,1,800,trial.doublecue,883,0
659,80817,2,2,800,trial.invalid,1343,1
659,80817,1,2,400,trial.validspatial,1165,0
659,80817,2,1,800,trial.validspatial,1479,0
659,80817,1,2,400,trial.invalid,127,1
659,80817,1,1,800,trial.validspatial,790,0
659,80817,2,2,400,trial.doublecue,942,0
659,80817,1,1,0,trial.validspatial,648,1
659,80817,2,1,NaN,trial.nocue,398,0
659,80817,2,1,400,trial.invalid,1700,0
659,80817,1,2,800,trial.invalid,445,1
659,80817,1,2,0,trial.doublecue,623,1
659,80817,1,1,400,trial.validspatial,545,1
659,80817,1,2,400,trial.validspatial,1700,0
659,80817,1,1,0,trial.doublecue,505,1
659,80817,1,1,0,trial.doublecue,111,1
659,80817,1,2,NaN,trial.nocue,727,1
659,80817,2,1,400,trial.doublecue,659,0
659,80817,2,2,400,trial.validspatial,303,0
659,80817,2,2,800,trial.doublecue,1700,0
659,80817,2,2,NaN,trial.nocue,1700,0
659,80817,1,2,NaN,trial.nocue,1700,0
659,80817,1,2,0,trial.doublecue,1700,0
659,80817,2,1,800,trial.invalid,1273,0
659,80817,1,2,0,trial.validspatial,791,1
659,80817,1,1,0,trial.validspatial,94,1
659,80817,2,1,0,trial.validspatial,997,0
659,80817,1,1,400,trial.invalid,332,0
659,80817,1,2,800,trial.doublecue,1341,0
659,80817,2,2,0,trial.validspatial,736,0
659,80817,2,2,0,trial.invalid,513,0
659,80817,1,1,0,trial.validspatial,961,1
659,80817,1,1,400,trial.invalid,756,1
659,80817,2,1,800,trial.validspatial,1168,1
659,80817,2,2,400,trial.doublecue,1280,0
659,80817,2,1,0,trial.doublecue,1700,0
659,80817,2,2,400,trial.validspatial,1568,0
659,80817,1,1,NaN,trial.nocue,1570,1
659,80817,2,1,0,trial.invalid,1101,1
659,80817,1,2,800,trial.validspatial,1263,1
659,80817,1,2,800,trial.doublecue,1311,1
659,80817,2,1,400,trial.validspatial,1700,0
659,80817,1,1,800,trial.validspatial,1007,1
659,80817,1,2,800,trial.validspatial,1470,1
659,80817,1,1,0,trial.validspatial,1288,1
659,80817,1,2,400,trial.validspatial,1363,1
659,80817,2,1,400,trial.invalid,886,0
659,80817,2,1,0,trial.invalid,1158,0
659,80817,2,2,NaN,trial.nocue,969,0
659,80817,1,1,800,trial.validspatial,820,1
659,80817,2,2,400,trial.validspatial,1479,0
659,80817,2,1,NaN,trial.nocue,1613,1
659,80817,1,1,400,trial.validspatial,1425,0
659,80817,1,2,NaN,trial.nocue,1223,0
659,80817,1,2,0,trial.validspatial,1184,1
659,80817,1,2,800,trial.validspatial,1506,1
659,80817,1,1,0,trial.validspatial,1047,1
659,80817,1,1,400,trial.validspatial,1197,1
659,80817,1,1,0,trial.validspatial,1151,1
659,80817,1,2,0,trial.invalid,1446,1
659,80817,1,2,800,trial.validspatial,1700,0
659,80817,1,2,400,trial.validspatial,1700,0
659,80817,1,2,400,trial.doublecue,1141,0
659,80817,2,2,400,trial.validspatial,1395,1
659,80817,2,1,400,trial.doublecue,1206,1
659,80817,2,1,0,trial.validspatial,1302,0
659,80817,2,1,400,trial.validspatial,957,0
659,80817,1,2,800,trial.validspatial,1700,0
659,80817,1,1,800,trial.invalid,927,1
659,80817,2,1,400,trial.validspatial,808,1
659,80817,2,1,800,trial.validspatial,839,1
659,80817,2,2,0,trial.validspatial,1236,1
659,80817,1,2,0,trial.validspatial,1676,1
659,80817,1,1,400,trial.validspatial,1055,1
659,80817,1,1,NaN,trial.nocue,673,1
659,80817,1,2,0,trial.validspatial,1380,1
659,80817,1,1,NaN,trial.nocue,1469,1
659,80817,2,2,0,trial.validspatial,1482,1
659,80817,2,1,800,trial.invalid,1050,0
659,80817,2,2,NaN,trial.nocue,1700,0
659,80817,1,2,400,trial.invalid,1384,0
659,80817,2,2,0,trial.doublecue,1646,1
659,80817,1,2,NaN,trial.nocue,845,1
659,80817,1,1,400,trial.validspatial,874,1
659,80817,1,1,800,trial.validspatial,902,1
659,80817,2,1,NaN,trial.nocue,974,1
659,80817,1,1,800,trial.doublecue,1410,1
659,80817,2,2,0,trial.doublecue,1700,0
659,80817,1,1,0,trial.invalid,1168,1
659,80817,1,1,0,trial.invalid,1202,1
659,80817,2,1,0,trial.validspatial,809,1
659,80817,2,1,0,trial.validspatial,1276,0
659,80817,1,1,400,trial.doublecue,692,1
659,80817,2,2,800,trial.validspatial,1337,1
659,80817,2,2,800,trial.validspatial,1180,1
659,80817,2,2,0,trial.validspatial,1180,1
659,80817,1,2,400,trial.validspatial,1406,0
659,80817,2,2,800,trial.invalid,1150,1
659,80817,1,2,0,trial.invalid,1194,1
659,80817,2,1,400,trial.validspatial,1605,1
659,80817,2,1,400,trial.validspatial,945,1
659,80817,2,1,NaN,trial.nocue,1181,1
659,80817,2,2,NaN,trial.nocue,1700,0
659,80817,2,1,NaN,trial.nocue,1303,1
659,80817,1,1,800,trial.validspatial,1060,1
659,80817,1,1,NaN,trial.nocue,758,1
659,80817,2,1,800,trial.doublecue,785,1
659,80817,2,2,NaN,trial.nocue,1551,1
659,80817,1,2,400,trial.validspatial,1202,1
659,80817,1,1,400,trial.doublecue,1700,0
659,80817,2,2,400,trial.invalid,1248,1
659,80817,1,1,NaN,trial.nocue,944,1
659,80817,2,1,800,trial.validspatial,1410,0
659,80817,2,2,0,trial.validspatial,1373,0
659,80817,2,1,800,trial.doublecue,1476,1
659,80817,2,1,400,trial.validspatial,883,0
659,80817,2,2,400,trial.validspatial,1435,1
659,80817,2,1,0,trial.doublecue,901,0
659,80817,2,2,400,trial.validspatial,909,0
659,80817,2,2,400,trial.invalid,1059,0
659,80817,2,2,800,trial.doublecue,1383,1
659,80817,1,2,400,trial.doublecue,1340,1
659,80817,1,2,0,trial.validspatial,1134,1
659,80817,1,2,NaN,trial.nocue,1342,1
659,80817,1,1,800,trial.invalid,1434,0
659,80817,2,2,800,trial.validspatial,199,0
659,80817,2,1,800,trial.validspatial,1573,1
659,80817,2,1,0,trial.validspatial,1214,1
659,80817,2,2,NaN,trial.nocue,1700,0
659,80817,2,2,800,trial.validspatial,1700,0
659,80817,1,1,400,trial.validspatial,1700,0
659,80817,1,2,800,trial.invalid,1523,1
659,80817,2,2,0,trial.validspatial,1324,1
659,80817,2,2,800,trial.validspatial,1128,1
659,80817,1,1,800,trial.validspatial,968,1
659,80817,2,1,NaN,trial.nocue,1386,0
659,80817,1,2,NaN,trial.nocue,697,0
659,80817,1,2,800,trial.validspatial,759,0
659,80817,1,2,0,trial.validspatial,669,0
659,80817,2,2,0,trial.invalid,1027,0
659,80817,1,1,NaN,trial.nocue,516,1
659,80817,2,2,800,trial.validspatial,997,1
659,80817,2,1,800,trial.validspatial,895,0
659,80817,2,1,0,trial.validspatial,1284,0
659,80817,1,1,800,trial.doublecue,1150,0
659,80817,2,2,800,trial.invalid,1322,1
659,80817,1,2,400,trial.validspatial,1076,1
659,80817,2,1,800,trial.validspatial,552,1
659,80817,1,2,400,trial.invalid,1077,0
659,80817,1,1,800,trial.validspatial,1046,1
659,80817,2,2,400,trial.doublecue,846,0
659,80817,1,1,0,trial.validspatial,585,0
659,80817,2,1,NaN,trial.nocue,1309,0
659,80817,2,1,400,trial.invalid,1000,0
659,80817,1,2,800,trial.invalid,1015,0
659,80817,1,2,0,trial.doublecue,1068,1
659,80817,1,1,400,trial.validspatial,764,1
659,80817,1,2,400,trial.validspatial,800,1
659,80817,1,1,0,trial.doublecue,1080,1
659,80817,1,1,0,trial.doublecue,654,1
659,80817,1,2,NaN,trial.nocue,1490,1
659,80817,2,1,400,trial.doublecue,1352,1
659,80817,2,2,400,trial.validspatial,1292,1
659,80817,2,2,800,trial.doublecue,1311,1
659,80817,2,2,NaN,trial.nocue,1538,1
659,80817,1,2,NaN,trial.nocue,1105,1
659,80817,1,2,0,trial.doublecue,1146,1
659,80817,2,1,800,trial.invalid,1692,1
659,80817,1,2,0,trial.validspatial,1700,0
659,80817,1,1,0,trial.validspatial,1511,0
659,80817,2,1,0,trial.validspatial,603,1
659,80817,1,1,400,trial.invalid,989,1
659,80817,1,2,800,trial.doublecue,1700,0
659,80817,2,2,0,trial.validspatial,1461,1
659,80817,2,2,0,trial.invalid,1700,0
659,80817,1,1,0,trial.validspatial,1013,0
659,80817,1,1,400,trial.invalid,998,1
659,80817,2,1,800,trial.validspatial,878,1
659,80817,2,2,400,trial.doublecue,1114,1
659,80817,2,1,0,trial.doublecue,816,1
659,80817,2,2,400,trial.validspatial,1596,1
659,80817,1,1,NaN,trial.nocue,1237,1
659,80817,2,1,0,trial.invalid,135,1
659,80817,1,2,800,trial.validspatial,1150,1
659,80817,1,2,800,trial.doublecue,992,1
659,80817,2,1,400,trial.validspatial,1700,0
659,80817,1,1,800,trial.validspatial,1219,1
659,80817,1,2,800,trial.validspatial,1074,1
659,80817,1,1,0,trial.validspatial,1055,0
659,80817,1,2,400,trial.validspatial,1314,1
659,80817,2,1,400,trial.invalid,934,0
659,80817,2,1,0,trial.invalid,1259,0
659,80817,2,2,NaN,trial.nocue,1177,1
659,80817,1,1,800,trial.validspatial,1042,0
659,80817,2,2,400,trial.validspatial,1077,1
659,80817,2,1,NaN,trial.nocue,1570,1
659,80817,1,1,400,trial.validspatial,1700,0
659,80817,1,2,NaN,trial.nocue,1028,1
659,80817,1,2,0,trial.validspatial,1291,0
659,80817,1,2,800,trial.validspatial,1212,1
659,80817,1,1,0,trial.validspatial,1064,1
659,80817,1,1,400,trial.validspatial,1035,0
