subject,date,location_congruence_val,flanker_congruence_val,cue_target_interval,cue_condition,latency,values.correct
587,80817,1,1,0,trial.validspatial,717,1
587,80817,1,2,0,trial.invalid,1504,1
587,80817,1,2,800,trial.validspatial,1136,0
587,80817,1,2,400,trial.validspatial,1081,1
587,80817,1,2,400,trial.doublecue,1070,1
587,80817,2,2,400,trial.validspatial,770,1
587,80817,2,1,400,trial.doublecue,835,1
587,80817,2,1,0,trial.validspatial,853,1
587,80817,2,1,400,trial.validspatial,599,1
587,80817,1,2,800,trial.validspatial,688,1
587,80817,1,1,800,trial.invalid,765,1
587,80817,2,1,400,trial.validspatial,697,1
587,80817,2,1,800,trial.validspatial,731,1
587,80817,2,2,0,trial.validspatial,909,1
587,80817,1,2,0,trial.validspatial,874,1
587,80817,1,1,400,trial.validspatial,708,1
587,80817,1,1,NaN,trial.nocue,971,1
587,80817,1,2,0,trial.validspatial,919,1
587,80817,1,1,NaN,trial.nocue,965,1
587,80817,2,2,0,trial.validspatial,1003,1
587,80817,2,1,800,trial.invalid,751,1
587,80817,2,2,NaN,trial.nocue,1018,1
587,80817,1,2,400,trial.invalid,904,0
587,80817,2,2,0,trial.doublecue,871,1
587,80817,1,2,NaN,trial.nocue,1015,1
587,80817,1,1,400,trial.validspatial,543,1
587,80817,1,1,800,trial.validspatial,537,1
587,80817,2,1,NaN,trial.nocue,895,1
587,80817,1,1,800,trial.doublecue,622,1
587,80817,2,2,0,trial.doublecue,1061,0
587,80817,1,1,0,trial.invalid,858,1
587,80817,1,1,0,trial.invalid,790,1
587,80817,2,1,0,trial.validspatial,628,1
587,80817,2,1,0,trial.validspatial,744,1
587,80817,1,1,400,trial.doublecue,705,1
587,80817,2,2,800,trial.validspatial,534,1
587,80817,2,2,800,trial.validspatial,903,1
587,80817,2,2,0,trial.validspatial,872,1
587,80817,1,2,400,trial.validspatial,756,0
587,80817,2,2,800,trial.invalid,883,1
587,80817,1,2,0,trial.invalid,849,1
587,80817,2,1,400,trial.validspatial,748,1
587,80817,2,1,400,trial.validspatial,565,1
587,80817,2,1,NaN,trial.nocue,640,1
587,80817,2,2,NaN,trial.nocue,957,1
587,80817,2,1,NaN,trial.nocue,759,1
587,80817,1,1,800,trial.validspatial,601,1
587,80817,1,1,NaN,trial.nocue,668,1
587,80817,2,1,800,trial.doublecue,560,1
587,80817,2,2,NaN,trial.nocue,823,1
587,80817,1,2,400,trial.validspatial,637,1
587,80817,1,1,400,trial.doublecue,687,1
587,80817,2,2,400,trial.invalid,891,0
587,80817,1,1,NaN,trial.nocue,530,1
587,80817,2,1,800,trial.validspatial,439,1
587,80817,2,2,0,trial.validspatial,966,1
587,80817,2,1,800,trial.doublecue,675,1
587,80817,2,1,400,trial.validspatial,425,1
587,80817,2,2,400,trial.validspatial,561,1
587,80817,2,1,0,trial.doublecue,760,1
587,80817,2,2,400,trial.validspatial,553,1
587,80817,2,2,400,trial.invalid,896,1
587,80817,2,2,800,trial.doublecue,601,1
587,80817,1,2,400,trial.doublecue,741,1
587,80817,1,2,0,trial.validspatial,869,1
587,80817,1,2,NaN,trial.nocue,943,1
587,80817,1,1,800,trial.invalid,753,1
587,80817,2,2,800,trial.validspatial,576,1
587,80817,2,1,800,trial.validspatial,447,1
587,80817,2,1,0,trial.validspatial,573,1
587,80817,2,2,NaN,trial.nocue,745,1
587,80817,2,2,800,trial.validspatial,603,1
587,80817,1,1,400,trial.validspatial,526,1
587,80817,1,2,800,trial.invalid,588,0
587,80817,2,2,0,trial.validspatial,817,1
587,80817,2,2,800,trial.validspatial,575,1
587,80817,1,1,800,trial.validspatial,670,1
587,80817,2,1,NaN,trial.nocue,745,1
587,80817,1,2,NaN,trial.nocue,768,1
587,80817,1,2,800,trial.validspatial,749,1
587,80817,1,2,0,trial.validspatial,869,1
587,80817,2,2,0,trial.invalid,917,1
587,80817,1,1,NaN,trial.nocue,763,1
587,80817,2,2,800,trial.validspatial,670,1
587,80817,2,1,800,trial.validspatial,543,1
587,80817,2,1,0,trial.validspatial,469,1
587,80817,1,1,800,trial.doublecue,540,1
587,80817,2,2,800,trial.invalid,762,1
587,80817,1,2,400,trial.validspatial,662,1
587,80817,2,1,800,trial.validspatial,708,1
587,80817,1,2,400,trial.invalid,827,1
587,80817,1,1,800,trial.validspatial,686,1
587,80817,2,2,400,trial.doublecue,844,1
587,80817,1,1,0,trial.validspatial,724,1
587,80817,2,1,NaN,trial.nocue,725,1
587,80817,2,1,400,trial.invalid,707,1
587,80817,1,2,800,trial.invalid,444,0
587,80817,1,2,0,trial.doublecue,865,1
587,80817,1,1,400,trial.validspatial,439,1
587,80817,1,2,400,trial.validspatial,792,1
587,80817,1,1,0,trial.doublecue,606,1
587,80817,1,1,0,trial.doublecue,518,1
587,80817,1,2,NaN,trial.nocue,733,1
587,80817,2,1,400,trial.doublecue,715,1
587,80817,2,2,400,trial.validspatial,414,0
587,80817,2,2,800,trial.doublecue,744,1
587,80817,2,2,NaN,trial.nocue,869,1
587,80817,1,2,NaN,trial.nocue,831,1
587,80817,1,2,0,trial.doublecue,771,1
587,80817,2,1,800,trial.invalid,609,1
587,80817,1,2,0,trial.validspatial,766,1
587,80817,1,1,0,trial.validspatial,698,1
587,80817,2,1,0,trial.validspatial,602,1
587,80817,1,1,400,trial.invalid,796,1
587,80817,1,2,800,trial.doublecue,792,1
587,80817,2,2,0,trial.validspatial,726,1
587,80817,2,2,0,trial.invalid,725,1
587,80817,1,1,0,trial.validspatial,599,1
587,80817,1,1,400,trial.invalid,491,1
587,80817,2,1,800,trial.validspatial,517,1
587,80817,2,2,400,trial.doublecue,537,0
587,80817,2,1,0,trial.doublecue,549,1
587,80817,2,2,400,trial.validspatial,631,1
587,80817,1,1,NaN,trial.nocue,864,1
587,80817,2,1,0,trial.invalid,485,1
587,80817,1,2,800,trial.validspatial,755,1
587,80817,1,2,800,trial.doublecue,914,1
587,80817,2,1,400,trial.validspatial,748,1
587,80817,1,1,800,trial.validspatial,482,1
587,80817,1,2,800,trial.validspatial,574,1
587,80817,1,1,0,trial.validspatial,745,1
587,80817,1,2,400,trial.validspatial,641,1
587,80817,2,1,400,trial.invalid,650,1
587,80817,2,1,0,trial.invalid,592,1
587,80817,2,2,NaN,trial.nocue,959,1
587,80817,1,1,800,trial.validspatial,466,1
587,80817,2,2,400,trial.validspatial,527,1
587,80817,2,1,NaN,trial.nocue,608,1
587,80817,1,1,400,trial.validspatial,506,1
587,80817,1,2,NaN,trial.nocue,789,1
587,80817,1,2,0,trial.validspatial,1004,1
587,80817,1,2,800,trial.validspatial,558,1
587,80817,1,1,0,trial.validspatial,460,1
587,80817,1,1,400,trial.validspatial,459,1
587,80817,1,1,0,trial.validspatial,485,1
587,80817,1,2,0,trial.invalid,790,1
587,80817,1,2,800,trial.validspatial,591,1
587,80817,1,2,400,trial.validspatial,464,0
587,80817,1,2,400,trial.doublecue,958,1
587,80817,2,2,400,trial.validspatial,665,1
587,80817,2,1,400,trial.doublecue,706,1
587,80817,2,1,0,trial.validspatial,628,1
587,80817,2,1,400,trial.validspatial,481,1
587,80817,1,2,800,trial.validspatial,666,1
587,80817,1,1,800,trial.invalid,656,1
587,80817,2,1,400,trial.validspatial,468,1
587,80817,2,1,800,trial.validspatial,504,1
587,80817,2,2,0,trial.validspatial,850,1
587,80817,1,2,0,trial.validspatial,703,1
587,80817,1,1,400,trial.validspatial,487,1
587,80817,1,1,NaN,trial.nocue,564,1
587,80817,1,2,0,trial.validspatial,865,1
587,80817,1,1,NaN,trial.nocue,751,1
587,80817,2,2,0,trial.validspatial,716,1
587,80817,2,1,800,trial.invalid,710,1
587,80817,2,2,NaN,trial.nocue,1026,1
587,80817,1,2,400,trial.invalid,935,1
587,80817,2,2,0,trial.doublecue,541,0
587,80817,1,2,NaN,trial.nocue,772,1
587,80817,1,1,400,trial.validspatial,564,1
587,80817,1,1,800,trial.validspatial,478,1
587,80817,2,1,NaN,trial.nocue,845,1
587,80817,1,1,800,trial.doublecue,548,1
587,80817,2,2,0,trial.doublecue,753,1
587,80817,1,1,0,trial.invalid,775,1
587,80817,1,1,0,trial.invalid,579,1
587,80817,2,1,0,trial.validspatial,503,1
587,80817,2,1,0,trial.validspatial,552,1
587,80817,1,1,400,trial.doublecue,616,1
587,80817,2,2,800,trial.validspatial,580,1
587,80817,2,2,800,trial.validspatial,733,1
587,80817,2,2,0,trial.validspatial,799,1
587,80817,1,2,400,trial.validspatial,835,1
587,80817,2,2,800,trial.invalid,746,1
587,80817,1,2,0,trial.invalid,842,1
587,80817,2,1,400,trial.validspatial,532,1
587,80817,2,1,400,trial.validspatial,693,1
587,80817,2,1,NaN,trial.nocue,848,1
587,80817,2,2,NaN,trial.nocue,939,1
587,80817,2,1,NaN,trial.nocue,687,1
587,80817,1,1,800,trial.validspatial,501,1
587,80817,1,1,NaN,trial.nocue,695,1
587,80817,2,1,800,trial.doublecue,579,1
587,80817,2,2,NaN,trial.nocue,888,1
587,80817,1,2,400,trial.validspatial,848,1
587,80817,1,1,400,trial.doublecue,624,1
587,80817,2,2,400,trial.invalid,903,1
587,80817,1,1,NaN,trial.nocue,694,1
587,80817,2,1,800,trial.validspatial,419,1
587,80817,2,2,0,trial.validspatial,922,1
587,80817,2,1,800,trial.doublecue,640,1
587,80817,2,1,400,trial.validspatial,477,1
587,80817,2,2,400,trial.validspatial,766,1
587,80817,2,1,0,trial.doublecue,732,1
587,80817,2,2,400,trial.validspatial,1011,1
587,80817,2,2,400,trial.invalid,843,1
587,80817,2,2,800,trial.doublecue,796,1
587,80817,1,2,400,trial.doublecue,769,1
587,80817,1,2,0,trial.validspatial,817,1
587,80817,1,2,NaN,trial.nocue,1067,1
587,80817,1,1,800,trial.invalid,717,1
587,80817,2,2,800,trial.validspatial,555,1
587,80817,2,1,800,trial.validspatial,387,1
587,80817,2,1,0,trial.validspatial,649,1
587,80817,2,2,NaN,trial.nocue,992,1
587,80817,2,2,800,trial.validspatial,545,1
587,80817,1,1,400,trial.validspatial,1700,0
587,80817,1,2,800,trial.invalid,694,1
587,80817,2,2,0,trial.validspatial,895,1
587,80817,2,2,800,trial.validspatial,992,1
587,80817,1,1,800,trial.validspatial,769,1
587,80817,2,1,NaN,trial.nocue,806,1
587,80817,1,2,NaN,trial.nocue,537,1
587,80817,1,2,800,trial.validspatial,682,1
587,80817,1,2,0,trial.validspatial,699,1
587,80817,2,2,0,trial.invalid,468,1
587,80817,1,1,NaN,trial.nocue,693,1
587,80817,2,2,800,trial.validspatial,723,1
587,80817,2,1,800,trial.validspatial,447,1
587,80817,2,1,0,trial.validspatial,499,1
587,80817,1,1,800,trial.doublecue,564,1
587,80817,2,2,800,trial.invalid,641,0
587,80817,1,2,400,trial.validspatial,542,1
587,80817,2,1,800,trial.validspatial,588,1
587,80817,1,2,400,trial.invalid,920,1
587,80817,1,1,800,trial.validspatial,670,1
587,80817,2,2,400,trial.doublecue,808,1
587,80817,1,1,0,trial.validspatial,740,1
587,80817,2,1,NaN,trial.nocue,512,0
587,80817,2,1,400,trial.invalid,971,1
587,80817,1,2,800,trial.invalid,897,1
587,80817,1,2,0,trial.doublecue,1038,1
587,80817,1,1,400,trial.validspatial,634,1
587,80817,1,2,400,trial.validspatial,692,1
587,80817,1,1,0,trial.doublecue,626,1
587,80817,1,1,0,trial.doublecue,640,1
587,80817,1,2,NaN,trial.nocue,760,1
587,80817,2,1,400,trial.doublecue,708,1
587,80817,2,2,400,trial.validspatial,685,1
587,80817,2,2,800,trial.doublecue,743,1
587,80817,2,2,NaN,trial.nocue,792,1
587,80817,1,2,NaN,trial.nocue,545,1
587,80817,1,2,0,trial.doublecue,766,1
587,80817,2,1,800,trial.invalid,663,1
587,80817,1,2,0,trial.validspatial,785,1
587,80817,1,1,0,trial.validspatial,740,1
587,80817,2,1,0,trial.validspatial,867,1
587,80817,1,1,400,trial.invalid,922,1
587,80817,1,2,800,trial.doublecue,494,1
587,80817,2,2,0,trial.validspatial,375,1
587,80817,2,2,0,trial.invalid,627,1
587,80817,1,1,0,trial.validspatial,992,1
587,80817,1,1,400,trial.invalid,465,1
587,80817,2,1,800,trial.validspatial,530,1
587,80817,2,2,400,trial.doublecue,622,1
587,80817,2,1,0,trial.doublecue,713,1
587,80817,2,2,400,trial.validspatial,792,1
587,80817,1,1,NaN,trial.nocue,686,1
587,80817,2,1,0,trial.invalid,720,1
587,80817,1,2,800,trial.validspatial,756,1
587,80817,1,2,800,trial.doublecue,795,1
587,80817,2,1,400,trial.validspatial,576,1
587,80817,1,1,800,trial.validspatial,950,1
587,80817,1,2,800,trial.validspatial,635,1
587,80817,1,1,0,trial.validspatial,768,1
587,80817,1,2,400,trial.validspatial,673,1
587,80817,2,1,400,trial.invalid,791,1
587,80817,2,1,0,trial.invalid,680,1
587,80817,2,2,NaN,trial.nocue,839,1
587,80817,1,1,800,trial.validspatial,889,1
587,80817,2,2,400,trial.validspatial,698,1
587,80817,2,1,NaN,trial.nocue,859,1
587,80817,1,1,400,trial.validspatial,893,1
587,80817,1,2,NaN,trial.nocue,840,1
587,80817,1,2,0,trial.validspatial,814,1
587,80817,1,2,800,trial.validspatial,646,1
587,80817,1,1,0,trial.validspatial,762,1
587,80817,1,1,400,trial.validspatial,942,1
