subject,date,location_congruence_val,flanker_congruence_val,cue_target_interval,cue_condition,latency,values.correct
78,110117,1,1,0,trial.validspatial,1394,1
78,110117,1,2,0,trial.invalid,1021,1
78,110117,1,2,800,trial.validspatial,616,0
78,110117,1,2,400,trial.validspatial,649,1
78,110117,1,2,400,trial.doublecue,690,1
78,110117,2,2,400,trial.validspatial,689,1
78,110117,2,1,400,trial.doublecue,362,1
78,110117,2,1,0,trial.validspatial,551,1
78,110117,2,1,400,trial.validspatial,449,1
78,110117,1,2,800,trial.validspatial,564,1
78,110117,1,1,800,trial.invalid,628,1
78,110117,2,1,400,trial.validspatial,465,1
78,110117,2,1,800,trial.validspatial,547,1
78,110117,2,2,0,trial.validspatial,602,1
78,110117,1,2,0,trial.validspatial,528,1
78,110117,1,1,400,trial.validspatial,405,1
78,110117,1,1,NaN,trial.nocue,383,1
78,110117,1,2,0,trial.validspatial,453,1
78,110117,1,1,NaN,trial.nocue,619,1
78,110117,2,2,0,trial.validspatial,419,0
78,110117,2,1,800,trial.invalid,560,1
78,110117,2,2,NaN,trial.nocue,451,1
78,110117,1,2,400,trial.invalid,617,1
78,110117,2,2,0,trial.doublecue,496,1
78,110117,1,2,NaN,trial.nocue,475,0
78,110117,1,1,400,trial.validspatial,454,1
78,110117,1,1,800,trial.validspatial,423,1
78,110117,2,1,NaN,trial.nocue,535,1
78,110117,1,1,800,trial.doublecue,591,1
78,110117,2,2,0,trial.doublecue,681,1
78,110117,1,1,0,trial.invalid,418,1
78,110117,1,1,0,trial.invalid,404,1
78,110117,2,1,0,trial.validspatial,607,1
78,110117,2,1,0,trial.validspatial,418,1
78,110117,1,1,400,trial.doublecue,380,1
78,110117,2,2,800,trial.validspatial,646,1
78,110117,2,2,800,trial.validspatial,704,1
78,110117,2,2,0,trial.validspatial,613,1
78,110117,1,2,400,trial.validspatial,636,1
78,110117,2,2,800,trial.invalid,356,0
78,110117,1,2,0,trial.invalid,489,0
78,110117,2,1,400,trial.validspatial,377,0
78,110117,2,1,400,trial.validspatial,423,1
78,110117,2,1,NaN,trial.nocue,521,1
78,110117,2,2,NaN,trial.nocue,742,1
78,110117,2,1,NaN,trial.nocue,456,1
78,110117,1,1,800,trial.validspatial,554,1
78,110117,1,1,NaN,trial.nocue,401,1
78,110117,2,1,800,trial.doublecue,649,1
78,110117,2,2,NaN,trial.nocue,455,0
78,110117,1,2,400,trial.validspatial,587,1
78,110117,1,1,400,trial.doublecue,403,1
78,110117,2,2,400,trial.invalid,377,0
78,110117,1,1,NaN,trial.nocue,506,1
78,110117,2,1,800,trial.validspatial,371,1
78,110117,2,2,0,trial.validspatial,517,1
78,110117,2,1,800,trial.doublecue,374,1
78,110117,2,1,400,trial.validspatial,532,1
78,110117,2,2,400,trial.validspatial,624,1
78,110117,2,1,0,trial.doublecue,467,1
78,110117,2,2,400,trial.validspatial,625,1
78,110117,2,2,400,trial.invalid,903,1
78,110117,2,2,800,trial.doublecue,660,1
78,110117,1,2,400,trial.doublecue,558,1
78,110117,1,2,0,trial.validspatial,626,1
78,110117,1,2,NaN,trial.nocue,580,1
78,110117,1,1,800,trial.invalid,379,1
78,110117,2,2,800,trial.validspatial,468,1
78,110117,2,1,800,trial.validspatial,500,1
78,110117,2,1,0,trial.validspatial,413,1
78,110117,2,2,NaN,trial.nocue,701,1
78,110117,2,2,800,trial.validspatial,455,1
78,110117,1,1,400,trial.validspatial,436,1
78,110117,1,2,800,trial.invalid,573,1
78,110117,2,2,0,trial.validspatial,451,0
78,110117,2,2,800,trial.validspatial,682,1
78,110117,1,1,800,trial.validspatial,529,1
78,110117,2,1,NaN,trial.nocue,506,1
78,110117,1,2,NaN,trial.nocue,526,1
78,110117,1,2,800,trial.validspatial,1700,0
78,110117,1,2,0,trial.validspatial,679,1
78,110117,2,2,0,trial.invalid,404,0
78,110117,1,1,NaN,trial.nocue,395,1
78,110117,2,2,800,trial.validspatial,376,0
78,110117,2,1,800,trial.validspatial,418,1
78,110117,2,1,0,trial.validspatial,523,1
78,110117,1,1,800,trial.doublecue,366,1
78,110117,2,2,800,trial.invalid,660,1
78,110117,1,2,400,trial.validspatial,479,1
78,110117,2,1,800,trial.validspatial,416,1
78,110117,1,2,400,trial.invalid,517,0
78,110117,1,1,800,trial.validspatial,530,1
78,110117,2,2,400,trial.doublecue,561,1
78,110117,1,1,0,trial.validspatial,341,1
78,110117,2,1,NaN,trial.nocue,406,1
78,110117,2,1,400,trial.invalid,478,1
78,110117,1,2,800,trial.invalid,702,1
78,110117,1,2,0,trial.doublecue,535,1
78,110117,1,1,400,trial.validspatial,538,1
78,110117,1,2,400,trial.validspatial,631,1
78,110117,1,1,0,trial.doublecue,348,1
78,110117,1,1,0,trial.doublecue,455,1
78,110117,1,2,NaN,trial.nocue,556,1
78,110117,2,1,400,trial.doublecue,565,1
78,110117,2,2,400,trial.validspatial,485,1
78,110117,2,2,800,trial.doublecue,455,0
78,110117,2,2,NaN,trial.nocue,552,1
78,110117,1,2,NaN,trial.nocue,632,1
78,110117,1,2,0,trial.doublecue,592,0
78,110117,2,1,800,trial.invalid,499,1
78,110117,1,2,0,trial.validspatial,364,0
78,110117,1,1,0,trial.validspatial,460,1
78,110117,2,1,0,trial.validspatial,524,1
78,110117,1,1,400,trial.invalid,591,1
78,110117,1,2,800,trial.doublecue,470,1
78,110117,2,2,0,trial.validspatial,699,1
78,110117,2,2,0,trial.invalid,581,1
78,110117,1,1,0,trial.validspatial,453,1
78,110117,1,1,400,trial.invalid,555,1
78,110117,2,1,800,trial.validspatial,526,1
78,110117,2,2,400,trial.doublecue,519,0
78,110117,2,1,0,trial.doublecue,520,1
78,110117,2,2,400,trial.validspatial,568,0
78,110117,1,1,NaN,trial.nocue,492,1
78,110117,2,1,0,trial.invalid,540,1
78,110117,1,2,800,trial.validspatial,667,1
78,110117,1,2,800,trial.doublecue,642,1
78,110117,2,1,400,trial.validspatial,561,1
78,110117,1,1,800,trial.validspatial,418,1
78,110117,1,2,800,trial.validspatial,547,0
78,110117,1,1,0,trial.validspatial,902,1
78,110117,1,2,400,trial.validspatial,585,1
78,110117,2,1,400,trial.invalid,625,1
78,110117,2,1,0,trial.invalid,1700,0
78,110117,2,2,NaN,trial.nocue,612,1
78,110117,1,1,800,trial.validspatial,355,1
78,110117,2,2,400,trial.validspatial,551,1
78,110117,2,1,NaN,trial.nocue,489,1
78,110117,1,1,400,trial.validspatial,433,1
78,110117,1,2,NaN,trial.nocue,583,1
78,110117,1,2,0,trial.validspatial,700,1
78,110117,1,2,800,trial.validspatial,586,1
78,110117,1,1,0,trial.validspatial,361,1
78,110117,1,1,400,trial.validspatial,366,1
78,110117,1,1,0,trial.validspatial,374,1
78,110117,1,2,0,trial.invalid,769,1
78,110117,1,2,800,trial.validspatial,1700,0
78,110117,1,2,400,trial.validspatial,512,1
78,110117,1,2,400,trial.doublecue,591,1
78,110117,2,2,400,trial.validspatial,476,1
78,110117,2,1,400,trial.doublecue,445,1
78,110117,2,1,0,trial.validspatial,438,1
78,110117,2,1,400,trial.validspatial,593,1
78,110117,1,2,800,trial.validspatial,482,1
78,110117,1,1,800,trial.invalid,719,1
78,110117,2,1,400,trial.validspatial,464,1
78,110117,2,1,800,trial.validspatial,344,1
78,110117,2,2,0,trial.validspatial,441,1
78,110117,1,2,0,trial.validspatial,1643,1
78,110117,1,1,400,trial.validspatial,360,1
78,110117,1,1,NaN,trial.nocue,56,1
78,110117,1,2,0,trial.validspatial,846,1
78,110117,1,1,NaN,trial.nocue,504,1
78,110117,2,2,0,trial.validspatial,431,0
78,110117,2,1,800,trial.invalid,559,1
78,110117,2,2,NaN,trial.nocue,1700,0
78,110117,1,2,400,trial.invalid,477,0
78,110117,2,2,0,trial.doublecue,1700,0
78,110117,1,2,NaN,trial.nocue,716,1
78,110117,1,1,400,trial.validspatial,423,1
78,110117,1,1,800,trial.validspatial,344,1
78,110117,2,1,NaN,trial.nocue,201,0
78,110117,1,1,800,trial.doublecue,394,1
78,110117,2,2,0,trial.doublecue,508,1
78,110117,1,1,0,trial.invalid,1700,0
78,110117,1,1,0,trial.invalid,1700,0
78,110117,2,1,0,trial.validspatial,1700,0
78,110117,2,1,0,trial.validspatial,433,1
78,110117,1,1,400,trial.doublecue,617,1
78,110117,2,2,800,trial.validspatial,450,0
78,110117,2,2,800,trial.validspatial,409,0
78,110117,2,2,0,trial.validspatial,508,1
78,110117,1,2,400,trial.validspatial,637,1
78,110117,2,2,800,trial.invalid,528,1
78,110117,1,2,0,trial.invalid,386,0
78,110117,2,1,400,trial.validspatial,355,1
78,110117,2,1,400,trial.validspatial,220,0
78,110117,2,1,NaN,trial.nocue,427,1
78,110117,2,2,NaN,trial.nocue,373,0
78,110117,2,1,NaN,trial.nocue,577,1
78,110117,1,1,800,trial.validspatial,350,1
78,110117,1,1,NaN,trial.nocue,344,1
78,110117,2,1,800,trial.doublecue,480,1
78,110117,2,2,NaN,trial.nocue,464,0
78,110117,1,2,400,trial.validspatial,454,1
78,110117,1,1,400,trial.doublecue,356,1
78,110117,2,2,400,trial.invalid,393,0
78,110117,1,1,NaN,trial.nocue,449,1
78,110117,2,1,800,trial.validspatial,532,1
78,110117,2,2,0,trial.validspatial,455,1
78,110117,2,1,800,trial.doublecue,529,1
78,110117,2,1,400,trial.validspatial,522,1
78,110117,2,2,400,trial.validspatial,541,1
78,110117,2,1,0,trial.doublecue,463,1
78,110117,2,2,400,trial.validspatial,572,1
78,110117,2,2,400,trial.invalid,432,1
78,110117,2,2,800,trial.doublecue,462,0
78,110117,1,2,400,trial.doublecue,454,1
78,110117,1,2,0,trial.validspatial,602,1
78,110117,1,2,NaN,trial.nocue,591,1
78,110117,1,1,800,trial.invalid,439,1
78,110117,2,2,800,trial.validspatial,441,1
78,110117,2,1,800,trial.validspatial,677,1
78,110117,2,1,0,trial.validspatial,592,1
78,110117,2,2,NaN,trial.nocue,519,0
78,110117,2,2,800,trial.validspatial,500,1
78,110117,1,1,400,trial.validspatial,1700,0
78,110117,1,2,800,trial.invalid,445,1
78,110117,2,2,0,trial.validspatial,519,0
78,110117,2,2,800,trial.validspatial,449,1
78,110117,1,1,800,trial.validspatial,460,0
78,110117,2,1,NaN,trial.nocue,569,1
78,110117,1,2,NaN,trial.nocue,423,0
78,110117,1,2,800,trial.validspatial,475,1
78,110117,1,2,0,trial.validspatial,457,1
78,110117,2,2,0,trial.invalid,361,0
78,110117,1,1,NaN,trial.nocue,436,0
78,110117,2,2,800,trial.validspatial,557,1
78,110117,2,1,800,trial.validspatial,453,1
78,110117,2,1,0,trial.validspatial,425,0
78,110117,1,1,800,trial.doublecue,502,1
78,110117,2,2,800,trial.invalid,485,1
78,110117,1,2,400,trial.validspatial,441,1
78,110117,2,1,800,trial.validspatial,406,1
78,110117,1,2,400,trial.invalid,402,0
78,110117,1,1,800,trial.validspatial,496,1
78,110117,2,2,400,trial.doublecue,410,0
78,110117,1,1,0,trial.validspatial,406,1
78,110117,2,1,NaN,trial.nocue,730,1
78,110117,2,1,400,trial.invalid,574,1
78,110117,1,2,800,trial.invalid,560,1
78,110117,1,2,0,trial.doublecue,531,1
78,110117,1,1,400,trial.validspatial,419,1
78,110117,1,2,400,trial.validspatial,510,1
78,110117,1,1,0,trial.doublecue,1700,0
78,110117,1,1,0,trial.doublecue,598,1
78,110117,1,2,NaN,trial.nocue,1139,0
78,110117,2,1,400,trial.doublecue,460,1
78,110117,2,2,400,trial.validspatial,821,1
78,110117,2,2,800,trial.doublecue,390,0
78,110117,2,2,NaN,trial.nocue,367,0
78,110117,1,2,NaN,trial.nocue,421,1
78,110117,1,2,0,trial.doublecue,384,0
78,110117,2,1,800,trial.invalid,494,1
78,110117,1,2,0,trial.validspatial,407,0
78,110117,1,1,0,trial.validspatial,462,1
78,110117,2,1,0,trial.validspatial,732,1
78,110117,1,1,400,trial.invalid,494,0
78,110117,1,2,800,trial.doublecue,438,1
78,110117,2,2,0,trial.validspatial,616,1
78,110117,2,2,0,trial.invalid,1700,0
78,110117,1,1,0,trial.validspatial,539,1
78,110117,1,1,400,trial.invalid,543,1
78,110117,2,1,800,trial.validspatial,367,1
78,110117,2,2,400,trial.doublecue,475,1
78,110117,2,1,0,trial.doublecue,585,1
78,110117,2,2,400,trial.validspatial,616,1
78,110117,1,1,NaN,trial.nocue,445,1
78,110117,2,1,0,trial.invalid,588,1
78,110117,1,2,800,trial.validspatial,454,0
78,110117,1,2,800,trial.doublecue,341,1
78,110117,2,1,400,trial.validspatial,489,1
78,110117,1,1,800,trial.validspatial,445,0
78,110117,1,2,800,trial.validspatial,435,1
78,110117,1,1,0,trial.validspatial,420,1
78,110117,1,2,400,trial.validspatial,506,0
78,110117,2,1,400,trial.invalid,436,1
78,110117,2,1,0,trial.invalid,469,1
78,110117,2,2,NaN,trial.nocue,409,0
78,110117,1,1,800,trial.validspatial,487,1
78,110117,2,2,400,trial.validspatial,383,0
78,110117,2,1,NaN,trial.nocue,742,1
78,110117,1,1,400,trial.validspatial,485,1
78,110117,1,2,NaN,trial.nocue,547,1
78,110117,1,2,0,trial.validspatial,428,1
78,110117,1,2,800,trial.validspatial,388,1
78,110117,1,1,0,trial.validspatial,501,1
78,110117,1,1,400,trial.validspatial,722,1
