subject,date,location_congruence_val,flanker_congruence_val,cue_target_interval,cue_condition,latency,values.correct
106,110217,1,1,0,trial.validspatial,512,1
106,110217,1,2,0,trial.invalid,372,1
106,110217,1,2,800,trial.validspatial,631,0
106,110217,1,2,400,trial.validspatial,399,0
106,110217,1,2,400,trial.doublecue,416,1
106,110217,2,2,400,trial.validspatial,212,0
106,110217,2,1,400,trial.doublecue,332,0
106,110217,2,1,0,trial.validspatial,475,0
106,110217,2,1,400,trial.validspatial,435,0
106,110217,1,2,800,trial.validspatial,1700,0
106,110217,1,1,800,trial.invalid,599,1
106,110217,2,1,400,trial.validspatial,540,1
106,110217,2,1,800,trial.validspatial,473,1
106,110217,2,2,0,trial.validspatial,660,0
106,110217,1,2,0,trial.validspatial,591,1
106,110217,1,1,400,trial.validspatial,364,1
106,110217,1,1,NaN,trial.nocue,359,1
106,110217,1,2,0,trial.validspatial,470,1
106,110217,1,1,NaN,trial.nocue,463,1
106,110217,2,2,0,trial.validspatial,637,0
106,110217,2,1,800,trial.invalid,442,0
106,110217,2,2,NaN,trial.nocue,672,0
106,110217,1,2,400,trial.invalid,420,1
106,110217,2,2,0,trial.doublecue,499,0
106,110217,1,2,NaN,trial.nocue,458,1
106,110217,1,1,400,trial.validspatial,475,1
106,110217,1,1,800,trial.validspatial,348,1
106,110217,2,1,NaN,trial.nocue,520,1
106,110217,1,1,800,trial.doublecue,375,1
106,110217,2,2,0,trial.doublecue,369,0
106,110217,1,1,0,trial.invalid,359,1
106,110217,1,1,0,trial.invalid,358,1
106,110217,2,1,0,trial.validspatial,491,1
106,110217,2,1,0,trial.validspatial,394,1
106,110217,1,1,400,trial.doublecue,372,1
106,110217,2,2,800,trial.validspatial,581,0
106,110217,2,2,800,trial.validspatial,316,0
106,110217,2,2,0,trial.validspatial,480,0
106,110217,1,2,400,trial.validspatial,512,1
106,110217,2,2,800,trial.invalid,359,0
106,110217,1,2,0,trial.invalid,622,1
106,110217,2,1,400,trial.validspatial,375,0
106,110217,2,1,400,trial.validspatial,489,1
106,110217,2,1,NaN,trial.nocue,412,1
106,110217,2,2,NaN,trial.nocue,545,0
106,110217,2,1,NaN,trial.nocue,527,1
106,110217,1,1,800,trial.validspatial,379,1
106,110217,1,1,NaN,trial.nocue,348,1
106,110217,2,1,800,trial.doublecue,455,1
106,110217,2,2,NaN,trial.nocue,429,0
106,110217,1,2,400,trial.validspatial,516,1
106,110217,1,1,400,trial.doublecue,383,1
106,110217,2,2,400,trial.invalid,355,0
106,110217,1,1,NaN,trial.nocue,414,1
106,110217,2,1,800,trial.validspatial,400,1
106,110217,2,2,0,trial.validspatial,593,0
106,110217,2,1,800,trial.doublecue,372,0
106,110217,2,1,400,trial.validspatial,346,1
106,110217,2,2,400,trial.validspatial,401,0
106,110217,2,1,0,trial.doublecue,424,1
106,110217,2,2,400,trial.validspatial,491,0
106,110217,2,2,400,trial.invalid,622,0
106,110217,2,2,800,trial.doublecue,420,0
106,110217,1,2,400,trial.doublecue,499,0
106,110217,1,2,0,trial.validspatial,423,1
106,110217,1,2,NaN,trial.nocue,571,0
106,110217,1,1,800,trial.invalid,456,1
106,110217,2,2,800,trial.validspatial,461,0
106,110217,2,1,800,trial.validspatial,395,1
106,110217,2,1,0,trial.validspatial,451,0
106,110217,2,2,NaN,trial.nocue,483,0
106,110217,2,2,800,trial.validspatial,491,0
106,110217,1,1,400,trial.validspatial,379,1
106,110217,1,2,800,trial.invalid,394,1
106,110217,2,2,0,trial.validspatial,503,0
106,110217,2,2,800,trial.validspatial,495,0
106,110217,1,1,800,trial.validspatial,357,1
106,110217,2,1,NaN,trial.nocue,528,1
106,110217,1,2,NaN,trial.nocue,423,0
106,110217,1,2,800,trial.validspatial,692,1
106,110217,1,2,0,trial.validspatial,702,1
106,110217,2,2,0,trial.invalid,587,0
106,110217,1,1,NaN,trial.nocue,487,1
106,110217,2,2,800,trial.validspatial,483,0
106,110217,2,1,800,trial.validspatial,457,1
106,110217,2,1,0,trial.validspatial,444,1
106,110217,1,1,800,trial.doublecue,482,1
106,110217,2,2,800,trial.invalid,596,0
106,110217,1,2,400,trial.validspatial,496,1
106,110217,2,1,800,trial.validspatial,441,1
106,110217,1,2,400,trial.invalid,419,0
106,110217,1,1,800,trial.validspatial,349,1
106,110217,2,2,400,trial.doublecue,508,0
106,110217,1,1,0,trial.validspatial,418,1
106,110217,2,1,NaN,trial.nocue,468,1
106,110217,2,1,400,trial.invalid,500,1
106,110217,1,2,800,trial.invalid,423,0
106,110217,1,2,0,trial.doublecue,610,1
106,110217,1,1,400,trial.validspatial,370,1
106,110217,1,2,400,trial.validspatial,473,1
106,110217,1,1,0,trial.doublecue,452,1
106,110217,1,1,0,trial.doublecue,410,1
106,110217,1,2,NaN,trial.nocue,572,1
106,110217,2,1,400,trial.doublecue,503,0
106,110217,2,2,400,trial.validspatial,451,0
106,110217,2,2,800,trial.doublecue,579,0
106,110217,2,2,NaN,trial.nocue,519,0
106,110217,1,2,NaN,trial.nocue,516,1
106,110217,1,2,0,trial.doublecue,463,1
106,110217,2,1,800,trial.invalid,482,0
106,110217,1,2,0,trial.validspatial,551,1
106,110217,1,1,0,trial.validspatial,441,1
106,110217,2,1,0,trial.validspatial,472,1
106,110217,1,1,400,trial.invalid,509,1
106,110217,1,2,800,trial.doublecue,482,0
106,110217,2,2,0,trial.validspatial,578,0
106,110217,2,2,0,trial.invalid,527,0
106,110217,1,1,0,trial.validspatial,399,1
106,110217,1,1,400,trial.invalid,446,1
106,110217,2,1,800,trial.validspatial,495,1
106,110217,2,2,400,trial.doublecue,734,0
106,110217,2,1,0,trial.doublecue,623,1
106,110217,2,2,400,trial.validspatial,524,0
106,110217,1,1,NaN,trial.nocue,468,1
106,110217,2,1,0,trial.invalid,540,1
106,110217,1,2,800,trial.validspatial,660,1
106,110217,1,2,800,trial.doublecue,556,0
106,110217,2,1,400,trial.validspatial,493,1
106,110217,1,1,800,trial.validspatial,499,1
106,110217,1,2,800,trial.validspatial,616,1
106,110217,1,1,0,trial.validspatial,597,1
106,110217,1,2,400,trial.validspatial,556,1
106,110217,2,1,400,trial.invalid,652,1
106,110217,2,1,0,trial.invalid,510,1
106,110217,2,2,NaN,trial.nocue,470,0
106,110217,1,1,800,trial.validspatial,514,1
106,110217,2,2,400,trial.validspatial,570,0
106,110217,2,1,NaN,trial.nocue,573,1
106,110217,1,1,400,trial.validspatial,484,1
106,110217,1,2,NaN,trial.nocue,516,0
106,110217,1,2,0,trial.validspatial,650,1
106,110217,1,2,800,trial.validspatial,564,0
106,110217,1,1,0,trial.validspatial,506,1
106,110217,1,1,400,trial.validspatial,450,1
106,110217,1,1,0,trial.validspatial,459,1
106,110217,1,2,0,trial.invalid,648,1
106,110217,1,2,800,trial.validspatial,631,1
106,110217,1,2,400,trial.validspatial,587,1
106,110217,1,2,400,trial.doublecue,540,1
106,110217,2,2,400,trial.validspatial,528,0
106,110217,2,1,400,trial.doublecue,644,1
106,110217,2,1,0,trial.validspatial,469,1
106,110217,2,1,400,trial.validspatial,412,1
106,110217,1,2,800,trial.validspatial,571,1
106,110217,1,1,800,trial.invalid,445,1
106,110217,2,1,400,trial.validspatial,574,1
106,110217,2,1,800,trial.validspatial,399,1
106,110217,2,2,0,trial.validspatial,689,0
106,110217,1,2,0,trial.validspatial,529,0
106,110217,1,1,400,trial.validspatial,476,1
106,110217,1,1,NaN,trial.nocue,484,1
106,110217,1,2,0,trial.validspatial,624,1
106,110217,1,1,NaN,trial.nocue,462,1
106,110217,2,2,0,trial.validspatial,470,0
106,110217,2,1,800,trial.invalid,486,1
106,110217,2,2,NaN,trial.nocue,919,0
106,110217,1,2,400,trial.invalid,628,1
106,110217,2,2,0,trial.doublecue,472,0
106,110217,1,2,NaN,trial.nocue,537,1
106,110217,1,1,400,trial.validspatial,414,1
106,110217,1,1,800,trial.validspatial,376,1
106,110217,2,1,NaN,trial.nocue,463,1
106,110217,1,1,800,trial.doublecue,407,1
106,110217,2,2,0,trial.doublecue,537,0
106,110217,1,1,0,trial.invalid,466,1
106,110217,1,1,0,trial.invalid,435,1
106,110217,2,1,0,trial.validspatial,513,1
106,110217,2,1,0,trial.validspatial,571,1
106,110217,1,1,400,trial.doublecue,411,1
106,110217,2,2,800,trial.validspatial,399,0
106,110217,2,2,800,trial.validspatial,423,0
106,110217,2,2,0,trial.validspatial,447,0
106,110217,1,2,400,trial.validspatial,475,0
106,110217,2,2,800,trial.invalid,548,0
106,110217,1,2,0,trial.invalid,431,1
106,110217,2,1,400,trial.validspatial,478,1
106,110217,2,1,400,trial.validspatial,461,1
106,110217,2,1,NaN,trial.nocue,583,1
106,110217,2,2,NaN,trial.nocue,468,0
106,110217,2,1,NaN,trial.nocue,405,0
106,110217,1,1,800,trial.validspatial,431,1
106,110217,1,1,NaN,trial.nocue,426,1
106,110217,2,1,800,trial.doublecue,483,1
106,110217,2,2,NaN,trial.nocue,561,0
106,110217,1,2,400,trial.validspatial,560,1
106,110217,1,1,400,trial.doublecue,409,1
106,110217,2,2,400,trial.invalid,358,0
106,110217,1,1,NaN,trial.nocue,458,1
106,110217,2,1,800,trial.validspatial,377,0
106,110217,2,2,0,trial.validspatial,442,0
106,110217,2,1,800,trial.doublecue,411,1
106,110217,2,1,400,trial.validspatial,414,1
106,110217,2,2,400,trial.validspatial,335,0
106,110217,2,1,0,trial.doublecue,432,1
106,110217,2,2,400,trial.validspatial,433,0
106,110217,2,2,400,trial.invalid,434,0
106,110217,2,2,800,trial.doublecue,415,0
106,110217,1,2,400,trial.doublecue,444,0
106,110217,1,2,0,trial.validspatial,489,1
106,110217,1,2,NaN,trial.nocue,463,1
106,110217,1,1,800,trial.invalid,386,1
106,110217,2,2,800,trial.validspatial,387,0
106,110217,2,1,800,trial.validspatial,431,1
106,110217,2,1,0,trial.validspatial,511,1
106,110217,2,2,NaN,trial.nocue,402,0
106,110217,2,2,800,trial.validspatial,423,0
106,110217,1,1,400,trial.validspatial,1700,0
106,110217,1,2,800,trial.invalid,514,1
106,110217,2,2,0,trial.validspatial,557,1
106,110217,2,2,800,trial.validspatial,461,1
106,110217,1,1,800,trial.validspatial,529,1
106,110217,2,1,NaN,trial.nocue,414,1
106,110217,1,2,NaN,trial.nocue,301,0
106,110217,1,2,800,trial.validspatial,392,0
106,110217,1,2,0,trial.validspatial,431,1
106,110217,2,2,0,trial.invalid,389,1
106,110217,1,1,NaN,trial.nocue,568,1
106,110217,2,2,800,trial.validspatial,464,1
106,110217,2,1,800,trial.validspatial,613,1
106,110217,2,1,0,trial.validspatial,373,1
106,110217,1,1,800,trial.doublecue,499,0
106,110217,2,2,800,trial.invalid,487,0
106,110217,1,2,400,trial.validspatial,409,1
106,110217,2,1,800,trial.validspatial,466,1
106,110217,1,2,400,trial.invalid,588,1
106,110217,1,1,800,trial.validspatial,466,1
106,110217,2,2,400,trial.doublecue,449,0
106,110217,1,1,0,trial.validspatial,452,0
106,110217,2,1,NaN,trial.nocue,782,0
106,110217,2,1,400,trial.invalid,586,1
106,110217,1,2,800,trial.invalid,498,0
106,110217,1,2,0,trial.doublecue,531,1
106,110217,1,1,400,trial.validspatial,389,1
106,110217,1,2,400,trial.validspatial,380,1
106,110217,1,1,0,trial.doublecue,533,1
106,110217,1,1,0,trial.doublecue,433,1
106,110217,1,2,NaN,trial.nocue,432,0
106,110217,2,1,400,trial.doublecue,386,1
106,110217,2,2,400,trial.validspatial,454,1
106,110217,2,2,800,trial.doublecue,557,1
106,110217,2,2,NaN,trial.nocue,426,1
106,110217,1,2,NaN,trial.nocue,405,1
106,110217,1,2,0,trial.doublecue,569,0
106,110217,2,1,800,trial.invalid,594,0
106,110217,1,2,0,trial.validspatial,476,0
106,110217,1,1,0,trial.validspatial,536,1
106,110217,2,1,0,trial.validspatial,489,0
106,110217,1,1,400,trial.invalid,632,1
106,110217,1,2,800,trial.doublecue,626,0
106,110217,2,2,0,trial.validspatial,569,1
106,110217,2,2,0,trial.invalid,504,1
106,110217,1,1,0,trial.validspatial,592,0
106,110217,1,1,400,trial.invalid,510,1
106,110217,2,1,800,trial.validspatial,378,1
106,110217,2,2,400,trial.doublecue,417,1
106,110217,2,1,0,trial.doublecue,499,1
106,110217,2,2,400,trial.validspatial,672,0
106,110217,1,1,NaN,trial.nocue,413,0
106,110217,2,1,0,trial.invalid,465,1
106,110217,1,2,800,trial.validspatial,448,0
106,110217,1,2,800,trial.doublecue,392,1
106,110217,2,1,400,trial.validspatial,480,1
106,110217,1,1,800,trial.validspatial,515,0
106,110217,1,2,800,trial.validspatial,490,1
106,110217,1,1,0,trial.validspatial,354,1
106,110217,1,2,400,trial.validspatial,566,0
106,110217,2,1,400,trial.invalid,514,1
106,110217,2,1,0,trial.invalid,442,0
106,110217,2,2,NaN,trial.nocue,473,0
106,110217,1,1,800,trial.validspatial,449,0
106,110217,2,2,400,trial.validspatial,490,1
106,110217,2,1,NaN,trial.nocue,640,1
106,110217,1,1,400,trial.validspatial,445,1
106,110217,1,2,NaN,trial.nocue,453,1
106,110217,1,2,0,trial.validspatial,500,0
106,110217,1,2,800,trial.validspatial,491,1
106,110217,1,1,0,trial.validspatial,496,1
106,110217,1,1,400,trial.validspatial,524,0
