subject,date,location_congruence_val,flanker_congruence_val,cue_target_interval,cue_condition,latency,values.correct
32,61317,1,1,0,trial.validspatial,1566,1
32,61317,1,2,0,trial.invalid,1279,1
32,61317,1,2,800,trial.validspatial,806,1
32,61317,1,2,400,trial.validspatial,955,1
32,61317,1,2,400,trial.doublecue,1104,1
32,61317,2,2,400,trial.validspatial,724,1
32,61317,2,1,400,trial.doublecue,883,0
32,61317,2,1,0,trial.validspatial,778,1
32,61317,2,1,400,trial.validspatial,717,1
32,61317,1,2,800,trial.validspatial,961,1
32,61317,1,1,800,trial.invalid,794,1
32,61317,2,1,400,trial.validspatial,752,1
32,61317,2,1,800,trial.validspatial,902,1
32,61317,2,2,0,trial.validspatial,815,1
32,61317,1,2,0,trial.validspatial,1100,1
32,61317,1,1,400,trial.validspatial,777,1
32,61317,1,1,NaN,trial.nocue,726,1
32,61317,1,2,0,trial.validspatial,926,1
32,61317,1,1,NaN,trial.nocue,882,1
32,61317,2,2,0,trial.validspatial,894,1
32,61317,2,1,800,trial.invalid,802,0
32,61317,2,2,NaN,trial.nocue,751,1
32,61317,1,2,400,trial.invalid,528,1
32,61317,2,2,0,trial.doublecue,858,1
32,61317,1,2,NaN,trial.nocue,763,1
32,61317,1,1,400,trial.validspatial,747,1
32,61317,1,1,800,trial.validspatial,598,1
32,61317,2,1,NaN,trial.nocue,775,1
32,61317,1,1,800,trial.doublecue,642,1
32,61317,2,2,0,trial.doublecue,781,1
32,61317,1,1,0,trial.invalid,766,1
32,61317,1,1,0,trial.invalid,804,1
32,61317,2,1,0,trial.validspatial,709,1
32,61317,2,1,0,trial.validspatial,832,1
32,61317,1,1,400,trial.doublecue,684,1
32,61317,2,2,800,trial.validspatial,592,0
32,61317,2,2,800,trial.validspatial,761,1
32,61317,2,2,0,trial.validspatial,875,1
32,61317,1,2,400,trial.validspatial,1003,1
32,61317,2,2,800,trial.invalid,823,1
32,61317,1,2,0,trial.invalid,1070,1
32,61317,2,1,400,trial.validspatial,1140,1
32,61317,2,1,400,trial.validspatial,615,1
32,61317,2,1,NaN,trial.nocue,820,1
32,61317,2,2,NaN,trial.nocue,989,1
32,61317,2,1,NaN,trial.nocue,841,1
32,61317,1,1,800,trial.validspatial,602,1
32,61317,1,1,NaN,trial.nocue,778,1
32,61317,2,1,800,trial.doublecue,892,1
32,61317,2,2,NaN,trial.nocue,836,1
32,61317,1,2,400,trial.validspatial,785,1
32,61317,1,1,400,trial.doublecue,577,1
32,61317,2,2,400,trial.invalid,800,1
32,61317,1,1,NaN,trial.nocue,625,1
32,61317,2,1,800,trial.validspatial,596,1
32,61317,2,2,0,trial.validspatial,801,1
32,61317,2,1,800,trial.doublecue,735,1
32,61317,2,1,400,trial.validspatial,658,1
32,61317,2,2,400,trial.validspatial,661,1
32,61317,2,1,0,trial.doublecue,777,1
32,61317,2,2,400,trial.validspatial,932,1
32,61317,2,2,400,trial.invalid,1055,1
32,61317,2,2,800,trial.doublecue,748,1
32,61317,1,2,400,trial.doublecue,772,1
32,61317,1,2,0,trial.validspatial,987,1
32,61317,1,2,NaN,trial.nocue,793,1
32,61317,1,1,800,trial.invalid,545,1
32,61317,2,2,800,trial.validspatial,868,1
32,61317,2,1,800,trial.validspatial,707,1
32,61317,2,1,0,trial.validspatial,751,1
32,61317,2,2,NaN,trial.nocue,979,1
32,61317,2,2,800,trial.validspatial,826,1
32,61317,1,1,400,trial.validspatial,531,1
32,61317,1,2,800,trial.invalid,878,1
32,61317,2,2,0,trial.validspatial,700,1
32,61317,2,2,800,trial.validspatial,858,1
32,61317,1,1,800,trial.validspatial,789,1
32,61317,2,1,NaN,trial.nocue,762,1
32,61317,1,2,NaN,trial.nocue,885,1
32,61317,1,2,800,trial.validspatial,933,1
32,61317,1,2,0,trial.validspatial,982,1
32,61317,2,2,0,trial.invalid,987,1
32,61317,1,1,NaN,trial.nocue,773,1
32,61317,2,2,800,trial.validspatial,722,1
32,61317,2,1,800,trial.validspatial,742,1
32,61317,2,1,0,trial.validspatial,575,1
32,61317,1,1,800,trial.doublecue,587,1
32,61317,2,2,800,trial.invalid,661,0
32,61317,1,2,400,trial.validspatial,817,1
32,61317,2,1,800,trial.validspatial,775,1
32,61317,1,2,400,trial.invalid,969,1
32,61317,1,1,800,trial.validspatial,1001,1
32,61317,2,2,400,trial.doublecue,781,1
32,61317,1,1,0,trial.validspatial,753,1
32,61317,2,1,NaN,trial.nocue,616,1
32,61317,2,1,400,trial.invalid,721,1
32,61317,1,2,800,trial.invalid,797,1
32,61317,1,2,0,trial.doublecue,1008,1
32,61317,1,1,400,trial.validspatial,554,1
32,61317,1,2,400,trial.validspatial,548,0
32,61317,1,1,0,trial.doublecue,653,1
32,61317,1,1,0,trial.doublecue,594,1
32,61317,1,2,NaN,trial.nocue,809,1
32,61317,2,1,400,trial.doublecue,1014,1
32,61317,2,2,400,trial.validspatial,756,1
32,61317,2,2,800,trial.doublecue,950,1
32,61317,2,2,NaN,trial.nocue,858,1
32,61317,1,2,NaN,trial.nocue,807,1
32,61317,1,2,0,trial.doublecue,972,1
32,61317,2,1,800,trial.invalid,767,1
32,61317,1,2,0,trial.validspatial,844,1
32,61317,1,1,0,trial.validspatial,631,1
32,61317,2,1,0,trial.validspatial,673,1
32,61317,1,1,400,trial.invalid,713,1
32,61317,1,2,800,trial.doublecue,866,1
32,61317,2,2,0,trial.validspatial,906,1
32,61317,2,2,0,trial.invalid,1053,0
32,61317,1,1,0,trial.validspatial,769,1
32,61317,1,1,400,trial.invalid,685,1
32,61317,2,1,800,trial.validspatial,615,1
32,61317,2,2,400,trial.doublecue,601,0
32,61317,2,1,0,trial.doublecue,610,0
32,61317,2,2,400,trial.validspatial,531,1
32,61317,1,1,NaN,trial.nocue,639,1
32,61317,2,1,0,trial.invalid,722,1
32,61317,1,2,800,trial.validspatial,937,1
32,61317,1,2,800,trial.doublecue,1158,1
32,61317,2,1,400,trial.validspatial,785,1
32,61317,1,1,800,trial.validspatial,738,1
32,61317,1,2,800,trial.validspatial,982,1
32,61317,1,1,0,trial.validspatial,541,1
32,61317,1,2,400,trial.validspatial,721,1
32,61317,2,1,400,trial.invalid,1057,0
32,61317,2,1,0,trial.invalid,897,1
32,61317,2,2,NaN,trial.nocue,955,1
32,61317,1,1,800,trial.validspatial,571,1
32,61317,2,2,400,trial.validspatial,812,1
32,61317,2,1,NaN,trial.nocue,824,1
32,61317,1,1,400,trial.validspatial,665,1
32,61317,1,2,NaN,trial.nocue,829,1
32,61317,1,2,0,trial.validspatial,904,1
32,61317,1,2,800,trial.validspatial,793,1
32,61317,1,1,0,trial.validspatial,620,1
32,61317,1,1,400,trial.validspatial,488,1
32,61317,1,1,0,trial.validspatial,795,1
32,61317,1,2,0,trial.invalid,1025,1
32,61317,1,2,800,trial.validspatial,1050,1
32,61317,1,2,400,trial.validspatial,908,1
32,61317,1,2,400,trial.doublecue,908,1
32,61317,2,2,400,trial.validspatial,763,1
32,61317,2,1,400,trial.doublecue,869,1
32,61317,2,1,0,trial.validspatial,658,1
32,61317,2,1,400,trial.validspatial,580,1
32,61317,1,2,800,trial.validspatial,769,1
32,61317,1,1,800,trial.invalid,783,1
32,61317,2,1,400,trial.validspatial,631,1
32,61317,2,1,800,trial.validspatial,689,1
32,61317,2,2,0,trial.validspatial,586,0
32,61317,1,2,0,trial.validspatial,1092,0
32,61317,1,1,400,trial.validspatial,806,1
32,61317,1,1,NaN,trial.nocue,711,1
32,61317,1,2,0,trial.validspatial,849,1
32,61317,1,1,NaN,trial.nocue,792,1
32,61317,2,2,0,trial.validspatial,902,1
32,61317,2,1,800,trial.invalid,1049,1
32,61317,2,2,NaN,trial.nocue,710,0
32,61317,1,2,400,trial.invalid,1033,1
32,61317,2,2,0,trial.doublecue,1076,1
32,61317,1,2,NaN,trial.nocue,901,1
32,61317,1,1,400,trial.validspatial,657,1
32,61317,1,1,800,trial.validspatial,721,1
32,61317,2,1,NaN,trial.nocue,803,1
32,61317,1,1,800,trial.doublecue,758,1
32,61317,2,2,0,trial.doublecue,1010,1
32,61317,1,1,0,trial.invalid,823,1
32,61317,1,1,0,trial.invalid,692,1
32,61317,2,1,0,trial.validspatial,660,1
32,61317,2,1,0,trial.validspatial,791,1
32,61317,1,1,400,trial.doublecue,656,1
32,61317,2,2,800,trial.validspatial,827,1
32,61317,2,2,800,trial.validspatial,920,1
32,61317,2,2,0,trial.validspatial,853,1
32,61317,1,2,400,trial.validspatial,979,1
32,61317,2,2,800,trial.invalid,827,1
32,61317,1,2,0,trial.invalid,1003,1
32,61317,2,1,400,trial.validspatial,723,1
32,61317,2,1,400,trial.validspatial,605,1
32,61317,2,1,NaN,trial.nocue,807,1
32,61317,2,2,NaN,trial.nocue,879,1
32,61317,2,1,NaN,trial.nocue,752,1
32,61317,1,1,800,trial.validspatial,691,1
32,61317,1,1,NaN,trial.nocue,547,1
32,61317,2,1,800,trial.doublecue,666,1
32,61317,2,2,NaN,trial.nocue,840,1
32,61317,1,2,400,trial.validspatial,700,1
32,61317,1,1,400,trial.doublecue,653,1
32,61317,2,2,400,trial.invalid,868,1
32,61317,1,1,NaN,trial.nocue,735,1
32,61317,2,1,800,trial.validspatial,1517,1
32,61317,2,2,0,trial.validspatial,895,1
32,61317,2,1,800,trial.doublecue,752,1
32,61317,2,1,400,trial.validspatial,655,1
32,61317,2,2,400,trial.validspatial,726,1
32,61317,2,1,0,trial.doublecue,767,1
32,61317,2,2,400,trial.validspatial,674,1
32,61317,2,2,400,trial.invalid,912,1
32,61317,2,2,800,trial.doublecue,849,1
32,61317,1,2,400,trial.doublecue,724,1
32,61317,1,2,0,trial.validspatial,1196,1
32,61317,1,2,NaN,trial.nocue,882,1
32,61317,1,1,800,trial.invalid,628,1
32,61317,2,2,800,trial.validspatial,811,1
32,61317,2,1,800,trial.validspatial,636,1
32,61317,2,1,0,trial.validspatial,734,1
32,61317,2,2,NaN,trial.nocue,871,1
32,61317,2,2,800,trial.validspatial,766,1
32,61317,1,1,400,trial.validspatial,1700,0
32,61317,1,2,800,trial.invalid,719,1
32,61317,2,2,0,trial.validspatial,1133,1
32,61317,2,2,800,trial.validspatial,815,1
32,61317,1,1,800,trial.validspatial,582,0
32,61317,2,1,NaN,trial.nocue,929,1
32,61317,1,2,NaN,trial.nocue,766,1
32,61317,1,2,800,trial.validspatial,846,1
32,61317,1,2,0,trial.validspatial,805,1
32,61317,2,2,0,trial.invalid,618,1
32,61317,1,1,NaN,trial.nocue,796,1
32,61317,2,2,800,trial.validspatial,806,1
32,61317,2,1,800,trial.validspatial,753,0
32,61317,2,1,0,trial.validspatial,604,0
32,61317,1,1,800,trial.doublecue,635,0
32,61317,2,2,800,trial.invalid,1085,1
32,61317,1,2,400,trial.validspatial,623,1
32,61317,2,1,800,trial.validspatial,575,1
32,61317,1,2,400,trial.invalid,915,1
32,61317,1,1,800,trial.validspatial,666,1
32,61317,2,2,400,trial.doublecue,781,1
32,61317,1,1,0,trial.validspatial,994,0
32,61317,2,1,NaN,trial.nocue,1319,1
32,61317,2,1,400,trial.invalid,1138,1
32,61317,1,2,800,trial.invalid,1014,1
32,61317,1,2,0,trial.doublecue,894,1
32,61317,1,1,400,trial.validspatial,681,1
32,61317,1,2,400,trial.validspatial,724,1
32,61317,1,1,0,trial.doublecue,738,1
32,61317,1,1,0,trial.doublecue,578,1
32,61317,1,2,NaN,trial.nocue,1021,1
32,61317,2,1,400,trial.doublecue,714,1
32,61317,2,2,400,trial.validspatial,650,1
32,61317,2,2,800,trial.doublecue,1009,1
32,61317,2,2,NaN,trial.nocue,853,1
32,61317,1,2,NaN,trial.nocue,593,1
32,61317,1,2,0,trial.doublecue,887,1
32,61317,2,1,800,trial.invalid,947,1
32,61317,1,2,0,trial.validspatial,831,1
32,61317,1,1,0,trial.validspatial,962,1
32,61317,2,1,0,trial.validspatial,1009,1
32,61317,1,1,400,trial.invalid,952,1
32,61317,1,2,800,trial.doublecue,692,1
32,61317,2,2,0,trial.validspatial,619,1
32,61317,2,2,0,trial.invalid,1208,1
32,61317,1,1,0,trial.validspatial,1079,1
32,61317,1,1,400,trial.invalid,657,1
32,61317,2,1,800,trial.validspatial,745,1
32,61317,2,2,400,trial.doublecue,676,1
32,61317,2,1,0,trial.doublecue,657,1
32,61317,2,2,400,trial.validspatial,1130,1
32,61317,1,1,NaN,trial.nocue,879,1
32,61317,2,1,0,trial.invalid,882,1
32,61317,1,2,800,trial.validspatial,1025,1
32,61317,1,2,800,trial.doublecue,580,1
32,61317,2,1,400,trial.validspatial,812,1
32,61317,1,1,800,trial.validspatial,1081,1
32,61317,1,2,800,trial.validspatial,730,1
32,61317,1,1,0,trial.validspatial,541,1
32,61317,1,2,400,trial.validspatial,819,1
32,61317,2,1,400,trial.invalid,840,1
32,61317,2,1,0,trial.invalid,1002,1
32,61317,2,2,NaN,trial.nocue,1047,1
32,61317,1,1,800,trial.validspatial,990,1
32,61317,2,2,400,trial.validspatial,793,1
32,61317,2,1,NaN,trial.nocue,925,1
32,61317,1,1,400,trial.validspatial,870,1
32,61317,1,2,NaN,trial.nocue,675,1
32,61317,1,2,0,trial.validspatial,782,1
32,61317,1,2,800,trial.validspatial,678,1
32,61317,1,1,0,trial.validspatial,850,1
32,61317,1,1,400,trial.validspatial,629,0
