subject,date,location_congruence_val,flanker_congruence_val,cue_target_interval,cue_condition,latency,values.correct
370,63017,1,1,0,trial.validspatial,846,1
370,63017,1,2,0,trial.invalid,943,1
370,63017,1,2,800,trial.validspatial,513,1
370,63017,1,2,400,trial.validspatial,735,1
370,63017,1,2,400,trial.doublecue,871,1
370,63017,2,2,400,trial.validspatial,687,1
370,63017,2,1,400,trial.doublecue,508,0
370,63017,2,1,0,trial.validspatial,834,1
370,63017,2,1,400,trial.validspatial,644,1
370,63017,1,2,800,trial.validspatial,539,1
370,63017,1,1,800,trial.invalid,739,1
370,63017,2,1,400,trial.validspatial,539,1
370,63017,2,1,800,trial.validspatial,485,1
370,63017,2,2,0,trial.validspatial,652,1
370,63017,1,2,0,trial.validspatial,466,1
370,63017,1,1,400,trial.validspatial,443,1
370,63017,1,1,NaN,trial.nocue,463,1
370,63017,1,2,0,trial.validspatial,473,1
370,63017,1,1,NaN,trial.nocue,681,1
370,63017,2,2,0,trial.validspatial,681,1
370,63017,2,1,800,trial.invalid,550,1
370,63017,2,2,NaN,trial.nocue,828,1
370,63017,1,2,400,trial.invalid,689,1
370,63017,2,2,0,trial.doublecue,747,1
370,63017,1,2,NaN,trial.nocue,925,1
370,63017,1,1,400,trial.validspatial,610,1
370,63017,1,1,800,trial.validspatial,624,1
370,63017,2,1,NaN,trial.nocue,683,1
370,63017,1,1,800,trial.doublecue,723,1
370,63017,2,2,0,trial.doublecue,715,0
370,63017,1,1,0,trial.invalid,782,1
370,63017,1,1,0,trial.invalid,826,1
370,63017,2,1,0,trial.validspatial,506,1
370,63017,2,1,0,trial.validspatial,643,1
370,63017,1,1,400,trial.doublecue,546,1
370,63017,2,2,800,trial.validspatial,602,1
370,63017,2,2,800,trial.validspatial,520,1
370,63017,2,2,0,trial.validspatial,587,1
370,63017,1,2,400,trial.validspatial,499,1
370,63017,2,2,800,trial.invalid,707,1
370,63017,1,2,0,trial.invalid,730,1
370,63017,2,1,400,trial.validspatial,486,1
370,63017,2,1,400,trial.validspatial,557,1
370,63017,2,1,NaN,trial.nocue,713,1
370,63017,2,2,NaN,trial.nocue,836,1
370,63017,2,1,NaN,trial.nocue,633,1
370,63017,1,1,800,trial.validspatial,463,1
370,63017,1,1,NaN,trial.nocue,606,1
370,63017,2,1,800,trial.doublecue,656,1
370,63017,2,2,NaN,trial.nocue,573,1
370,63017,1,2,400,trial.validspatial,506,1
370,63017,1,1,400,trial.doublecue,439,1
370,63017,2,2,400,trial.invalid,715,1
370,63017,1,1,NaN,trial.nocue,536,1
370,63017,2,1,800,trial.validspatial,469,1
370,63017,2,2,0,trial.validspatial,756,1
370,63017,2,1,800,trial.doublecue,747,1
370,63017,2,1,400,trial.validspatial,551,1
370,63017,2,2,400,trial.validspatial,505,1
370,63017,2,1,0,trial.doublecue,582,1
370,63017,2,2,400,trial.validspatial,494,0
370,63017,2,2,400,trial.invalid,908,1
370,63017,2,2,800,trial.doublecue,702,1
370,63017,1,2,400,trial.doublecue,504,1
370,63017,1,2,0,trial.validspatial,832,1
370,63017,1,2,NaN,trial.nocue,921,1
370,63017,1,1,800,trial.invalid,646,1
370,63017,2,2,800,trial.validspatial,611,1
370,63017,2,1,800,trial.validspatial,487,1
370,63017,2,1,0,trial.validspatial,754,1
370,63017,2,2,NaN,trial.nocue,904,1
370,63017,2,2,800,trial.validspatial,551,1
370,63017,1,1,400,trial.validspatial,590,1
370,63017,1,2,800,trial.invalid,832,1
370,63017,2,2,0,trial.validspatial,745,1
370,63017,2,2,800,trial.validspatial,790,1
370,63017,1,1,800,trial.validspatial,518,1
370,63017,2,1,NaN,trial.nocue,559,1
370,63017,1,2,NaN,trial.nocue,717,1
370,63017,1,2,800,trial.validspatial,594,1
370,63017,1,2,0,trial.validspatial,736,1
370,63017,2,2,0,trial.invalid,855,1
370,63017,1,1,NaN,trial.nocue,820,1
370,63017,2,2,800,trial.validspatial,500,1
370,63017,2,1,800,trial.validspatial,754,1
370,63017,2,1,0,trial.validspatial,497,1
370,63017,1,1,800,trial.doublecue,510,1
370,63017,2,2,800,trial.invalid,698,0
370,63017,1,2,400,trial.validspatial,544,1
370,63017,2,1,800,trial.validspatial,661,1
370,63017,1,2,400,trial.invalid,752,1
370,63017,1,1,800,trial.validspatial,716,1
370,63017,2,2,400,trial.doublecue,819,1
370,63017,1,1,0,trial.validspatial,728,1
370,63017,2,1,NaN,trial.nocue,626,1
370,63017,2,1,400,trial.invalid,670,1
370,63017,1,2,800,trial.invalid,778,1
370,63017,1,2,0,trial.doublecue,694,1
370,63017,1,1,400,trial.validspatial,409,1
370,63017,1,2,400,trial.validspatial,551,1
370,63017,1,1,0,trial.doublecue,547,1
370,63017,1,1,0,trial.doublecue,530,1
370,63017,1,2,NaN,trial.nocue,813,1
370,63017,2,1,400,trial.doublecue,496,1
370,63017,2,2,400,trial.validspatial,576,1
370,63017,2,2,800,trial.doublecue,791,1
370,63017,2,2,NaN,trial.nocue,780,1
370,63017,1,2,NaN,trial.nocue,996,1
370,63017,1,2,0,trial.doublecue,717,1
370,63017,2,1,800,trial.invalid,799,1
370,63017,1,2,0,trial.validspatial,680,1
370,63017,1,1,0,trial.validspatial,583,1
370,63017,2,1,0,trial.validspatial,521,1
370,63017,1,1,400,trial.invalid,620,1
370,63017,1,2,800,trial.doublecue,833,1
370,63017,2,2,0,trial.validspatial,563,1
370,63017,2,2,0,trial.invalid,709,1
370,63017,1,1,0,trial.validspatial,666,1
370,63017,1,1,400,trial.invalid,613,1
370,63017,2,1,800,trial.validspatial,483,1
370,63017,2,2,400,trial.doublecue,724,1
370,63017,2,1,0,trial.doublecue,803,1
370,63017,2,2,400,trial.validspatial,548,1
370,63017,1,1,NaN,trial.nocue,658,1
370,63017,2,1,0,trial.invalid,760,1
370,63017,1,2,800,trial.validspatial,633,1
370,63017,1,2,800,trial.doublecue,467,1
370,63017,2,1,400,trial.validspatial,609,1
370,63017,1,1,800,trial.validspatial,430,1
370,63017,1,2,800,trial.validspatial,464,1
370,63017,1,1,0,trial.validspatial,538,1
370,63017,1,2,400,trial.validspatial,491,1
370,63017,2,1,400,trial.invalid,739,1
370,63017,2,1,0,trial.invalid,736,1
370,63017,2,2,NaN,trial.nocue,458,0
370,63017,1,1,800,trial.validspatial,431,1
370,63017,2,2,400,trial.validspatial,676,1
370,63017,2,1,NaN,trial.nocue,687,1
370,63017,1,1,400,trial.validspatial,628,1
370,63017,1,2,NaN,trial.nocue,803,1
370,63017,1,2,0,trial.validspatial,880,1
370,63017,1,2,800,trial.validspatial,464,1
370,63017,1,1,0,trial.validspatial,640,1
370,63017,1,1,400,trial.validspatial,427,1
370,63017,1,1,0,trial.validspatial,565,1
370,63017,1,2,0,trial.invalid,825,1
370,63017,1,2,800,trial.validspatial,612,1
370,63017,1,2,400,trial.validspatial,483,1
370,63017,1,2,400,trial.doublecue,730,1
370,63017,2,2,400,trial.validspatial,681,1
370,63017,2,1,400,trial.doublecue,882,1
370,63017,2,1,0,trial.validspatial,600,1
370,63017,2,1,400,trial.validspatial,529,1
370,63017,1,2,800,trial.validspatial,597,1
370,63017,1,1,800,trial.invalid,687,1
370,63017,2,1,400,trial.validspatial,476,1
370,63017,2,1,800,trial.validspatial,488,1
370,63017,2,2,0,trial.validspatial,635,1
370,63017,1,2,0,trial.validspatial,627,1
370,63017,1,1,400,trial.validspatial,574,1
370,63017,1,1,NaN,trial.nocue,427,1
370,63017,1,2,0,trial.validspatial,543,1
370,63017,1,1,NaN,trial.nocue,679,1
370,63017,2,2,0,trial.validspatial,721,1
370,63017,2,1,800,trial.invalid,718,1
370,63017,2,2,NaN,trial.nocue,767,1
370,63017,1,2,400,trial.invalid,732,1
370,63017,2,2,0,trial.doublecue,681,1
370,63017,1,2,NaN,trial.nocue,735,1
370,63017,1,1,400,trial.validspatial,397,1
370,63017,1,1,800,trial.validspatial,666,1
370,63017,2,1,NaN,trial.nocue,824,1
370,63017,1,1,800,trial.doublecue,624,1
370,63017,2,2,0,trial.doublecue,832,1
370,63017,1,1,0,trial.invalid,673,1
370,63017,1,1,0,trial.invalid,536,1
370,63017,2,1,0,trial.validspatial,665,1
370,63017,2,1,0,trial.validspatial,580,1
370,63017,1,1,400,trial.doublecue,534,1
370,63017,2,2,800,trial.validspatial,511,1
370,63017,2,2,800,trial.validspatial,498,1
370,63017,2,2,0,trial.validspatial,754,1
370,63017,1,2,400,trial.validspatial,746,1
370,63017,2,2,800,trial.invalid,572,0
370,63017,1,2,0,trial.invalid,844,1
370,63017,2,1,400,trial.validspatial,587,1
370,63017,2,1,400,trial.validspatial,571,1
370,63017,2,1,NaN,trial.nocue,1030,1
370,63017,2,2,NaN,trial.nocue,711,1
370,63017,2,1,NaN,trial.nocue,554,1
370,63017,1,1,800,trial.validspatial,445,1
370,63017,1,1,NaN,trial.nocue,603,1
370,63017,2,1,800,trial.doublecue,471,1
370,63017,2,2,NaN,trial.nocue,580,1
370,63017,1,2,400,trial.validspatial,718,1
370,63017,1,1,400,trial.doublecue,672,1
370,63017,2,2,400,trial.invalid,535,0
370,63017,1,1,NaN,trial.nocue,527,1
370,63017,2,1,800,trial.validspatial,515,1
370,63017,2,2,0,trial.validspatial,823,1
370,63017,2,1,800,trial.doublecue,665,1
370,63017,2,1,400,trial.validspatial,483,1
370,63017,2,2,400,trial.validspatial,600,1
370,63017,2,1,0,trial.doublecue,676,1
370,63017,2,2,400,trial.validspatial,613,1
370,63017,2,2,400,trial.invalid,927,1
370,63017,2,2,800,trial.doublecue,542,1
370,63017,1,2,400,trial.doublecue,770,1
370,63017,1,2,0,trial.validspatial,836,1
370,63017,1,2,NaN,trial.nocue,821,1
370,63017,1,1,800,trial.invalid,645,1
370,63017,2,2,800,trial.validspatial,732,1
370,63017,2,1,800,trial.validspatial,495,1
370,63017,2,1,0,trial.validspatial,824,1
370,63017,2,2,NaN,trial.nocue,804,1
370,63017,2,2,800,trial.validspatial,742,1
370,63017,1,1,400,trial.validspatial,1700,0
370,63017,1,2,800,trial.invalid,849,1
370,63017,2,2,0,trial.validspatial,830,1
370,63017,2,2,800,trial.validspatial,638,1
370,63017,1,1,800,trial.validspatial,723,1
370,63017,2,1,NaN,trial.nocue,749,1
370,63017,1,2,NaN,trial.nocue,709,1
370,63017,1,2,800,trial.validspatial,881,1
370,63017,1,2,0,trial.validspatial,676,1
370,63017,2,2,0,trial.invalid,478,1
370,63017,1,1,NaN,trial.nocue,502,1
370,63017,2,2,800,trial.validspatial,639,1
370,63017,2,1,800,trial.validspatial,464,1
370,63017,2,1,0,trial.validspatial,473,1
370,63017,1,1,800,trial.doublecue,709,1
370,63017,2,2,800,trial.invalid,725,1
370,63017,1,2,400,trial.validspatial,464,1
370,63017,2,1,800,trial.validspatial,434,1
370,63017,1,2,400,trial.invalid,700,1
370,63017,1,1,800,trial.validspatial,630,1
370,63017,2,2,400,trial.doublecue,667,1
370,63017,1,1,0,trial.validspatial,732,1
370,63017,2,1,NaN,trial.nocue,764,1
370,63017,2,1,400,trial.invalid,906,1
370,63017,1,2,800,trial.invalid,781,1
370,63017,1,2,0,trial.doublecue,775,1
370,63017,1,1,400,trial.validspatial,514,1
370,63017,1,2,400,trial.validspatial,518,1
370,63017,1,1,0,trial.doublecue,589,1
370,63017,1,1,0,trial.doublecue,768,1
370,63017,1,2,NaN,trial.nocue,751,1
370,63017,2,1,400,trial.doublecue,724,1
370,63017,2,2,400,trial.validspatial,596,1
370,63017,2,2,800,trial.doublecue,611,1
370,63017,2,2,NaN,trial.nocue,631,1
370,63017,1,2,NaN,trial.nocue,441,1
370,63017,1,2,0,trial.doublecue,548,1
370,63017,2,1,800,trial.invalid,481,1
370,63017,1,2,0,trial.validspatial,741,1
370,63017,1,1,0,trial.validspatial,527,1
370,63017,2,1,0,trial.validspatial,794,1
370,63017,1,1,400,trial.invalid,751,1
370,63017,1,2,800,trial.doublecue,546,1
370,63017,2,2,0,trial.validspatial,458,1
370,63017,2,2,0,trial.invalid,826,1
370,63017,1,1,0,trial.validspatial,827,1
370,63017,1,1,400,trial.invalid,638,1
370,63017,2,1,800,trial.validspatial,506,1
370,63017,2,2,400,trial.doublecue,567,1
370,63017,2,1,0,trial.doublecue,512,1
370,63017,2,2,400,trial.validspatial,677,1
370,63017,1,1,NaN,trial.nocue,531,1
370,63017,2,1,0,trial.invalid,470,1
370,63017,1,2,800,trial.validspatial,899,1
370,63017,1,2,800,trial.doublecue,700,1
370,63017,2,1,400,trial.validspatial,506,1
370,63017,1,1,800,trial.validspatial,892,1
370,63017,1,2,800,trial.validspatial,650,1
370,63017,1,1,0,trial.validspatial,450,1
370,63017,1,2,400,trial.validspatial,566,1
370,63017,2,1,400,trial.invalid,710,1
370,63017,2,1,0,trial.invalid,562,1
370,63017,2,2,NaN,trial.nocue,886,1
370,63017,1,1,800,trial.validspatial,770,1
370,63017,2,2,400,trial.validspatial,809,1
370,63017,2,1,NaN,trial.nocue,794,1
370,63017,1,1,400,trial.validspatial,931,1
370,63017,1,2,NaN,trial.nocue,708,1
370,63017,1,2,0,trial.validspatial,538,1
370,63017,1,2,800,trial.validspatial,499,1
370,63017,1,1,0,trial.validspatial,779,1
370,63017,1,1,400,trial.validspatial,839,1
