subject,date,location_congruence_val,flanker_congruence_val,cue_target_interval,cue_condition,latency,values.correct
9,21217,1,1,0,trial.validspatial,1120,1
9,21217,1,2,0,trial.invalid,1589,0
9,21217,1,2,800,trial.validspatial,736,1
9,21217,1,2,400,trial.validspatial,842,1
9,21217,1,2,400,trial.doublecue,875,1
9,21217,2,2,400,trial.validspatial,655,1
9,21217,2,1,400,trial.doublecue,1029,1
9,21217,2,1,0,trial.validspatial,848,1
9,21217,2,1,400,trial.validspatial,638,1
9,21217,1,2,800,trial.validspatial,894,1
9,21217,1,1,800,trial.invalid,1254,1
9,21217,2,1,400,trial.validspatial,594,1
9,21217,2,1,800,trial.validspatial,714,1
9,21217,2,2,0,trial.validspatial,1036,1
9,21217,1,2,0,trial.validspatial,825,1
9,21217,1,1,400,trial.validspatial,461,1
9,21217,1,1,NaN,trial.nocue,612,1
9,21217,1,2,0,trial.validspatial,673,1
9,21217,1,1,NaN,trial.nocue,907,1
9,21217,2,2,0,trial.validspatial,987,1
9,21217,2,1,800,trial.invalid,968,0
9,21217,2,2,NaN,trial.nocue,1325,1
9,21217,1,2,400,trial.invalid,1073,1
9,21217,2,2,0,trial.doublecue,911,1
9,21217,1,2,NaN,trial.nocue,856,1
9,21217,1,1,400,trial.validspatial,685,1
9,21217,1,1,800,trial.validspatial,594,1
9,21217,2,1,NaN,trial.nocue,1293,1
9,21217,1,1,800,trial.doublecue,640,1
9,21217,2,2,0,trial.doublecue,807,1
9,21217,1,1,0,trial.invalid,821,1
9,21217,1,1,0,trial.invalid,850,1
9,21217,2,1,0,trial.validspatial,683,1
9,21217,2,1,0,trial.validspatial,706,1
9,21217,1,1,400,trial.doublecue,597,1
9,21217,2,2,800,trial.validspatial,711,1
9,21217,2,2,800,trial.validspatial,611,1
9,21217,2,2,0,trial.validspatial,749,1
9,21217,1,2,400,trial.validspatial,603,1
9,21217,2,2,800,trial.invalid,783,1
9,21217,1,2,0,trial.invalid,986,1
9,21217,2,1,400,trial.validspatial,801,1
9,21217,2,1,400,trial.validspatial,572,1
9,21217,2,1,NaN,trial.nocue,881,1
9,21217,2,2,NaN,trial.nocue,1173,1
9,21217,2,1,NaN,trial.nocue,1077,1
9,21217,1,1,800,trial.validspatial,595,1
9,21217,1,1,NaN,trial.nocue,679,1
9,21217,2,1,800,trial.doublecue,643,1
9,21217,2,2,NaN,trial.nocue,883,1
9,21217,1,2,400,trial.validspatial,714,1
9,21217,1,1,400,trial.doublecue,573,1
9,21217,2,2,400,trial.invalid,815,1
9,21217,1,1,NaN,trial.nocue,840,1
9,21217,2,1,800,trial.validspatial,563,1
9,21217,2,2,0,trial.validspatial,756,1
9,21217,2,1,800,trial.doublecue,815,1
9,21217,2,1,400,trial.validspatial,564,1
9,21217,2,2,400,trial.validspatial,668,1
9,21217,2,1,0,trial.doublecue,970,1
9,21217,2,2,400,trial.validspatial,1001,1
9,21217,2,2,400,trial.invalid,1065,1
9,21217,2,2,800,trial.doublecue,943,1
9,21217,1,2,400,trial.doublecue,1091,1
9,21217,1,2,0,trial.validspatial,876,1
9,21217,1,2,NaN,trial.nocue,760,1
9,21217,1,1,800,trial.invalid,1041,1
9,21217,2,2,800,trial.validspatial,846,1
9,21217,2,1,800,trial.validspatial,542,1
9,21217,2,1,0,trial.validspatial,742,1
9,21217,2,2,NaN,trial.nocue,1700,0
9,21217,2,2,800,trial.validspatial,708,1
9,21217,1,1,400,trial.validspatial,1091,1
9,21217,1,2,800,trial.invalid,1209,1
9,21217,2,2,0,trial.validspatial,852,1
9,21217,2,2,800,trial.validspatial,717,1
9,21217,1,1,800,trial.validspatial,846,1
9,21217,2,1,NaN,trial.nocue,658,1
9,21217,1,2,NaN,trial.nocue,1293,1
9,21217,1,2,800,trial.validspatial,771,1
9,21217,1,2,0,trial.validspatial,971,1
9,21217,2,2,0,trial.invalid,875,1
9,21217,1,1,NaN,trial.nocue,732,1
9,21217,2,2,800,trial.validspatial,726,1
9,21217,2,1,800,trial.validspatial,624,1
9,21217,2,1,0,trial.validspatial,1037,1
9,21217,1,1,800,trial.doublecue,529,1
9,21217,2,2,800,trial.invalid,1278,1
9,21217,1,2,400,trial.validspatial,889,1
9,21217,2,1,800,trial.validspatial,705,1
9,21217,1,2,400,trial.invalid,904,1
9,21217,1,1,800,trial.validspatial,525,1
9,21217,2,2,400,trial.doublecue,723,1
9,21217,1,1,0,trial.validspatial,586,1
9,21217,2,1,NaN,trial.nocue,673,1
9,21217,2,1,400,trial.invalid,768,1
9,21217,1,2,800,trial.invalid,902,1
9,21217,1,2,0,trial.doublecue,1531,1
9,21217,1,1,400,trial.validspatial,701,1
9,21217,1,2,400,trial.validspatial,1147,1
9,21217,1,1,0,trial.doublecue,664,1
9,21217,1,1,0,trial.doublecue,620,1
9,21217,1,2,NaN,trial.nocue,873,1
9,21217,2,1,400,trial.doublecue,682,1
9,21217,2,2,400,trial.validspatial,711,1
9,21217,2,2,800,trial.doublecue,1168,1
9,21217,2,2,NaN,trial.nocue,781,1
9,21217,1,2,NaN,trial.nocue,920,1
9,21217,1,2,0,trial.doublecue,836,1
9,21217,2,1,800,trial.invalid,1244,1
9,21217,1,2,0,trial.validspatial,1025,1
9,21217,1,1,0,trial.validspatial,638,1
9,21217,2,1,0,trial.validspatial,1700,0
9,21217,1,1,400,trial.invalid,736,1
9,21217,1,2,800,trial.doublecue,892,1
9,21217,2,2,0,trial.validspatial,733,1
9,21217,2,2,0,trial.invalid,855,1
9,21217,1,1,0,trial.validspatial,661,1
9,21217,1,1,400,trial.invalid,673,1
9,21217,2,1,800,trial.validspatial,700,1
9,21217,2,2,400,trial.doublecue,680,1
9,21217,2,1,0,trial.doublecue,559,1
9,21217,2,2,400,trial.validspatial,651,1
9,21217,1,1,NaN,trial.nocue,655,1
9,21217,2,1,0,trial.invalid,612,1
9,21217,1,2,800,trial.validspatial,835,1
9,21217,1,2,800,trial.doublecue,843,1
9,21217,2,1,400,trial.validspatial,572,1
9,21217,1,1,800,trial.validspatial,526,1
9,21217,1,2,800,trial.validspatial,650,1
9,21217,1,1,0,trial.validspatial,630,1
9,21217,1,2,400,trial.validspatial,1063,1
9,21217,2,1,400,trial.invalid,666,1
9,21217,2,1,0,trial.invalid,698,1
9,21217,2,2,NaN,trial.nocue,1071,1
9,21217,1,1,800,trial.validspatial,604,1
9,21217,2,2,400,trial.validspatial,648,1
9,21217,2,1,NaN,trial.nocue,546,1
9,21217,1,1,400,trial.validspatial,629,1
9,21217,1,2,NaN,trial.nocue,1087,1
9,21217,1,2,0,trial.validspatial,825,1
9,21217,1,2,800,trial.validspatial,848,1
9,21217,1,1,0,trial.validspatial,893,1
9,21217,1,1,400,trial.validspatial,504,1
9,21217,1,1,0,trial.validspatial,853,1
9,21217,1,2,0,trial.invalid,1018,1
9,21217,1,2,800,trial.validspatial,1562,1
9,21217,1,2,400,trial.validspatial,1019,1
9,21217,1,2,400,trial.doublecue,801,1
9,21217,2,2,400,trial.validspatial,774,1
9,21217,2,1,400,trial.doublecue,601,1
9,21217,2,1,0,trial.validspatial,1499,1
9,21217,2,1,400,trial.validspatial,1231,1
9,21217,1,2,800,trial.validspatial,1700,0
9,21217,1,1,800,trial.invalid,723,1
9,21217,2,1,400,trial.validspatial,686,1
9,21217,2,1,800,trial.validspatial,904,1
9,21217,2,2,0,trial.validspatial,922,1
9,21217,1,2,0,trial.validspatial,1063,1
9,21217,1,1,400,trial.validspatial,907,1
9,21217,1,1,NaN,trial.nocue,995,1
9,21217,1,2,0,trial.validspatial,1072,1
9,21217,1,1,NaN,trial.nocue,979,1
9,21217,2,2,0,trial.validspatial,1088,1
9,21217,2,1,800,trial.invalid,955,0
9,21217,2,2,NaN,trial.nocue,936,1
9,21217,1,2,400,trial.invalid,944,1
9,21217,2,2,0,trial.doublecue,1111,1
9,21217,1,2,NaN,trial.nocue,1565,1
9,21217,1,1,400,trial.validspatial,621,1
9,21217,1,1,800,trial.validspatial,596,1
9,21217,2,1,NaN,trial.nocue,752,1
9,21217,1,1,800,trial.doublecue,1330,1
9,21217,2,2,0,trial.doublecue,953,1
9,21217,1,1,0,trial.invalid,741,1
9,21217,1,1,0,trial.invalid,706,1
9,21217,2,1,0,trial.validspatial,777,1
9,21217,2,1,0,trial.validspatial,875,1
9,21217,1,1,400,trial.doublecue,695,1
9,21217,2,2,800,trial.validspatial,772,1
9,21217,2,2,800,trial.validspatial,940,1
9,21217,2,2,0,trial.validspatial,790,1
9,21217,1,2,400,trial.validspatial,652,1
9,21217,2,2,800,trial.invalid,916,1
9,21217,1,2,0,trial.invalid,1035,1
9,21217,2,1,400,trial.validspatial,877,1
9,21217,2,1,400,trial.validspatial,913,1
9,21217,2,1,NaN,trial.nocue,941,1
9,21217,2,2,NaN,trial.nocue,1153,1
9,21217,2,1,NaN,trial.nocue,906,1
9,21217,1,1,800,trial.validspatial,584,1
9,21217,1,1,NaN,trial.nocue,803,1
9,21217,2,1,800,trial.doublecue,679,1
9,21217,2,2,NaN,trial.nocue,1200,1
9,21217,1,2,400,trial.validspatial,807,1
9,21217,1,1,400,trial.doublecue,1292,1
9,21217,2,2,400,trial.invalid,1273,1
9,21217,1,1,NaN,trial.nocue,889,1
9,21217,2,1,800,trial.validspatial,728,1
9,21217,2,2,0,trial.validspatial,945,1
9,21217,2,1,800,trial.doublecue,1090,1
9,21217,2,1,400,trial.validspatial,622,1
9,21217,2,2,400,trial.validspatial,1061,1
9,21217,2,1,0,trial.doublecue,1116,1
9,21217,2,2,400,trial.validspatial,1044,1
9,21217,2,2,400,trial.invalid,773,1
9,21217,2,2,800,trial.doublecue,867,1
9,21217,1,2,400,trial.doublecue,1040,1
9,21217,1,2,0,trial.validspatial,929,1
9,21217,1,2,NaN,trial.nocue,661,1
9,21217,1,1,800,trial.invalid,1700,0
9,21217,2,2,800,trial.validspatial,628,1
9,21217,2,1,800,trial.validspatial,626,1
9,21217,2,1,0,trial.validspatial,638,1
9,21217,2,2,NaN,trial.nocue,896,1
9,21217,2,2,800,trial.validspatial,717,1
9,21217,1,1,400,trial.validspatial,1700,0
9,21217,1,2,800,trial.invalid,818,1
9,21217,2,2,0,trial.validspatial,846,1
9,21217,2,2,800,trial.validspatial,1308,1
9,21217,1,1,800,trial.validspatial,622,1
9,21217,2,1,NaN,trial.nocue,607,1
9,21217,1,2,NaN,trial.nocue,1231,1
9,21217,1,2,800,trial.validspatial,754,1
9,21217,1,2,0,trial.validspatial,1384,1
9,21217,2,2,0,trial.invalid,532,1
9,21217,1,1,NaN,trial.nocue,1473,1
9,21217,2,2,800,trial.validspatial,1344,1
9,21217,2,1,800,trial.validspatial,547,1
9,21217,2,1,0,trial.validspatial,722,1
9,21217,1,1,800,trial.doublecue,1052,1
9,21217,2,2,800,trial.invalid,906,1
9,21217,1,2,400,trial.validspatial,662,1
9,21217,2,1,800,trial.validspatial,901,1
9,21217,1,2,400,trial.invalid,916,1
9,21217,1,1,800,trial.validspatial,890,1
9,21217,2,2,400,trial.doublecue,1449,1
9,21217,1,1,0,trial.validspatial,1133,1
9,21217,2,1,NaN,trial.nocue,1506,1
9,21217,2,1,400,trial.invalid,966,1
9,21217,1,2,800,trial.invalid,982,1
9,21217,1,2,0,trial.doublecue,843,1
9,21217,1,1,400,trial.validspatial,939,1
9,21217,1,2,400,trial.validspatial,583,1
9,21217,1,1,0,trial.doublecue,758,1
9,21217,1,1,0,trial.doublecue,850,1
9,21217,1,2,NaN,trial.nocue,1074,1
9,21217,2,1,400,trial.doublecue,775,1
9,21217,2,2,400,trial.validspatial,869,1
9,21217,2,2,800,trial.doublecue,846,1
9,21217,2,2,NaN,trial.nocue,814,1
9,21217,1,2,NaN,trial.nocue,731,1
9,21217,1,2,0,trial.doublecue,1280,1
9,21217,2,1,800,trial.invalid,925,1
9,21217,1,2,0,trial.validspatial,1700,0
9,21217,1,1,0,trial.validspatial,823,1
9,21217,2,1,0,trial.validspatial,1068,1
9,21217,1,1,400,trial.invalid,978,1
9,21217,1,2,800,trial.doublecue,661,1
9,21217,2,2,0,trial.validspatial,576,1
9,21217,2,2,0,trial.invalid,917,1
9,21217,1,1,0,trial.validspatial,1700,0
9,21217,1,1,400,trial.invalid,728,1
9,21217,2,1,800,trial.validspatial,660,1
9,21217,2,2,400,trial.doublecue,618,1
9,21217,2,1,0,trial.doublecue,739,1
9,21217,2,2,400,trial.validspatial,832,1
9,21217,1,1,NaN,trial.nocue,1403,1
9,21217,2,1,0,trial.invalid,756,1
9,21217,1,2,800,trial.validspatial,953,1
9,21217,1,2,800,trial.doublecue,859,1
9,21217,2,1,400,trial.validspatial,638,1
9,21217,1,1,800,trial.validspatial,1005,1
9,21217,1,2,800,trial.validspatial,683,1
9,21217,1,1,0,trial.validspatial,911,1
9,21217,1,2,400,trial.validspatial,838,1
9,21217,2,1,400,trial.invalid,709,1
9,21217,2,1,0,trial.invalid,1700,0
9,21217,2,2,NaN,trial.nocue,852,1
9,21217,1,1,800,trial.validspatial,777,1
9,21217,2,2,400,trial.validspatial,1013,1
9,21217,2,1,NaN,trial.nocue,846,1
9,21217,1,1,400,trial.validspatial,1683,1
9,21217,1,2,NaN,trial.nocue,768,1
9,21217,1,2,0,trial.validspatial,949,1
9,21217,1,2,800,trial.validspatial,558,1
9,21217,1,1,0,trial.validspatial,874,1
9,21217,1,1,400,trial.validspatial,1052,1
