subject,date,location_congruence_val,flanker_congruence_val,cue_target_interval,cue_condition,latency,values.correct
510,63017,1,1,0,trial.validspatial,1700,0
510,63017,1,2,0,trial.invalid,869,0
510,63017,1,2,800,trial.validspatial,552,0
510,63017,1,2,400,trial.validspatial,331,1
510,63017,1,2,400,trial.doublecue,447,0
510,63017,2,2,400,trial.validspatial,406,0
510,63017,2,1,400,trial.doublecue,317,0
510,63017,2,1,0,trial.validspatial,1044,0
510,63017,2,1,400,trial.validspatial,427,0
510,63017,1,2,800,trial.validspatial,392,0
510,63017,1,1,800,trial.invalid,842,1
510,63017,2,1,400,trial.validspatial,603,1
510,63017,2,1,800,trial.validspatial,441,0
510,63017,2,2,0,trial.validspatial,920,1
510,63017,1,2,0,trial.validspatial,1121,1
510,63017,1,1,400,trial.validspatial,990,1
510,63017,1,1,NaN,trial.nocue,688,1
510,63017,1,2,0,trial.validspatial,824,1
510,63017,1,1,NaN,trial.nocue,529,1
510,63017,2,2,0,trial.validspatial,876,1
510,63017,2,1,800,trial.invalid,1323,1
510,63017,2,2,NaN,trial.nocue,795,0
510,63017,1,2,400,trial.invalid,444,1
510,63017,2,2,0,trial.doublecue,775,0
510,63017,1,2,NaN,trial.nocue,818,1
510,63017,1,1,400,trial.validspatial,487,1
510,63017,1,1,800,trial.validspatial,221,1
510,63017,2,1,NaN,trial.nocue,70,1
510,63017,1,1,800,trial.doublecue,302,1
510,63017,2,2,0,trial.doublecue,552,0
510,63017,1,1,0,trial.invalid,751,0
510,63017,1,1,0,trial.invalid,502,1
510,63017,2,1,0,trial.validspatial,404,0
510,63017,2,1,0,trial.validspatial,669,1
510,63017,1,1,400,trial.doublecue,702,1
510,63017,2,2,800,trial.validspatial,791,1
510,63017,2,2,800,trial.validspatial,733,1
510,63017,2,2,0,trial.validspatial,905,1
510,63017,1,2,400,trial.validspatial,929,1
510,63017,2,2,800,trial.invalid,916,1
510,63017,1,2,0,trial.invalid,975,1
510,63017,2,1,400,trial.validspatial,622,1
510,63017,2,1,400,trial.validspatial,874,1
510,63017,2,1,NaN,trial.nocue,880,1
510,63017,2,2,NaN,trial.nocue,1046,1
510,63017,2,1,NaN,trial.nocue,780,1
510,63017,1,1,800,trial.validspatial,674,1
510,63017,1,1,NaN,trial.nocue,721,1
510,63017,2,1,800,trial.doublecue,1112,1
510,63017,2,2,NaN,trial.nocue,1445,1
510,63017,1,2,400,trial.validspatial,822,0
510,63017,1,1,400,trial.doublecue,309,0
510,63017,2,2,400,trial.invalid,366,0
510,63017,1,1,NaN,trial.nocue,257,0
510,63017,2,1,800,trial.validspatial,1700,0
510,63017,2,2,0,trial.validspatial,710,0
510,63017,2,1,800,trial.doublecue,21,0
510,63017,2,1,400,trial.validspatial,160,0
510,63017,2,2,400,trial.validspatial,173,0
510,63017,2,1,0,trial.doublecue,153,0
510,63017,2,2,400,trial.validspatial,675,1
510,63017,2,2,400,trial.invalid,765,0
510,63017,2,2,800,trial.doublecue,58,0
510,63017,1,2,400,trial.doublecue,696,0
510,63017,1,2,0,trial.validspatial,925,1
510,63017,1,2,NaN,trial.nocue,938,0
510,63017,1,1,800,trial.invalid,56,0
510,63017,2,2,800,trial.validspatial,276,0
510,63017,2,1,800,trial.validspatial,272,0
510,63017,2,1,0,trial.validspatial,576,1
510,63017,2,2,NaN,trial.nocue,648,0
510,63017,2,2,800,trial.validspatial,340,0
510,63017,1,1,400,trial.validspatial,301,0
510,63017,1,2,800,trial.invalid,120,0
510,63017,2,2,0,trial.validspatial,579,1
510,63017,2,2,800,trial.validspatial,5,1
510,63017,1,1,800,trial.validspatial,377,1
510,63017,2,1,NaN,trial.nocue,321,0
510,63017,1,2,NaN,trial.nocue,693,1
510,63017,1,2,800,trial.validspatial,854,1
510,63017,1,2,0,trial.validspatial,1449,0
510,63017,2,2,0,trial.invalid,621,0
510,63017,1,1,NaN,trial.nocue,769,1
510,63017,2,2,800,trial.validspatial,558,0
510,63017,2,1,800,trial.validspatial,924,0
510,63017,2,1,0,trial.validspatial,773,1
510,63017,1,1,800,trial.doublecue,673,1
510,63017,2,2,800,trial.invalid,843,1
510,63017,1,2,400,trial.validspatial,972,1
510,63017,2,1,800,trial.validspatial,550,1
510,63017,1,2,400,trial.invalid,769,1
510,63017,1,1,800,trial.validspatial,432,1
510,63017,2,2,400,trial.doublecue,723,1
510,63017,1,1,0,trial.validspatial,806,1
510,63017,2,1,NaN,trial.nocue,661,1
510,63017,2,1,400,trial.invalid,806,1
510,63017,1,2,800,trial.invalid,699,1
510,63017,1,2,0,trial.doublecue,978,1
510,63017,1,1,400,trial.validspatial,509,1
510,63017,1,2,400,trial.validspatial,609,1
510,63017,1,1,0,trial.doublecue,476,1
510,63017,1,1,0,trial.doublecue,667,1
510,63017,1,2,NaN,trial.nocue,970,1
510,63017,2,1,400,trial.doublecue,1101,0
510,63017,2,2,400,trial.validspatial,676,1
510,63017,2,2,800,trial.doublecue,777,1
510,63017,2,2,NaN,trial.nocue,994,1
510,63017,1,2,NaN,trial.nocue,712,0
510,63017,1,2,0,trial.doublecue,1119,1
510,63017,2,1,800,trial.invalid,761,1
510,63017,1,2,0,trial.validspatial,1083,1
510,63017,1,1,0,trial.validspatial,834,1
510,63017,2,1,0,trial.validspatial,624,1
510,63017,1,1,400,trial.invalid,545,1
510,63017,1,2,800,trial.doublecue,735,1
510,63017,2,2,0,trial.validspatial,577,0
510,63017,2,2,0,trial.invalid,646,0
510,63017,1,1,0,trial.validspatial,624,1
510,63017,1,1,400,trial.invalid,615,1
510,63017,2,1,800,trial.validspatial,1159,1
510,63017,2,2,400,trial.doublecue,630,0
510,63017,2,1,0,trial.doublecue,366,1
510,63017,2,2,400,trial.validspatial,288,1
510,63017,1,1,NaN,trial.nocue,488,1
510,63017,2,1,0,trial.invalid,888,1
510,63017,1,2,800,trial.validspatial,940,1
510,63017,1,2,800,trial.doublecue,737,1
510,63017,2,1,400,trial.validspatial,557,1
510,63017,1,1,800,trial.validspatial,864,1
510,63017,1,2,800,trial.validspatial,926,1
510,63017,1,1,0,trial.validspatial,508,1
510,63017,1,2,400,trial.validspatial,846,1
510,63017,2,1,400,trial.invalid,1091,1
510,63017,2,1,0,trial.invalid,1311,1
510,63017,2,2,NaN,trial.nocue,1056,0
510,63017,1,1,800,trial.validspatial,663,1
510,63017,2,2,400,trial.validspatial,1224,0
510,63017,2,1,NaN,trial.nocue,539,0
510,63017,1,1,400,trial.validspatial,648,1
510,63017,1,2,NaN,trial.nocue,544,1
510,63017,1,2,0,trial.validspatial,780,1
510,63017,1,2,800,trial.validspatial,801,1
510,63017,1,1,0,trial.validspatial,796,1
510,63017,1,1,400,trial.validspatial,290,1
510,63017,1,1,0,trial.validspatial,424,1
510,63017,1,2,0,trial.invalid,484,1
510,63017,1,2,800,trial.validspatial,333,1
510,63017,1,2,400,trial.validspatial,67,0
510,63017,1,2,400,trial.doublecue,1084,1
510,63017,2,2,400,trial.validspatial,411,0
510,63017,2,1,400,trial.doublecue,481,1
510,63017,2,1,0,trial.validspatial,632,0
510,63017,2,1,400,trial.validspatial,369,1
510,63017,1,2,800,trial.validspatial,446,1
510,63017,1,1,800,trial.invalid,488,1
510,63017,2,1,400,trial.validspatial,417,1
510,63017,2,1,800,trial.validspatial,608,1
510,63017,2,2,0,trial.validspatial,462,0
510,63017,1,2,0,trial.validspatial,973,1
510,63017,1,1,400,trial.validspatial,793,1
510,63017,1,1,NaN,trial.nocue,1139,1
510,63017,1,2,0,trial.validspatial,964,1
510,63017,1,1,NaN,trial.nocue,766,1
510,63017,2,2,0,trial.validspatial,967,1
510,63017,2,1,800,trial.invalid,783,1
510,63017,2,2,NaN,trial.nocue,1197,0
510,63017,1,2,400,trial.invalid,1215,1
510,63017,2,2,0,trial.doublecue,1015,1
510,63017,1,2,NaN,trial.nocue,1052,1
510,63017,1,1,400,trial.validspatial,688,1
510,63017,1,1,800,trial.validspatial,502,1
510,63017,2,1,NaN,trial.nocue,1047,1
510,63017,1,1,800,trial.doublecue,610,1
510,63017,2,2,0,trial.doublecue,805,1
510,63017,1,1,0,trial.invalid,860,1
510,63017,1,1,0,trial.invalid,619,1
510,63017,2,1,0,trial.validspatial,805,1
510,63017,2,1,0,trial.validspatial,786,1
510,63017,1,1,400,trial.doublecue,759,1
510,63017,2,2,800,trial.validspatial,1321,1
510,63017,2,2,800,trial.validspatial,1150,1
510,63017,2,2,0,trial.validspatial,1083,1
510,63017,1,2,400,trial.validspatial,761,0
510,63017,2,2,800,trial.invalid,986,1
510,63017,1,2,0,trial.invalid,1070,1
510,63017,2,1,400,trial.validspatial,684,1
510,63017,2,1,400,trial.validspatial,841,1
510,63017,2,1,NaN,trial.nocue,1030,1
510,63017,2,2,NaN,trial.nocue,1117,1
510,63017,2,1,NaN,trial.nocue,905,1
510,63017,1,1,800,trial.validspatial,480,0
510,63017,1,1,NaN,trial.nocue,1400,1
510,63017,2,1,800,trial.doublecue,391,0
510,63017,2,2,NaN,trial.nocue,963,1
510,63017,1,2,400,trial.validspatial,1061,1
510,63017,1,1,400,trial.doublecue,1148,1
510,63017,2,2,400,trial.invalid,996,1
510,63017,1,1,NaN,trial.nocue,607,0
510,63017,2,1,800,trial.validspatial,592,1
510,63017,2,2,0,trial.validspatial,1220,1
510,63017,2,1,800,trial.doublecue,581,0
510,63017,2,1,400,trial.validspatial,622,1
510,63017,2,2,400,trial.validspatial,555,0
510,63017,2,1,0,trial.doublecue,541,0
510,63017,2,2,400,trial.validspatial,425,1
510,63017,2,2,400,trial.invalid,796,0
510,63017,2,2,800,trial.doublecue,417,1
510,63017,1,2,400,trial.doublecue,929,1
510,63017,1,2,0,trial.validspatial,1093,1
510,63017,1,2,NaN,trial.nocue,1441,0
510,63017,1,1,800,trial.invalid,823,1
510,63017,2,2,800,trial.validspatial,658,1
510,63017,2,1,800,trial.validspatial,589,1
510,63017,2,1,0,trial.validspatial,1082,1
510,63017,2,2,NaN,trial.nocue,1700,0
510,63017,2,2,800,trial.validspatial,726,0
510,63017,1,1,400,trial.validspatial,1700,0
510,63017,1,2,800,trial.invalid,436,1
510,63017,2,2,0,trial.validspatial,568,1
510,63017,2,2,800,trial.validspatial,179,0
510,63017,1,1,800,trial.validspatial,336,0
510,63017,2,1,NaN,trial.nocue,323,1
510,63017,1,2,NaN,trial.nocue,346,0
510,63017,1,2,800,trial.validspatial,369,0
510,63017,1,2,0,trial.validspatial,328,0
510,63017,2,2,0,trial.invalid,292,0
510,63017,1,1,NaN,trial.nocue,320,1
510,63017,2,2,800,trial.validspatial,307,0
510,63017,2,1,800,trial.validspatial,213,1
510,63017,2,1,0,trial.validspatial,356,0
510,63017,1,1,800,trial.doublecue,658,1
510,63017,2,2,800,trial.invalid,623,1
510,63017,1,2,400,trial.validspatial,597,1
510,63017,2,1,800,trial.validspatial,592,1
510,63017,1,2,400,trial.invalid,928,1
510,63017,1,1,800,trial.validspatial,722,1
510,63017,2,2,400,trial.doublecue,730,1
510,63017,1,1,0,trial.validspatial,887,1
510,63017,2,1,NaN,trial.nocue,1031,1
510,63017,2,1,400,trial.invalid,1279,1
510,63017,1,2,800,trial.invalid,1099,1
510,63017,1,2,0,trial.doublecue,902,1
510,63017,1,1,400,trial.validspatial,578,1
510,63017,1,2,400,trial.validspatial,536,1
510,63017,1,1,0,trial.doublecue,833,1
510,63017,1,1,0,trial.doublecue,780,1
510,63017,1,2,NaN,trial.nocue,919,1
510,63017,2,1,400,trial.doublecue,1023,1
510,63017,2,2,400,trial.validspatial,1700,0
510,63017,2,2,800,trial.doublecue,494,0
510,63017,2,2,NaN,trial.nocue,1008,0
510,63017,1,2,NaN,trial.nocue,748,1
510,63017,1,2,0,trial.doublecue,333,0
510,63017,2,1,800,trial.invalid,388,0
510,63017,1,2,0,trial.validspatial,858,1
510,63017,1,1,0,trial.validspatial,545,1
510,63017,2,1,0,trial.validspatial,1700,0
510,63017,1,1,400,trial.invalid,454,1
510,63017,1,2,800,trial.doublecue,649,1
510,63017,2,2,0,trial.validspatial,589,1
510,63017,2,2,0,trial.invalid,820,1
510,63017,1,1,0,trial.validspatial,954,1
510,63017,1,1,400,trial.invalid,1175,1
510,63017,2,1,800,trial.validspatial,621,1
510,63017,2,2,400,trial.doublecue,461,1
510,63017,2,1,0,trial.doublecue,908,0
510,63017,2,2,400,trial.validspatial,1700,0
510,63017,1,1,NaN,trial.nocue,1700,0
510,63017,2,1,0,trial.invalid,839,1
510,63017,1,2,800,trial.validspatial,399,0
510,63017,1,2,800,trial.doublecue,323,1
510,63017,2,1,400,trial.validspatial,1700,0
510,63017,1,1,800,trial.validspatial,384,0
510,63017,1,2,800,trial.validspatial,397,1
510,63017,1,1,0,trial.validspatial,464,0
510,63017,1,2,400,trial.validspatial,724,1
510,63017,2,1,400,trial.invalid,1328,0
510,63017,2,1,0,trial.invalid,125,0
510,63017,2,2,NaN,trial.nocue,441,0
510,63017,1,1,800,trial.validspatial,1158,0
510,63017,2,2,400,trial.validspatial,1700,0
510,63017,2,1,NaN,trial.nocue,1265,0
510,63017,1,1,400,trial.validspatial,1700,0
510,63017,1,2,NaN,trial.nocue,1700,0
510,63017,1,2,0,trial.validspatial,1700,0
510,63017,1,2,800,trial.validspatial,1700,0
510,63017,1,1,0,trial.validspatial,911,1
510,63017,1,1,400,trial.validspatial,382,1
