subject,date,location_congruence_val,flanker_congruence_val,cue_target_interval,cue_condition,latency,values.correct
200,62917,1,1,0,trial.validspatial,783,1
200,62917,1,2,0,trial.invalid,1085,0
200,62917,1,2,800,trial.validspatial,775,0
200,62917,1,2,400,trial.validspatial,1193,1
200,62917,1,2,400,trial.doublecue,1153,0
200,62917,2,2,400,trial.validspatial,1066,0
200,62917,2,1,400,trial.doublecue,1168,1
200,62917,2,1,0,trial.validspatial,1458,1
200,62917,2,1,400,trial.validspatial,961,1
200,62917,1,2,800,trial.validspatial,1093,0
200,62917,1,1,800,trial.invalid,1498,1
200,62917,2,1,400,trial.validspatial,1174,0
200,62917,2,1,800,trial.validspatial,696,1
200,62917,2,2,0,trial.validspatial,1699,1
200,62917,1,2,0,trial.validspatial,1700,0
200,62917,1,1,400,trial.validspatial,949,1
200,62917,1,1,NaN,trial.nocue,769,1
200,62917,1,2,0,trial.validspatial,1296,0
200,62917,1,1,NaN,trial.nocue,1048,1
200,62917,2,2,0,trial.validspatial,1700,0
200,62917,2,1,800,trial.invalid,947,1
200,62917,2,2,NaN,trial.nocue,1685,1
200,62917,1,2,400,trial.invalid,1700,0
200,62917,2,2,0,trial.doublecue,1585,0
200,62917,1,2,NaN,trial.nocue,1700,0
200,62917,1,1,400,trial.validspatial,907,1
200,62917,1,1,800,trial.validspatial,815,1
200,62917,2,1,NaN,trial.nocue,1578,1
200,62917,1,1,800,trial.doublecue,780,1
200,62917,2,2,0,trial.doublecue,1550,0
200,62917,1,1,0,trial.invalid,1238,1
200,62917,1,1,0,trial.invalid,985,1
200,62917,2,1,0,trial.validspatial,995,1
200,62917,2,1,0,trial.validspatial,803,1
200,62917,1,1,400,trial.doublecue,731,1
200,62917,2,2,800,trial.validspatial,1049,1
200,62917,2,2,800,trial.validspatial,1086,0
200,62917,2,2,0,trial.validspatial,1700,0
200,62917,1,2,400,trial.validspatial,1630,1
200,62917,2,2,800,trial.invalid,1700,0
200,62917,1,2,0,trial.invalid,1700,0
200,62917,2,1,400,trial.validspatial,1311,0
200,62917,2,1,400,trial.validspatial,1620,1
200,62917,2,1,NaN,trial.nocue,1700,0
200,62917,2,2,NaN,trial.nocue,1700,0
200,62917,2,1,NaN,trial.nocue,1098,0
200,62917,1,1,800,trial.validspatial,1432,1
200,62917,1,1,NaN,trial.nocue,1082,1
200,62917,2,1,800,trial.doublecue,1038,1
200,62917,2,2,NaN,trial.nocue,1700,0
200,62917,1,2,400,trial.validspatial,1700,0
200,62917,1,1,400,trial.doublecue,788,1
200,62917,2,2,400,trial.invalid,1260,0
200,62917,1,1,NaN,trial.nocue,749,1
200,62917,2,1,800,trial.validspatial,693,1
200,62917,2,2,0,trial.validspatial,1700,0
200,62917,2,1,800,trial.doublecue,1385,1
200,62917,2,1,400,trial.validspatial,1307,1
200,62917,2,2,400,trial.validspatial,1262,1
200,62917,2,1,0,trial.doublecue,1124,1
200,62917,2,2,400,trial.validspatial,1700,0
200,62917,2,2,400,trial.invalid,1700,0
200,62917,2,2,800,trial.doublecue,1700,0
200,62917,1,2,400,trial.doublecue,1700,0
200,62917,1,2,0,trial.validspatial,1700,0
200,62917,1,2,NaN,trial.nocue,1074,0
200,62917,1,1,800,trial.invalid,1107,1
200,62917,2,2,800,trial.validspatial,1093,0
200,62917,2,1,800,trial.validspatial,738,1
200,62917,2,1,0,trial.validspatial,1367,1
200,62917,2,2,NaN,trial.nocue,1045,0
200,62917,2,2,800,trial.validspatial,915,0
200,62917,1,1,400,trial.validspatial,909,1
200,62917,1,2,800,trial.invalid,1332,0
200,62917,2,2,0,trial.validspatial,1056,0
200,62917,2,2,800,trial.validspatial,1144,0
200,62917,1,1,800,trial.validspatial,816,1
200,62917,2,1,NaN,trial.nocue,783,1
200,62917,1,2,NaN,trial.nocue,1700,0
200,62917,1,2,800,trial.validspatial,816,0
200,62917,1,2,0,trial.validspatial,1700,0
200,62917,2,2,0,trial.invalid,1397,0
200,62917,1,1,NaN,trial.nocue,1305,1
200,62917,2,2,800,trial.validspatial,814,0
200,62917,2,1,800,trial.validspatial,1014,1
200,62917,2,1,0,trial.validspatial,1700,0
200,62917,1,1,800,trial.doublecue,935,1
200,62917,2,2,800,trial.invalid,664,0
200,62917,1,2,400,trial.validspatial,854,1
200,62917,2,1,800,trial.validspatial,1156,1
200,62917,1,2,400,trial.invalid,1127,0
200,62917,1,1,800,trial.validspatial,685,1
200,62917,2,2,400,trial.doublecue,795,0
200,62917,1,1,0,trial.validspatial,637,1
200,62917,2,1,NaN,trial.nocue,1317,1
200,62917,2,1,400,trial.invalid,1517,1
200,62917,1,2,800,trial.invalid,1088,0
200,62917,1,2,0,trial.doublecue,1219,0
200,62917,1,1,400,trial.validspatial,780,1
200,62917,1,2,400,trial.validspatial,752,0
200,62917,1,1,0,trial.doublecue,697,1
200,62917,1,1,0,trial.doublecue,768,1
200,62917,1,2,NaN,trial.nocue,742,1
200,62917,2,1,400,trial.doublecue,740,1
200,62917,2,2,400,trial.validspatial,864,1
200,62917,2,2,800,trial.doublecue,1635,1
200,62917,2,2,NaN,trial.nocue,814,1
200,62917,1,2,NaN,trial.nocue,1376,0
200,62917,1,2,0,trial.doublecue,1700,0
200,62917,2,1,800,trial.invalid,957,1
200,62917,1,2,0,trial.validspatial,1700,0
200,62917,1,1,0,trial.validspatial,874,1
200,62917,2,1,0,trial.validspatial,848,1
200,62917,1,1,400,trial.invalid,722,1
200,62917,1,2,800,trial.doublecue,1700,0
200,62917,2,2,0,trial.validspatial,1611,1
200,62917,2,2,0,trial.invalid,1501,1
200,62917,1,1,0,trial.validspatial,805,1
200,62917,1,1,400,trial.invalid,815,1
200,62917,2,1,800,trial.validspatial,646,1
200,62917,2,2,400,trial.doublecue,1398,1
200,62917,2,1,0,trial.doublecue,997,1
200,62917,2,2,400,trial.validspatial,1292,0
200,62917,1,1,NaN,trial.nocue,689,1
200,62917,2,1,0,trial.invalid,800,1
200,62917,1,2,800,trial.validspatial,1504,1
200,62917,1,2,800,trial.doublecue,783,0
200,62917,2,1,400,trial.validspatial,620,1
200,62917,1,1,800,trial.validspatial,506,1
200,62917,1,2,800,trial.validspatial,1700,0
200,62917,1,1,0,trial.validspatial,797,1
200,62917,1,2,400,trial.validspatial,1276,1
200,62917,2,1,400,trial.invalid,1071,0
200,62917,2,1,0,trial.invalid,1138,1
200,62917,2,2,NaN,trial.nocue,1700,0
200,62917,1,1,800,trial.validspatial,700,1
200,62917,2,2,400,trial.validspatial,1112,1
200,62917,2,1,NaN,trial.nocue,789,1
200,62917,1,1,400,trial.validspatial,646,1
200,62917,1,2,NaN,trial.nocue,1700,0
200,62917,1,2,0,trial.validspatial,799,1
200,62917,1,2,800,trial.validspatial,996,1
200,62917,1,1,0,trial.validspatial,1094,1
200,62917,1,1,400,trial.validspatial,612,1
200,62917,1,1,0,trial.validspatial,687,1
200,62917,1,2,0,trial.invalid,1127,0
200,62917,1,2,800,trial.validspatial,1437,1
200,62917,1,2,400,trial.validspatial,1160,1
200,62917,1,2,400,trial.doublecue,1669,1
200,62917,2,2,400,trial.validspatial,769,0
200,62917,2,1,400,trial.doublecue,1239,0
200,62917,2,1,0,trial.validspatial,753,1
200,62917,2,1,400,trial.validspatial,662,1
200,62917,1,2,800,trial.validspatial,1700,0
200,62917,1,1,800,trial.invalid,813,1
200,62917,2,1,400,trial.validspatial,728,1
200,62917,2,1,800,trial.validspatial,735,1
200,62917,2,2,0,trial.validspatial,1350,1
200,62917,1,2,0,trial.validspatial,885,0
200,62917,1,1,400,trial.validspatial,593,1
200,62917,1,1,NaN,trial.nocue,627,1
200,62917,1,2,0,trial.validspatial,1439,1
200,62917,1,1,NaN,trial.nocue,728,1
200,62917,2,2,0,trial.validspatial,1482,1
200,62917,2,1,800,trial.invalid,951,0
200,62917,2,2,NaN,trial.nocue,1486,1
200,62917,1,2,400,trial.invalid,1458,1
200,62917,2,2,0,trial.doublecue,1700,0
200,62917,1,2,NaN,trial.nocue,1700,0
200,62917,1,1,400,trial.validspatial,597,1
200,62917,1,1,800,trial.validspatial,718,1
200,62917,2,1,NaN,trial.nocue,881,1
200,62917,1,1,800,trial.doublecue,765,1
200,62917,2,2,0,trial.doublecue,1218,1
200,62917,1,1,0,trial.invalid,595,1
200,62917,1,1,0,trial.invalid,905,1
200,62917,2,1,0,trial.validspatial,670,1
200,62917,2,1,0,trial.validspatial,775,1
200,62917,1,1,400,trial.doublecue,575,1
200,62917,2,2,800,trial.validspatial,1118,1
200,62917,2,2,800,trial.validspatial,1127,1
200,62917,2,2,0,trial.validspatial,1251,1
200,62917,1,2,400,trial.validspatial,1369,0
200,62917,2,2,800,trial.invalid,1250,1
200,62917,1,2,0,trial.invalid,1387,1
200,62917,2,1,400,trial.validspatial,1163,1
200,62917,2,1,400,trial.validspatial,625,1
200,62917,2,1,NaN,trial.nocue,860,1
200,62917,2,2,NaN,trial.nocue,1166,1
200,62917,2,1,NaN,trial.nocue,948,1
200,62917,1,1,800,trial.validspatial,676,1
200,62917,1,1,NaN,trial.nocue,545,1
200,62917,2,1,800,trial.doublecue,983,1
200,62917,2,2,NaN,trial.nocue,1700,0
200,62917,1,2,400,trial.validspatial,1543,1
200,62917,1,1,400,trial.doublecue,644,1
200,62917,2,2,400,trial.invalid,1160,1
200,62917,1,1,NaN,trial.nocue,859,1
200,62917,2,1,800,trial.validspatial,647,1
200,62917,2,2,0,trial.validspatial,1079,1
200,62917,2,1,800,trial.doublecue,962,1
200,62917,2,1,400,trial.validspatial,553,1
200,62917,2,2,400,trial.validspatial,968,1
200,62917,2,1,0,trial.doublecue,1038,1
200,62917,2,2,400,trial.validspatial,1513,1
200,62917,2,2,400,trial.invalid,1120,1
200,62917,2,2,800,trial.doublecue,897,1
200,62917,1,2,400,trial.doublecue,1178,0
200,62917,1,2,0,trial.validspatial,1629,1
200,62917,1,2,NaN,trial.nocue,805,1
200,62917,1,1,800,trial.invalid,797,1
200,62917,2,2,800,trial.validspatial,1378,1
200,62917,2,1,800,trial.validspatial,1199,1
200,62917,2,1,0,trial.validspatial,829,1
200,62917,2,2,NaN,trial.nocue,1700,0
200,62917,2,2,800,trial.validspatial,880,1
200,62917,1,1,400,trial.validspatial,1700,0
200,62917,1,2,800,trial.invalid,903,1
200,62917,2,2,0,trial.validspatial,1134,0
200,62917,2,2,800,trial.validspatial,1058,1
200,62917,1,1,800,trial.validspatial,1046,1
200,62917,2,1,NaN,trial.nocue,1376,1
200,62917,1,2,NaN,trial.nocue,1280,1
200,62917,1,2,800,trial.validspatial,1100,1
200,62917,1,2,0,trial.validspatial,690,1
200,62917,2,2,0,trial.invalid,705,1
200,62917,1,1,NaN,trial.nocue,1329,1
200,62917,2,2,800,trial.validspatial,766,1
200,62917,2,1,800,trial.validspatial,527,1
200,62917,2,1,0,trial.validspatial,766,1
200,62917,1,1,800,trial.doublecue,1297,1
200,62917,2,2,800,trial.invalid,1285,1
200,62917,1,2,400,trial.validspatial,600,1
200,62917,2,1,800,trial.validspatial,577,1
200,62917,1,2,400,trial.invalid,1034,0
200,62917,1,1,800,trial.validspatial,872,1
200,62917,2,2,400,trial.doublecue,1029,1
200,62917,1,1,0,trial.validspatial,1214,1
200,62917,2,1,NaN,trial.nocue,1357,1
200,62917,2,1,400,trial.invalid,1247,1
200,62917,1,2,800,trial.invalid,1330,1
200,62917,1,2,0,trial.doublecue,1169,0
200,62917,1,1,400,trial.validspatial,699,1
200,62917,1,2,400,trial.validspatial,577,1
200,62917,1,1,0,trial.doublecue,724,1
200,62917,1,1,0,trial.doublecue,649,1
200,62917,1,2,NaN,trial.nocue,1017,1
200,62917,2,1,400,trial.doublecue,706,1
200,62917,2,2,400,trial.validspatial,585,1
200,62917,2,2,800,trial.doublecue,1003,1
200,62917,2,2,NaN,trial.nocue,1070,1
200,62917,1,2,NaN,trial.nocue,733,1
200,62917,1,2,0,trial.doublecue,1150,1
200,62917,2,1,800,trial.invalid,1073,1
200,62917,1,2,0,trial.validspatial,1045,1
200,62917,1,1,0,trial.validspatial,1026,1
200,62917,2,1,0,trial.validspatial,1137,1
200,62917,1,1,400,trial.invalid,1138,1
200,62917,1,2,800,trial.doublecue,1016,1
200,62917,2,2,0,trial.validspatial,580,1
200,62917,2,2,0,trial.invalid,706,1
200,62917,1,1,0,trial.validspatial,1290,1
200,62917,1,1,400,trial.invalid,1576,0
200,62917,2,1,800,trial.validspatial,673,0
200,62917,2,2,400,trial.doublecue,1273,1
200,62917,2,1,0,trial.doublecue,808,1
200,62917,2,2,400,trial.validspatial,1359,1
200,62917,1,1,NaN,trial.nocue,1250,1
200,62917,2,1,0,trial.invalid,961,1
200,62917,1,2,800,trial.validspatial,1218,1
200,62917,1,2,800,trial.doublecue,763,1
200,62917,2,1,400,trial.validspatial,670,1
200,62917,1,1,800,trial.validspatial,1050,1
200,62917,1,2,800,trial.validspatial,938,1
200,62917,1,1,0,trial.validspatial,551,1
200,62917,1,2,400,trial.validspatial,983,1
200,62917,2,1,400,trial.invalid,712,1
200,62917,2,1,0,trial.invalid,1700,0
200,62917,2,2,NaN,trial.nocue,1331,1
200,62917,1,1,800,trial.validspatial,1296,1
200,62917,2,2,400,trial.validspatial,1166,1
200,62917,2,1,NaN,trial.nocue,1700,0
200,62917,1,1,400,trial.validspatial,998,1
200,62917,1,2,NaN,trial.nocue,966,1
200,62917,1,2,0,trial.validspatial,1164,1
200,62917,1,2,800,trial.validspatial,602,1
200,62917,1,1,0,trial.validspatial,734,1
200,62917,1,1,400,trial.validspatial,1319,1
