subject,date,location_congruence_val,flanker_congruence_val,cue_target_interval,cue_condition,latency,values.correct
203,62917,1,1,0,trial.validspatial,971,1
203,62917,1,2,0,trial.invalid,1246,1
203,62917,1,2,800,trial.validspatial,809,1
203,62917,1,2,400,trial.validspatial,758,1
203,62917,1,2,400,trial.doublecue,959,1
203,62917,2,2,400,trial.validspatial,684,1
203,62917,2,1,400,trial.doublecue,1700,0
203,62917,2,1,0,trial.validspatial,822,1
203,62917,2,1,400,trial.validspatial,486,1
203,62917,1,2,800,trial.validspatial,647,1
203,62917,1,1,800,trial.invalid,795,1
203,62917,2,1,400,trial.validspatial,550,1
203,62917,2,1,800,trial.validspatial,347,1
203,62917,2,2,0,trial.validspatial,630,1
203,62917,1,2,0,trial.validspatial,559,1
203,62917,1,1,400,trial.validspatial,467,1
203,62917,1,1,NaN,trial.nocue,616,1
203,62917,1,2,0,trial.validspatial,575,1
203,62917,1,1,NaN,trial.nocue,815,1
203,62917,2,2,0,trial.validspatial,871,1
203,62917,2,1,800,trial.invalid,799,1
203,62917,2,2,NaN,trial.nocue,749,1
203,62917,1,2,400,trial.invalid,988,1
203,62917,2,2,0,trial.doublecue,725,1
203,62917,1,2,NaN,trial.nocue,717,1
203,62917,1,1,400,trial.validspatial,503,1
203,62917,1,1,800,trial.validspatial,500,1
203,62917,2,1,NaN,trial.nocue,639,1
203,62917,1,1,800,trial.doublecue,470,1
203,62917,2,2,0,trial.doublecue,629,1
203,62917,1,1,0,trial.invalid,684,1
203,62917,1,1,0,trial.invalid,624,1
203,62917,2,1,0,trial.validspatial,530,1
203,62917,2,1,0,trial.validspatial,471,1
203,62917,1,1,400,trial.doublecue,606,0
203,62917,2,2,800,trial.validspatial,729,1
203,62917,2,2,800,trial.validspatial,625,1
203,62917,2,2,0,trial.validspatial,864,1
203,62917,1,2,400,trial.validspatial,613,1
203,62917,2,2,800,trial.invalid,757,1
203,62917,1,2,0,trial.invalid,833,1
203,62917,2,1,400,trial.validspatial,569,1
203,62917,2,1,400,trial.validspatial,457,1
203,62917,2,1,NaN,trial.nocue,879,1
203,62917,2,2,NaN,trial.nocue,811,1
203,62917,2,1,NaN,trial.nocue,605,1
203,62917,1,1,800,trial.validspatial,531,1
203,62917,1,1,NaN,trial.nocue,647,1
203,62917,2,1,800,trial.doublecue,635,1
203,62917,2,2,NaN,trial.nocue,713,1
203,62917,1,2,400,trial.validspatial,654,1
203,62917,1,1,400,trial.doublecue,584,1
203,62917,2,2,400,trial.invalid,793,1
203,62917,1,1,NaN,trial.nocue,582,1
203,62917,2,1,800,trial.validspatial,496,1
203,62917,2,2,0,trial.validspatial,841,1
203,62917,2,1,800,trial.doublecue,556,1
203,62917,2,1,400,trial.validspatial,524,1
203,62917,2,2,400,trial.validspatial,565,1
203,62917,2,1,0,trial.doublecue,754,1
203,62917,2,2,400,trial.validspatial,661,1
203,62917,2,2,400,trial.invalid,956,1
203,62917,2,2,800,trial.doublecue,678,1
203,62917,1,2,400,trial.doublecue,722,1
203,62917,1,2,0,trial.validspatial,723,1
203,62917,1,2,NaN,trial.nocue,773,1
203,62917,1,1,800,trial.invalid,721,1
203,62917,2,2,800,trial.validspatial,504,1
203,62917,2,1,800,trial.validspatial,443,1
203,62917,2,1,0,trial.validspatial,625,1
203,62917,2,2,NaN,trial.nocue,747,1
203,62917,2,2,800,trial.validspatial,557,1
203,62917,1,1,400,trial.validspatial,524,1
203,62917,1,2,800,trial.invalid,871,1
203,62917,2,2,0,trial.validspatial,630,1
203,62917,2,2,800,trial.validspatial,555,1
203,62917,1,1,800,trial.validspatial,520,1
203,62917,2,1,NaN,trial.nocue,649,1
203,62917,1,2,NaN,trial.nocue,681,1
203,62917,1,2,800,trial.validspatial,549,1
203,62917,1,2,0,trial.validspatial,709,1
203,62917,2,2,0,trial.invalid,938,1
203,62917,1,1,NaN,trial.nocue,701,1
203,62917,2,2,800,trial.validspatial,591,1
203,62917,2,1,800,trial.validspatial,523,1
203,62917,2,1,0,trial.validspatial,551,1
203,62917,1,1,800,trial.doublecue,617,1
203,62917,2,2,800,trial.invalid,769,1
203,62917,1,2,400,trial.validspatial,595,1
203,62917,2,1,800,trial.validspatial,528,1
203,62917,1,2,400,trial.invalid,755,1
203,62917,1,1,800,trial.validspatial,479,1
203,62917,2,2,400,trial.doublecue,723,1
203,62917,1,1,0,trial.validspatial,587,1
203,62917,2,1,NaN,trial.nocue,551,1
203,62917,2,1,400,trial.invalid,690,1
203,62917,1,2,800,trial.invalid,779,1
203,62917,1,2,0,trial.doublecue,765,1
203,62917,1,1,400,trial.validspatial,490,1
203,62917,1,2,400,trial.validspatial,607,1
203,62917,1,1,0,trial.doublecue,602,1
203,62917,1,1,0,trial.doublecue,594,1
203,62917,1,2,NaN,trial.nocue,720,1
203,62917,2,1,400,trial.doublecue,558,1
203,62917,2,2,400,trial.validspatial,605,1
203,62917,2,2,800,trial.doublecue,823,1
203,62917,2,2,NaN,trial.nocue,614,1
203,62917,1,2,NaN,trial.nocue,655,1
203,62917,1,2,0,trial.doublecue,718,1
203,62917,2,1,800,trial.invalid,746,1
203,62917,1,2,0,trial.validspatial,698,1
203,62917,1,1,0,trial.validspatial,508,1
203,62917,2,1,0,trial.validspatial,548,1
203,62917,1,1,400,trial.invalid,676,1
203,62917,1,2,800,trial.doublecue,754,1
203,62917,2,2,0,trial.validspatial,791,1
203,62917,2,2,0,trial.invalid,731,0
203,62917,1,1,0,trial.validspatial,628,1
203,62917,1,1,400,trial.invalid,751,1
203,62917,2,1,800,trial.validspatial,520,1
203,62917,2,2,400,trial.doublecue,964,1
203,62917,2,1,0,trial.doublecue,656,1
203,62917,2,2,400,trial.validspatial,617,1
203,62917,1,1,NaN,trial.nocue,801,1
203,62917,2,1,0,trial.invalid,707,1
203,62917,1,2,800,trial.validspatial,532,1
203,62917,1,2,800,trial.doublecue,591,1
203,62917,2,1,400,trial.validspatial,541,1
203,62917,1,1,800,trial.validspatial,481,1
203,62917,1,2,800,trial.validspatial,586,1
203,62917,1,1,0,trial.validspatial,637,1
203,62917,1,2,400,trial.validspatial,540,1
203,62917,2,1,400,trial.invalid,766,1
203,62917,2,1,0,trial.invalid,635,1
203,62917,2,2,NaN,trial.nocue,741,1
203,62917,1,1,800,trial.validspatial,410,1
203,62917,2,2,400,trial.validspatial,544,1
203,62917,2,1,NaN,trial.nocue,652,1
203,62917,1,1,400,trial.validspatial,477,1
203,62917,1,2,NaN,trial.nocue,1310,1
203,62917,1,2,0,trial.validspatial,711,1
203,62917,1,2,800,trial.validspatial,519,1
203,62917,1,1,0,trial.validspatial,655,1
203,62917,1,1,400,trial.validspatial,476,1
203,62917,1,1,0,trial.validspatial,543,1
203,62917,1,2,0,trial.invalid,911,1
203,62917,1,2,800,trial.validspatial,630,1
203,62917,1,2,400,trial.validspatial,537,1
203,62917,1,2,400,trial.doublecue,802,1
203,62917,2,2,400,trial.validspatial,564,1
203,62917,2,1,400,trial.doublecue,737,1
203,62917,2,1,0,trial.validspatial,543,1
203,62917,2,1,400,trial.validspatial,508,1
203,62917,1,2,800,trial.validspatial,645,1
203,62917,1,1,800,trial.invalid,676,1
203,62917,2,1,400,trial.validspatial,507,1
203,62917,2,1,800,trial.validspatial,624,1
203,62917,2,2,0,trial.validspatial,926,1
203,62917,1,2,0,trial.validspatial,722,1
203,62917,1,1,400,trial.validspatial,489,1
203,62917,1,1,NaN,trial.nocue,606,1
203,62917,1,2,0,trial.validspatial,944,1
203,62917,1,1,NaN,trial.nocue,629,1
203,62917,2,2,0,trial.validspatial,699,1
203,62917,2,1,800,trial.invalid,710,1
203,62917,2,2,NaN,trial.nocue,708,1
203,62917,1,2,400,trial.invalid,859,1
203,62917,2,2,0,trial.doublecue,846,1
203,62917,1,2,NaN,trial.nocue,777,1
203,62917,1,1,400,trial.validspatial,491,1
203,62917,1,1,800,trial.validspatial,501,1
203,62917,2,1,NaN,trial.nocue,580,1
203,62917,1,1,800,trial.doublecue,562,1
203,62917,2,2,0,trial.doublecue,811,1
203,62917,1,1,0,trial.invalid,768,1
203,62917,1,1,0,trial.invalid,594,1
203,62917,2,1,0,trial.validspatial,575,1
203,62917,2,1,0,trial.validspatial,570,1
203,62917,1,1,400,trial.doublecue,538,1
203,62917,2,2,800,trial.validspatial,590,1
203,62917,2,2,800,trial.validspatial,575,1
203,62917,2,2,0,trial.validspatial,815,1
203,62917,1,2,400,trial.validspatial,570,1
203,62917,2,2,800,trial.invalid,752,1
203,62917,1,2,0,trial.invalid,847,1
203,62917,2,1,400,trial.validspatial,522,1
203,62917,2,1,400,trial.validspatial,508,1
203,62917,2,1,NaN,trial.nocue,1043,1
203,62917,2,2,NaN,trial.nocue,757,1
203,62917,2,1,NaN,trial.nocue,604,1
203,62917,1,1,800,trial.validspatial,443,1
203,62917,1,1,NaN,trial.nocue,625,1
203,62917,2,1,800,trial.doublecue,610,1
203,62917,2,2,NaN,trial.nocue,750,1
203,62917,1,2,400,trial.validspatial,674,1
203,62917,1,1,400,trial.doublecue,631,1
203,62917,2,2,400,trial.invalid,861,1
203,62917,1,1,NaN,trial.nocue,723,1
203,62917,2,1,800,trial.validspatial,485,1
203,62917,2,2,0,trial.validspatial,704,1
203,62917,2,1,800,trial.doublecue,771,1
203,62917,2,1,400,trial.validspatial,523,1
203,62917,2,2,400,trial.validspatial,618,1
203,62917,2,1,0,trial.doublecue,798,1
203,62917,2,2,400,trial.validspatial,518,0
203,62917,2,2,400,trial.invalid,928,1
203,62917,2,2,800,trial.doublecue,883,1
203,62917,1,2,400,trial.doublecue,738,1
203,62917,1,2,0,trial.validspatial,740,1
203,62917,1,2,NaN,trial.nocue,811,1
203,62917,1,1,800,trial.invalid,896,1
203,62917,2,2,800,trial.validspatial,650,1
203,62917,2,1,800,trial.validspatial,591,1
203,62917,2,1,0,trial.validspatial,644,1
203,62917,2,2,NaN,trial.nocue,809,1
203,62917,2,2,800,trial.validspatial,758,1
203,62917,1,1,400,trial.validspatial,1700,0
203,62917,1,2,800,trial.invalid,600,1
203,62917,2,2,0,trial.validspatial,950,1
203,62917,2,2,800,trial.validspatial,572,1
203,62917,1,1,800,trial.validspatial,631,1
203,62917,2,1,NaN,trial.nocue,709,1
203,62917,1,2,NaN,trial.nocue,573,1
203,62917,1,2,800,trial.validspatial,564,1
203,62917,1,2,0,trial.validspatial,598,1
203,62917,2,2,0,trial.invalid,555,1
203,62917,1,1,NaN,trial.nocue,539,1
203,62917,2,2,800,trial.validspatial,674,1
203,62917,2,1,800,trial.validspatial,510,1
203,62917,2,1,0,trial.validspatial,442,1
203,62917,1,1,800,trial.doublecue,862,1
203,62917,2,2,800,trial.invalid,704,1
203,62917,1,2,400,trial.validspatial,510,1
203,62917,2,1,800,trial.validspatial,545,1
203,62917,1,2,400,trial.invalid,738,1
203,62917,1,1,800,trial.validspatial,812,1
203,62917,2,2,400,trial.doublecue,723,1
203,62917,1,1,0,trial.validspatial,701,1
203,62917,2,1,NaN,trial.nocue,742,1
203,62917,2,1,400,trial.invalid,922,1
203,62917,1,2,800,trial.invalid,738,1
203,62917,1,2,0,trial.doublecue,802,1
203,62917,1,1,400,trial.validspatial,580,1
203,62917,1,2,400,trial.validspatial,513,1
203,62917,1,1,0,trial.doublecue,599,1
203,62917,1,1,0,trial.doublecue,624,1
203,62917,1,2,NaN,trial.nocue,619,0
203,62917,2,1,400,trial.doublecue,659,1
203,62917,2,2,400,trial.validspatial,807,1
203,62917,2,2,800,trial.doublecue,685,1
203,62917,2,2,NaN,trial.nocue,542,1
203,62917,1,2,NaN,trial.nocue,477,1
203,62917,1,2,0,trial.doublecue,613,1
203,62917,2,1,800,trial.invalid,701,1
203,62917,1,2,0,trial.validspatial,817,1
203,62917,1,1,0,trial.validspatial,630,1
203,62917,2,1,0,trial.validspatial,848,1
203,62917,1,1,400,trial.invalid,1006,1
203,62917,1,2,800,trial.doublecue,577,1
203,62917,2,2,0,trial.validspatial,477,1
203,62917,2,2,0,trial.invalid,606,1
203,62917,1,1,0,trial.validspatial,770,1
203,62917,1,1,400,trial.invalid,595,1
203,62917,2,1,800,trial.validspatial,560,0
203,62917,2,2,400,trial.doublecue,746,1
203,62917,2,1,0,trial.doublecue,655,1
203,62917,2,2,400,trial.validspatial,972,1
203,62917,1,1,NaN,trial.nocue,595,1
203,62917,2,1,0,trial.invalid,557,1
203,62917,1,2,800,trial.validspatial,929,1
203,62917,1,2,800,trial.doublecue,681,1
203,62917,2,1,400,trial.validspatial,495,1
203,62917,1,1,800,trial.validspatial,927,1
203,62917,1,2,800,trial.validspatial,702,1
203,62917,1,1,0,trial.validspatial,466,1
203,62917,1,2,400,trial.validspatial,621,1
203,62917,2,1,400,trial.invalid,661,1
203,62917,2,1,0,trial.invalid,583,1
203,62917,2,2,NaN,trial.nocue,784,1
203,62917,1,1,800,trial.validspatial,723,1
203,62917,2,2,400,trial.validspatial,637,1
203,62917,2,1,NaN,trial.nocue,666,1
203,62917,1,1,400,trial.validspatial,806,1
203,62917,1,2,NaN,trial.nocue,724,1
203,62917,1,2,0,trial.validspatial,568,1
203,62917,1,2,800,trial.validspatial,549,1
203,62917,1,1,0,trial.validspatial,741,1
203,62917,1,1,400,trial.validspatial,920,1
