subject,date,location_congruence_val,flanker_congruence_val,cue_target_interval,cue_condition,latency,values.correct
367,63017,1,1,0,trial.validspatial,1376,1
367,63017,1,2,0,trial.invalid,799,0
367,63017,1,2,800,trial.validspatial,928,1
367,63017,1,2,400,trial.validspatial,753,1
367,63017,1,2,400,trial.doublecue,799,1
367,63017,2,2,400,trial.validspatial,724,1
367,63017,2,1,400,trial.doublecue,842,1
367,63017,2,1,0,trial.validspatial,796,1
367,63017,2,1,400,trial.validspatial,542,1
367,63017,1,2,800,trial.validspatial,763,1
367,63017,1,1,800,trial.invalid,773,1
367,63017,2,1,400,trial.validspatial,583,1
367,63017,2,1,800,trial.validspatial,512,1
367,63017,2,2,0,trial.validspatial,648,1
367,63017,1,2,0,trial.validspatial,795,1
367,63017,1,1,400,trial.validspatial,719,1
367,63017,1,1,NaN,trial.nocue,670,1
367,63017,1,2,0,trial.validspatial,685,0
367,63017,1,1,NaN,trial.nocue,862,1
367,63017,2,2,0,trial.validspatial,703,1
367,63017,2,1,800,trial.invalid,751,1
367,63017,2,2,NaN,trial.nocue,784,1
367,63017,1,2,400,trial.invalid,929,1
367,63017,2,2,0,trial.doublecue,684,1
367,63017,1,2,NaN,trial.nocue,741,1
367,63017,1,1,400,trial.validspatial,667,1
367,63017,1,1,800,trial.validspatial,632,1
367,63017,2,1,NaN,trial.nocue,727,1
367,63017,1,1,800,trial.doublecue,536,1
367,63017,2,2,0,trial.doublecue,546,0
367,63017,1,1,0,trial.invalid,614,1
367,63017,1,1,0,trial.invalid,643,1
367,63017,2,1,0,trial.validspatial,571,1
367,63017,2,1,0,trial.validspatial,653,1
367,63017,1,1,400,trial.doublecue,558,1
367,63017,2,2,800,trial.validspatial,608,1
367,63017,2,2,800,trial.validspatial,766,1
367,63017,2,2,0,trial.validspatial,669,1
367,63017,1,2,400,trial.validspatial,723,1
367,63017,2,2,800,trial.invalid,830,1
367,63017,1,2,0,trial.invalid,747,1
367,63017,2,1,400,trial.validspatial,555,1
367,63017,2,1,400,trial.validspatial,588,1
367,63017,2,1,NaN,trial.nocue,797,1
367,63017,2,2,NaN,trial.nocue,1006,1
367,63017,2,1,NaN,trial.nocue,537,1
367,63017,1,1,800,trial.validspatial,537,1
367,63017,1,1,NaN,trial.nocue,567,1
367,63017,2,1,800,trial.doublecue,696,1
367,63017,2,2,NaN,trial.nocue,836,1
367,63017,1,2,400,trial.validspatial,672,1
367,63017,1,1,400,trial.doublecue,528,1
367,63017,2,2,400,trial.invalid,863,1
367,63017,1,1,NaN,trial.nocue,565,1
367,63017,2,1,800,trial.validspatial,717,1
367,63017,2,2,0,trial.validspatial,672,1
367,63017,2,1,800,trial.doublecue,499,1
367,63017,2,1,400,trial.validspatial,500,1
367,63017,2,2,400,trial.validspatial,1700,0
367,63017,2,1,0,trial.doublecue,1543,0
367,63017,2,2,400,trial.validspatial,676,1
367,63017,2,2,400,trial.invalid,834,1
367,63017,2,2,800,trial.doublecue,585,1
367,63017,1,2,400,trial.doublecue,688,1
367,63017,1,2,0,trial.validspatial,715,1
367,63017,1,2,NaN,trial.nocue,768,1
367,63017,1,1,800,trial.invalid,640,1
367,63017,2,2,800,trial.validspatial,596,1
367,63017,2,1,800,trial.validspatial,497,1
367,63017,2,1,0,trial.validspatial,522,1
367,63017,2,2,NaN,trial.nocue,616,0
367,63017,2,2,800,trial.validspatial,681,1
367,63017,1,1,400,trial.validspatial,451,1
367,63017,1,2,800,trial.invalid,738,1
367,63017,2,2,0,trial.validspatial,884,1
367,63017,2,2,800,trial.validspatial,564,1
367,63017,1,1,800,trial.validspatial,515,1
367,63017,2,1,NaN,trial.nocue,698,1
367,63017,1,2,NaN,trial.nocue,750,1
367,63017,1,2,800,trial.validspatial,795,1
367,63017,1,2,0,trial.validspatial,668,1
367,63017,2,2,0,trial.invalid,797,1
367,63017,1,1,NaN,trial.nocue,605,1
367,63017,2,2,800,trial.validspatial,664,1
367,63017,2,1,800,trial.validspatial,553,1
367,63017,2,1,0,trial.validspatial,583,1
367,63017,1,1,800,trial.doublecue,479,1
367,63017,2,2,800,trial.invalid,512,0
367,63017,1,2,400,trial.validspatial,818,1
367,63017,2,1,800,trial.validspatial,567,1
367,63017,1,2,400,trial.invalid,739,1
367,63017,1,1,800,trial.validspatial,616,1
367,63017,2,2,400,trial.doublecue,704,1
367,63017,1,1,0,trial.validspatial,596,1
367,63017,2,1,NaN,trial.nocue,670,1
367,63017,2,1,400,trial.invalid,720,1
367,63017,1,2,800,trial.invalid,735,1
367,63017,1,2,0,trial.doublecue,732,1
367,63017,1,1,400,trial.validspatial,477,1
367,63017,1,2,400,trial.validspatial,735,1
367,63017,1,1,0,trial.doublecue,588,1
367,63017,1,1,0,trial.doublecue,517,1
367,63017,1,2,NaN,trial.nocue,758,1
367,63017,2,1,400,trial.doublecue,612,1
367,63017,2,2,400,trial.validspatial,595,1
367,63017,2,2,800,trial.doublecue,818,1
367,63017,2,2,NaN,trial.nocue,606,1
367,63017,1,2,NaN,trial.nocue,976,1
367,63017,1,2,0,trial.doublecue,507,1
367,63017,2,1,800,trial.invalid,764,1
367,63017,1,2,0,trial.validspatial,681,1
367,63017,1,1,0,trial.validspatial,595,1
367,63017,2,1,0,trial.validspatial,557,1
367,63017,1,1,400,trial.invalid,518,1
367,63017,1,2,800,trial.doublecue,605,1
367,63017,2,2,0,trial.validspatial,497,0
367,63017,2,2,0,trial.invalid,573,0
367,63017,1,1,0,trial.validspatial,616,1
367,63017,1,1,400,trial.invalid,538,1
367,63017,2,1,800,trial.validspatial,701,1
367,63017,2,2,400,trial.doublecue,848,1
367,63017,2,1,0,trial.doublecue,616,1
367,63017,2,2,400,trial.validspatial,818,1
367,63017,1,1,NaN,trial.nocue,703,1
367,63017,2,1,0,trial.invalid,641,1
367,63017,1,2,800,trial.validspatial,869,1
367,63017,1,2,800,trial.doublecue,604,0
367,63017,2,1,400,trial.validspatial,522,1
367,63017,1,1,800,trial.validspatial,529,1
367,63017,1,2,800,trial.validspatial,725,1
367,63017,1,1,0,trial.validspatial,522,1
367,63017,1,2,400,trial.validspatial,637,1
367,63017,2,1,400,trial.invalid,573,1
367,63017,2,1,0,trial.invalid,455,1
367,63017,2,2,NaN,trial.nocue,702,1
367,63017,1,1,800,trial.validspatial,462,1
367,63017,2,2,400,trial.validspatial,704,1
367,63017,2,1,NaN,trial.nocue,736,1
367,63017,1,1,400,trial.validspatial,536,1
367,63017,1,2,NaN,trial.nocue,694,1
367,63017,1,2,0,trial.validspatial,672,1
367,63017,1,2,800,trial.validspatial,714,1
367,63017,1,1,0,trial.validspatial,580,1
367,63017,1,1,400,trial.validspatial,403,1
367,63017,1,1,0,trial.validspatial,487,1
367,63017,1,2,0,trial.invalid,658,0
367,63017,1,2,800,trial.validspatial,823,1
367,63017,1,2,400,trial.validspatial,799,1
367,63017,1,2,400,trial.doublecue,769,1
367,63017,2,2,400,trial.validspatial,553,0
367,63017,2,1,400,trial.doublecue,559,1
367,63017,2,1,0,trial.validspatial,485,1
367,63017,2,1,400,trial.validspatial,598,1
367,63017,1,2,800,trial.validspatial,631,0
367,63017,1,1,800,trial.invalid,685,1
367,63017,2,1,400,trial.validspatial,512,1
367,63017,2,1,800,trial.validspatial,698,1
367,63017,2,2,0,trial.validspatial,716,1
367,63017,1,2,0,trial.validspatial,755,1
367,63017,1,1,400,trial.validspatial,495,1
367,63017,1,1,NaN,trial.nocue,548,1
367,63017,1,2,0,trial.validspatial,736,1
367,63017,1,1,NaN,trial.nocue,606,1
367,63017,2,2,0,trial.validspatial,1001,1
367,63017,2,1,800,trial.invalid,608,1
367,63017,2,2,NaN,trial.nocue,940,1
367,63017,1,2,400,trial.invalid,702,1
367,63017,2,2,0,trial.doublecue,563,0
367,63017,1,2,NaN,trial.nocue,945,0
367,63017,1,1,400,trial.validspatial,644,1
367,63017,1,1,800,trial.validspatial,549,1
367,63017,2,1,NaN,trial.nocue,696,1
367,63017,1,1,800,trial.doublecue,528,1
367,63017,2,2,0,trial.doublecue,669,0
367,63017,1,1,0,trial.invalid,580,1
367,63017,1,1,0,trial.invalid,533,1
367,63017,2,1,0,trial.validspatial,576,1
367,63017,2,1,0,trial.validspatial,525,1
367,63017,1,1,400,trial.doublecue,464,1
367,63017,2,2,800,trial.validspatial,538,0
367,63017,2,2,800,trial.validspatial,725,1
367,63017,2,2,0,trial.validspatial,714,1
367,63017,1,2,400,trial.validspatial,766,1
367,63017,2,2,800,trial.invalid,575,1
367,63017,1,2,0,trial.invalid,852,1
367,63017,2,1,400,trial.validspatial,522,1
367,63017,2,1,400,trial.validspatial,510,1
367,63017,2,1,NaN,trial.nocue,503,1
367,63017,2,2,NaN,trial.nocue,856,1
367,63017,2,1,NaN,trial.nocue,740,1
367,63017,1,1,800,trial.validspatial,511,1
367,63017,1,1,NaN,trial.nocue,501,1
367,63017,2,1,800,trial.doublecue,668,1
367,63017,2,2,NaN,trial.nocue,577,0
367,63017,1,2,400,trial.validspatial,763,1
367,63017,1,1,400,trial.doublecue,518,1
367,63017,2,2,400,trial.invalid,659,0
367,63017,1,1,NaN,trial.nocue,467,1
367,63017,2,1,800,trial.validspatial,523,1
367,63017,2,2,0,trial.validspatial,946,1
367,63017,2,1,800,trial.doublecue,533,1
367,63017,2,1,400,trial.validspatial,535,1
367,63017,2,2,400,trial.validspatial,652,1
367,63017,2,1,0,trial.doublecue,530,1
367,63017,2,2,400,trial.validspatial,691,1
367,63017,2,2,400,trial.invalid,709,1
367,63017,2,2,800,trial.doublecue,621,1
367,63017,1,2,400,trial.doublecue,682,1
367,63017,1,2,0,trial.validspatial,769,1
367,63017,1,2,NaN,trial.nocue,809,1
367,63017,1,1,800,trial.invalid,733,1
367,63017,2,2,800,trial.validspatial,579,1
367,63017,2,1,800,trial.validspatial,501,1
367,63017,2,1,0,trial.validspatial,706,1
367,63017,2,2,NaN,trial.nocue,607,0
367,63017,2,2,800,trial.validspatial,628,1
367,63017,1,1,400,trial.validspatial,1700,0
367,63017,1,2,800,trial.invalid,598,1
367,63017,2,2,0,trial.validspatial,902,1
367,63017,2,2,800,trial.validspatial,656,1
367,63017,1,1,800,trial.validspatial,688,1
367,63017,2,1,NaN,trial.nocue,736,1
367,63017,1,2,NaN,trial.nocue,664,1
367,63017,1,2,800,trial.validspatial,521,1
367,63017,1,2,0,trial.validspatial,579,1
367,63017,2,2,0,trial.invalid,521,1
367,63017,1,1,NaN,trial.nocue,584,1
367,63017,2,2,800,trial.validspatial,735,1
367,63017,2,1,800,trial.validspatial,435,0
367,63017,2,1,0,trial.validspatial,549,1
367,63017,1,1,800,trial.doublecue,1138,1
367,63017,2,2,800,trial.invalid,955,1
367,63017,1,2,400,trial.validspatial,499,1
367,63017,2,1,800,trial.validspatial,638,1
367,63017,1,2,400,trial.invalid,641,0
367,63017,1,1,800,trial.validspatial,693,1
367,63017,2,2,400,trial.doublecue,763,1
367,63017,1,1,0,trial.validspatial,703,1
367,63017,2,1,NaN,trial.nocue,872,1
367,63017,2,1,400,trial.invalid,886,1
367,63017,1,2,800,trial.invalid,759,1
367,63017,1,2,0,trial.doublecue,636,1
367,63017,1,1,400,trial.validspatial,497,1
367,63017,1,2,400,trial.validspatial,549,1
367,63017,1,1,0,trial.doublecue,737,1
367,63017,1,1,0,trial.doublecue,560,1
367,63017,1,2,NaN,trial.nocue,1125,1
367,63017,2,1,400,trial.doublecue,533,1
367,63017,2,2,400,trial.validspatial,684,1
367,63017,2,2,800,trial.doublecue,619,1
367,63017,2,2,NaN,trial.nocue,571,1
367,63017,1,2,NaN,trial.nocue,598,1
367,63017,1,2,0,trial.doublecue,800,0
367,63017,2,1,800,trial.invalid,1700,0
367,63017,1,2,0,trial.validspatial,724,1
367,63017,1,1,0,trial.validspatial,769,1
367,63017,2,1,0,trial.validspatial,792,1
367,63017,1,1,400,trial.invalid,936,1
367,63017,1,2,800,trial.doublecue,587,1
367,63017,2,2,0,trial.validspatial,678,1
367,63017,2,2,0,trial.invalid,954,1
367,63017,1,1,0,trial.validspatial,782,1
367,63017,1,1,400,trial.invalid,748,1
367,63017,2,1,800,trial.validspatial,570,1
367,63017,2,2,400,trial.doublecue,525,1
367,63017,2,1,0,trial.doublecue,682,1
367,63017,2,2,400,trial.validspatial,1048,1
367,63017,1,1,NaN,trial.nocue,751,1
367,63017,2,1,0,trial.invalid,664,1
367,63017,1,2,800,trial.validspatial,797,1
367,63017,1,2,800,trial.doublecue,604,1
367,63017,2,1,400,trial.validspatial,551,1
367,63017,1,1,800,trial.validspatial,778,1
367,63017,1,2,800,trial.validspatial,513,1
367,63017,1,1,0,trial.validspatial,488,1
367,63017,1,2,400,trial.validspatial,847,1
367,63017,2,1,400,trial.invalid,632,1
367,63017,2,1,0,trial.invalid,626,1
367,63017,2,2,NaN,trial.nocue,801,1
367,63017,1,1,800,trial.validspatial,665,1
367,63017,2,2,400,trial.validspatial,638,1
367,63017,2,1,NaN,trial.nocue,1032,1
367,63017,1,1,400,trial.validspatial,854,1
367,63017,1,2,NaN,trial.nocue,580,1
367,63017,1,2,0,trial.validspatial,630,1
367,63017,1,2,800,trial.validspatial,566,1
367,63017,1,1,0,trial.validspatial,619,1
367,63017,1,1,400,trial.validspatial,808,1
