subject,date,location_congruence_val,flanker_congruence_val,cue_target_interval,cue_condition,latency,values.correct
50,102317,1,1,0,trial.validspatial,1089,1
50,102317,1,2,0,trial.invalid,1497,1
50,102317,1,2,800,trial.validspatial,894,1
50,102317,1,2,400,trial.validspatial,699,1
50,102317,1,2,400,trial.doublecue,833,1
50,102317,2,2,400,trial.validspatial,746,1
50,102317,2,1,400,trial.doublecue,757,1
50,102317,2,1,0,trial.validspatial,711,1
50,102317,2,1,400,trial.validspatial,512,1
50,102317,1,2,800,trial.validspatial,613,1
50,102317,1,1,800,trial.invalid,761,1
50,102317,2,1,400,trial.validspatial,486,1
50,102317,2,1,800,trial.validspatial,456,1
50,102317,2,2,0,trial.validspatial,738,1
50,102317,1,2,0,trial.validspatial,732,1
50,102317,1,1,400,trial.validspatial,798,1
50,102317,1,1,NaN,trial.nocue,691,1
50,102317,1,2,0,trial.validspatial,622,1
50,102317,1,1,NaN,trial.nocue,645,1
50,102317,2,2,0,trial.validspatial,890,1
50,102317,2,1,800,trial.invalid,741,1
50,102317,2,2,NaN,trial.nocue,1038,1
50,102317,1,2,400,trial.invalid,906,1
50,102317,2,2,0,trial.doublecue,751,1
50,102317,1,2,NaN,trial.nocue,820,1
50,102317,1,1,400,trial.validspatial,429,1
50,102317,1,1,800,trial.validspatial,693,1
50,102317,2,1,NaN,trial.nocue,779,1
50,102317,1,1,800,trial.doublecue,643,1
50,102317,2,2,0,trial.doublecue,889,1
50,102317,1,1,0,trial.invalid,732,1
50,102317,1,1,0,trial.invalid,560,1
50,102317,2,1,0,trial.validspatial,1082,1
50,102317,2,1,0,trial.validspatial,610,1
50,102317,1,1,400,trial.doublecue,727,1
50,102317,2,2,800,trial.validspatial,636,1
50,102317,2,2,800,trial.validspatial,607,1
50,102317,2,2,0,trial.validspatial,591,1
50,102317,1,2,400,trial.validspatial,454,1
50,102317,2,2,800,trial.invalid,668,1
50,102317,1,2,0,trial.invalid,940,1
50,102317,2,1,400,trial.validspatial,500,1
50,102317,2,1,400,trial.validspatial,594,1
50,102317,2,1,NaN,trial.nocue,617,1
50,102317,2,2,NaN,trial.nocue,755,1
50,102317,2,1,NaN,trial.nocue,589,1
50,102317,1,1,800,trial.validspatial,580,1
50,102317,1,1,NaN,trial.nocue,567,1
50,102317,2,1,800,trial.doublecue,584,1
50,102317,2,2,NaN,trial.nocue,842,1
50,102317,1,2,400,trial.validspatial,525,1
50,102317,1,1,400,trial.doublecue,425,1
50,102317,2,2,400,trial.invalid,740,1
50,102317,1,1,NaN,trial.nocue,522,1
50,102317,2,1,800,trial.validspatial,466,1
50,102317,2,2,0,trial.validspatial,733,1
50,102317,2,1,800,trial.doublecue,597,1
50,102317,2,1,400,trial.validspatial,443,1
50,102317,2,2,400,trial.validspatial,629,1
50,102317,2,1,0,trial.doublecue,677,1
50,102317,2,2,400,trial.validspatial,571,1
50,102317,2,2,400,trial.invalid,821,1
50,102317,2,2,800,trial.doublecue,636,1
50,102317,1,2,400,trial.doublecue,589,1
50,102317,1,2,0,trial.validspatial,715,1
50,102317,1,2,NaN,trial.nocue,821,1
50,102317,1,1,800,trial.invalid,676,1
50,102317,2,2,800,trial.validspatial,539,1
50,102317,2,1,800,trial.validspatial,664,1
50,102317,2,1,0,trial.validspatial,780,1
50,102317,2,2,NaN,trial.nocue,908,1
50,102317,2,2,800,trial.validspatial,529,1
50,102317,1,1,400,trial.validspatial,730,1
50,102317,1,2,800,trial.invalid,880,1
50,102317,2,2,0,trial.validspatial,982,1
50,102317,2,2,800,trial.validspatial,536,1
50,102317,1,1,800,trial.validspatial,554,1
50,102317,2,1,NaN,trial.nocue,548,1
50,102317,1,2,NaN,trial.nocue,787,1
50,102317,1,2,800,trial.validspatial,681,1
50,102317,1,2,0,trial.validspatial,878,1
50,102317,2,2,0,trial.invalid,826,1
50,102317,1,1,NaN,trial.nocue,877,1
50,102317,2,2,800,trial.validspatial,578,1
50,102317,2,1,800,trial.validspatial,721,1
50,102317,2,1,0,trial.validspatial,678,1
50,102317,1,1,800,trial.doublecue,662,1
50,102317,2,2,800,trial.invalid,797,1
50,102317,1,2,400,trial.validspatial,592,1
50,102317,2,1,800,trial.validspatial,438,1
50,102317,1,2,400,trial.invalid,927,1
50,102317,1,1,800,trial.validspatial,612,1
50,102317,2,2,400,trial.doublecue,736,1
50,102317,1,1,0,trial.validspatial,788,1
50,102317,2,1,NaN,trial.nocue,850,1
50,102317,2,1,400,trial.invalid,656,1
50,102317,1,2,800,trial.invalid,749,1
50,102317,1,2,0,trial.doublecue,767,1
50,102317,1,1,400,trial.validspatial,476,1
50,102317,1,2,400,trial.validspatial,619,1
50,102317,1,1,0,trial.doublecue,650,1
50,102317,1,1,0,trial.doublecue,585,1
50,102317,1,2,NaN,trial.nocue,767,1
50,102317,2,1,400,trial.doublecue,712,1
50,102317,2,2,400,trial.validspatial,616,1
50,102317,2,2,800,trial.doublecue,770,1
50,102317,2,2,NaN,trial.nocue,814,1
50,102317,1,2,NaN,trial.nocue,751,1
50,102317,1,2,0,trial.doublecue,784,1
50,102317,2,1,800,trial.invalid,630,1
50,102317,1,2,0,trial.validspatial,686,1
50,102317,1,1,0,trial.validspatial,825,1
50,102317,2,1,0,trial.validspatial,658,1
50,102317,1,1,400,trial.invalid,695,1
50,102317,1,2,800,trial.doublecue,729,1
50,102317,2,2,0,trial.validspatial,840,1
50,102317,2,2,0,trial.invalid,813,1
50,102317,1,1,0,trial.validspatial,606,1
50,102317,1,1,400,trial.invalid,712,1
50,102317,2,1,800,trial.validspatial,516,1
50,102317,2,2,400,trial.doublecue,783,1
50,102317,2,1,0,trial.doublecue,742,1
50,102317,2,2,400,trial.validspatial,609,1
50,102317,1,1,NaN,trial.nocue,628,1
50,102317,2,1,0,trial.invalid,688,1
50,102317,1,2,800,trial.validspatial,681,1
50,102317,1,2,800,trial.doublecue,715,1
50,102317,2,1,400,trial.validspatial,658,1
50,102317,1,1,800,trial.validspatial,519,1
50,102317,1,2,800,trial.validspatial,576,1
50,102317,1,1,0,trial.validspatial,632,1
50,102317,1,2,400,trial.validspatial,607,1
50,102317,2,1,400,trial.invalid,729,1
50,102317,2,1,0,trial.invalid,487,1
50,102317,2,2,NaN,trial.nocue,729,1
50,102317,1,1,800,trial.validspatial,456,1
50,102317,2,2,400,trial.validspatial,509,1
50,102317,2,1,NaN,trial.nocue,601,1
50,102317,1,1,400,trial.validspatial,485,1
50,102317,1,2,NaN,trial.nocue,615,1
50,102317,1,2,0,trial.validspatial,735,1
50,102317,1,2,800,trial.validspatial,566,1
50,102317,1,1,0,trial.validspatial,637,1
50,102317,1,1,400,trial.validspatial,465,1
50,102317,1,1,0,trial.validspatial,598,1
50,102317,1,2,0,trial.invalid,912,1
50,102317,1,2,800,trial.validspatial,587,1
50,102317,1,2,400,trial.validspatial,602,1
50,102317,1,2,400,trial.doublecue,792,1
50,102317,2,2,400,trial.validspatial,561,1
50,102317,2,1,400,trial.doublecue,619,1
50,102317,2,1,0,trial.validspatial,519,1
50,102317,2,1,400,trial.validspatial,508,1
50,102317,1,2,800,trial.validspatial,706,1
50,102317,1,1,800,trial.invalid,716,1
50,102317,2,1,400,trial.validspatial,503,1
50,102317,2,1,800,trial.validspatial,499,1
50,102317,2,2,0,trial.validspatial,734,1
50,102317,1,2,0,trial.validspatial,876,1
50,102317,1,1,400,trial.validspatial,473,1
50,102317,1,1,NaN,trial.nocue,654,1
50,102317,1,2,0,trial.validspatial,1033,1
50,102317,1,1,NaN,trial.nocue,533,1
50,102317,2,2,0,trial.validspatial,946,1
50,102317,2,1,800,trial.invalid,685,1
50,102317,2,2,NaN,trial.nocue,1254,1
50,102317,1,2,400,trial.invalid,844,1
50,102317,2,2,0,trial.doublecue,810,1
50,102317,1,2,NaN,trial.nocue,912,1
50,102317,1,1,400,trial.validspatial,936,1
50,102317,1,1,800,trial.validspatial,667,1
50,102317,2,1,NaN,trial.nocue,713,1
50,102317,1,1,800,trial.doublecue,602,1
50,102317,2,2,0,trial.doublecue,1366,1
50,102317,1,1,0,trial.invalid,577,1
50,102317,1,1,0,trial.invalid,625,1
50,102317,2,1,0,trial.validspatial,629,1
50,102317,2,1,0,trial.validspatial,560,1
50,102317,1,1,400,trial.doublecue,692,1
50,102317,2,2,800,trial.validspatial,634,1
50,102317,2,2,800,trial.validspatial,642,1
50,102317,2,2,0,trial.validspatial,706,1
50,102317,1,2,400,trial.validspatial,629,1
50,102317,2,2,800,trial.invalid,886,1
50,102317,1,2,0,trial.invalid,973,1
50,102317,2,1,400,trial.validspatial,495,1
50,102317,2,1,400,trial.validspatial,476,1
50,102317,2,1,NaN,trial.nocue,636,1
50,102317,2,2,NaN,trial.nocue,793,1
50,102317,2,1,NaN,trial.nocue,522,1
50,102317,1,1,800,trial.validspatial,542,1
50,102317,1,1,NaN,trial.nocue,962,1
50,102317,2,1,800,trial.doublecue,499,1
50,102317,2,2,NaN,trial.nocue,820,1
50,102317,1,2,400,trial.validspatial,600,1
50,102317,1,1,400,trial.doublecue,643,1
50,102317,2,2,400,trial.invalid,845,1
50,102317,1,1,NaN,trial.nocue,735,1
50,102317,2,1,800,trial.validspatial,622,1
50,102317,2,2,0,trial.validspatial,791,1
50,102317,2,1,800,trial.doublecue,689,1
50,102317,2,1,400,trial.validspatial,555,1
50,102317,2,2,400,trial.validspatial,700,1
50,102317,2,1,0,trial.doublecue,796,1
50,102317,2,2,400,trial.validspatial,582,0
50,102317,2,2,400,trial.invalid,936,1
50,102317,2,2,800,trial.doublecue,774,1
50,102317,1,2,400,trial.doublecue,768,1
50,102317,1,2,0,trial.validspatial,814,1
50,102317,1,2,NaN,trial.nocue,786,1
50,102317,1,1,800,trial.invalid,736,1
50,102317,2,2,800,trial.validspatial,671,1
50,102317,2,1,800,trial.validspatial,620,1
50,102317,2,1,0,trial.validspatial,560,1
50,102317,2,2,NaN,trial.nocue,784,1
50,102317,2,2,800,trial.validspatial,653,1
50,102317,1,1,400,trial.validspatial,1700,0
50,102317,1,2,800,trial.invalid,652,1
50,102317,2,2,0,trial.validspatial,1016,1
50,102317,2,2,800,trial.validspatial,948,1
50,102317,1,1,800,trial.validspatial,754,1
50,102317,2,1,NaN,trial.nocue,776,1
50,102317,1,2,NaN,trial.nocue,689,1
50,102317,1,2,800,trial.validspatial,564,1
50,102317,1,2,0,trial.validspatial,567,1
50,102317,2,2,0,trial.invalid,800,1
50,102317,1,1,NaN,trial.nocue,677,1
50,102317,2,2,800,trial.validspatial,657,1
50,102317,2,1,800,trial.validspatial,509,1
50,102317,2,1,0,trial.validspatial,501,1
50,102317,1,1,800,trial.doublecue,776,1
50,102317,2,2,800,trial.invalid,827,1
50,102317,1,2,400,trial.validspatial,481,1
50,102317,2,1,800,trial.validspatial,658,1
50,102317,1,2,400,trial.invalid,798,1
50,102317,1,1,800,trial.validspatial,603,1
50,102317,2,2,400,trial.doublecue,825,1
50,102317,1,1,0,trial.validspatial,654,1
50,102317,2,1,NaN,trial.nocue,1700,0
50,102317,2,1,400,trial.invalid,844,1
50,102317,1,2,800,trial.invalid,992,1
50,102317,1,2,0,trial.doublecue,965,1
50,102317,1,1,400,trial.validspatial,478,1
50,102317,1,2,400,trial.validspatial,465,1
50,102317,1,1,0,trial.doublecue,768,1
50,102317,1,1,0,trial.doublecue,690,1
50,102317,1,2,NaN,trial.nocue,1048,1
50,102317,2,1,400,trial.doublecue,794,1
50,102317,2,2,400,trial.validspatial,961,1
50,102317,2,2,800,trial.doublecue,603,1
50,102317,2,2,NaN,trial.nocue,688,1
50,102317,1,2,NaN,trial.nocue,457,1
50,102317,1,2,0,trial.doublecue,875,1
50,102317,2,1,800,trial.invalid,702,1
50,102317,1,2,0,trial.validspatial,861,1
50,102317,1,1,0,trial.validspatial,796,1
50,102317,2,1,0,trial.validspatial,576,1
50,102317,1,1,400,trial.invalid,984,1
50,102317,1,2,800,trial.doublecue,537,1
50,102317,2,2,0,trial.validspatial,646,1
50,102317,2,2,0,trial.invalid,756,1
50,102317,1,1,0,trial.validspatial,772,1
50,102317,1,1,400,trial.invalid,709,1
50,102317,2,1,800,trial.validspatial,441,1
50,102317,2,2,400,trial.doublecue,573,1
50,102317,2,1,0,trial.doublecue,606,1
50,102317,2,2,400,trial.validspatial,1496,1
50,102317,1,1,NaN,trial.nocue,772,1
50,102317,2,1,0,trial.invalid,576,1
50,102317,1,2,800,trial.validspatial,938,1
50,102317,1,2,800,trial.doublecue,753,1
50,102317,2,1,400,trial.validspatial,464,1
50,102317,1,1,800,trial.validspatial,1700,0
50,102317,1,2,800,trial.validspatial,652,1
50,102317,1,1,0,trial.validspatial,507,1
50,102317,1,2,400,trial.validspatial,651,1
50,102317,2,1,400,trial.invalid,675,1
50,102317,2,1,0,trial.invalid,609,1
50,102317,2,2,NaN,trial.nocue,892,1
50,102317,1,1,800,trial.validspatial,722,1
50,102317,2,2,400,trial.validspatial,636,1
50,102317,2,1,NaN,trial.nocue,698,1
50,102317,1,1,400,trial.validspatial,604,1
50,102317,1,2,NaN,trial.nocue,692,1
50,102317,1,2,0,trial.validspatial,643,1
50,102317,1,2,800,trial.validspatial,512,1
50,102317,1,1,0,trial.validspatial,532,1
50,102317,1,1,400,trial.validspatial,892,1
