subject,date,location_congruence_val,flanker_congruence_val,cue_target_interval,cue_condition,latency,values.correct
144,110717,1,1,0,trial.validspatial,866,1
144,110717,1,2,0,trial.invalid,1700,0
144,110717,1,2,800,trial.validspatial,626,1
144,110717,1,2,400,trial.validspatial,741,1
144,110717,1,2,400,trial.doublecue,763,1
144,110717,2,2,400,trial.validspatial,681,1
144,110717,2,1,400,trial.doublecue,702,1
144,110717,2,1,0,trial.validspatial,694,1
144,110717,2,1,400,trial.validspatial,467,1
144,110717,1,2,800,trial.validspatial,477,1
144,110717,1,1,800,trial.invalid,700,1
144,110717,2,1,400,trial.validspatial,495,1
144,110717,2,1,800,trial.validspatial,406,1
144,110717,2,2,0,trial.validspatial,635,1
144,110717,1,2,0,trial.validspatial,723,1
144,110717,1,1,400,trial.validspatial,567,1
144,110717,1,1,NaN,trial.nocue,700,1
144,110717,1,2,0,trial.validspatial,1079,1
144,110717,1,1,NaN,trial.nocue,663,1
144,110717,2,2,0,trial.validspatial,729,1
144,110717,2,1,800,trial.invalid,804,1
144,110717,2,2,NaN,trial.nocue,843,1
144,110717,1,2,400,trial.invalid,1084,1
144,110717,2,2,0,trial.doublecue,859,1
144,110717,1,2,NaN,trial.nocue,879,1
144,110717,1,1,400,trial.validspatial,449,1
144,110717,1,1,800,trial.validspatial,426,1
144,110717,2,1,NaN,trial.nocue,575,1
144,110717,1,1,800,trial.doublecue,656,1
144,110717,2,2,0,trial.doublecue,784,1
144,110717,1,1,0,trial.invalid,593,1
144,110717,1,1,0,trial.invalid,511,1
144,110717,2,1,0,trial.validspatial,527,1
144,110717,2,1,0,trial.validspatial,519,1
144,110717,1,1,400,trial.doublecue,441,1
144,110717,2,2,800,trial.validspatial,630,1
144,110717,2,2,800,trial.validspatial,530,1
144,110717,2,2,0,trial.validspatial,743,1
144,110717,1,2,400,trial.validspatial,601,1
144,110717,2,2,800,trial.invalid,553,1
144,110717,1,2,0,trial.invalid,790,0
144,110717,2,1,400,trial.validspatial,630,1
144,110717,2,1,400,trial.validspatial,569,1
144,110717,2,1,NaN,trial.nocue,697,1
144,110717,2,2,NaN,trial.nocue,942,1
144,110717,2,1,NaN,trial.nocue,575,1
144,110717,1,1,800,trial.validspatial,800,1
144,110717,1,1,NaN,trial.nocue,673,1
144,110717,2,1,800,trial.doublecue,520,1
144,110717,2,2,NaN,trial.nocue,804,1
144,110717,1,2,400,trial.validspatial,600,0
144,110717,1,1,400,trial.doublecue,659,1
144,110717,2,2,400,trial.invalid,1048,1
144,110717,1,1,NaN,trial.nocue,825,1
144,110717,2,1,800,trial.validspatial,490,1
144,110717,2,2,0,trial.validspatial,704,1
144,110717,2,1,800,trial.doublecue,596,1
144,110717,2,1,400,trial.validspatial,511,1
144,110717,2,2,400,trial.validspatial,631,1
144,110717,2,1,0,trial.doublecue,745,1
144,110717,2,2,400,trial.validspatial,636,1
144,110717,2,2,400,trial.invalid,882,1
144,110717,2,2,800,trial.doublecue,575,1
144,110717,1,2,400,trial.doublecue,631,1
144,110717,1,2,0,trial.validspatial,1187,1
144,110717,1,2,NaN,trial.nocue,898,1
144,110717,1,1,800,trial.invalid,652,1
144,110717,2,2,800,trial.validspatial,728,1
144,110717,2,1,800,trial.validspatial,603,1
144,110717,2,1,0,trial.validspatial,614,1
144,110717,2,2,NaN,trial.nocue,883,1
144,110717,2,2,800,trial.validspatial,724,1
144,110717,1,1,400,trial.validspatial,534,1
144,110717,1,2,800,trial.invalid,662,1
144,110717,2,2,0,trial.validspatial,787,1
144,110717,2,2,800,trial.validspatial,865,1
144,110717,1,1,800,trial.validspatial,567,1
144,110717,2,1,NaN,trial.nocue,713,1
144,110717,1,2,NaN,trial.nocue,978,1
144,110717,1,2,800,trial.validspatial,647,1
144,110717,1,2,0,trial.validspatial,1027,1
144,110717,2,2,0,trial.invalid,857,1
144,110717,1,1,NaN,trial.nocue,692,1
144,110717,2,2,800,trial.validspatial,572,1
144,110717,2,1,800,trial.validspatial,393,1
144,110717,2,1,0,trial.validspatial,534,1
144,110717,1,1,800,trial.doublecue,507,1
144,110717,2,2,800,trial.invalid,594,0
144,110717,1,2,400,trial.validspatial,602,1
144,110717,2,1,800,trial.validspatial,516,1
144,110717,1,2,400,trial.invalid,1066,1
144,110717,1,1,800,trial.validspatial,537,1
144,110717,2,2,400,trial.doublecue,827,1
144,110717,1,1,0,trial.validspatial,560,1
144,110717,2,1,NaN,trial.nocue,550,1
144,110717,2,1,400,trial.invalid,642,1
144,110717,1,2,800,trial.invalid,819,1
144,110717,1,2,0,trial.doublecue,808,1
144,110717,1,1,400,trial.validspatial,635,1
144,110717,1,2,400,trial.validspatial,669,1
144,110717,1,1,0,trial.doublecue,597,1
144,110717,1,1,0,trial.doublecue,658,1
144,110717,1,2,NaN,trial.nocue,796,1
144,110717,2,1,400,trial.doublecue,532,1
144,110717,2,2,400,trial.validspatial,540,1
144,110717,2,2,800,trial.doublecue,593,1
144,110717,2,2,NaN,trial.nocue,1109,1
144,110717,1,2,NaN,trial.nocue,752,1
144,110717,1,2,0,trial.doublecue,708,1
144,110717,2,1,800,trial.invalid,602,1
144,110717,1,2,0,trial.validspatial,703,1
144,110717,1,1,0,trial.validspatial,736,1
144,110717,2,1,0,trial.validspatial,521,1
144,110717,1,1,400,trial.invalid,599,1
144,110717,1,2,800,trial.doublecue,648,1
144,110717,2,2,0,trial.validspatial,826,1
144,110717,2,2,0,trial.invalid,763,1
144,110717,1,1,0,trial.validspatial,487,1
144,110717,1,1,400,trial.invalid,535,1
144,110717,2,1,800,trial.validspatial,501,1
144,110717,2,2,400,trial.doublecue,959,1
144,110717,2,1,0,trial.doublecue,540,1
144,110717,2,2,400,trial.validspatial,585,1
144,110717,1,1,NaN,trial.nocue,463,1
144,110717,2,1,0,trial.invalid,556,1
144,110717,1,2,800,trial.validspatial,754,1
144,110717,1,2,800,trial.doublecue,570,1
144,110717,2,1,400,trial.validspatial,512,1
144,110717,1,1,800,trial.validspatial,425,1
144,110717,1,2,800,trial.validspatial,519,1
144,110717,1,1,0,trial.validspatial,601,1
144,110717,1,2,400,trial.validspatial,599,1
144,110717,2,1,400,trial.invalid,702,1
144,110717,2,1,0,trial.invalid,575,1
144,110717,2,2,NaN,trial.nocue,689,1
144,110717,1,1,800,trial.validspatial,398,1
144,110717,2,2,400,trial.validspatial,426,0
144,110717,2,1,NaN,trial.nocue,587,1
144,110717,1,1,400,trial.validspatial,486,1
144,110717,1,2,NaN,trial.nocue,707,1
144,110717,1,2,0,trial.validspatial,626,1
144,110717,1,2,800,trial.validspatial,439,1
144,110717,1,1,0,trial.validspatial,589,1
144,110717,1,1,400,trial.validspatial,410,1
144,110717,1,1,0,trial.validspatial,584,1
144,110717,1,2,0,trial.invalid,508,0
144,110717,1,2,800,trial.validspatial,607,1
144,110717,1,2,400,trial.validspatial,508,1
144,110717,1,2,400,trial.doublecue,573,1
144,110717,2,2,400,trial.validspatial,794,1
144,110717,2,1,400,trial.doublecue,456,1
144,110717,2,1,0,trial.validspatial,519,1
144,110717,2,1,400,trial.validspatial,380,1
144,110717,1,2,800,trial.validspatial,555,1
144,110717,1,1,800,trial.invalid,558,1
144,110717,2,1,400,trial.validspatial,382,0
144,110717,2,1,800,trial.validspatial,388,1
144,110717,2,2,0,trial.validspatial,765,1
144,110717,1,2,0,trial.validspatial,788,1
144,110717,1,1,400,trial.validspatial,422,1
144,110717,1,1,NaN,trial.nocue,522,1
144,110717,1,2,0,trial.validspatial,1031,1
144,110717,1,1,NaN,trial.nocue,507,1
144,110717,2,2,0,trial.validspatial,727,1
144,110717,2,1,800,trial.invalid,614,1
144,110717,2,2,NaN,trial.nocue,703,1
144,110717,1,2,400,trial.invalid,805,1
144,110717,2,2,0,trial.doublecue,685,1
144,110717,1,2,NaN,trial.nocue,892,1
144,110717,1,1,400,trial.validspatial,455,1
144,110717,1,1,800,trial.validspatial,450,1
144,110717,2,1,NaN,trial.nocue,708,1
144,110717,1,1,800,trial.doublecue,619,1
144,110717,2,2,0,trial.doublecue,625,0
144,110717,1,1,0,trial.invalid,988,1
144,110717,1,1,0,trial.invalid,539,1
144,110717,2,1,0,trial.validspatial,507,1
144,110717,2,1,0,trial.validspatial,489,1
144,110717,1,1,400,trial.doublecue,597,1
144,110717,2,2,800,trial.validspatial,620,1
144,110717,2,2,800,trial.validspatial,446,1
144,110717,2,2,0,trial.validspatial,778,1
144,110717,1,2,400,trial.validspatial,544,1
144,110717,2,2,800,trial.invalid,709,1
144,110717,1,2,0,trial.invalid,672,0
144,110717,2,1,400,trial.validspatial,518,1
144,110717,2,1,400,trial.validspatial,374,1
144,110717,2,1,NaN,trial.nocue,579,1
144,110717,2,2,NaN,trial.nocue,462,0
144,110717,2,1,NaN,trial.nocue,586,1
144,110717,1,1,800,trial.validspatial,480,1
144,110717,1,1,NaN,trial.nocue,788,1
144,110717,2,1,800,trial.doublecue,602,1
144,110717,2,2,NaN,trial.nocue,984,1
144,110717,1,2,400,trial.validspatial,775,1
144,110717,1,1,400,trial.doublecue,713,1
144,110717,2,2,400,trial.invalid,683,1
144,110717,1,1,NaN,trial.nocue,472,1
144,110717,2,1,800,trial.validspatial,424,1
144,110717,2,2,0,trial.validspatial,772,1
144,110717,2,1,800,trial.doublecue,602,1
144,110717,2,1,400,trial.validspatial,422,1
144,110717,2,2,400,trial.validspatial,604,1
144,110717,2,1,0,trial.doublecue,612,1
144,110717,2,2,400,trial.validspatial,615,1
144,110717,2,2,400,trial.invalid,828,1
144,110717,2,2,800,trial.doublecue,608,1
144,110717,1,2,400,trial.doublecue,608,1
144,110717,1,2,0,trial.validspatial,1091,1
144,110717,1,2,NaN,trial.nocue,868,1
144,110717,1,1,800,trial.invalid,679,1
144,110717,2,2,800,trial.validspatial,806,1
144,110717,2,1,800,trial.validspatial,491,1
144,110717,2,1,0,trial.validspatial,609,1
144,110717,2,2,NaN,trial.nocue,524,0
144,110717,2,2,800,trial.validspatial,850,1
144,110717,1,1,400,trial.validspatial,1700,0
144,110717,1,2,800,trial.invalid,622,1
144,110717,2,2,0,trial.validspatial,898,1
144,110717,2,2,800,trial.validspatial,597,1
144,110717,1,1,800,trial.validspatial,556,0
144,110717,2,1,NaN,trial.nocue,652,1
144,110717,1,2,NaN,trial.nocue,592,1
144,110717,1,2,800,trial.validspatial,533,1
144,110717,1,2,0,trial.validspatial,608,1
144,110717,2,2,0,trial.invalid,410,1
144,110717,1,1,NaN,trial.nocue,599,1
144,110717,2,2,800,trial.validspatial,758,1
144,110717,2,1,800,trial.validspatial,454,1
144,110717,2,1,0,trial.validspatial,514,1
144,110717,1,1,800,trial.doublecue,747,1
144,110717,2,2,800,trial.invalid,750,1
144,110717,1,2,400,trial.validspatial,603,1
144,110717,2,1,800,trial.validspatial,531,1
144,110717,1,2,400,trial.invalid,705,1
144,110717,1,1,800,trial.validspatial,620,1
144,110717,2,2,400,trial.doublecue,693,1
144,110717,1,1,0,trial.validspatial,560,1
144,110717,2,1,NaN,trial.nocue,1028,1
144,110717,2,1,400,trial.invalid,871,1
144,110717,1,2,800,trial.invalid,742,1
144,110717,1,2,0,trial.doublecue,635,1
144,110717,1,1,400,trial.validspatial,449,1
144,110717,1,2,400,trial.validspatial,466,1
144,110717,1,1,0,trial.doublecue,511,1
144,110717,1,1,0,trial.doublecue,566,1
144,110717,1,2,NaN,trial.nocue,897,1
144,110717,2,1,400,trial.doublecue,836,1
144,110717,2,2,400,trial.validspatial,518,1
144,110717,2,2,800,trial.doublecue,761,1
144,110717,2,2,NaN,trial.nocue,660,1
144,110717,1,2,NaN,trial.nocue,457,1
144,110717,1,2,0,trial.doublecue,603,1
144,110717,2,1,800,trial.invalid,554,1
144,110717,1,2,0,trial.validspatial,706,1
144,110717,1,1,0,trial.validspatial,583,1
144,110717,2,1,0,trial.validspatial,666,1
144,110717,1,1,400,trial.invalid,669,1
144,110717,1,2,800,trial.doublecue,502,1
144,110717,2,2,0,trial.validspatial,438,1
144,110717,2,2,0,trial.invalid,620,1
144,110717,1,1,0,trial.validspatial,498,0
144,110717,1,1,400,trial.invalid,584,1
144,110717,2,1,800,trial.validspatial,423,1
144,110717,2,2,400,trial.doublecue,459,1
144,110717,2,1,0,trial.doublecue,529,1
144,110717,2,2,400,trial.validspatial,718,1
144,110717,1,1,NaN,trial.nocue,603,1
144,110717,2,1,0,trial.invalid,560,1
144,110717,1,2,800,trial.validspatial,768,1
144,110717,1,2,800,trial.doublecue,540,1
144,110717,2,1,400,trial.validspatial,409,1
144,110717,1,1,800,trial.validspatial,679,1
144,110717,1,2,800,trial.validspatial,550,1
144,110717,1,1,0,trial.validspatial,451,1
144,110717,1,2,400,trial.validspatial,654,1
144,110717,2,1,400,trial.invalid,556,1
144,110717,2,1,0,trial.invalid,615,1
144,110717,2,2,NaN,trial.nocue,736,1
144,110717,1,1,800,trial.validspatial,670,1
144,110717,2,2,400,trial.validspatial,642,1
144,110717,2,1,NaN,trial.nocue,863,1
144,110717,1,1,400,trial.validspatial,578,1
144,110717,1,2,NaN,trial.nocue,593,1
144,110717,1,2,0,trial.validspatial,700,1
144,110717,1,2,800,trial.validspatial,510,1
144,110717,1,1,0,trial.validspatial,482,1
144,110717,1,1,400,trial.validspatial,723,1
