subject,date,location_congruence_val,flanker_congruence_val,cue_target_interval,cue_condition,latency,values.correct
443,63017,1,1,0,trial.validspatial,493,1
443,63017,1,2,0,trial.invalid,543,1
443,63017,1,2,800,trial.validspatial,779,1
443,63017,1,2,400,trial.validspatial,1700,0
443,63017,1,2,400,trial.doublecue,741,1
443,63017,2,2,400,trial.validspatial,576,0
443,63017,2,1,400,trial.doublecue,641,1
443,63017,2,1,0,trial.validspatial,553,1
443,63017,2,1,400,trial.validspatial,437,0
443,63017,1,2,800,trial.validspatial,593,1
443,63017,1,1,800,trial.invalid,784,0
443,63017,2,1,400,trial.validspatial,611,1
443,63017,2,1,800,trial.validspatial,421,1
443,63017,2,2,0,trial.validspatial,946,0
443,63017,1,2,0,trial.validspatial,1240,0
443,63017,1,1,400,trial.validspatial,1013,1
443,63017,1,1,NaN,trial.nocue,714,1
443,63017,1,2,0,trial.validspatial,1350,1
443,63017,1,1,NaN,trial.nocue,810,1
443,63017,2,2,0,trial.validspatial,786,1
443,63017,2,1,800,trial.invalid,947,0
443,63017,2,2,NaN,trial.nocue,1354,0
443,63017,1,2,400,trial.invalid,513,1
443,63017,2,2,0,trial.doublecue,724,0
443,63017,1,2,NaN,trial.nocue,833,1
443,63017,1,1,400,trial.validspatial,626,1
443,63017,1,1,800,trial.validspatial,517,1
443,63017,2,1,NaN,trial.nocue,796,0
443,63017,1,1,800,trial.doublecue,834,1
443,63017,2,2,0,trial.doublecue,1405,0
443,63017,1,1,0,trial.invalid,839,1
443,63017,1,1,0,trial.invalid,1033,1
443,63017,2,1,0,trial.validspatial,833,1
443,63017,2,1,0,trial.validspatial,739,1
443,63017,1,1,400,trial.doublecue,723,1
443,63017,2,2,800,trial.validspatial,1119,1
443,63017,2,2,800,trial.validspatial,918,1
443,63017,2,2,0,trial.validspatial,900,1
443,63017,1,2,400,trial.validspatial,957,1
443,63017,2,2,800,trial.invalid,724,0
443,63017,1,2,0,trial.invalid,913,0
443,63017,2,1,400,trial.validspatial,663,1
443,63017,2,1,400,trial.validspatial,668,1
443,63017,2,1,NaN,trial.nocue,814,1
443,63017,2,2,NaN,trial.nocue,1095,1
443,63017,2,1,NaN,trial.nocue,729,1
443,63017,1,1,800,trial.validspatial,605,1
443,63017,1,1,NaN,trial.nocue,757,1
443,63017,2,1,800,trial.doublecue,634,1
443,63017,2,2,NaN,trial.nocue,848,1
443,63017,1,2,400,trial.validspatial,884,1
443,63017,1,1,400,trial.doublecue,715,1
443,63017,2,2,400,trial.invalid,943,1
443,63017,1,1,NaN,trial.nocue,1052,1
443,63017,2,1,800,trial.validspatial,649,1
443,63017,2,2,0,trial.validspatial,1014,1
443,63017,2,1,800,trial.doublecue,898,1
443,63017,2,1,400,trial.validspatial,573,1
443,63017,2,2,400,trial.validspatial,869,1
443,63017,2,1,0,trial.doublecue,634,1
443,63017,2,2,400,trial.validspatial,1089,1
443,63017,2,2,400,trial.invalid,1005,1
443,63017,2,2,800,trial.doublecue,746,1
443,63017,1,2,400,trial.doublecue,854,1
443,63017,1,2,0,trial.validspatial,1008,1
443,63017,1,2,NaN,trial.nocue,948,1
443,63017,1,1,800,trial.invalid,607,1
443,63017,2,2,800,trial.validspatial,836,1
443,63017,2,1,800,trial.validspatial,760,1
443,63017,2,1,0,trial.validspatial,738,1
443,63017,2,2,NaN,trial.nocue,800,1
443,63017,2,2,800,trial.validspatial,768,1
443,63017,1,1,400,trial.validspatial,546,1
443,63017,1,2,800,trial.invalid,884,1
443,63017,2,2,0,trial.validspatial,862,1
443,63017,2,2,800,trial.validspatial,824,1
443,63017,1,1,800,trial.validspatial,701,1
443,63017,2,1,NaN,trial.nocue,1406,1
443,63017,1,2,NaN,trial.nocue,984,1
443,63017,1,2,800,trial.validspatial,862,1
443,63017,1,2,0,trial.validspatial,935,1
443,63017,2,2,0,trial.invalid,868,1
443,63017,1,1,NaN,trial.nocue,776,1
443,63017,2,2,800,trial.validspatial,1189,1
443,63017,2,1,800,trial.validspatial,675,1
443,63017,2,1,0,trial.validspatial,718,1
443,63017,1,1,800,trial.doublecue,603,1
443,63017,2,2,800,trial.invalid,867,1
443,63017,1,2,400,trial.validspatial,795,1
443,63017,2,1,800,trial.validspatial,686,1
443,63017,1,2,400,trial.invalid,856,1
443,63017,1,1,800,trial.validspatial,757,1
443,63017,2,2,400,trial.doublecue,864,1
443,63017,1,1,0,trial.validspatial,678,1
443,63017,2,1,NaN,trial.nocue,540,1
443,63017,2,1,400,trial.invalid,774,1
443,63017,1,2,800,trial.invalid,863,1
443,63017,1,2,0,trial.doublecue,967,1
443,63017,1,1,400,trial.validspatial,602,1
443,63017,1,2,400,trial.validspatial,958,1
443,63017,1,1,0,trial.doublecue,584,1
443,63017,1,1,0,trial.doublecue,712,1
443,63017,1,2,NaN,trial.nocue,749,1
443,63017,2,1,400,trial.doublecue,548,0
443,63017,2,2,400,trial.validspatial,697,1
443,63017,2,2,800,trial.doublecue,859,0
443,63017,2,2,NaN,trial.nocue,859,1
443,63017,1,2,NaN,trial.nocue,943,1
443,63017,1,2,0,trial.doublecue,852,1
443,63017,2,1,800,trial.invalid,724,1
443,63017,1,2,0,trial.validspatial,775,1
443,63017,1,1,0,trial.validspatial,569,1
443,63017,2,1,0,trial.validspatial,874,1
443,63017,1,1,400,trial.invalid,782,1
443,63017,1,2,800,trial.doublecue,949,1
443,63017,2,2,0,trial.validspatial,729,1
443,63017,2,2,0,trial.invalid,975,1
443,63017,1,1,0,trial.validspatial,721,1
443,63017,1,1,400,trial.invalid,639,1
443,63017,2,1,800,trial.validspatial,631,1
443,63017,2,2,400,trial.doublecue,1390,1
443,63017,2,1,0,trial.doublecue,669,1
443,63017,2,2,400,trial.validspatial,630,1
443,63017,1,1,NaN,trial.nocue,563,1
443,63017,2,1,0,trial.invalid,641,1
443,63017,1,2,800,trial.validspatial,906,1
443,63017,1,2,800,trial.doublecue,585,0
443,63017,2,1,400,trial.validspatial,861,1
443,63017,1,1,800,trial.validspatial,835,1
443,63017,1,2,800,trial.validspatial,1156,1
443,63017,1,1,0,trial.validspatial,745,1
443,63017,1,2,400,trial.validspatial,992,1
443,63017,2,1,400,trial.invalid,760,1
443,63017,2,1,0,trial.invalid,705,1
443,63017,2,2,NaN,trial.nocue,902,1
443,63017,1,1,800,trial.validspatial,666,1
443,63017,2,2,400,trial.validspatial,610,1
443,63017,2,1,NaN,trial.nocue,633,1
443,63017,1,1,400,trial.validspatial,599,1
443,63017,1,2,NaN,trial.nocue,803,1
443,63017,1,2,0,trial.validspatial,751,1
443,63017,1,2,800,trial.validspatial,771,1
443,63017,1,1,0,trial.validspatial,679,1
443,63017,1,1,400,trial.validspatial,604,1
443,63017,1,1,0,trial.validspatial,1700,0
443,63017,1,2,0,trial.invalid,1224,1
443,63017,1,2,800,trial.validspatial,761,1
443,63017,1,2,400,trial.validspatial,744,1
443,63017,1,2,400,trial.doublecue,650,1
443,63017,2,2,400,trial.validspatial,869,1
443,63017,2,1,400,trial.doublecue,547,1
443,63017,2,1,0,trial.validspatial,549,1
443,63017,2,1,400,trial.validspatial,562,1
443,63017,1,2,800,trial.validspatial,919,1
443,63017,1,1,800,trial.invalid,874,1
443,63017,2,1,400,trial.validspatial,706,1
443,63017,2,1,800,trial.validspatial,515,1
443,63017,2,2,0,trial.validspatial,842,1
443,63017,1,2,0,trial.validspatial,824,1
443,63017,1,1,400,trial.validspatial,591,1
443,63017,1,1,NaN,trial.nocue,505,1
443,63017,1,2,0,trial.validspatial,717,1
443,63017,1,1,NaN,trial.nocue,623,1
443,63017,2,2,0,trial.validspatial,811,1
443,63017,2,1,800,trial.invalid,818,1
443,63017,2,2,NaN,trial.nocue,970,1
443,63017,1,2,400,trial.invalid,1089,1
443,63017,2,2,0,trial.doublecue,933,1
443,63017,1,2,NaN,trial.nocue,811,1
443,63017,1,1,400,trial.validspatial,522,1
443,63017,1,1,800,trial.validspatial,504,1
443,63017,2,1,NaN,trial.nocue,691,1
443,63017,1,1,800,trial.doublecue,720,1
443,63017,2,2,0,trial.doublecue,901,1
443,63017,1,1,0,trial.invalid,790,1
443,63017,1,1,0,trial.invalid,720,1
443,63017,2,1,0,trial.validspatial,642,1
443,63017,2,1,0,trial.validspatial,653,1
443,63017,1,1,400,trial.doublecue,627,1
443,63017,2,2,800,trial.validspatial,984,1
443,63017,2,2,800,trial.validspatial,780,1
443,63017,2,2,0,trial.validspatial,702,1
443,63017,1,2,400,trial.validspatial,737,1
443,63017,2,2,800,trial.invalid,669,1
443,63017,1,2,0,trial.invalid,1008,1
443,63017,2,1,400,trial.validspatial,744,1
443,63017,2,1,400,trial.validspatial,549,1
443,63017,2,1,NaN,trial.nocue,755,1
443,63017,2,2,NaN,trial.nocue,1108,1
443,63017,2,1,NaN,trial.nocue,637,1
443,63017,1,1,800,trial.validspatial,572,1
443,63017,1,1,NaN,trial.nocue,665,1
443,63017,2,1,800,trial.doublecue,624,1
443,63017,2,2,NaN,trial.nocue,982,1
443,63017,1,2,400,trial.validspatial,798,1
443,63017,1,1,400,trial.doublecue,659,1
443,63017,2,2,400,trial.invalid,933,1
443,63017,1,1,NaN,trial.nocue,761,1
443,63017,2,1,800,trial.validspatial,671,1
443,63017,2,2,0,trial.validspatial,891,1
443,63017,2,1,800,trial.doublecue,676,1
443,63017,2,1,400,trial.validspatial,592,1
443,63017,2,2,400,trial.validspatial,792,1
443,63017,2,1,0,trial.doublecue,671,1
443,63017,2,2,400,trial.validspatial,923,1
443,63017,2,2,400,trial.invalid,749,1
443,63017,2,2,800,trial.doublecue,775,1
443,63017,1,2,400,trial.doublecue,673,1
443,63017,1,2,0,trial.validspatial,904,1
443,63017,1,2,NaN,trial.nocue,796,1
443,63017,1,1,800,trial.invalid,589,1
443,63017,2,2,800,trial.validspatial,758,1
443,63017,2,1,800,trial.validspatial,586,1
443,63017,2,1,0,trial.validspatial,609,1
443,63017,2,2,NaN,trial.nocue,1123,1
443,63017,2,2,800,trial.validspatial,867,1
443,63017,1,1,400,trial.validspatial,1700,0
443,63017,1,2,800,trial.invalid,903,1
443,63017,2,2,0,trial.validspatial,992,1
443,63017,2,2,800,trial.validspatial,721,1
443,63017,1,1,800,trial.validspatial,710,1
443,63017,2,1,NaN,trial.nocue,717,1
443,63017,1,2,NaN,trial.nocue,938,1
443,63017,1,2,800,trial.validspatial,638,1
443,63017,1,2,0,trial.validspatial,648,1
443,63017,2,2,0,trial.invalid,727,1
443,63017,1,1,NaN,trial.nocue,1092,1
443,63017,2,2,800,trial.validspatial,709,1
443,63017,2,1,800,trial.validspatial,684,1
443,63017,2,1,0,trial.validspatial,606,1
443,63017,1,1,800,trial.doublecue,873,1
443,63017,2,2,800,trial.invalid,1095,1
443,63017,1,2,400,trial.validspatial,536,1
443,63017,2,1,800,trial.validspatial,575,1
443,63017,1,2,400,trial.invalid,888,1
443,63017,1,1,800,trial.validspatial,645,1
443,63017,2,2,400,trial.doublecue,777,1
443,63017,1,1,0,trial.validspatial,616,1
443,63017,2,1,NaN,trial.nocue,899,1
443,63017,2,1,400,trial.invalid,998,1
443,63017,1,2,800,trial.invalid,890,1
443,63017,1,2,0,trial.doublecue,1261,1
443,63017,1,1,400,trial.validspatial,593,1
443,63017,1,2,400,trial.validspatial,534,1
443,63017,1,1,0,trial.doublecue,668,1
443,63017,1,1,0,trial.doublecue,578,1
443,63017,1,2,NaN,trial.nocue,1116,0
443,63017,2,1,400,trial.doublecue,716,1
443,63017,2,2,400,trial.validspatial,1002,1
443,63017,2,2,800,trial.doublecue,619,1
443,63017,2,2,NaN,trial.nocue,866,1
443,63017,1,2,NaN,trial.nocue,608,1
443,63017,1,2,0,trial.doublecue,919,1
443,63017,2,1,800,trial.invalid,882,1
443,63017,1,2,0,trial.validspatial,786,1
443,63017,1,1,0,trial.validspatial,972,1
443,63017,2,1,0,trial.validspatial,930,1
443,63017,1,1,400,trial.invalid,1112,1
443,63017,1,2,800,trial.doublecue,796,1
443,63017,2,2,0,trial.validspatial,621,1
443,63017,2,2,0,trial.invalid,754,1
443,63017,1,1,0,trial.validspatial,910,1
443,63017,1,1,400,trial.invalid,725,1
443,63017,2,1,800,trial.validspatial,575,1
443,63017,2,2,400,trial.doublecue,701,1
443,63017,2,1,0,trial.doublecue,759,1
443,63017,2,2,400,trial.validspatial,1003,1
443,63017,1,1,NaN,trial.nocue,761,1
443,63017,2,1,0,trial.invalid,797,1
443,63017,1,2,800,trial.validspatial,852,1
443,63017,1,2,800,trial.doublecue,807,1
443,63017,2,1,400,trial.validspatial,572,1
443,63017,1,1,800,trial.validspatial,840,1
443,63017,1,2,800,trial.validspatial,629,1
443,63017,1,1,0,trial.validspatial,516,1
443,63017,1,2,400,trial.validspatial,813,1
443,63017,2,1,400,trial.invalid,667,1
443,63017,2,1,0,trial.invalid,922,1
443,63017,2,2,NaN,trial.nocue,861,1
443,63017,1,1,800,trial.validspatial,688,1
443,63017,2,2,400,trial.validspatial,979,1
443,63017,2,1,NaN,trial.nocue,1087,1
443,63017,1,1,400,trial.validspatial,856,1
443,63017,1,2,NaN,trial.nocue,821,1
443,63017,1,2,0,trial.validspatial,924,1
443,63017,1,2,800,trial.validspatial,524,1
443,63017,1,1,0,trial.validspatial,635,1
443,63017,1,1,400,trial.validspatial,1027,1
