subject,date,location_congruence_val,flanker_congruence_val,cue_target_interval,cue_condition,latency,values.correct
160,61317,1,1,0,trial.validspatial,496,1
160,61317,1,2,0,trial.invalid,645,1
160,61317,1,2,800,trial.validspatial,430,1
160,61317,1,2,400,trial.validspatial,909,1
160,61317,1,2,400,trial.doublecue,624,1
160,61317,2,2,400,trial.validspatial,707,0
160,61317,2,1,400,trial.doublecue,454,0
160,61317,2,1,0,trial.validspatial,696,0
160,61317,2,1,400,trial.validspatial,1698,1
160,61317,1,2,800,trial.validspatial,434,0
160,61317,1,1,800,trial.invalid,930,1
160,61317,2,1,400,trial.validspatial,631,1
160,61317,2,1,800,trial.validspatial,557,1
160,61317,2,2,0,trial.validspatial,611,0
160,61317,1,2,0,trial.validspatial,1700,0
160,61317,1,1,400,trial.validspatial,573,1
160,61317,1,1,NaN,trial.nocue,733,1
160,61317,1,2,0,trial.validspatial,877,1
160,61317,1,1,NaN,trial.nocue,709,1
160,61317,2,2,0,trial.validspatial,673,0
160,61317,2,1,800,trial.invalid,951,1
160,61317,2,2,NaN,trial.nocue,1144,1
160,61317,1,2,400,trial.invalid,1157,1
160,61317,2,2,0,trial.doublecue,960,1
160,61317,1,2,NaN,trial.nocue,1016,1
160,61317,1,1,400,trial.validspatial,715,1
160,61317,1,1,800,trial.validspatial,581,1
160,61317,2,1,NaN,trial.nocue,713,1
160,61317,1,1,800,trial.doublecue,638,1
160,61317,2,2,0,trial.doublecue,1181,1
160,61317,1,1,0,trial.invalid,711,1
160,61317,1,1,0,trial.invalid,732,1
160,61317,2,1,0,trial.validspatial,653,1
160,61317,2,1,0,trial.validspatial,752,1
160,61317,1,1,400,trial.doublecue,562,1
160,61317,2,2,800,trial.validspatial,645,0
160,61317,2,2,800,trial.validspatial,652,1
160,61317,2,2,0,trial.validspatial,947,1
160,61317,1,2,400,trial.validspatial,654,1
160,61317,2,2,800,trial.invalid,715,0
160,61317,1,2,0,trial.invalid,1307,1
160,61317,2,1,400,trial.validspatial,799,1
160,61317,2,1,400,trial.validspatial,679,1
160,61317,2,1,NaN,trial.nocue,939,1
160,61317,2,2,NaN,trial.nocue,1122,1
160,61317,2,1,NaN,trial.nocue,614,1
160,61317,1,1,800,trial.validspatial,582,1
160,61317,1,1,NaN,trial.nocue,647,1
160,61317,2,1,800,trial.doublecue,917,1
160,61317,2,2,NaN,trial.nocue,947,1
160,61317,1,2,400,trial.validspatial,612,1
160,61317,1,1,400,trial.doublecue,940,1
160,61317,2,2,400,trial.invalid,1182,1
160,61317,1,1,NaN,trial.nocue,846,1
160,61317,2,1,800,trial.validspatial,611,1
160,61317,2,2,0,trial.validspatial,827,1
160,61317,2,1,800,trial.doublecue,592,1
160,61317,2,1,400,trial.validspatial,536,1
160,61317,2,2,400,trial.validspatial,660,1
160,61317,2,1,0,trial.doublecue,853,1
160,61317,2,2,400,trial.validspatial,858,1
160,61317,2,2,400,trial.invalid,897,1
160,61317,2,2,800,trial.doublecue,835,1
160,61317,1,2,400,trial.doublecue,926,1
160,61317,1,2,0,trial.validspatial,1065,1
160,61317,1,2,NaN,trial.nocue,649,1
160,61317,1,1,800,trial.invalid,668,1
160,61317,2,2,800,trial.validspatial,683,1
160,61317,2,1,800,trial.validspatial,520,1
160,61317,2,1,0,trial.validspatial,652,1
160,61317,2,2,NaN,trial.nocue,712,1
160,61317,2,2,800,trial.validspatial,559,1
160,61317,1,1,400,trial.validspatial,551,1
160,61317,1,2,800,trial.invalid,823,1
160,61317,2,2,0,trial.validspatial,698,1
160,61317,2,2,800,trial.validspatial,624,1
160,61317,1,1,800,trial.validspatial,599,1
160,61317,2,1,NaN,trial.nocue,630,1
160,61317,1,2,NaN,trial.nocue,821,1
160,61317,1,2,800,trial.validspatial,679,1
160,61317,1,2,0,trial.validspatial,1153,1
160,61317,2,2,0,trial.invalid,885,1
160,61317,1,1,NaN,trial.nocue,725,1
160,61317,2,2,800,trial.validspatial,532,1
160,61317,2,1,800,trial.validspatial,413,1
160,61317,2,1,0,trial.validspatial,907,1
160,61317,1,1,800,trial.doublecue,932,1
160,61317,2,2,800,trial.invalid,525,0
160,61317,1,2,400,trial.validspatial,941,1
160,61317,2,1,800,trial.validspatial,500,1
160,61317,1,2,400,trial.invalid,1027,1
160,61317,1,1,800,trial.validspatial,552,1
160,61317,2,2,400,trial.doublecue,755,1
160,61317,1,1,0,trial.validspatial,668,1
160,61317,2,1,NaN,trial.nocue,833,1
160,61317,2,1,400,trial.invalid,663,1
160,61317,1,2,800,trial.invalid,870,1
160,61317,1,2,0,trial.doublecue,933,1
160,61317,1,1,400,trial.validspatial,546,1
160,61317,1,2,400,trial.validspatial,694,1
160,61317,1,1,0,trial.doublecue,783,1
160,61317,1,1,0,trial.doublecue,874,1
160,61317,1,2,NaN,trial.nocue,897,1
160,61317,2,1,400,trial.doublecue,839,1
160,61317,2,2,400,trial.validspatial,688,1
160,61317,2,2,800,trial.doublecue,1150,1
160,61317,2,2,NaN,trial.nocue,1075,0
160,61317,1,2,NaN,trial.nocue,964,1
160,61317,1,2,0,trial.doublecue,1102,1
160,61317,2,1,800,trial.invalid,849,0
160,61317,1,2,0,trial.validspatial,1310,1
160,61317,1,1,0,trial.validspatial,621,1
160,61317,2,1,0,trial.validspatial,698,1
160,61317,1,1,400,trial.invalid,930,1
160,61317,1,2,800,trial.doublecue,1127,1
160,61317,2,2,0,trial.validspatial,827,1
160,61317,2,2,0,trial.invalid,1108,1
160,61317,1,1,0,trial.validspatial,567,1
160,61317,1,1,400,trial.invalid,679,1
160,61317,2,1,800,trial.validspatial,592,1
160,61317,2,2,400,trial.doublecue,979,1
160,61317,2,1,0,trial.doublecue,620,1
160,61317,2,2,400,trial.validspatial,578,1
160,61317,1,1,NaN,trial.nocue,889,1
160,61317,2,1,0,trial.invalid,706,1
160,61317,1,2,800,trial.validspatial,691,1
160,61317,1,2,800,trial.doublecue,683,1
160,61317,2,1,400,trial.validspatial,858,1
160,61317,1,1,800,trial.validspatial,538,1
160,61317,1,2,800,trial.validspatial,490,1
160,61317,1,1,0,trial.validspatial,531,1
160,61317,1,2,400,trial.validspatial,708,1
160,61317,2,1,400,trial.invalid,869,1
160,61317,2,1,0,trial.invalid,709,1
160,61317,2,2,NaN,trial.nocue,697,0
160,61317,1,1,800,trial.validspatial,550,1
160,61317,2,2,400,trial.validspatial,710,1
160,61317,2,1,NaN,trial.nocue,790,1
160,61317,1,1,400,trial.validspatial,712,1
160,61317,1,2,NaN,trial.nocue,853,1
160,61317,1,2,0,trial.validspatial,807,1
160,61317,1,2,800,trial.validspatial,617,1
160,61317,1,1,0,trial.validspatial,579,1
160,61317,1,1,400,trial.validspatial,545,1
160,61317,1,1,0,trial.validspatial,658,1
160,61317,1,2,0,trial.invalid,964,0
160,61317,1,2,800,trial.validspatial,910,1
160,61317,1,2,400,trial.validspatial,748,1
160,61317,1,2,400,trial.doublecue,663,1
160,61317,2,2,400,trial.validspatial,646,1
160,61317,2,1,400,trial.doublecue,590,1
160,61317,2,1,0,trial.validspatial,620,1
160,61317,2,1,400,trial.validspatial,619,1
160,61317,1,2,800,trial.validspatial,601,1
160,61317,1,1,800,trial.invalid,716,1
160,61317,2,1,400,trial.validspatial,438,0
160,61317,2,1,800,trial.validspatial,622,1
160,61317,2,2,0,trial.validspatial,763,1
160,61317,1,2,0,trial.validspatial,874,1
160,61317,1,1,400,trial.validspatial,521,1
160,61317,1,1,NaN,trial.nocue,540,1
160,61317,1,2,0,trial.validspatial,662,1
160,61317,1,1,NaN,trial.nocue,717,1
160,61317,2,2,0,trial.validspatial,744,1
160,61317,2,1,800,trial.invalid,735,1
160,61317,2,2,NaN,trial.nocue,729,1
160,61317,1,2,400,trial.invalid,859,1
160,61317,2,2,0,trial.doublecue,668,1
160,61317,1,2,NaN,trial.nocue,745,1
160,61317,1,1,400,trial.validspatial,617,1
160,61317,1,1,800,trial.validspatial,461,1
160,61317,2,1,NaN,trial.nocue,609,1
160,61317,1,1,800,trial.doublecue,587,1
160,61317,2,2,0,trial.doublecue,847,1
160,61317,1,1,0,trial.invalid,777,1
160,61317,1,1,0,trial.invalid,682,1
160,61317,2,1,0,trial.validspatial,600,1
160,61317,2,1,0,trial.validspatial,634,1
160,61317,1,1,400,trial.doublecue,573,1
160,61317,2,2,800,trial.validspatial,598,1
160,61317,2,2,800,trial.validspatial,754,1
160,61317,2,2,0,trial.validspatial,723,1
160,61317,1,2,400,trial.validspatial,651,1
160,61317,2,2,800,trial.invalid,782,1
160,61317,1,2,0,trial.invalid,930,1
160,61317,2,1,400,trial.validspatial,549,1
160,61317,2,1,400,trial.validspatial,531,1
160,61317,2,1,NaN,trial.nocue,751,1
160,61317,2,2,NaN,trial.nocue,860,1
160,61317,2,1,NaN,trial.nocue,573,1
160,61317,1,1,800,trial.validspatial,577,1
160,61317,1,1,NaN,trial.nocue,554,1
160,61317,2,1,800,trial.doublecue,698,1
160,61317,2,2,NaN,trial.nocue,899,1
160,61317,1,2,400,trial.validspatial,619,1
160,61317,1,1,400,trial.doublecue,945,1
160,61317,2,2,400,trial.invalid,957,1
160,61317,1,1,NaN,trial.nocue,847,1
160,61317,2,1,800,trial.validspatial,589,1
160,61317,2,2,0,trial.validspatial,855,1
160,61317,2,1,800,trial.doublecue,549,1
160,61317,2,1,400,trial.validspatial,520,1
160,61317,2,2,400,trial.validspatial,729,1
160,61317,2,1,0,trial.doublecue,656,1
160,61317,2,2,400,trial.validspatial,612,1
160,61317,2,2,400,trial.invalid,651,1
160,61317,2,2,800,trial.doublecue,575,1
160,61317,1,2,400,trial.doublecue,857,1
160,61317,1,2,0,trial.validspatial,825,1
160,61317,1,2,NaN,trial.nocue,619,1
160,61317,1,1,800,trial.invalid,705,1
160,61317,2,2,800,trial.validspatial,653,1
160,61317,2,1,800,trial.validspatial,503,1
160,61317,2,1,0,trial.validspatial,521,1
160,61317,2,2,NaN,trial.nocue,1029,1
160,61317,2,2,800,trial.validspatial,633,1
160,61317,1,1,400,trial.validspatial,1700,0
160,61317,1,2,800,trial.invalid,676,1
160,61317,2,2,0,trial.validspatial,830,1
160,61317,2,2,800,trial.validspatial,505,1
160,61317,1,1,800,trial.validspatial,735,1
160,61317,2,1,NaN,trial.nocue,826,1
160,61317,1,2,NaN,trial.nocue,602,1
160,61317,1,2,800,trial.validspatial,747,1
160,61317,1,2,0,trial.validspatial,941,1
160,61317,2,2,0,trial.invalid,515,1
160,61317,1,1,NaN,trial.nocue,676,1
160,61317,2,2,800,trial.validspatial,682,1
160,61317,2,1,800,trial.validspatial,540,1
160,61317,2,1,0,trial.validspatial,520,1
160,61317,1,1,800,trial.doublecue,786,1
160,61317,2,2,800,trial.invalid,888,1
160,61317,1,2,400,trial.validspatial,566,1
160,61317,2,1,800,trial.validspatial,739,1
160,61317,1,2,400,trial.invalid,895,1
160,61317,1,1,800,trial.validspatial,641,1
160,61317,2,2,400,trial.doublecue,672,1
160,61317,1,1,0,trial.validspatial,597,1
160,61317,2,1,NaN,trial.nocue,891,1
160,61317,2,1,400,trial.invalid,756,1
160,61317,1,2,800,trial.invalid,703,1
160,61317,1,2,0,trial.doublecue,748,1
160,61317,1,1,400,trial.validspatial,600,1
160,61317,1,2,400,trial.validspatial,544,1
160,61317,1,1,0,trial.doublecue,683,1
160,61317,1,1,0,trial.doublecue,727,1
160,61317,1,2,NaN,trial.nocue,950,0
160,61317,2,1,400,trial.doublecue,737,1
160,61317,2,2,400,trial.validspatial,883,1
160,61317,2,2,800,trial.doublecue,652,1
160,61317,2,2,NaN,trial.nocue,801,1
160,61317,1,2,NaN,trial.nocue,604,1
160,61317,1,2,0,trial.doublecue,687,1
160,61317,2,1,800,trial.invalid,623,1
160,61317,1,2,0,trial.validspatial,720,1
160,61317,1,1,0,trial.validspatial,750,1
160,61317,2,1,0,trial.validspatial,1102,1
160,61317,1,1,400,trial.invalid,1065,1
160,61317,1,2,800,trial.doublecue,454,1
160,61317,2,2,0,trial.validspatial,556,1
160,61317,2,2,0,trial.invalid,718,1
160,61317,1,1,0,trial.validspatial,698,1
160,61317,1,1,400,trial.invalid,684,1
160,61317,2,1,800,trial.validspatial,548,1
160,61317,2,2,400,trial.doublecue,568,1
160,61317,2,1,0,trial.doublecue,684,1
160,61317,2,2,400,trial.validspatial,720,0
160,61317,1,1,NaN,trial.nocue,772,1
160,61317,2,1,0,trial.invalid,619,1
160,61317,1,2,800,trial.validspatial,942,1
160,61317,1,2,800,trial.doublecue,568,1
160,61317,2,1,400,trial.validspatial,580,1
160,61317,1,1,800,trial.validspatial,735,1
160,61317,1,2,800,trial.validspatial,635,1
160,61317,1,1,0,trial.validspatial,510,1
160,61317,1,2,400,trial.validspatial,767,1
160,61317,2,1,400,trial.invalid,708,1
160,61317,2,1,0,trial.invalid,639,0
160,61317,2,2,NaN,trial.nocue,974,1
160,61317,1,1,800,trial.validspatial,616,1
160,61317,2,2,400,trial.validspatial,800,1
160,61317,2,1,NaN,trial.nocue,1234,1
160,61317,1,1,400,trial.validspatial,868,1
160,61317,1,2,NaN,trial.nocue,686,1
160,61317,1,2,0,trial.validspatial,564,1
160,61317,1,2,800,trial.validspatial,462,1
160,61317,1,1,0,trial.validspatial,706,1
160,61317,1,1,400,trial.validspatial,764,1
