subject,date,location_congruence_val,flanker_congruence_val,cue_target_interval,cue_condition,latency,values.correct
93,80717,1,1,0,trial.validspatial,1613,1
93,80717,1,2,0,trial.invalid,1104,1
93,80717,1,2,800,trial.validspatial,737,1
93,80717,1,2,400,trial.validspatial,525,1
93,80717,1,2,400,trial.doublecue,732,1
93,80717,2,2,400,trial.validspatial,600,1
93,80717,2,1,400,trial.doublecue,470,1
93,80717,2,1,0,trial.validspatial,495,1
93,80717,2,1,400,trial.validspatial,527,1
93,80717,1,2,800,trial.validspatial,590,1
93,80717,1,1,800,trial.invalid,558,1
93,80717,2,1,400,trial.validspatial,578,1
93,80717,2,1,800,trial.validspatial,384,1
93,80717,2,2,0,trial.validspatial,575,0
93,80717,1,2,0,trial.validspatial,732,1
93,80717,1,1,400,trial.validspatial,374,1
93,80717,1,1,NaN,trial.nocue,478,1
93,80717,1,2,0,trial.validspatial,419,0
93,80717,1,1,NaN,trial.nocue,597,1
93,80717,2,2,0,trial.validspatial,374,0
93,80717,2,1,800,trial.invalid,759,1
93,80717,2,2,NaN,trial.nocue,677,1
93,80717,1,2,400,trial.invalid,680,1
93,80717,2,2,0,trial.doublecue,717,1
93,80717,1,2,NaN,trial.nocue,580,1
93,80717,1,1,400,trial.validspatial,528,1
93,80717,1,1,800,trial.validspatial,596,1
93,80717,2,1,NaN,trial.nocue,505,1
93,80717,1,1,800,trial.doublecue,566,1
93,80717,2,2,0,trial.doublecue,938,1
93,80717,1,1,0,trial.invalid,455,1
93,80717,1,1,0,trial.invalid,383,1
93,80717,2,1,0,trial.validspatial,450,1
93,80717,2,1,0,trial.validspatial,467,1
93,80717,1,1,400,trial.doublecue,608,0
93,80717,2,2,800,trial.validspatial,584,1
93,80717,2,2,800,trial.validspatial,563,1
93,80717,2,2,0,trial.validspatial,701,1
93,80717,1,2,400,trial.validspatial,486,1
93,80717,2,2,800,trial.invalid,727,0
93,80717,1,2,0,trial.invalid,642,0
93,80717,2,1,400,trial.validspatial,505,1
93,80717,2,1,400,trial.validspatial,404,1
93,80717,2,1,NaN,trial.nocue,652,1
93,80717,2,2,NaN,trial.nocue,681,1
93,80717,2,1,NaN,trial.nocue,512,1
93,80717,1,1,800,trial.validspatial,381,1
93,80717,1,1,NaN,trial.nocue,453,1
93,80717,2,1,800,trial.doublecue,608,1
93,80717,2,2,NaN,trial.nocue,505,1
93,80717,1,2,400,trial.validspatial,562,1
93,80717,1,1,400,trial.doublecue,380,1
93,80717,2,2,400,trial.invalid,882,1
93,80717,1,1,NaN,trial.nocue,595,1
93,80717,2,1,800,trial.validspatial,421,1
93,80717,2,2,0,trial.validspatial,417,0
93,80717,2,1,800,trial.doublecue,521,0
93,80717,2,1,400,trial.validspatial,501,1
93,80717,2,2,400,trial.validspatial,470,1
93,80717,2,1,0,trial.doublecue,669,1
93,80717,2,2,400,trial.validspatial,736,0
93,80717,2,2,400,trial.invalid,885,1
93,80717,2,2,800,trial.doublecue,634,1
93,80717,1,2,400,trial.doublecue,870,1
93,80717,1,2,0,trial.validspatial,843,1
93,80717,1,2,NaN,trial.nocue,1269,1
93,80717,1,1,800,trial.invalid,1097,1
93,80717,2,2,800,trial.validspatial,1226,0
93,80717,2,1,800,trial.validspatial,1700,0
93,80717,2,1,0,trial.validspatial,832,1
93,80717,2,2,NaN,trial.nocue,992,1
93,80717,2,2,800,trial.validspatial,1112,1
93,80717,1,1,400,trial.validspatial,948,1
93,80717,1,2,800,trial.invalid,877,1
93,80717,2,2,0,trial.validspatial,681,1
93,80717,2,2,800,trial.validspatial,852,1
93,80717,1,1,800,trial.validspatial,891,1
93,80717,2,1,NaN,trial.nocue,1274,1
93,80717,1,2,NaN,trial.nocue,1206,1
93,80717,1,2,800,trial.validspatial,1036,1
93,80717,1,2,0,trial.validspatial,1249,1
93,80717,2,2,0,trial.invalid,1093,1
93,80717,1,1,NaN,trial.nocue,887,1
93,80717,2,2,800,trial.validspatial,576,1
93,80717,2,1,800,trial.validspatial,616,1
93,80717,2,1,0,trial.validspatial,887,1
93,80717,1,1,800,trial.doublecue,833,1
93,80717,2,2,800,trial.invalid,763,0
93,80717,1,2,400,trial.validspatial,1204,1
93,80717,2,1,800,trial.validspatial,1065,1
93,80717,1,2,400,trial.invalid,1153,1
93,80717,1,1,800,trial.validspatial,1013,1
93,80717,2,2,400,trial.doublecue,1273,1
93,80717,1,1,0,trial.validspatial,884,1
93,80717,2,1,NaN,trial.nocue,560,1
93,80717,2,1,400,trial.invalid,471,1
93,80717,1,2,800,trial.invalid,766,1
93,80717,1,2,0,trial.doublecue,1036,1
93,80717,1,1,400,trial.validspatial,494,1
93,80717,1,2,400,trial.validspatial,604,1
93,80717,1,1,0,trial.doublecue,605,1
93,80717,1,1,0,trial.doublecue,508,1
93,80717,1,2,NaN,trial.nocue,873,1
93,80717,2,1,400,trial.doublecue,602,1
93,80717,2,2,400,trial.validspatial,606,1
93,80717,2,2,800,trial.doublecue,702,1
93,80717,2,2,NaN,trial.nocue,710,1
93,80717,1,2,NaN,trial.nocue,932,1
93,80717,1,2,0,trial.doublecue,780,1
93,80717,2,1,800,trial.invalid,881,1
93,80717,1,2,0,trial.validspatial,897,1
93,80717,1,1,0,trial.validspatial,588,1
93,80717,2,1,0,trial.validspatial,676,1
93,80717,1,1,400,trial.invalid,587,1
93,80717,1,2,800,trial.doublecue,736,1
93,80717,2,2,0,trial.validspatial,722,1
93,80717,2,2,0,trial.invalid,825,1
93,80717,1,1,0,trial.validspatial,583,1
93,80717,1,1,400,trial.invalid,560,1
93,80717,2,1,800,trial.validspatial,595,1
93,80717,2,2,400,trial.doublecue,751,1
93,80717,2,1,0,trial.doublecue,584,1
93,80717,2,2,400,trial.validspatial,662,1
93,80717,1,1,NaN,trial.nocue,497,1
93,80717,2,1,0,trial.invalid,533,1
93,80717,1,2,800,trial.validspatial,573,1
93,80717,1,2,800,trial.doublecue,579,1
93,80717,2,1,400,trial.validspatial,639,1
93,80717,1,1,800,trial.validspatial,473,1
93,80717,1,2,800,trial.validspatial,547,1
93,80717,1,1,0,trial.validspatial,473,1
93,80717,1,2,400,trial.validspatial,528,1
93,80717,2,1,400,trial.invalid,915,1
93,80717,2,1,0,trial.invalid,502,1
93,80717,2,2,NaN,trial.nocue,696,1
93,80717,1,1,800,trial.validspatial,430,1
93,80717,2,2,400,trial.validspatial,534,1
93,80717,2,1,NaN,trial.nocue,641,1
93,80717,1,1,400,trial.validspatial,458,1
93,80717,1,2,NaN,trial.nocue,587,1
93,80717,1,2,0,trial.validspatial,471,1
93,80717,1,2,800,trial.validspatial,556,1
93,80717,1,1,0,trial.validspatial,539,1
93,80717,1,1,400,trial.validspatial,447,1
93,80717,1,1,0,trial.validspatial,783,1
93,80717,1,2,0,trial.invalid,867,0
93,80717,1,2,800,trial.validspatial,675,1
93,80717,1,2,400,trial.validspatial,548,1
93,80717,1,2,400,trial.doublecue,732,1
93,80717,2,2,400,trial.validspatial,513,1
93,80717,2,1,400,trial.doublecue,594,1
93,80717,2,1,0,trial.validspatial,535,1
93,80717,2,1,400,trial.validspatial,375,1
93,80717,1,2,800,trial.validspatial,442,1
93,80717,1,1,800,trial.invalid,476,1
93,80717,2,1,400,trial.validspatial,434,1
93,80717,2,1,800,trial.validspatial,484,1
93,80717,2,2,0,trial.validspatial,488,0
93,80717,1,2,0,trial.validspatial,681,1
93,80717,1,1,400,trial.validspatial,505,1
93,80717,1,1,NaN,trial.nocue,425,1
93,80717,1,2,0,trial.validspatial,654,1
93,80717,1,1,NaN,trial.nocue,458,1
93,80717,2,2,0,trial.validspatial,725,1
93,80717,2,1,800,trial.invalid,698,1
93,80717,2,2,NaN,trial.nocue,751,1
93,80717,1,2,400,trial.invalid,842,1
93,80717,2,2,0,trial.doublecue,681,0
93,80717,1,2,NaN,trial.nocue,683,1
93,80717,1,1,400,trial.validspatial,430,1
93,80717,1,1,800,trial.validspatial,574,1
93,80717,2,1,NaN,trial.nocue,578,1
93,80717,1,1,800,trial.doublecue,420,1
93,80717,2,2,0,trial.doublecue,427,0
93,80717,1,1,0,trial.invalid,603,1
93,80717,1,1,0,trial.invalid,502,1
93,80717,2,1,0,trial.validspatial,444,1
93,80717,2,1,0,trial.validspatial,480,0
93,80717,1,1,400,trial.doublecue,593,1
93,80717,2,2,800,trial.validspatial,479,0
93,80717,2,2,800,trial.validspatial,622,1
93,80717,2,2,0,trial.validspatial,605,1
93,80717,1,2,400,trial.validspatial,489,1
93,80717,2,2,800,trial.invalid,732,1
93,80717,1,2,0,trial.invalid,840,1
93,80717,2,1,400,trial.validspatial,630,0
93,80717,2,1,400,trial.validspatial,693,1
93,80717,2,1,NaN,trial.nocue,788,1
93,80717,2,2,NaN,trial.nocue,912,1
93,80717,2,1,NaN,trial.nocue,813,1
93,80717,1,1,800,trial.validspatial,528,1
93,80717,1,1,NaN,trial.nocue,690,1
93,80717,2,1,800,trial.doublecue,702,1
93,80717,2,2,NaN,trial.nocue,814,1
93,80717,1,2,400,trial.validspatial,806,1
93,80717,1,1,400,trial.doublecue,776,1
93,80717,2,2,400,trial.invalid,774,1
93,80717,1,1,NaN,trial.nocue,621,1
93,80717,2,1,800,trial.validspatial,449,1
93,80717,2,2,0,trial.validspatial,736,1
93,80717,2,1,800,trial.doublecue,733,1
93,80717,2,1,400,trial.validspatial,641,1
93,80717,2,2,400,trial.validspatial,643,1
93,80717,2,1,0,trial.doublecue,596,1
93,80717,2,2,400,trial.validspatial,628,1
93,80717,2,2,400,trial.invalid,999,1
93,80717,2,2,800,trial.doublecue,602,1
93,80717,1,2,400,trial.doublecue,507,1
93,80717,1,2,0,trial.validspatial,723,1
93,80717,1,2,NaN,trial.nocue,741,1
93,80717,1,1,800,trial.invalid,643,1
93,80717,2,2,800,trial.validspatial,592,1
93,80717,2,1,800,trial.validspatial,488,1
93,80717,2,1,0,trial.validspatial,488,1
93,80717,2,2,NaN,trial.nocue,810,1
93,80717,2,2,800,trial.validspatial,562,1
93,80717,1,1,400,trial.validspatial,1700,0
93,80717,1,2,800,trial.invalid,1195,1
93,80717,2,2,0,trial.validspatial,1700,0
93,80717,2,2,800,trial.validspatial,1017,1
93,80717,1,1,800,trial.validspatial,1407,1
93,80717,2,1,NaN,trial.nocue,988,1
93,80717,1,2,NaN,trial.nocue,885,1
93,80717,1,2,800,trial.validspatial,599,1
93,80717,1,2,0,trial.validspatial,824,1
93,80717,2,2,0,trial.invalid,386,1
93,80717,1,1,NaN,trial.nocue,694,1
93,80717,2,2,800,trial.validspatial,621,1
93,80717,2,1,800,trial.validspatial,583,1
93,80717,2,1,0,trial.validspatial,647,1
93,80717,1,1,800,trial.doublecue,1440,1
93,80717,2,2,800,trial.invalid,723,1
93,80717,1,2,400,trial.validspatial,638,1
93,80717,2,1,800,trial.validspatial,688,1
93,80717,1,2,400,trial.invalid,1163,1
93,80717,1,1,800,trial.validspatial,855,1
93,80717,2,2,400,trial.doublecue,674,1
93,80717,1,1,0,trial.validspatial,730,1
93,80717,2,1,NaN,trial.nocue,771,1
93,80717,2,1,400,trial.invalid,750,1
93,80717,1,2,800,trial.invalid,801,1
93,80717,1,2,0,trial.doublecue,711,1
93,80717,1,1,400,trial.validspatial,665,1
93,80717,1,2,400,trial.validspatial,477,1
93,80717,1,1,0,trial.doublecue,568,1
93,80717,1,1,0,trial.doublecue,514,1
93,80717,1,2,NaN,trial.nocue,905,1
93,80717,2,1,400,trial.doublecue,565,1
93,80717,2,2,400,trial.validspatial,914,1
93,80717,2,2,800,trial.doublecue,558,1
93,80717,2,2,NaN,trial.nocue,714,1
93,80717,1,2,NaN,trial.nocue,545,1
93,80717,1,2,0,trial.doublecue,616,1
93,80717,2,1,800,trial.invalid,573,1
93,80717,1,2,0,trial.validspatial,890,1
93,80717,1,1,0,trial.validspatial,547,1
93,80717,2,1,0,trial.validspatial,794,1
93,80717,1,1,400,trial.invalid,1043,1
93,80717,1,2,800,trial.doublecue,1008,1
93,80717,2,2,0,trial.validspatial,443,1
93,80717,2,2,0,trial.invalid,663,1
93,80717,1,1,0,trial.validspatial,726,1
93,80717,1,1,400,trial.invalid,567,1
93,80717,2,1,800,trial.validspatial,522,1
93,80717,2,2,400,trial.doublecue,565,1
93,80717,2,1,0,trial.doublecue,644,1
93,80717,2,2,400,trial.validspatial,688,1
93,80717,1,1,NaN,trial.nocue,617,1
93,80717,2,1,0,trial.invalid,446,1
93,80717,1,2,800,trial.validspatial,1268,1
93,80717,1,2,800,trial.doublecue,579,1
93,80717,2,1,400,trial.validspatial,545,1
93,80717,1,1,800,trial.validspatial,517,0
93,80717,1,2,800,trial.validspatial,452,0
93,80717,1,1,0,trial.validspatial,516,1
93,80717,1,2,400,trial.validspatial,573,1
93,80717,2,1,400,trial.invalid,635,1
93,80717,2,1,0,trial.invalid,420,0
93,80717,2,2,NaN,trial.nocue,855,1
93,80717,1,1,800,trial.validspatial,619,1
93,80717,2,2,400,trial.validspatial,523,1
93,80717,2,1,NaN,trial.nocue,699,1
93,80717,1,1,400,trial.validspatial,932,1
93,80717,1,2,NaN,trial.nocue,658,1
93,80717,1,2,0,trial.validspatial,751,1
93,80717,1,2,800,trial.validspatial,584,1
93,80717,1,1,0,trial.validspatial,674,1
93,80717,1,1,400,trial.validspatial,869,1
