subject,date,location_congruence_val,flanker_congruence_val,cue_target_interval,cue_condition,latency,values.correct
250,111917,1,1,0,trial.validspatial,577,1
250,111917,1,2,0,trial.invalid,1700,0
250,111917,1,2,800,trial.validspatial,940,1
250,111917,1,2,400,trial.validspatial,771,1
250,111917,1,2,400,trial.doublecue,850,1
250,111917,2,2,400,trial.validspatial,577,1
250,111917,2,1,400,trial.doublecue,856,1
250,111917,2,1,0,trial.validspatial,587,1
250,111917,2,1,400,trial.validspatial,433,1
250,111917,1,2,800,trial.validspatial,553,1
250,111917,1,1,800,trial.invalid,611,1
250,111917,2,1,400,trial.validspatial,580,1
250,111917,2,1,800,trial.validspatial,422,1
250,111917,2,2,0,trial.validspatial,624,1
250,111917,1,2,0,trial.validspatial,880,1
250,111917,1,1,400,trial.validspatial,367,1
250,111917,1,1,NaN,trial.nocue,451,1
250,111917,1,2,0,trial.validspatial,689,1
250,111917,1,1,NaN,trial.nocue,517,1
250,111917,2,2,0,trial.validspatial,604,1
250,111917,2,1,800,trial.invalid,551,1
250,111917,2,2,NaN,trial.nocue,721,1
250,111917,1,2,400,trial.invalid,753,1
250,111917,2,2,0,trial.doublecue,705,1
250,111917,1,2,NaN,trial.nocue,795,1
250,111917,1,1,400,trial.validspatial,373,1
250,111917,1,1,800,trial.validspatial,488,1
250,111917,2,1,NaN,trial.nocue,586,1
250,111917,1,1,800,trial.doublecue,457,1
250,111917,2,2,0,trial.doublecue,859,1
250,111917,1,1,0,trial.invalid,603,1
250,111917,1,1,0,trial.invalid,600,1
250,111917,2,1,0,trial.validspatial,721,1
250,111917,2,1,0,trial.validspatial,532,1
250,111917,1,1,400,trial.doublecue,479,1
250,111917,2,2,800,trial.validspatial,559,1
250,111917,2,2,800,trial.validspatial,577,1
250,111917,2,2,0,trial.validspatial,673,1
250,111917,1,2,400,trial.validspatial,461,1
250,111917,2,2,800,trial.invalid,607,1
250,111917,1,2,0,trial.invalid,884,1
250,111917,2,1,400,trial.validspatial,533,1
250,111917,2,1,400,trial.validspatial,456,1
250,111917,2,1,NaN,trial.nocue,749,1
250,111917,2,2,NaN,trial.nocue,824,1
250,111917,2,1,NaN,trial.nocue,548,1
250,111917,1,1,800,trial.validspatial,502,1
250,111917,1,1,NaN,trial.nocue,628,1
250,111917,2,1,800,trial.doublecue,633,1
250,111917,2,2,NaN,trial.nocue,637,1
250,111917,1,2,400,trial.validspatial,518,1
250,111917,1,1,400,trial.doublecue,605,1
250,111917,2,2,400,trial.invalid,474,0
250,111917,1,1,NaN,trial.nocue,575,1
250,111917,2,1,800,trial.validspatial,496,1
250,111917,2,2,0,trial.validspatial,737,1
250,111917,2,1,800,trial.doublecue,746,1
250,111917,2,1,400,trial.validspatial,672,1
250,111917,2,2,400,trial.validspatial,529,1
250,111917,2,1,0,trial.doublecue,714,1
250,111917,2,2,400,trial.validspatial,531,1
250,111917,2,2,400,trial.invalid,873,1
250,111917,2,2,800,trial.doublecue,662,1
250,111917,1,2,400,trial.doublecue,759,1
250,111917,1,2,0,trial.validspatial,623,1
250,111917,1,2,NaN,trial.nocue,665,1
250,111917,1,1,800,trial.invalid,481,1
250,111917,2,2,800,trial.validspatial,654,1
250,111917,2,1,800,trial.validspatial,554,1
250,111917,2,1,0,trial.validspatial,561,1
250,111917,2,2,NaN,trial.nocue,526,1
250,111917,2,2,800,trial.validspatial,617,1
250,111917,1,1,400,trial.validspatial,418,1
250,111917,1,2,800,trial.invalid,716,1
250,111917,2,2,0,trial.validspatial,645,1
250,111917,2,2,800,trial.validspatial,683,1
250,111917,1,1,800,trial.validspatial,444,1
250,111917,2,1,NaN,trial.nocue,700,1
250,111917,1,2,NaN,trial.nocue,629,1
250,111917,1,2,800,trial.validspatial,697,1
250,111917,1,2,0,trial.validspatial,667,1
250,111917,2,2,0,trial.invalid,795,1
250,111917,1,1,NaN,trial.nocue,581,1
250,111917,2,2,800,trial.validspatial,752,1
250,111917,2,1,800,trial.validspatial,548,1
250,111917,2,1,0,trial.validspatial,562,1
250,111917,1,1,800,trial.doublecue,579,1
250,111917,2,2,800,trial.invalid,812,1
250,111917,1,2,400,trial.validspatial,678,1
250,111917,2,1,800,trial.validspatial,472,1
250,111917,1,2,400,trial.invalid,623,1
250,111917,1,1,800,trial.validspatial,495,1
250,111917,2,2,400,trial.doublecue,674,1
250,111917,1,1,0,trial.validspatial,658,1
250,111917,2,1,NaN,trial.nocue,604,1
250,111917,2,1,400,trial.invalid,543,1
250,111917,1,2,800,trial.invalid,871,1
250,111917,1,2,0,trial.doublecue,653,1
250,111917,1,1,400,trial.validspatial,351,1
250,111917,1,2,400,trial.validspatial,698,1
250,111917,1,1,0,trial.doublecue,494,1
250,111917,1,1,0,trial.doublecue,458,1
250,111917,1,2,NaN,trial.nocue,674,1
250,111917,2,1,400,trial.doublecue,728,1
250,111917,2,2,400,trial.validspatial,702,1
250,111917,2,2,800,trial.doublecue,696,1
250,111917,2,2,NaN,trial.nocue,881,1
250,111917,1,2,NaN,trial.nocue,813,1
250,111917,1,2,0,trial.doublecue,710,1
250,111917,2,1,800,trial.invalid,910,1
250,111917,1,2,0,trial.validspatial,674,1
250,111917,1,1,0,trial.validspatial,558,1
250,111917,2,1,0,trial.validspatial,546,1
250,111917,1,1,400,trial.invalid,485,1
250,111917,1,2,800,trial.doublecue,520,1
250,111917,2,2,0,trial.validspatial,748,1
250,111917,2,2,0,trial.invalid,797,1
250,111917,1,1,0,trial.validspatial,545,1
250,111917,1,1,400,trial.invalid,535,1
250,111917,2,1,800,trial.validspatial,537,1
250,111917,2,2,400,trial.doublecue,852,1
250,111917,2,1,0,trial.doublecue,538,1
250,111917,2,2,400,trial.validspatial,536,1
250,111917,1,1,NaN,trial.nocue,569,1
250,111917,2,1,0,trial.invalid,661,1
250,111917,1,2,800,trial.validspatial,630,1
250,111917,1,2,800,trial.doublecue,791,1
250,111917,2,1,400,trial.validspatial,604,1
250,111917,1,1,800,trial.validspatial,530,1
250,111917,1,2,800,trial.validspatial,566,1
250,111917,1,1,0,trial.validspatial,537,1
250,111917,1,2,400,trial.validspatial,529,1
250,111917,2,1,400,trial.invalid,804,1
250,111917,2,1,0,trial.invalid,806,1
250,111917,2,2,NaN,trial.nocue,694,1
250,111917,1,1,800,trial.validspatial,493,1
250,111917,2,2,400,trial.validspatial,588,1
250,111917,2,1,NaN,trial.nocue,549,1
250,111917,1,1,400,trial.validspatial,484,1
250,111917,1,2,NaN,trial.nocue,695,1
250,111917,1,2,0,trial.validspatial,595,1
250,111917,1,2,800,trial.validspatial,484,1
250,111917,1,1,0,trial.validspatial,498,1
250,111917,1,1,400,trial.validspatial,364,1
250,111917,1,1,0,trial.validspatial,521,1
250,111917,1,2,0,trial.invalid,493,1
250,111917,1,2,800,trial.validspatial,657,1
250,111917,1,2,400,trial.validspatial,515,1
250,111917,1,2,400,trial.doublecue,546,1
250,111917,2,2,400,trial.validspatial,585,1
250,111917,2,1,400,trial.doublecue,546,1
250,111917,2,1,0,trial.validspatial,699,1
250,111917,2,1,400,trial.validspatial,430,1
250,111917,1,2,800,trial.validspatial,660,1
250,111917,1,1,800,trial.invalid,475,1
250,111917,2,1,400,trial.validspatial,524,1
250,111917,2,1,800,trial.validspatial,325,1
250,111917,2,2,0,trial.validspatial,741,1
250,111917,1,2,0,trial.validspatial,700,1
250,111917,1,1,400,trial.validspatial,579,1
250,111917,1,1,NaN,trial.nocue,519,1
250,111917,1,2,0,trial.validspatial,711,1
250,111917,1,1,NaN,trial.nocue,479,1
250,111917,2,2,0,trial.validspatial,637,1
250,111917,2,1,800,trial.invalid,524,1
250,111917,2,2,NaN,trial.nocue,843,1
250,111917,1,2,400,trial.invalid,683,1
250,111917,2,2,0,trial.doublecue,687,1
250,111917,1,2,NaN,trial.nocue,518,0
250,111917,1,1,400,trial.validspatial,460,1
250,111917,1,1,800,trial.validspatial,564,1
250,111917,2,1,NaN,trial.nocue,764,1
250,111917,1,1,800,trial.doublecue,669,1
250,111917,2,2,0,trial.doublecue,825,1
250,111917,1,1,0,trial.invalid,623,1
250,111917,1,1,0,trial.invalid,515,1
250,111917,2,1,0,trial.validspatial,527,1
250,111917,2,1,0,trial.validspatial,587,1
250,111917,1,1,400,trial.doublecue,492,1
250,111917,2,2,800,trial.validspatial,486,0
250,111917,2,2,800,trial.validspatial,564,1
250,111917,2,2,0,trial.validspatial,634,1
250,111917,1,2,400,trial.validspatial,522,1
250,111917,2,2,800,trial.invalid,695,1
250,111917,1,2,0,trial.invalid,823,1
250,111917,2,1,400,trial.validspatial,563,1
250,111917,2,1,400,trial.validspatial,527,1
250,111917,2,1,NaN,trial.nocue,704,1
250,111917,2,2,NaN,trial.nocue,668,1
250,111917,2,1,NaN,trial.nocue,637,1
250,111917,1,1,800,trial.validspatial,476,1
250,111917,1,1,NaN,trial.nocue,433,1
250,111917,2,1,800,trial.doublecue,535,1
250,111917,2,2,NaN,trial.nocue,554,1
250,111917,1,2,400,trial.validspatial,532,1
250,111917,1,1,400,trial.doublecue,670,1
250,111917,2,2,400,trial.invalid,711,1
250,111917,1,1,NaN,trial.nocue,513,1
250,111917,2,1,800,trial.validspatial,435,1
250,111917,2,2,0,trial.validspatial,484,0
250,111917,2,1,800,trial.doublecue,621,1
250,111917,2,1,400,trial.validspatial,552,1
250,111917,2,2,400,trial.validspatial,582,1
250,111917,2,1,0,trial.doublecue,599,1
250,111917,2,2,400,trial.validspatial,673,1
250,111917,2,2,400,trial.invalid,703,1
250,111917,2,2,800,trial.doublecue,526,1
250,111917,1,2,400,trial.doublecue,584,1
250,111917,1,2,0,trial.validspatial,828,1
250,111917,1,2,NaN,trial.nocue,605,1
250,111917,1,1,800,trial.invalid,505,1
250,111917,2,2,800,trial.validspatial,705,1
250,111917,2,1,800,trial.validspatial,549,1
250,111917,2,1,0,trial.validspatial,652,1
250,111917,2,2,NaN,trial.nocue,887,1
250,111917,2,2,800,trial.validspatial,519,1
250,111917,1,1,400,trial.validspatial,1700,0
250,111917,1,2,800,trial.invalid,623,1
250,111917,2,2,0,trial.validspatial,1060,1
250,111917,2,2,800,trial.validspatial,537,1
250,111917,1,1,800,trial.validspatial,776,1
250,111917,2,1,NaN,trial.nocue,570,1
250,111917,1,2,NaN,trial.nocue,536,1
250,111917,1,2,800,trial.validspatial,492,1
250,111917,1,2,0,trial.validspatial,495,1
250,111917,2,2,0,trial.invalid,496,1
250,111917,1,1,NaN,trial.nocue,513,1
250,111917,2,2,800,trial.validspatial,487,1
250,111917,2,1,800,trial.validspatial,474,1
250,111917,2,1,0,trial.validspatial,579,1
250,111917,1,1,800,trial.doublecue,665,1
250,111917,2,2,800,trial.invalid,671,1
250,111917,1,2,400,trial.validspatial,389,1
250,111917,2,1,800,trial.validspatial,466,1
250,111917,1,2,400,trial.invalid,530,1
250,111917,1,1,800,trial.validspatial,556,1
250,111917,2,2,400,trial.doublecue,797,1
250,111917,1,1,0,trial.validspatial,512,1
250,111917,2,1,NaN,trial.nocue,660,1
250,111917,2,1,400,trial.invalid,624,1
250,111917,1,2,800,trial.invalid,725,1
250,111917,1,2,0,trial.doublecue,555,1
250,111917,1,1,400,trial.validspatial,378,1
250,111917,1,2,400,trial.validspatial,539,1
250,111917,1,1,0,trial.doublecue,569,1
250,111917,1,1,0,trial.doublecue,559,1
250,111917,1,2,NaN,trial.nocue,825,1
250,111917,2,1,400,trial.doublecue,738,1
250,111917,2,2,400,trial.validspatial,528,1
250,111917,2,2,800,trial.doublecue,971,1
250,111917,2,2,NaN,trial.nocue,485,1
250,111917,1,2,NaN,trial.nocue,534,1
250,111917,1,2,0,trial.doublecue,424,0
250,111917,2,1,800,trial.invalid,890,1
250,111917,1,2,0,trial.validspatial,798,1
250,111917,1,1,0,trial.validspatial,518,1
250,111917,2,1,0,trial.validspatial,700,1
250,111917,1,1,400,trial.invalid,933,1
250,111917,1,2,800,trial.doublecue,529,1
250,111917,2,2,0,trial.validspatial,552,1
250,111917,2,2,0,trial.invalid,589,1
250,111917,1,1,0,trial.validspatial,577,1
250,111917,1,1,400,trial.invalid,522,1
250,111917,2,1,800,trial.validspatial,461,1
250,111917,2,2,400,trial.doublecue,521,1
250,111917,2,1,0,trial.doublecue,548,1
250,111917,2,2,400,trial.validspatial,750,1
250,111917,1,1,NaN,trial.nocue,708,1
250,111917,2,1,0,trial.invalid,536,1
250,111917,1,2,800,trial.validspatial,797,1
250,111917,1,2,800,trial.doublecue,548,1
250,111917,2,1,400,trial.validspatial,558,1
250,111917,1,1,800,trial.validspatial,695,1
250,111917,1,2,800,trial.validspatial,648,1
250,111917,1,1,0,trial.validspatial,459,1
250,111917,1,2,400,trial.validspatial,705,1
250,111917,2,1,400,trial.invalid,569,1
250,111917,2,1,0,trial.invalid,694,1
250,111917,2,2,NaN,trial.nocue,656,1
250,111917,1,1,800,trial.validspatial,530,1
250,111917,2,2,400,trial.validspatial,573,1
250,111917,2,1,NaN,trial.nocue,684,1
250,111917,1,1,400,trial.validspatial,485,1
250,111917,1,2,NaN,trial.nocue,542,1
250,111917,1,2,0,trial.validspatial,513,1
250,111917,1,2,800,trial.validspatial,478,1
250,111917,1,1,0,trial.validspatial,559,1
250,111917,1,1,400,trial.validspatial,852,1
