subject,date,location_congruence_val,flanker_congruence_val,cue_target_interval,cue_condition,latency,values.correct
113,62917,1,1,0,trial.validspatial,784,1
113,62917,1,2,0,trial.invalid,1271,0
113,62917,1,2,800,trial.validspatial,796,1
113,62917,1,2,400,trial.validspatial,680,1
113,62917,1,2,400,trial.doublecue,1295,1
113,62917,2,2,400,trial.validspatial,561,1
113,62917,2,1,400,trial.doublecue,855,1
113,62917,2,1,0,trial.validspatial,563,1
113,62917,2,1,400,trial.validspatial,598,1
113,62917,1,2,800,trial.validspatial,911,1
113,62917,1,1,800,trial.invalid,920,1
113,62917,2,1,400,trial.validspatial,1113,1
113,62917,2,1,800,trial.validspatial,519,1
113,62917,2,2,0,trial.validspatial,845,1
113,62917,1,2,0,trial.validspatial,641,1
113,62917,1,1,400,trial.validspatial,494,1
113,62917,1,1,NaN,trial.nocue,437,1
113,62917,1,2,0,trial.validspatial,754,1
113,62917,1,1,NaN,trial.nocue,555,1
113,62917,2,2,0,trial.validspatial,569,1
113,62917,2,1,800,trial.invalid,629,1
113,62917,2,2,NaN,trial.nocue,710,1
113,62917,1,2,400,trial.invalid,951,1
113,62917,2,2,0,trial.doublecue,1010,1
113,62917,1,2,NaN,trial.nocue,665,1
113,62917,1,1,400,trial.validspatial,559,1
113,62917,1,1,800,trial.validspatial,569,1
113,62917,2,1,NaN,trial.nocue,608,1
113,62917,1,1,800,trial.doublecue,465,1
113,62917,2,2,0,trial.doublecue,703,1
113,62917,1,1,0,trial.invalid,570,1
113,62917,1,1,0,trial.invalid,612,1
113,62917,2,1,0,trial.validspatial,533,1
113,62917,2,1,0,trial.validspatial,584,1
113,62917,1,1,400,trial.doublecue,500,1
113,62917,2,2,800,trial.validspatial,620,1
113,62917,2,2,800,trial.validspatial,564,1
113,62917,2,2,0,trial.validspatial,772,1
113,62917,1,2,400,trial.validspatial,630,1
113,62917,2,2,800,trial.invalid,747,1
113,62917,1,2,0,trial.invalid,950,1
113,62917,2,1,400,trial.validspatial,549,1
113,62917,2,1,400,trial.validspatial,1005,1
113,62917,2,1,NaN,trial.nocue,854,1
113,62917,2,2,NaN,trial.nocue,984,1
113,62917,2,1,NaN,trial.nocue,586,1
113,62917,1,1,800,trial.validspatial,534,1
113,62917,1,1,NaN,trial.nocue,607,1
113,62917,2,1,800,trial.doublecue,612,1
113,62917,2,2,NaN,trial.nocue,707,1
113,62917,1,2,400,trial.validspatial,765,1
113,62917,1,1,400,trial.doublecue,598,1
113,62917,2,2,400,trial.invalid,607,1
113,62917,1,1,NaN,trial.nocue,475,1
113,62917,2,1,800,trial.validspatial,371,1
113,62917,2,2,0,trial.validspatial,802,1
113,62917,2,1,800,trial.doublecue,517,1
113,62917,2,1,400,trial.validspatial,559,1
113,62917,2,2,400,trial.validspatial,588,1
113,62917,2,1,0,trial.doublecue,590,1
113,62917,2,2,400,trial.validspatial,823,1
113,62917,2,2,400,trial.invalid,874,1
113,62917,2,2,800,trial.doublecue,716,1
113,62917,1,2,400,trial.doublecue,858,1
113,62917,1,2,0,trial.validspatial,768,1
113,62917,1,2,NaN,trial.nocue,831,1
113,62917,1,1,800,trial.invalid,652,1
113,62917,2,2,800,trial.validspatial,659,1
113,62917,2,1,800,trial.validspatial,524,1
113,62917,2,1,0,trial.validspatial,520,1
113,62917,2,2,NaN,trial.nocue,647,1
113,62917,2,2,800,trial.validspatial,1059,1
113,62917,1,1,400,trial.validspatial,614,1
113,62917,1,2,800,trial.invalid,1007,1
113,62917,2,2,0,trial.validspatial,611,1
113,62917,2,2,800,trial.validspatial,650,1
113,62917,1,1,800,trial.validspatial,910,1
113,62917,2,1,NaN,trial.nocue,594,1
113,62917,1,2,NaN,trial.nocue,871,1
113,62917,1,2,800,trial.validspatial,575,1
113,62917,1,2,0,trial.validspatial,915,1
113,62917,2,2,0,trial.invalid,915,1
113,62917,1,1,NaN,trial.nocue,708,1
113,62917,2,2,800,trial.validspatial,548,1
113,62917,2,1,800,trial.validspatial,444,1
113,62917,2,1,0,trial.validspatial,427,1
113,62917,1,1,800,trial.doublecue,574,1
113,62917,2,2,800,trial.invalid,1058,1
113,62917,1,2,400,trial.validspatial,732,1
113,62917,2,1,800,trial.validspatial,554,1
113,62917,1,2,400,trial.invalid,682,1
113,62917,1,1,800,trial.validspatial,501,1
113,62917,2,2,400,trial.doublecue,645,1
113,62917,1,1,0,trial.validspatial,768,1
113,62917,2,1,NaN,trial.nocue,697,1
113,62917,2,1,400,trial.invalid,903,1
113,62917,1,2,800,trial.invalid,983,1
113,62917,1,2,0,trial.doublecue,1011,1
113,62917,1,1,400,trial.validspatial,568,1
113,62917,1,2,400,trial.validspatial,626,1
113,62917,1,1,0,trial.doublecue,644,1
113,62917,1,1,0,trial.doublecue,631,1
113,62917,1,2,NaN,trial.nocue,668,1
113,62917,2,1,400,trial.doublecue,533,1
113,62917,2,2,400,trial.validspatial,1080,1
113,62917,2,2,800,trial.doublecue,910,1
113,62917,2,2,NaN,trial.nocue,762,1
113,62917,1,2,NaN,trial.nocue,681,1
113,62917,1,2,0,trial.doublecue,952,1
113,62917,2,1,800,trial.invalid,873,1
113,62917,1,2,0,trial.validspatial,1333,0
113,62917,1,1,0,trial.validspatial,1700,0
113,62917,2,1,0,trial.validspatial,531,1
113,62917,1,1,400,trial.invalid,598,1
113,62917,1,2,800,trial.doublecue,810,1
113,62917,2,2,0,trial.validspatial,687,1
113,62917,2,2,0,trial.invalid,496,0
113,62917,1,1,0,trial.validspatial,570,1
113,62917,1,1,400,trial.invalid,972,1
113,62917,2,1,800,trial.validspatial,642,1
113,62917,2,2,400,trial.doublecue,850,1
113,62917,2,1,0,trial.doublecue,589,1
113,62917,2,2,400,trial.validspatial,906,1
113,62917,1,1,NaN,trial.nocue,711,1
113,62917,2,1,0,trial.invalid,783,1
113,62917,1,2,800,trial.validspatial,666,1
113,62917,1,2,800,trial.doublecue,714,1
113,62917,2,1,400,trial.validspatial,797,1
113,62917,1,1,800,trial.validspatial,519,1
113,62917,1,2,800,trial.validspatial,626,1
113,62917,1,1,0,trial.validspatial,775,1
113,62917,1,2,400,trial.validspatial,1700,0
113,62917,2,1,400,trial.invalid,654,1
113,62917,2,1,0,trial.invalid,564,1
113,62917,2,2,NaN,trial.nocue,660,1
113,62917,1,1,800,trial.validspatial,427,1
113,62917,2,2,400,trial.validspatial,804,1
113,62917,2,1,NaN,trial.nocue,904,1
113,62917,1,1,400,trial.validspatial,701,1
113,62917,1,2,NaN,trial.nocue,749,1
113,62917,1,2,0,trial.validspatial,762,1
113,62917,1,2,800,trial.validspatial,585,1
113,62917,1,1,0,trial.validspatial,534,1
113,62917,1,1,400,trial.validspatial,693,1
113,62917,1,1,0,trial.validspatial,702,1
113,62917,1,2,0,trial.invalid,1118,1
113,62917,1,2,800,trial.validspatial,853,1
113,62917,1,2,400,trial.validspatial,673,1
113,62917,1,2,400,trial.doublecue,936,1
113,62917,2,2,400,trial.validspatial,581,1
113,62917,2,1,400,trial.doublecue,789,1
113,62917,2,1,0,trial.validspatial,676,1
113,62917,2,1,400,trial.validspatial,460,1
113,62917,1,2,800,trial.validspatial,561,1
113,62917,1,1,800,trial.invalid,681,1
113,62917,2,1,400,trial.validspatial,584,1
113,62917,2,1,800,trial.validspatial,646,1
113,62917,2,2,0,trial.validspatial,716,1
113,62917,1,2,0,trial.validspatial,695,1
113,62917,1,1,400,trial.validspatial,457,1
113,62917,1,1,NaN,trial.nocue,557,1
113,62917,1,2,0,trial.validspatial,622,1
113,62917,1,1,NaN,trial.nocue,813,1
113,62917,2,2,0,trial.validspatial,739,1
113,62917,2,1,800,trial.invalid,513,1
113,62917,2,2,NaN,trial.nocue,671,1
113,62917,1,2,400,trial.invalid,1024,1
113,62917,2,2,0,trial.doublecue,826,1
113,62917,1,2,NaN,trial.nocue,700,1
113,62917,1,1,400,trial.validspatial,668,1
113,62917,1,1,800,trial.validspatial,615,1
113,62917,2,1,NaN,trial.nocue,575,1
113,62917,1,1,800,trial.doublecue,420,1
113,62917,2,2,0,trial.doublecue,1147,0
113,62917,1,1,0,trial.invalid,853,1
113,62917,1,1,0,trial.invalid,609,1
113,62917,2,1,0,trial.validspatial,552,1
113,62917,2,1,0,trial.validspatial,630,1
113,62917,1,1,400,trial.doublecue,421,1
113,62917,2,2,800,trial.validspatial,656,1
113,62917,2,2,800,trial.validspatial,663,1
113,62917,2,2,0,trial.validspatial,851,1
113,62917,1,2,400,trial.validspatial,575,1
113,62917,2,2,800,trial.invalid,661,1
113,62917,1,2,0,trial.invalid,1700,0
113,62917,2,1,400,trial.validspatial,598,1
113,62917,2,1,400,trial.validspatial,511,1
113,62917,2,1,NaN,trial.nocue,496,1
113,62917,2,2,NaN,trial.nocue,765,1
113,62917,2,1,NaN,trial.nocue,651,1
113,62917,1,1,800,trial.validspatial,1700,0
113,62917,1,1,NaN,trial.nocue,726,1
113,62917,2,1,800,trial.doublecue,582,1
113,62917,2,2,NaN,trial.nocue,533,1
113,62917,1,2,400,trial.validspatial,628,1
113,62917,1,1,400,trial.doublecue,574,1
113,62917,2,2,400,trial.invalid,691,1
113,62917,1,1,NaN,trial.nocue,569,1
113,62917,2,1,800,trial.validspatial,491,1
113,62917,2,2,0,trial.validspatial,946,1
113,62917,2,1,800,trial.doublecue,1700,0
113,62917,2,1,400,trial.validspatial,897,1
113,62917,2,2,400,trial.validspatial,1596,1
113,62917,2,1,0,trial.doublecue,529,1
113,62917,2,2,400,trial.validspatial,577,1
113,62917,2,2,400,trial.invalid,940,1
113,62917,2,2,800,trial.doublecue,650,1
113,62917,1,2,400,trial.doublecue,539,1
113,62917,1,2,0,trial.validspatial,892,1
113,62917,1,2,NaN,trial.nocue,608,1
113,62917,1,1,800,trial.invalid,826,1
113,62917,2,2,800,trial.validspatial,909,1
113,62917,2,1,800,trial.validspatial,808,1
113,62917,2,1,0,trial.validspatial,604,1
113,62917,2,2,NaN,trial.nocue,1399,1
113,62917,2,2,800,trial.validspatial,667,1
113,62917,1,1,400,trial.validspatial,1700,0
113,62917,1,2,800,trial.invalid,1700,0
113,62917,2,2,0,trial.validspatial,1700,0
113,62917,2,2,800,trial.validspatial,1700,0
113,62917,1,1,800,trial.validspatial,1700,0
113,62917,2,1,NaN,trial.nocue,1700,0
113,62917,1,2,NaN,trial.nocue,1700,0
113,62917,1,2,800,trial.validspatial,1700,0
113,62917,1,2,0,trial.validspatial,1700,0
113,62917,2,2,0,trial.invalid,1700,0
113,62917,1,1,NaN,trial.nocue,1700,0
113,62917,2,2,800,trial.validspatial,1700,0
113,62917,2,1,800,trial.validspatial,1700,0
113,62917,2,1,0,trial.validspatial,1700,0
113,62917,1,1,800,trial.doublecue,1700,0
113,62917,2,2,800,trial.invalid,1700,0
113,62917,1,2,400,trial.validspatial,1700,0
113,62917,2,1,800,trial.validspatial,1700,0
113,62917,1,2,400,trial.invalid,1700,0
113,62917,1,1,800,trial.validspatial,1700,0
113,62917,2,2,400,trial.doublecue,1258,1
113,62917,1,1,0,trial.validspatial,635,1
113,62917,2,1,NaN,trial.nocue,1316,1
113,62917,2,1,400,trial.invalid,739,1
113,62917,1,2,800,trial.invalid,704,1
113,62917,1,2,0,trial.doublecue,1072,1
113,62917,1,1,400,trial.validspatial,729,1
113,62917,1,2,400,trial.validspatial,644,1
113,62917,1,1,0,trial.doublecue,695,1
113,62917,1,1,0,trial.doublecue,617,1
113,62917,1,2,NaN,trial.nocue,709,1
113,62917,2,1,400,trial.doublecue,604,1
113,62917,2,2,400,trial.validspatial,653,1
113,62917,2,2,800,trial.doublecue,635,1
113,62917,2,2,NaN,trial.nocue,520,1
113,62917,1,2,NaN,trial.nocue,696,1
113,62917,1,2,0,trial.doublecue,571,1
113,62917,2,1,800,trial.invalid,706,1
113,62917,1,2,0,trial.validspatial,537,1
113,62917,1,1,0,trial.validspatial,623,1
113,62917,2,1,0,trial.validspatial,959,1
113,62917,1,1,400,trial.invalid,1080,1
113,62917,1,2,800,trial.doublecue,1416,1
113,62917,2,2,0,trial.validspatial,1607,1
113,62917,2,2,0,trial.invalid,1328,1
113,62917,1,1,0,trial.validspatial,1003,1
113,62917,1,1,400,trial.invalid,736,1
113,62917,2,1,800,trial.validspatial,509,1
113,62917,2,2,400,trial.doublecue,893,1
113,62917,2,1,0,trial.doublecue,658,1
113,62917,2,2,400,trial.validspatial,622,1
113,62917,1,1,NaN,trial.nocue,624,1
113,62917,2,1,0,trial.invalid,486,1
113,62917,1,2,800,trial.validspatial,1198,1
113,62917,1,2,800,trial.doublecue,655,1
113,62917,2,1,400,trial.validspatial,588,1
113,62917,1,1,800,trial.validspatial,697,1
113,62917,1,2,800,trial.validspatial,808,1
113,62917,1,1,0,trial.validspatial,445,1
113,62917,1,2,400,trial.validspatial,728,1
113,62917,2,1,400,trial.invalid,506,1
113,62917,2,1,0,trial.invalid,540,1
113,62917,2,2,NaN,trial.nocue,726,1
113,62917,1,1,800,trial.validspatial,517,1
113,62917,2,2,400,trial.validspatial,600,1
113,62917,2,1,NaN,trial.nocue,804,1
113,62917,1,1,400,trial.validspatial,976,1
113,62917,1,2,NaN,trial.nocue,546,1
113,62917,1,2,0,trial.validspatial,532,1
113,62917,1,2,800,trial.validspatial,546,1
113,62917,1,1,0,trial.validspatial,504,1
113,62917,1,1,400,trial.validspatial,700,1
