subject,date,location_congruence_val,flanker_congruence_val,cue_target_interval,cue_condition,latency,values.correct
29,101917,1,1,0,trial.validspatial,1700,0
29,101917,1,2,0,trial.invalid,1700,0
29,101917,1,2,800,trial.validspatial,1700,0
29,101917,1,2,400,trial.validspatial,1053,1
29,101917,1,2,400,trial.doublecue,592,1
29,101917,2,2,400,trial.validspatial,655,1
29,101917,2,1,400,trial.doublecue,813,1
29,101917,2,1,0,trial.validspatial,456,1
29,101917,2,1,400,trial.validspatial,373,1
29,101917,1,2,800,trial.validspatial,581,1
29,101917,1,1,800,trial.invalid,839,1
29,101917,2,1,400,trial.validspatial,349,0
29,101917,2,1,800,trial.validspatial,491,1
29,101917,2,2,0,trial.validspatial,582,1
29,101917,1,2,0,trial.validspatial,749,1
29,101917,1,1,400,trial.validspatial,476,1
29,101917,1,1,NaN,trial.nocue,484,1
29,101917,1,2,0,trial.validspatial,711,1
29,101917,1,1,NaN,trial.nocue,699,1
29,101917,2,2,0,trial.validspatial,769,1
29,101917,2,1,800,trial.invalid,555,1
29,101917,2,2,NaN,trial.nocue,826,1
29,101917,1,2,400,trial.invalid,902,1
29,101917,2,2,0,trial.doublecue,631,1
29,101917,1,2,NaN,trial.nocue,683,1
29,101917,1,1,400,trial.validspatial,367,1
29,101917,1,1,800,trial.validspatial,534,1
29,101917,2,1,NaN,trial.nocue,642,1
29,101917,1,1,800,trial.doublecue,545,1
29,101917,2,2,0,trial.doublecue,932,1
29,101917,1,1,0,trial.invalid,399,1
29,101917,1,1,0,trial.invalid,814,1
29,101917,2,1,0,trial.validspatial,694,1
29,101917,2,1,0,trial.validspatial,442,1
29,101917,1,1,400,trial.doublecue,419,1
29,101917,2,2,800,trial.validspatial,458,1
29,101917,2,2,800,trial.validspatial,534,1
29,101917,2,2,0,trial.validspatial,537,1
29,101917,1,2,400,trial.validspatial,482,1
29,101917,2,2,800,trial.invalid,722,1
29,101917,1,2,0,trial.invalid,459,0
29,101917,2,1,400,trial.validspatial,413,1
29,101917,2,1,400,trial.validspatial,459,1
29,101917,2,1,NaN,trial.nocue,482,1
29,101917,2,2,NaN,trial.nocue,587,1
29,101917,2,1,NaN,trial.nocue,521,1
29,101917,1,1,800,trial.validspatial,535,1
29,101917,1,1,NaN,trial.nocue,435,1
29,101917,2,1,800,trial.doublecue,451,1
29,101917,2,2,NaN,trial.nocue,1108,0
29,101917,1,2,400,trial.validspatial,613,1
29,101917,1,1,400,trial.doublecue,685,1
29,101917,2,2,400,trial.invalid,473,0
29,101917,1,1,NaN,trial.nocue,494,1
29,101917,2,1,800,trial.validspatial,378,1
29,101917,2,2,0,trial.validspatial,558,1
29,101917,2,1,800,trial.doublecue,436,1
29,101917,2,1,400,trial.validspatial,474,1
29,101917,2,2,400,trial.validspatial,410,1
29,101917,2,1,0,trial.doublecue,536,1
29,101917,2,2,400,trial.validspatial,477,1
29,101917,2,2,400,trial.invalid,807,1
29,101917,2,2,800,trial.doublecue,543,1
29,101917,1,2,400,trial.doublecue,316,0
29,101917,1,2,0,trial.validspatial,703,1
29,101917,1,2,NaN,trial.nocue,692,1
29,101917,1,1,800,trial.invalid,691,1
29,101917,2,2,800,trial.validspatial,521,1
29,101917,2,1,800,trial.validspatial,417,1
29,101917,2,1,0,trial.validspatial,588,1
29,101917,2,2,NaN,trial.nocue,853,1
29,101917,2,2,800,trial.validspatial,450,1
29,101917,1,1,400,trial.validspatial,1700,0
29,101917,1,2,800,trial.invalid,1138,1
29,101917,2,2,0,trial.validspatial,644,1
29,101917,2,2,800,trial.validspatial,1016,1
29,101917,1,1,800,trial.validspatial,847,1
29,101917,2,1,NaN,trial.nocue,903,1
29,101917,1,2,NaN,trial.nocue,712,1
29,101917,1,2,800,trial.validspatial,637,1
29,101917,1,2,0,trial.validspatial,659,1
29,101917,2,2,0,trial.invalid,711,1
29,101917,1,1,NaN,trial.nocue,467,1
29,101917,2,2,800,trial.validspatial,406,1
29,101917,2,1,800,trial.validspatial,428,1
29,101917,2,1,0,trial.validspatial,632,1
29,101917,1,1,800,trial.doublecue,589,1
29,101917,2,2,800,trial.invalid,404,0
29,101917,1,2,400,trial.validspatial,612,1
29,101917,2,1,800,trial.validspatial,474,1
29,101917,1,2,400,trial.invalid,527,0
29,101917,1,1,800,trial.validspatial,406,1
29,101917,2,2,400,trial.doublecue,400,0
29,101917,1,1,0,trial.validspatial,531,1
29,101917,2,1,NaN,trial.nocue,411,1
29,101917,2,1,400,trial.invalid,648,1
29,101917,1,2,800,trial.invalid,451,0
29,101917,1,2,0,trial.doublecue,739,1
29,101917,1,1,400,trial.validspatial,494,1
29,101917,1,2,400,trial.validspatial,551,1
29,101917,1,1,0,trial.doublecue,587,1
29,101917,1,1,0,trial.doublecue,413,1
29,101917,1,2,NaN,trial.nocue,660,1
29,101917,2,1,400,trial.doublecue,426,1
29,101917,2,2,400,trial.validspatial,496,1
29,101917,2,2,800,trial.doublecue,510,1
29,101917,2,2,NaN,trial.nocue,544,1
29,101917,1,2,NaN,trial.nocue,549,1
29,101917,1,2,0,trial.doublecue,645,1
29,101917,2,1,800,trial.invalid,486,1
29,101917,1,2,0,trial.validspatial,543,1
29,101917,1,1,0,trial.validspatial,349,1
29,101917,2,1,0,trial.validspatial,556,1
29,101917,1,1,400,trial.invalid,533,0
29,101917,1,2,800,trial.doublecue,684,1
29,101917,2,2,0,trial.validspatial,538,1
29,101917,2,2,0,trial.invalid,665,1
29,101917,1,1,0,trial.validspatial,405,1
29,101917,1,1,400,trial.invalid,438,1
29,101917,2,1,800,trial.validspatial,511,1
29,101917,2,2,400,trial.doublecue,445,0
29,101917,2,1,0,trial.doublecue,470,1
29,101917,2,2,400,trial.validspatial,478,1
29,101917,1,1,NaN,trial.nocue,572,1
29,101917,2,1,0,trial.invalid,439,1
29,101917,1,2,800,trial.validspatial,588,1
29,101917,1,2,800,trial.doublecue,587,1
29,101917,2,1,400,trial.validspatial,422,1
29,101917,1,1,800,trial.validspatial,577,1
29,101917,1,2,800,trial.validspatial,552,1
29,101917,1,1,0,trial.validspatial,819,1
29,101917,1,2,400,trial.validspatial,638,0
29,101917,2,1,400,trial.invalid,645,1
29,101917,2,1,0,trial.invalid,521,1
29,101917,2,2,NaN,trial.nocue,507,0
29,101917,1,1,800,trial.validspatial,530,1
29,101917,2,2,400,trial.validspatial,503,1
29,101917,2,1,NaN,trial.nocue,511,1
29,101917,1,1,400,trial.validspatial,499,1
29,101917,1,2,NaN,trial.nocue,610,1
29,101917,1,2,0,trial.validspatial,690,1
29,101917,1,2,800,trial.validspatial,471,1
29,101917,1,1,0,trial.validspatial,633,1
29,101917,1,1,400,trial.validspatial,388,1
29,101917,1,1,0,trial.validspatial,539,1
29,101917,1,2,0,trial.invalid,552,0
29,101917,1,2,800,trial.validspatial,671,1
29,101917,1,2,400,trial.validspatial,646,1
29,101917,1,2,400,trial.doublecue,708,1
29,101917,2,2,400,trial.validspatial,571,1
29,101917,2,1,400,trial.doublecue,479,1
29,101917,2,1,0,trial.validspatial,436,1
29,101917,2,1,400,trial.validspatial,468,1
29,101917,1,2,800,trial.validspatial,317,0
29,101917,1,1,800,trial.invalid,628,1
29,101917,2,1,400,trial.validspatial,501,1
29,101917,2,1,800,trial.validspatial,450,1
29,101917,2,2,0,trial.validspatial,780,1
29,101917,1,2,0,trial.validspatial,642,1
29,101917,1,1,400,trial.validspatial,468,1
29,101917,1,1,NaN,trial.nocue,485,1
29,101917,1,2,0,trial.validspatial,791,1
29,101917,1,1,NaN,trial.nocue,643,1
29,101917,2,2,0,trial.validspatial,511,1
29,101917,2,1,800,trial.invalid,685,1
29,101917,2,2,NaN,trial.nocue,793,1
29,101917,1,2,400,trial.invalid,679,1
29,101917,2,2,0,trial.doublecue,664,1
29,101917,1,2,NaN,trial.nocue,625,1
29,101917,1,1,400,trial.validspatial,529,1
29,101917,1,1,800,trial.validspatial,412,1
29,101917,2,1,NaN,trial.nocue,514,1
29,101917,1,1,800,trial.doublecue,521,1
29,101917,2,2,0,trial.doublecue,438,0
29,101917,1,1,0,trial.invalid,354,1
29,101917,1,1,0,trial.invalid,418,1
29,101917,2,1,0,trial.validspatial,537,1
29,101917,2,1,0,trial.validspatial,395,1
29,101917,1,1,400,trial.doublecue,382,1
29,101917,2,2,800,trial.validspatial,401,1
29,101917,2,2,800,trial.validspatial,426,1
29,101917,2,2,0,trial.validspatial,453,1
29,101917,1,2,400,trial.validspatial,522,1
29,101917,2,2,800,trial.invalid,609,1
29,101917,1,2,0,trial.invalid,863,1
29,101917,2,1,400,trial.validspatial,378,0
29,101917,2,1,400,trial.validspatial,504,1
29,101917,2,1,NaN,trial.nocue,491,1
29,101917,2,2,NaN,trial.nocue,775,1
29,101917,2,1,NaN,trial.nocue,400,1
29,101917,1,1,800,trial.validspatial,432,1
29,101917,1,1,NaN,trial.nocue,426,1
29,101917,2,1,800,trial.doublecue,503,1
29,101917,2,2,NaN,trial.nocue,477,1
29,101917,1,2,400,trial.validspatial,505,1
29,101917,1,1,400,trial.doublecue,595,1
29,101917,2,2,400,trial.invalid,663,1
29,101917,1,1,NaN,trial.nocue,629,1
29,101917,2,1,800,trial.validspatial,637,1
29,101917,2,2,0,trial.validspatial,758,1
29,101917,2,1,800,trial.doublecue,338,1
29,101917,2,1,400,trial.validspatial,327,1
29,101917,2,2,400,trial.validspatial,512,1
29,101917,2,1,0,trial.doublecue,491,1
29,101917,2,2,400,trial.validspatial,547,1
29,101917,2,2,400,trial.invalid,751,1
29,101917,2,2,800,trial.doublecue,518,1
29,101917,1,2,400,trial.doublecue,620,1
29,101917,1,2,0,trial.validspatial,480,1
29,101917,1,2,NaN,trial.nocue,560,1
29,101917,1,1,800,trial.invalid,528,1
29,101917,2,2,800,trial.validspatial,751,1
29,101917,2,1,800,trial.validspatial,457,1
29,101917,2,1,0,trial.validspatial,438,1
29,101917,2,2,NaN,trial.nocue,564,1
29,101917,2,2,800,trial.validspatial,410,1
29,101917,1,1,400,trial.validspatial,1700,0
29,101917,1,2,800,trial.invalid,543,1
29,101917,2,2,0,trial.validspatial,683,1
29,101917,2,2,800,trial.validspatial,583,1
29,101917,1,1,800,trial.validspatial,531,1
29,101917,2,1,NaN,trial.nocue,533,0
29,101917,1,2,NaN,trial.nocue,493,1
29,101917,1,2,800,trial.validspatial,388,1
29,101917,1,2,0,trial.validspatial,415,1
29,101917,2,2,0,trial.invalid,456,1
29,101917,1,1,NaN,trial.nocue,446,1
29,101917,2,2,800,trial.validspatial,537,1
29,101917,2,1,800,trial.validspatial,410,1
29,101917,2,1,0,trial.validspatial,352,1
29,101917,1,1,800,trial.doublecue,763,1
29,101917,2,2,800,trial.invalid,541,1
29,101917,1,2,400,trial.validspatial,350,1
29,101917,2,1,800,trial.validspatial,428,1
29,101917,1,2,400,trial.invalid,404,1
29,101917,1,1,800,trial.validspatial,444,1
29,101917,2,2,400,trial.doublecue,426,0
29,101917,1,1,0,trial.validspatial,492,1
29,101917,2,1,NaN,trial.nocue,747,1
29,101917,2,1,400,trial.invalid,805,1
29,101917,1,2,800,trial.invalid,693,1
29,101917,1,2,0,trial.doublecue,631,1
29,101917,1,1,400,trial.validspatial,428,1
29,101917,1,2,400,trial.validspatial,745,1
29,101917,1,1,0,trial.doublecue,563,1
29,101917,1,1,0,trial.doublecue,490,1
29,101917,1,2,NaN,trial.nocue,440,0
29,101917,2,1,400,trial.doublecue,657,1
29,101917,2,2,400,trial.validspatial,484,1
29,101917,2,2,800,trial.doublecue,503,1
29,101917,2,2,NaN,trial.nocue,446,1
29,101917,1,2,NaN,trial.nocue,383,1
29,101917,1,2,0,trial.doublecue,433,1
29,101917,2,1,800,trial.invalid,438,1
29,101917,1,2,0,trial.validspatial,625,1
29,101917,1,1,0,trial.validspatial,219,0
29,101917,2,1,0,trial.validspatial,703,1
29,101917,1,1,400,trial.invalid,459,0
29,101917,1,2,800,trial.doublecue,433,1
29,101917,2,2,0,trial.validspatial,439,1
29,101917,2,2,0,trial.invalid,392,1
29,101917,1,1,0,trial.validspatial,757,1
29,101917,1,1,400,trial.invalid,481,1
29,101917,2,1,800,trial.validspatial,383,1
29,101917,2,2,400,trial.doublecue,478,1
29,101917,2,1,0,trial.doublecue,515,1
29,101917,2,2,400,trial.validspatial,739,1
29,101917,1,1,NaN,trial.nocue,493,1
29,101917,2,1,0,trial.invalid,402,1
29,101917,1,2,800,trial.validspatial,597,1
29,101917,1,2,800,trial.doublecue,524,1
29,101917,2,1,400,trial.validspatial,511,1
29,101917,1,1,800,trial.validspatial,554,1
29,101917,1,2,800,trial.validspatial,402,1
29,101917,1,1,0,trial.validspatial,340,1
29,101917,1,2,400,trial.validspatial,466,1
29,101917,2,1,400,trial.invalid,691,1
29,101917,2,1,0,trial.invalid,425,1
29,101917,2,2,NaN,trial.nocue,585,1
29,101917,1,1,800,trial.validspatial,532,1
29,101917,2,2,400,trial.validspatial,385,0
29,101917,2,1,NaN,trial.nocue,641,1
29,101917,1,1,400,trial.validspatial,687,1
29,101917,1,2,NaN,trial.nocue,578,1
29,101917,1,2,0,trial.validspatial,438,1
29,101917,1,2,800,trial.validspatial,358,1
29,101917,1,1,0,trial.validspatial,468,1
29,101917,1,1,400,trial.validspatial,594,0
