subject,date,location_congruence_val,flanker_congruence_val,cue_target_interval,cue_condition,latency,values.correct
244,63017,1,1,0,trial.validspatial,1700,0
244,63017,1,2,0,trial.invalid,1700,0
244,63017,1,2,800,trial.validspatial,1700,0
244,63017,1,2,400,trial.validspatial,1700,0
244,63017,1,2,400,trial.doublecue,528,0
244,63017,2,2,400,trial.validspatial,1700,0
244,63017,2,1,400,trial.doublecue,1700,0
244,63017,2,1,0,trial.validspatial,1700,0
244,63017,2,1,400,trial.validspatial,1700,0
244,63017,1,2,800,trial.validspatial,269,1
244,63017,1,1,800,trial.invalid,1700,0
244,63017,2,1,400,trial.validspatial,1700,0
244,63017,2,1,800,trial.validspatial,1700,0
244,63017,2,2,0,trial.validspatial,1700,0
244,63017,1,2,0,trial.validspatial,1700,0
244,63017,1,1,400,trial.validspatial,1700,0
244,63017,1,1,NaN,trial.nocue,1700,0
244,63017,1,2,0,trial.validspatial,1700,0
244,63017,1,1,NaN,trial.nocue,1700,0
244,63017,2,2,0,trial.validspatial,1700,0
244,63017,2,1,800,trial.invalid,1700,0
244,63017,2,2,NaN,trial.nocue,1700,0
244,63017,1,2,400,trial.invalid,1700,0
244,63017,2,2,0,trial.doublecue,1700,0
244,63017,1,2,NaN,trial.nocue,1700,0
244,63017,1,1,400,trial.validspatial,1700,0
244,63017,1,1,800,trial.validspatial,1700,0
244,63017,2,1,NaN,trial.nocue,1700,0
244,63017,1,1,800,trial.doublecue,1700,0
244,63017,2,2,0,trial.doublecue,1700,0
244,63017,1,1,0,trial.invalid,1700,0
244,63017,1,1,0,trial.invalid,1700,0
244,63017,2,1,0,trial.validspatial,1700,0
244,63017,2,1,0,trial.validspatial,1700,0
244,63017,1,1,400,trial.doublecue,1700,0
244,63017,2,2,800,trial.validspatial,1700,0
244,63017,2,2,800,trial.validspatial,1700,0
244,63017,2,2,0,trial.validspatial,1700,0
244,63017,1,2,400,trial.validspatial,1700,0
244,63017,2,2,800,trial.invalid,1700,0
244,63017,1,2,0,trial.invalid,1700,0
244,63017,2,1,400,trial.validspatial,1700,0
244,63017,2,1,400,trial.validspatial,1700,0
244,63017,2,1,NaN,trial.nocue,1700,0
244,63017,2,2,NaN,trial.nocue,1700,0
244,63017,2,1,NaN,trial.nocue,1700,0
244,63017,1,1,800,trial.validspatial,1700,0
244,63017,1,1,NaN,trial.nocue,1700,0
244,63017,2,1,800,trial.doublecue,1700,0
244,63017,2,2,NaN,trial.nocue,1700,0
244,63017,1,2,400,trial.validspatial,1700,0
244,63017,1,1,400,trial.doublecue,1700,0
244,63017,2,2,400,trial.invalid,1700,0
244,63017,1,1,NaN,trial.nocue,1700,0
244,63017,2,1,800,trial.validspatial,1700,0
244,63017,2,2,0,trial.validspatial,1700,0
244,63017,2,1,800,trial.doublecue,1700,0
244,63017,2,1,400,trial.validspatial,1700,0
244,63017,2,2,400,trial.validspatial,1700,0
244,63017,2,1,0,trial.doublecue,1700,0
244,63017,2,2,400,trial.validspatial,1700,0
244,63017,2,2,400,trial.invalid,1700,0
244,63017,2,2,800,trial.doublecue,1700,0
244,63017,1,2,400,trial.doublecue,1700,0
244,63017,1,2,0,trial.validspatial,1700,0
244,63017,1,2,NaN,trial.nocue,1700,0
244,63017,1,1,800,trial.invalid,1700,0
244,63017,2,2,800,trial.validspatial,1700,0
244,63017,2,1,800,trial.validspatial,1700,0
244,63017,2,1,0,trial.validspatial,1700,0
244,63017,2,2,NaN,trial.nocue,1700,0
244,63017,2,2,800,trial.validspatial,1700,0
244,63017,1,1,400,trial.validspatial,1700,0
244,63017,1,2,800,trial.invalid,1700,0
244,63017,2,2,0,trial.validspatial,1700,0
244,63017,2,2,800,trial.validspatial,1700,0
244,63017,1,1,800,trial.validspatial,1700,0
244,63017,2,1,NaN,trial.nocue,1700,0
244,63017,1,2,NaN,trial.nocue,1700,0
244,63017,1,2,800,trial.validspatial,1700,0
244,63017,1,2,0,trial.validspatial,1700,0
244,63017,2,2,0,trial.invalid,1700,0
244,63017,1,1,NaN,trial.nocue,1700,0
244,63017,2,2,800,trial.validspatial,1700,0
244,63017,2,1,800,trial.validspatial,1700,0
244,63017,2,1,0,trial.validspatial,1700,0
244,63017,1,1,800,trial.doublecue,1700,0
244,63017,2,2,800,trial.invalid,1700,0
244,63017,1,2,400,trial.validspatial,1700,0
244,63017,2,1,800,trial.validspatial,1700,0
244,63017,1,2,400,trial.invalid,49,0
244,63017,1,1,800,trial.validspatial,23,0
244,63017,2,2,400,trial.doublecue,51,1
244,63017,1,1,0,trial.validspatial,33,0
244,63017,2,1,NaN,trial.nocue,1700,0
244,63017,2,1,400,trial.invalid,1700,0
244,63017,1,2,800,trial.invalid,1700,0
244,63017,1,2,0,trial.doublecue,1700,0
244,63017,1,1,400,trial.validspatial,1700,0
244,63017,1,2,400,trial.validspatial,1700,0
244,63017,1,1,0,trial.doublecue,1700,0
244,63017,1,1,0,trial.doublecue,1700,0
244,63017,1,2,NaN,trial.nocue,1700,0
244,63017,2,1,400,trial.doublecue,1700,0
244,63017,2,2,400,trial.validspatial,1700,0
244,63017,2,2,800,trial.doublecue,1700,0
244,63017,2,2,NaN,trial.nocue,1700,0
244,63017,1,2,NaN,trial.nocue,1700,0
244,63017,1,2,0,trial.doublecue,1700,0
244,63017,2,1,800,trial.invalid,1700,0
244,63017,1,2,0,trial.validspatial,1700,0
244,63017,1,1,0,trial.validspatial,1700,0
244,63017,2,1,0,trial.validspatial,1700,0
244,63017,1,1,400,trial.invalid,1700,0
244,63017,1,2,800,trial.doublecue,1700,0
244,63017,2,2,0,trial.validspatial,1700,0
244,63017,2,2,0,trial.invalid,1700,0
244,63017,1,1,0,trial.validspatial,1700,0
244,63017,1,1,400,trial.invalid,1700,0
244,63017,2,1,800,trial.validspatial,1700,0
244,63017,2,2,400,trial.doublecue,1700,0
244,63017,2,1,0,trial.doublecue,1700,0
244,63017,2,2,400,trial.validspatial,1700,0
244,63017,1,1,NaN,trial.nocue,1700,0
244,63017,2,1,0,trial.invalid,1700,0
244,63017,1,2,800,trial.validspatial,1700,0
244,63017,1,2,800,trial.doublecue,1700,0
244,63017,2,1,400,trial.validspatial,1700,0
244,63017,1,1,800,trial.validspatial,1700,0
244,63017,1,2,800,trial.validspatial,1700,0
244,63017,1,1,0,trial.validspatial,1700,0
244,63017,1,2,400,trial.validspatial,1700,0
244,63017,2,1,400,trial.invalid,1700,0
244,63017,2,1,0,trial.invalid,1700,0
244,63017,2,2,NaN,trial.nocue,1700,0
244,63017,1,1,800,trial.validspatial,1700,0
244,63017,2,2,400,trial.validspatial,1700,0
244,63017,2,1,NaN,trial.nocue,1700,0
244,63017,1,1,400,trial.validspatial,1700,0
244,63017,1,2,NaN,trial.nocue,1700,0
244,63017,1,2,0,trial.validspatial,1700,0
244,63017,1,2,800,trial.validspatial,1700,0
244,63017,1,1,0,trial.validspatial,1700,0
244,63017,1,1,400,trial.validspatial,1700,0
244,63017,1,1,0,trial.validspatial,1700,0
244,63017,1,2,0,trial.invalid,1700,0
244,63017,1,2,800,trial.validspatial,1700,0
244,63017,1,2,400,trial.validspatial,1700,0
244,63017,1,2,400,trial.doublecue,1700,0
244,63017,2,2,400,trial.validspatial,1700,0
244,63017,2,1,400,trial.doublecue,1700,0
244,63017,2,1,0,trial.validspatial,1700,0
244,63017,2,1,400,trial.validspatial,1700,0
244,63017,1,2,800,trial.validspatial,1700,0
244,63017,1,1,800,trial.invalid,1700,0
244,63017,2,1,400,trial.validspatial,1700,0
244,63017,2,1,800,trial.validspatial,1700,0
244,63017,2,2,0,trial.validspatial,1700,0
244,63017,1,2,0,trial.validspatial,1700,0
244,63017,1,1,400,trial.validspatial,1700,0
244,63017,1,1,NaN,trial.nocue,1700,0
244,63017,1,2,0,trial.validspatial,1700,0
244,63017,1,1,NaN,trial.nocue,1700,0
244,63017,2,2,0,trial.validspatial,1700,0
244,63017,2,1,800,trial.invalid,1700,0
244,63017,2,2,NaN,trial.nocue,1700,0
244,63017,1,2,400,trial.invalid,1700,0
244,63017,2,2,0,trial.doublecue,1700,0
244,63017,1,2,NaN,trial.nocue,1700,0
244,63017,1,1,400,trial.validspatial,1700,0
244,63017,1,1,800,trial.validspatial,1700,0
244,63017,2,1,NaN,trial.nocue,1700,0
244,63017,1,1,800,trial.doublecue,1700,0
244,63017,2,2,0,trial.doublecue,1700,0
244,63017,1,1,0,trial.invalid,1700,0
244,63017,1,1,0,trial.invalid,1700,0
244,63017,2,1,0,trial.validspatial,1700,0
244,63017,2,1,0,trial.validspatial,1700,0
244,63017,1,1,400,trial.doublecue,1700,0
244,63017,2,2,800,trial.validspatial,1700,0
244,63017,2,2,800,trial.validspatial,1700,0
244,63017,2,2,0,trial.validspatial,1700,0
244,63017,1,2,400,trial.validspatial,1700,0
244,63017,2,2,800,trial.invalid,1700,0
244,63017,1,2,0,trial.invalid,1700,0
244,63017,2,1,400,trial.validspatial,1690,0
244,63017,2,1,400,trial.validspatial,113,0
244,63017,2,1,NaN,trial.nocue,487,0
244,63017,2,2,NaN,trial.nocue,402,0
244,63017,2,1,NaN,trial.nocue,424,1
244,63017,1,1,800,trial.validspatial,486,1
244,63017,1,1,NaN,trial.nocue,425,1
244,63017,2,1,800,trial.doublecue,337,0
244,63017,2,2,NaN,trial.nocue,250,1
244,63017,1,2,400,trial.validspatial,45,0
244,63017,1,1,400,trial.doublecue,128,0
244,63017,2,2,400,trial.invalid,36,0
244,63017,1,1,NaN,trial.nocue,284,0
244,63017,2,1,800,trial.validspatial,64,1
244,63017,2,2,0,trial.validspatial,33,1
244,63017,2,1,800,trial.doublecue,41,1
244,63017,2,1,400,trial.validspatial,881,1
244,63017,2,2,400,trial.validspatial,1455,1
244,63017,2,1,0,trial.doublecue,1700,0
244,63017,2,2,400,trial.validspatial,6,0
244,63017,2,2,400,trial.invalid,44,1
244,63017,2,2,800,trial.doublecue,456,0
244,63017,1,2,400,trial.doublecue,106,0
244,63017,1,2,0,trial.validspatial,66,1
244,63017,1,2,NaN,trial.nocue,7,0
244,63017,1,1,800,trial.invalid,74,1
244,63017,2,2,800,trial.validspatial,85,0
244,63017,2,1,800,trial.validspatial,130,0
244,63017,2,1,0,trial.validspatial,99,1
244,63017,2,2,NaN,trial.nocue,147,1
244,63017,2,2,800,trial.validspatial,42,1
244,63017,1,1,400,trial.validspatial,14,0
244,63017,1,2,800,trial.invalid,115,0
244,63017,2,2,0,trial.validspatial,139,0
244,63017,2,2,800,trial.validspatial,14,0
244,63017,1,1,800,trial.validspatial,20,0
244,63017,2,1,NaN,trial.nocue,161,1
244,63017,1,2,NaN,trial.nocue,50,0
244,63017,1,2,800,trial.validspatial,1700,0
244,63017,1,2,0,trial.validspatial,1700,0
244,63017,2,2,0,trial.invalid,1700,0
244,63017,1,1,NaN,trial.nocue,1700,0
244,63017,2,2,800,trial.validspatial,1700,0
244,63017,2,1,800,trial.validspatial,1700,0
244,63017,2,1,0,trial.validspatial,1700,0
244,63017,1,1,800,trial.doublecue,1700,0
244,63017,2,2,800,trial.invalid,1700,0
244,63017,1,2,400,trial.validspatial,1700,0
244,63017,2,1,800,trial.validspatial,1700,0
244,63017,1,2,400,trial.invalid,1700,0
244,63017,1,1,800,trial.validspatial,1700,0
244,63017,2,2,400,trial.doublecue,1700,0
244,63017,1,1,0,trial.validspatial,128,0
244,63017,2,1,NaN,trial.nocue,0,0
244,63017,2,1,400,trial.invalid,92,0
244,63017,1,2,800,trial.invalid,53,0
244,63017,1,2,0,trial.doublecue,103,1
244,63017,1,1,400,trial.validspatial,60,1
244,63017,1,2,400,trial.validspatial,110,0
244,63017,1,1,0,trial.doublecue,137,0
244,63017,1,1,0,trial.doublecue,69,1
244,63017,1,2,NaN,trial.nocue,78,0
244,63017,2,1,400,trial.doublecue,41,1
244,63017,2,2,400,trial.validspatial,113,0
244,63017,2,2,800,trial.doublecue,38,0
244,63017,2,2,NaN,trial.nocue,115,1
244,63017,1,2,NaN,trial.nocue,104,1
244,63017,1,2,0,trial.doublecue,10,0
244,63017,2,1,800,trial.invalid,58,0
244,63017,1,2,0,trial.validspatial,12,0
244,63017,1,1,0,trial.validspatial,106,1
244,63017,2,1,0,trial.validspatial,15,1
244,63017,1,1,400,trial.invalid,83,0
244,63017,1,2,800,trial.doublecue,11,0
244,63017,2,2,0,trial.validspatial,72,0
244,63017,2,2,0,trial.invalid,71,1
244,63017,1,1,0,trial.validspatial,70,1
244,63017,1,1,400,trial.invalid,148,1
244,63017,2,1,800,trial.validspatial,23,1
244,63017,2,2,400,trial.doublecue,85,0
244,63017,2,1,0,trial.doublecue,31,0
244,63017,2,2,400,trial.validspatial,39,0
244,63017,1,1,NaN,trial.nocue,20,0
244,63017,2,1,0,trial.invalid,26,0
244,63017,1,2,800,trial.validspatial,115,1
244,63017,1,2,800,trial.doublecue,72,1
244,63017,2,1,400,trial.validspatial,47,1
244,63017,1,1,800,trial.validspatial,96,0
244,63017,1,2,800,trial.validspatial,57,1
244,63017,1,1,0,trial.validspatial,43,0
244,63017,1,2,400,trial.validspatial,40,1
244,63017,2,1,400,trial.invalid,143,0
244,63017,2,1,0,trial.invalid,4,0
244,63017,2,2,NaN,trial.nocue,72,0
244,63017,1,1,800,trial.validspatial,84,0
244,63017,2,2,400,trial.validspatial,80,0
244,63017,2,1,NaN,trial.nocue,32,1
244,63017,1,1,400,trial.validspatial,75,1
244,63017,1,2,NaN,trial.nocue,75,1
244,63017,1,2,0,trial.validspatial,118,0
244,63017,1,2,800,trial.validspatial,40,1
244,63017,1,1,0,trial.validspatial,140,1
244,63017,1,1,400,trial.validspatial,109,0
