subject,date,location_congruence_val,flanker_congruence_val,cue_target_interval,cue_condition,latency,values.correct
262,80717,1,1,0,trial.validspatial,965,1
262,80717,1,2,0,trial.invalid,702,0
262,80717,1,2,800,trial.validspatial,835,1
262,80717,1,2,400,trial.validspatial,704,1
262,80717,1,2,400,trial.doublecue,930,1
262,80717,2,2,400,trial.validspatial,674,1
262,80717,2,1,400,trial.doublecue,679,1
262,80717,2,1,0,trial.validspatial,725,1
262,80717,2,1,400,trial.validspatial,509,1
262,80717,1,2,800,trial.validspatial,530,1
262,80717,1,1,800,trial.invalid,688,1
262,80717,2,1,400,trial.validspatial,621,1
262,80717,2,1,800,trial.validspatial,683,1
262,80717,2,2,0,trial.validspatial,661,1
262,80717,1,2,0,trial.validspatial,827,1
262,80717,1,1,400,trial.validspatial,617,1
262,80717,1,1,NaN,trial.nocue,655,1
262,80717,1,2,0,trial.validspatial,596,0
262,80717,1,1,NaN,trial.nocue,655,1
262,80717,2,2,0,trial.validspatial,590,0
262,80717,2,1,800,trial.invalid,626,1
262,80717,2,2,NaN,trial.nocue,635,1
262,80717,1,2,400,trial.invalid,697,0
262,80717,2,2,0,trial.doublecue,748,1
262,80717,1,2,NaN,trial.nocue,644,0
262,80717,1,1,400,trial.validspatial,513,1
262,80717,1,1,800,trial.validspatial,604,1
262,80717,2,1,NaN,trial.nocue,627,1
262,80717,1,1,800,trial.doublecue,670,1
262,80717,2,2,0,trial.doublecue,761,1
262,80717,1,1,0,trial.invalid,722,1
262,80717,1,1,0,trial.invalid,603,1
262,80717,2,1,0,trial.validspatial,632,1
262,80717,2,1,0,trial.validspatial,592,1
262,80717,1,1,400,trial.doublecue,539,1
262,80717,2,2,800,trial.validspatial,571,1
262,80717,2,2,800,trial.validspatial,550,1
262,80717,2,2,0,trial.validspatial,715,1
262,80717,1,2,400,trial.validspatial,568,0
262,80717,2,2,800,trial.invalid,716,1
262,80717,1,2,0,trial.invalid,743,0
262,80717,2,1,400,trial.validspatial,533,1
262,80717,2,1,400,trial.validspatial,535,1
262,80717,2,1,NaN,trial.nocue,682,1
262,80717,2,2,NaN,trial.nocue,693,0
262,80717,2,1,NaN,trial.nocue,635,1
262,80717,1,1,800,trial.validspatial,534,1
262,80717,1,1,NaN,trial.nocue,621,1
262,80717,2,1,800,trial.doublecue,545,1
262,80717,2,2,NaN,trial.nocue,808,1
262,80717,1,2,400,trial.validspatial,671,1
262,80717,1,1,400,trial.doublecue,641,1
262,80717,2,2,400,trial.invalid,570,0
262,80717,1,1,NaN,trial.nocue,662,1
262,80717,2,1,800,trial.validspatial,504,1
262,80717,2,2,0,trial.validspatial,722,1
262,80717,2,1,800,trial.doublecue,583,1
262,80717,2,1,400,trial.validspatial,560,1
262,80717,2,2,400,trial.validspatial,518,1
262,80717,2,1,0,trial.doublecue,631,1
262,80717,2,2,400,trial.validspatial,484,0
262,80717,2,2,400,trial.invalid,743,1
262,80717,2,2,800,trial.doublecue,673,1
262,80717,1,2,400,trial.doublecue,697,1
262,80717,1,2,0,trial.validspatial,886,1
262,80717,1,2,NaN,trial.nocue,848,1
262,80717,1,1,800,trial.invalid,675,1
262,80717,2,2,800,trial.validspatial,602,0
262,80717,2,1,800,trial.validspatial,590,1
262,80717,2,1,0,trial.validspatial,771,1
262,80717,2,2,NaN,trial.nocue,843,1
262,80717,2,2,800,trial.validspatial,657,1
262,80717,1,1,400,trial.validspatial,531,1
262,80717,1,2,800,trial.invalid,830,1
262,80717,2,2,0,trial.validspatial,659,1
262,80717,2,2,800,trial.validspatial,803,1
262,80717,1,1,800,trial.validspatial,665,1
262,80717,2,1,NaN,trial.nocue,604,1
262,80717,1,2,NaN,trial.nocue,668,1
262,80717,1,2,800,trial.validspatial,725,1
262,80717,1,2,0,trial.validspatial,749,1
262,80717,2,2,0,trial.invalid,820,1
262,80717,1,1,NaN,trial.nocue,770,1
262,80717,2,2,800,trial.validspatial,579,1
262,80717,2,1,800,trial.validspatial,549,1
262,80717,2,1,0,trial.validspatial,635,1
262,80717,1,1,800,trial.doublecue,552,1
262,80717,2,2,800,trial.invalid,554,0
262,80717,1,2,400,trial.validspatial,818,1
262,80717,2,1,800,trial.validspatial,529,1
262,80717,1,2,400,trial.invalid,717,0
262,80717,1,1,800,trial.validspatial,536,1
262,80717,2,2,400,trial.doublecue,673,1
262,80717,1,1,0,trial.validspatial,749,1
262,80717,2,1,NaN,trial.nocue,668,1
262,80717,2,1,400,trial.invalid,734,1
262,80717,1,2,800,trial.invalid,772,1
262,80717,1,2,0,trial.doublecue,718,1
262,80717,1,1,400,trial.validspatial,513,1
262,80717,1,2,400,trial.validspatial,606,0
262,80717,1,1,0,trial.doublecue,628,1
262,80717,1,1,0,trial.doublecue,654,1
262,80717,1,2,NaN,trial.nocue,802,1
262,80717,2,1,400,trial.doublecue,654,1
262,80717,2,2,400,trial.validspatial,650,1
262,80717,2,2,800,trial.doublecue,755,0
262,80717,2,2,NaN,trial.nocue,904,0
262,80717,1,2,NaN,trial.nocue,752,1
262,80717,1,2,0,trial.doublecue,797,1
262,80717,2,1,800,trial.invalid,673,1
262,80717,1,2,0,trial.validspatial,791,1
262,80717,1,1,0,trial.validspatial,699,1
262,80717,2,1,0,trial.validspatial,791,1
262,80717,1,1,400,trial.invalid,685,1
262,80717,1,2,800,trial.doublecue,745,1
262,80717,2,2,0,trial.validspatial,983,1
262,80717,2,2,0,trial.invalid,732,1
262,80717,1,1,0,trial.validspatial,639,1
262,80717,1,1,400,trial.invalid,652,1
262,80717,2,1,800,trial.validspatial,595,1
262,80717,2,2,400,trial.doublecue,643,1
262,80717,2,1,0,trial.doublecue,705,1
262,80717,2,2,400,trial.validspatial,808,1
262,80717,1,1,NaN,trial.nocue,618,1
262,80717,2,1,0,trial.invalid,691,1
262,80717,1,2,800,trial.validspatial,716,1
262,80717,1,2,800,trial.doublecue,749,1
262,80717,2,1,400,trial.validspatial,626,1
262,80717,1,1,800,trial.validspatial,562,1
262,80717,1,2,800,trial.validspatial,594,1
262,80717,1,1,0,trial.validspatial,669,1
262,80717,1,2,400,trial.validspatial,699,1
262,80717,2,1,400,trial.invalid,673,1
262,80717,2,1,0,trial.invalid,640,1
262,80717,2,2,NaN,trial.nocue,876,1
262,80717,1,1,800,trial.validspatial,549,1
262,80717,2,2,400,trial.validspatial,549,0
262,80717,2,1,NaN,trial.nocue,737,1
262,80717,1,1,400,trial.validspatial,554,1
262,80717,1,2,NaN,trial.nocue,904,1
262,80717,1,2,0,trial.validspatial,723,1
262,80717,1,2,800,trial.validspatial,580,1
262,80717,1,1,0,trial.validspatial,771,1
262,80717,1,1,400,trial.validspatial,577,1
262,80717,1,1,0,trial.validspatial,644,1
262,80717,1,2,0,trial.invalid,687,0
262,80717,1,2,800,trial.validspatial,817,1
262,80717,1,2,400,trial.validspatial,673,1
262,80717,1,2,400,trial.doublecue,723,1
262,80717,2,2,400,trial.validspatial,707,1
262,80717,2,1,400,trial.doublecue,632,1
262,80717,2,1,0,trial.validspatial,651,1
262,80717,2,1,400,trial.validspatial,521,1
262,80717,1,2,800,trial.validspatial,694,1
262,80717,1,1,800,trial.invalid,720,1
262,80717,2,1,400,trial.validspatial,573,1
262,80717,2,1,800,trial.validspatial,574,1
262,80717,2,2,0,trial.validspatial,809,1
262,80717,1,2,0,trial.validspatial,699,1
262,80717,1,1,400,trial.validspatial,558,1
262,80717,1,1,NaN,trial.nocue,674,1
262,80717,1,2,0,trial.validspatial,794,0
262,80717,1,1,NaN,trial.nocue,673,1
262,80717,2,2,0,trial.validspatial,704,1
262,80717,2,1,800,trial.invalid,641,1
262,80717,2,2,NaN,trial.nocue,894,1
262,80717,1,2,400,trial.invalid,779,1
262,80717,2,2,0,trial.doublecue,978,1
262,80717,1,2,NaN,trial.nocue,631,0
262,80717,1,1,400,trial.validspatial,540,1
262,80717,1,1,800,trial.validspatial,551,1
262,80717,2,1,NaN,trial.nocue,609,1
262,80717,1,1,800,trial.doublecue,649,1
262,80717,2,2,0,trial.doublecue,604,0
262,80717,1,1,0,trial.invalid,610,1
262,80717,1,1,0,trial.invalid,588,1
262,80717,2,1,0,trial.validspatial,601,1
262,80717,2,1,0,trial.validspatial,598,1
262,80717,1,1,400,trial.doublecue,613,1
262,80717,2,2,800,trial.validspatial,579,1
262,80717,2,2,800,trial.validspatial,613,1
262,80717,2,2,0,trial.validspatial,815,1
262,80717,1,2,400,trial.validspatial,571,0
262,80717,2,2,800,trial.invalid,923,1
262,80717,1,2,0,trial.invalid,678,1
262,80717,2,1,400,trial.validspatial,686,1
262,80717,2,1,400,trial.validspatial,519,1
262,80717,2,1,NaN,trial.nocue,698,1
262,80717,2,2,NaN,trial.nocue,714,1
262,80717,2,1,NaN,trial.nocue,648,1
262,80717,1,1,800,trial.validspatial,511,1
262,80717,1,1,NaN,trial.nocue,535,1
262,80717,2,1,800,trial.doublecue,559,1
262,80717,2,2,NaN,trial.nocue,733,1
262,80717,1,2,400,trial.validspatial,607,1
262,80717,1,1,400,trial.doublecue,622,1
262,80717,2,2,400,trial.invalid,762,1
262,80717,1,1,NaN,trial.nocue,689,1
262,80717,2,1,800,trial.validspatial,555,1
262,80717,2,2,0,trial.validspatial,774,1
262,80717,2,1,800,trial.doublecue,664,1
262,80717,2,1,400,trial.validspatial,574,1
262,80717,2,2,400,trial.validspatial,582,1
262,80717,2,1,0,trial.doublecue,669,1
262,80717,2,2,400,trial.validspatial,702,0
262,80717,2,2,400,trial.invalid,970,1
262,80717,2,2,800,trial.doublecue,652,1
262,80717,1,2,400,trial.doublecue,719,1
262,80717,1,2,0,trial.validspatial,859,1
262,80717,1,2,NaN,trial.nocue,761,1
262,80717,1,1,800,trial.invalid,677,1
262,80717,2,2,800,trial.validspatial,535,0
262,80717,2,1,800,trial.validspatial,572,1
262,80717,2,1,0,trial.validspatial,640,1
262,80717,2,2,NaN,trial.nocue,756,1
262,80717,2,2,800,trial.validspatial,597,1
262,80717,1,1,400,trial.validspatial,1700,0
262,80717,1,2,800,trial.invalid,564,1
262,80717,2,2,0,trial.validspatial,668,0
262,80717,2,2,800,trial.validspatial,765,1
262,80717,1,1,800,trial.validspatial,658,1
262,80717,2,1,NaN,trial.nocue,745,1
262,80717,1,2,NaN,trial.nocue,768,1
262,80717,1,2,800,trial.validspatial,677,1
262,80717,1,2,0,trial.validspatial,685,1
262,80717,2,2,0,trial.invalid,560,1
262,80717,1,1,NaN,trial.nocue,561,1
262,80717,2,2,800,trial.validspatial,711,1
262,80717,2,1,800,trial.validspatial,579,1
262,80717,2,1,0,trial.validspatial,558,1
262,80717,1,1,800,trial.doublecue,681,1
262,80717,2,2,800,trial.invalid,795,1
262,80717,1,2,400,trial.validspatial,629,1
262,80717,2,1,800,trial.validspatial,632,1
262,80717,1,2,400,trial.invalid,685,0
262,80717,1,1,800,trial.validspatial,648,1
262,80717,2,2,400,trial.doublecue,762,1
262,80717,1,1,0,trial.validspatial,666,1
262,80717,2,1,NaN,trial.nocue,690,1
262,80717,2,1,400,trial.invalid,832,1
262,80717,1,2,800,trial.invalid,752,1
262,80717,1,2,0,trial.doublecue,760,1
262,80717,1,1,400,trial.validspatial,576,1
262,80717,1,2,400,trial.validspatial,542,1
262,80717,1,1,0,trial.doublecue,589,1
262,80717,1,1,0,trial.doublecue,752,1
262,80717,1,2,NaN,trial.nocue,663,0
262,80717,2,1,400,trial.doublecue,692,1
262,80717,2,2,400,trial.validspatial,628,1
262,80717,2,2,800,trial.doublecue,706,1
262,80717,2,2,NaN,trial.nocue,637,1
262,80717,1,2,NaN,trial.nocue,594,1
262,80717,1,2,0,trial.doublecue,702,1
262,80717,2,1,800,trial.invalid,644,1
262,80717,1,2,0,trial.validspatial,718,1
262,80717,1,1,0,trial.validspatial,572,1
262,80717,2,1,0,trial.validspatial,620,0
262,80717,1,1,400,trial.invalid,911,1
262,80717,1,2,800,trial.doublecue,564,1
262,80717,2,2,0,trial.validspatial,537,1
262,80717,2,2,0,trial.invalid,616,1
262,80717,1,1,0,trial.validspatial,825,0
262,80717,1,1,400,trial.invalid,568,1
262,80717,2,1,800,trial.validspatial,551,1
262,80717,2,2,400,trial.doublecue,555,1
262,80717,2,1,0,trial.doublecue,563,1
262,80717,2,2,400,trial.validspatial,694,1
262,80717,1,1,NaN,trial.nocue,588,1
262,80717,2,1,0,trial.invalid,627,1
262,80717,1,2,800,trial.validspatial,708,1
262,80717,1,2,800,trial.doublecue,636,1
262,80717,2,1,400,trial.validspatial,537,1
262,80717,1,1,800,trial.validspatial,732,1
262,80717,1,2,800,trial.validspatial,640,1
262,80717,1,1,0,trial.validspatial,574,1
262,80717,1,2,400,trial.validspatial,552,1
262,80717,2,1,400,trial.invalid,697,1
262,80717,2,1,0,trial.invalid,612,0
262,80717,2,2,NaN,trial.nocue,820,1
262,80717,1,1,800,trial.validspatial,593,1
262,80717,2,2,400,trial.validspatial,697,1
262,80717,2,1,NaN,trial.nocue,838,1
262,80717,1,1,400,trial.validspatial,931,1
262,80717,1,2,NaN,trial.nocue,633,1
262,80717,1,2,0,trial.validspatial,754,1
262,80717,1,2,800,trial.validspatial,698,1
262,80717,1,1,0,trial.validspatial,698,1
262,80717,1,1,400,trial.validspatial,799,1
