subject,date,location_congruence_val,flanker_congruence_val,cue_target_interval,cue_condition,latency,values.correct
25,61317,1,1,0,trial.validspatial,996,1
25,61317,1,2,0,trial.invalid,788,0
25,61317,1,2,800,trial.validspatial,1188,1
25,61317,1,2,400,trial.validspatial,829,1
25,61317,1,2,400,trial.doublecue,842,1
25,61317,2,2,400,trial.validspatial,759,1
25,61317,2,1,400,trial.doublecue,875,1
25,61317,2,1,0,trial.validspatial,1108,1
25,61317,2,1,400,trial.validspatial,518,1
25,61317,1,2,800,trial.validspatial,840,1
25,61317,1,1,800,trial.invalid,790,1
25,61317,2,1,400,trial.validspatial,493,1
25,61317,2,1,800,trial.validspatial,379,1
25,61317,2,2,0,trial.validspatial,909,1
25,61317,1,2,0,trial.validspatial,699,1
25,61317,1,1,400,trial.validspatial,480,1
25,61317,1,1,NaN,trial.nocue,699,1
25,61317,1,2,0,trial.validspatial,592,1
25,61317,1,1,NaN,trial.nocue,616,1
25,61317,2,2,0,trial.validspatial,304,0
25,61317,2,1,800,trial.invalid,769,1
25,61317,2,2,NaN,trial.nocue,732,1
25,61317,1,2,400,trial.invalid,721,1
25,61317,2,2,0,trial.doublecue,529,1
25,61317,1,2,NaN,trial.nocue,1024,1
25,61317,1,1,400,trial.validspatial,471,1
25,61317,1,1,800,trial.validspatial,477,1
25,61317,2,1,NaN,trial.nocue,692,1
25,61317,1,1,800,trial.doublecue,498,1
25,61317,2,2,0,trial.doublecue,877,1
25,61317,1,1,0,trial.invalid,593,1
25,61317,1,1,0,trial.invalid,481,1
25,61317,2,1,0,trial.validspatial,555,1
25,61317,2,1,0,trial.validspatial,543,1
25,61317,1,1,400,trial.doublecue,545,1
25,61317,2,2,800,trial.validspatial,703,1
25,61317,2,2,800,trial.validspatial,516,1
25,61317,2,2,0,trial.validspatial,522,1
25,61317,1,2,400,trial.validspatial,552,1
25,61317,2,2,800,trial.invalid,999,1
25,61317,1,2,0,trial.invalid,752,1
25,61317,2,1,400,trial.validspatial,661,1
25,61317,2,1,400,trial.validspatial,420,1
25,61317,2,1,NaN,trial.nocue,647,1
25,61317,2,2,NaN,trial.nocue,848,1
25,61317,2,1,NaN,trial.nocue,435,1
25,61317,1,1,800,trial.validspatial,435,1
25,61317,1,1,NaN,trial.nocue,646,1
25,61317,2,1,800,trial.doublecue,590,1
25,61317,2,2,NaN,trial.nocue,753,1
25,61317,1,2,400,trial.validspatial,603,1
25,61317,1,1,400,trial.doublecue,761,1
25,61317,2,2,400,trial.invalid,558,0
25,61317,1,1,NaN,trial.nocue,489,1
25,61317,2,1,800,trial.validspatial,498,1
25,61317,2,2,0,trial.validspatial,575,1
25,61317,2,1,800,trial.doublecue,747,1
25,61317,2,1,400,trial.validspatial,494,1
25,61317,2,2,400,trial.validspatial,703,1
25,61317,2,1,0,trial.doublecue,719,1
25,61317,2,2,400,trial.validspatial,631,1
25,61317,2,2,400,trial.invalid,752,1
25,61317,2,2,800,trial.doublecue,924,1
25,61317,1,2,400,trial.doublecue,906,1
25,61317,1,2,0,trial.validspatial,692,1
25,61317,1,2,NaN,trial.nocue,789,1
25,61317,1,1,800,trial.invalid,635,1
25,61317,2,2,800,trial.validspatial,650,1
25,61317,2,1,800,trial.validspatial,454,1
25,61317,2,1,0,trial.validspatial,734,1
25,61317,2,2,NaN,trial.nocue,755,1
25,61317,2,2,800,trial.validspatial,495,1
25,61317,1,1,400,trial.validspatial,492,1
25,61317,1,2,800,trial.invalid,929,1
25,61317,2,2,0,trial.validspatial,939,1
25,61317,2,2,800,trial.validspatial,698,1
25,61317,1,1,800,trial.validspatial,486,1
25,61317,2,1,NaN,trial.nocue,632,1
25,61317,1,2,NaN,trial.nocue,935,1
25,61317,1,2,800,trial.validspatial,586,1
25,61317,1,2,0,trial.validspatial,611,1
25,61317,2,2,0,trial.invalid,853,1
25,61317,1,1,NaN,trial.nocue,775,1
25,61317,2,2,800,trial.validspatial,648,1
25,61317,2,1,800,trial.validspatial,656,1
25,61317,2,1,0,trial.validspatial,475,1
25,61317,1,1,800,trial.doublecue,536,1
25,61317,2,2,800,trial.invalid,937,1
25,61317,1,2,400,trial.validspatial,616,1
25,61317,2,1,800,trial.validspatial,451,1
25,61317,1,2,400,trial.invalid,1269,1
25,61317,1,1,800,trial.validspatial,487,1
25,61317,2,2,400,trial.doublecue,889,1
25,61317,1,1,0,trial.validspatial,627,1
25,61317,2,1,NaN,trial.nocue,618,1
25,61317,2,1,400,trial.invalid,701,1
25,61317,1,2,800,trial.invalid,808,1
25,61317,1,2,0,trial.doublecue,1009,1
25,61317,1,1,400,trial.validspatial,511,1
25,61317,1,2,400,trial.validspatial,638,1
25,61317,1,1,0,trial.doublecue,833,1
25,61317,1,1,0,trial.doublecue,548,1
25,61317,1,2,NaN,trial.nocue,649,1
25,61317,2,1,400,trial.doublecue,524,1
25,61317,2,2,400,trial.validspatial,578,1
25,61317,2,2,800,trial.doublecue,580,1
25,61317,2,2,NaN,trial.nocue,825,1
25,61317,1,2,NaN,trial.nocue,706,1
25,61317,1,2,0,trial.doublecue,745,1
25,61317,2,1,800,trial.invalid,689,1
25,61317,1,2,0,trial.validspatial,762,1
25,61317,1,1,0,trial.validspatial,431,1
25,61317,2,1,0,trial.validspatial,654,1
25,61317,1,1,400,trial.invalid,528,1
25,61317,1,2,800,trial.doublecue,710,1
25,61317,2,2,0,trial.validspatial,751,1
25,61317,2,2,0,trial.invalid,763,1
25,61317,1,1,0,trial.validspatial,708,1
25,61317,1,1,400,trial.invalid,767,1
25,61317,2,1,800,trial.validspatial,484,1
25,61317,2,2,400,trial.doublecue,583,1
25,61317,2,1,0,trial.doublecue,581,1
25,61317,2,2,400,trial.validspatial,487,1
25,61317,1,1,NaN,trial.nocue,458,1
25,61317,2,1,0,trial.invalid,489,1
25,61317,1,2,800,trial.validspatial,525,1
25,61317,1,2,800,trial.doublecue,750,1
25,61317,2,1,400,trial.validspatial,450,1
25,61317,1,1,800,trial.validspatial,426,1
25,61317,1,2,800,trial.validspatial,529,1
25,61317,1,1,0,trial.validspatial,453,1
25,61317,1,2,400,trial.validspatial,380,1
25,61317,2,1,400,trial.invalid,672,1
25,61317,2,1,0,trial.invalid,589,1
25,61317,2,2,NaN,trial.nocue,678,1
25,61317,1,1,800,trial.validspatial,453,1
25,61317,2,2,400,trial.validspatial,515,1
25,61317,2,1,NaN,trial.nocue,710,1
25,61317,1,1,400,trial.validspatial,576,1
25,61317,1,2,NaN,trial.nocue,644,1
25,61317,1,2,0,trial.validspatial,674,1
25,61317,1,2,800,trial.validspatial,450,1
25,61317,1,1,0,trial.validspatial,517,1
25,61317,1,1,400,trial.validspatial,392,1
25,61317,1,1,0,trial.validspatial,1700,0
25,61317,1,2,0,trial.invalid,1700,0
25,61317,1,2,800,trial.validspatial,1700,0
25,61317,1,2,400,trial.validspatial,1700,0
25,61317,1,2,400,trial.doublecue,1700,0
25,61317,2,2,400,trial.validspatial,1700,0
25,61317,2,1,400,trial.doublecue,1700,0
25,61317,2,1,0,trial.validspatial,1700,0
25,61317,2,1,400,trial.validspatial,1700,0
25,61317,1,2,800,trial.validspatial,1700,0
25,61317,1,1,800,trial.invalid,1700,0
25,61317,2,1,400,trial.validspatial,1700,0
25,61317,2,1,800,trial.validspatial,1700,0
25,61317,2,2,0,trial.validspatial,1700,0
25,61317,1,2,0,trial.validspatial,1700,0
25,61317,1,1,400,trial.validspatial,1700,0
25,61317,1,1,NaN,trial.nocue,1700,0
25,61317,1,2,0,trial.validspatial,1700,0
25,61317,1,1,NaN,trial.nocue,1700,0
25,61317,2,2,0,trial.validspatial,1700,0
25,61317,2,1,800,trial.invalid,1700,0
25,61317,2,2,NaN,trial.nocue,1700,0
25,61317,1,2,400,trial.invalid,1700,0
25,61317,2,2,0,trial.doublecue,1700,0
25,61317,1,2,NaN,trial.nocue,1700,0
25,61317,1,1,400,trial.validspatial,1700,0
25,61317,1,1,800,trial.validspatial,1700,0
25,61317,2,1,NaN,trial.nocue,1700,0
25,61317,1,1,800,trial.doublecue,1700,0
25,61317,2,2,0,trial.doublecue,1700,0
25,61317,1,1,0,trial.invalid,1700,0
25,61317,1,1,0,trial.invalid,1700,0
25,61317,2,1,0,trial.validspatial,1700,0
25,61317,2,1,0,trial.validspatial,1700,0
25,61317,1,1,400,trial.doublecue,1700,0
25,61317,2,2,800,trial.validspatial,1700,0
25,61317,2,2,800,trial.validspatial,1700,0
25,61317,2,2,0,trial.validspatial,1700,0
25,61317,1,2,400,trial.validspatial,1700,0
25,61317,2,2,800,trial.invalid,1700,0
25,61317,1,2,0,trial.invalid,1700,0
25,61317,2,1,400,trial.validspatial,1700,0
25,61317,2,1,400,trial.validspatial,1700,0
25,61317,2,1,NaN,trial.nocue,1700,0
25,61317,2,2,NaN,trial.nocue,1700,0
25,61317,2,1,NaN,trial.nocue,1700,0
25,61317,1,1,800,trial.validspatial,1700,0
25,61317,1,1,NaN,trial.nocue,1700,0
25,61317,2,1,800,trial.doublecue,1700,0
25,61317,2,2,NaN,trial.nocue,1700,0
25,61317,1,2,400,trial.validspatial,1700,0
25,61317,1,1,400,trial.doublecue,1700,0
25,61317,2,2,400,trial.invalid,1700,0
25,61317,1,1,NaN,trial.nocue,1700,0
25,61317,2,1,800,trial.validspatial,1700,0
25,61317,2,2,0,trial.validspatial,1700,0
25,61317,2,1,800,trial.doublecue,1700,0
25,61317,2,1,400,trial.validspatial,1700,0
25,61317,2,2,400,trial.validspatial,1700,0
25,61317,2,1,0,trial.doublecue,1700,0
25,61317,2,2,400,trial.validspatial,1700,0
25,61317,2,2,400,trial.invalid,1700,0
25,61317,2,2,800,trial.doublecue,1700,0
25,61317,1,2,400,trial.doublecue,1700,0
25,61317,1,2,0,trial.validspatial,1700,0
25,61317,1,2,NaN,trial.nocue,1700,0
25,61317,1,1,800,trial.invalid,1700,0
25,61317,2,2,800,trial.validspatial,1700,0
25,61317,2,1,800,trial.validspatial,1700,0
25,61317,2,1,0,trial.validspatial,1700,0
25,61317,2,2,NaN,trial.nocue,1700,0
25,61317,2,2,800,trial.validspatial,1700,0
25,61317,1,1,400,trial.validspatial,1700,0
25,61317,1,2,800,trial.invalid,1700,0
25,61317,2,2,0,trial.validspatial,1700,0
25,61317,2,2,800,trial.validspatial,1700,0
25,61317,1,1,800,trial.validspatial,1700,0
25,61317,2,1,NaN,trial.nocue,1700,0
25,61317,1,2,NaN,trial.nocue,1700,0
25,61317,1,2,800,trial.validspatial,1700,0
25,61317,1,2,0,trial.validspatial,1700,0
25,61317,2,2,0,trial.invalid,1700,0
25,61317,1,1,NaN,trial.nocue,1700,0
25,61317,2,2,800,trial.validspatial,1700,0
25,61317,2,1,800,trial.validspatial,1700,0
25,61317,2,1,0,trial.validspatial,1700,0
25,61317,1,1,800,trial.doublecue,1700,0
25,61317,2,2,800,trial.invalid,1700,0
25,61317,1,2,400,trial.validspatial,1700,0
25,61317,2,1,800,trial.validspatial,1700,0
25,61317,1,2,400,trial.invalid,1700,0
25,61317,1,1,800,trial.validspatial,1700,0
25,61317,2,2,400,trial.doublecue,1700,0
25,61317,1,1,0,trial.validspatial,1700,0
25,61317,2,1,NaN,trial.nocue,1700,0
25,61317,2,1,400,trial.invalid,1700,0
25,61317,1,2,800,trial.invalid,1700,0
25,61317,1,2,0,trial.doublecue,1700,0
25,61317,1,1,400,trial.validspatial,1700,0
25,61317,1,2,400,trial.validspatial,1700,0
25,61317,1,1,0,trial.doublecue,1700,0
25,61317,1,1,0,trial.doublecue,1700,0
25,61317,1,2,NaN,trial.nocue,1700,0
25,61317,2,1,400,trial.doublecue,1700,0
25,61317,2,2,400,trial.validspatial,1700,0
25,61317,2,2,800,trial.doublecue,1700,0
25,61317,2,2,NaN,trial.nocue,1700,0
25,61317,1,2,NaN,trial.nocue,1700,0
25,61317,1,2,0,trial.doublecue,1700,0
25,61317,2,1,800,trial.invalid,1700,0
25,61317,1,2,0,trial.validspatial,1700,0
25,61317,1,1,0,trial.validspatial,1700,0
25,61317,2,1,0,trial.validspatial,1700,0
25,61317,1,1,400,trial.invalid,1700,0
25,61317,1,2,800,trial.doublecue,1700,0
25,61317,2,2,0,trial.validspatial,1700,0
25,61317,2,2,0,trial.invalid,1700,0
25,61317,1,1,0,trial.validspatial,1700,0
25,61317,1,1,400,trial.invalid,1700,0
25,61317,2,1,800,trial.validspatial,1700,0
25,61317,2,2,400,trial.doublecue,1700,0
25,61317,2,1,0,trial.doublecue,1700,0
25,61317,2,2,400,trial.validspatial,1700,0
25,61317,1,1,NaN,trial.nocue,1700,0
25,61317,2,1,0,trial.invalid,1700,0
25,61317,1,2,800,trial.validspatial,1700,0
25,61317,1,2,800,trial.doublecue,1700,0
25,61317,2,1,400,trial.validspatial,1700,0
25,61317,1,1,800,trial.validspatial,1700,0
25,61317,1,2,800,trial.validspatial,1700,0
25,61317,1,1,0,trial.validspatial,1700,0
25,61317,1,2,400,trial.validspatial,1700,0
25,61317,2,1,400,trial.invalid,1700,0
25,61317,2,1,0,trial.invalid,1700,0
25,61317,2,2,NaN,trial.nocue,1700,0
25,61317,1,1,800,trial.validspatial,1700,0
25,61317,2,2,400,trial.validspatial,1700,0
25,61317,2,1,NaN,trial.nocue,1700,0
25,61317,1,1,400,trial.validspatial,1700,0
25,61317,1,2,NaN,trial.nocue,1700,0
25,61317,1,2,0,trial.validspatial,1700,0
25,61317,1,2,800,trial.validspatial,1700,0
25,61317,1,1,0,trial.validspatial,1700,0
25,61317,1,1,400,trial.validspatial,1700,0
