subject,date,location_congruence_val,flanker_congruence_val,cue_target_interval,cue_condition,latency,values.correct
257,80717,1,1,0,trial.validspatial,1522,1
257,80717,1,2,0,trial.invalid,759,0
257,80717,1,2,800,trial.validspatial,564,0
257,80717,1,2,400,trial.validspatial,187,1
257,80717,1,2,400,trial.doublecue,759,1
257,80717,2,2,400,trial.validspatial,5,0
257,80717,2,1,400,trial.doublecue,634,0
257,80717,2,1,0,trial.validspatial,996,0
257,80717,2,1,400,trial.validspatial,690,0
257,80717,1,2,800,trial.validspatial,592,1
257,80717,1,1,800,trial.invalid,454,1
257,80717,2,1,400,trial.validspatial,430,0
257,80717,2,1,800,trial.validspatial,1271,1
257,80717,2,2,0,trial.validspatial,1700,0
257,80717,1,2,0,trial.validspatial,583,1
257,80717,1,1,400,trial.validspatial,484,1
257,80717,1,1,NaN,trial.nocue,1700,0
257,80717,1,2,0,trial.validspatial,546,1
257,80717,1,1,NaN,trial.nocue,332,1
257,80717,2,2,0,trial.validspatial,384,0
257,80717,2,1,800,trial.invalid,456,0
257,80717,2,2,NaN,trial.nocue,1448,0
257,80717,1,2,400,trial.invalid,427,1
257,80717,2,2,0,trial.doublecue,611,0
257,80717,1,2,NaN,trial.nocue,552,1
257,80717,1,1,400,trial.validspatial,653,1
257,80717,1,1,800,trial.validspatial,440,1
257,80717,2,1,NaN,trial.nocue,500,0
257,80717,1,1,800,trial.doublecue,411,1
257,80717,2,2,0,trial.doublecue,631,0
257,80717,1,1,0,trial.invalid,649,1
257,80717,1,1,0,trial.invalid,502,1
257,80717,2,1,0,trial.validspatial,445,0
257,80717,2,1,0,trial.validspatial,455,0
257,80717,1,1,400,trial.doublecue,279,1
257,80717,2,2,800,trial.validspatial,415,0
257,80717,2,2,800,trial.validspatial,974,1
257,80717,2,2,0,trial.validspatial,773,1
257,80717,1,2,400,trial.validspatial,889,1
257,80717,2,2,800,trial.invalid,671,0
257,80717,1,2,0,trial.invalid,634,1
257,80717,2,1,400,trial.validspatial,1181,1
257,80717,2,1,400,trial.validspatial,553,1
257,80717,2,1,NaN,trial.nocue,713,1
257,80717,2,2,NaN,trial.nocue,808,1
257,80717,2,1,NaN,trial.nocue,474,1
257,80717,1,1,800,trial.validspatial,721,1
257,80717,1,1,NaN,trial.nocue,546,1
257,80717,2,1,800,trial.doublecue,567,1
257,80717,2,2,NaN,trial.nocue,748,1
257,80717,1,2,400,trial.validspatial,484,1
257,80717,1,1,400,trial.doublecue,534,1
257,80717,2,2,400,trial.invalid,1700,0
257,80717,1,1,NaN,trial.nocue,478,1
257,80717,2,1,800,trial.validspatial,388,1
257,80717,2,2,0,trial.validspatial,565,1
257,80717,2,1,800,trial.doublecue,633,1
257,80717,2,1,400,trial.validspatial,554,1
257,80717,2,2,400,trial.validspatial,616,1
257,80717,2,1,0,trial.doublecue,642,1
257,80717,2,2,400,trial.validspatial,632,1
257,80717,2,2,400,trial.invalid,1016,1
257,80717,2,2,800,trial.doublecue,729,1
257,80717,1,2,400,trial.doublecue,541,0
257,80717,1,2,0,trial.validspatial,931,1
257,80717,1,2,NaN,trial.nocue,689,1
257,80717,1,1,800,trial.invalid,553,1
257,80717,2,2,800,trial.validspatial,954,1
257,80717,2,1,800,trial.validspatial,736,1
257,80717,2,1,0,trial.validspatial,584,1
257,80717,2,2,NaN,trial.nocue,473,0
257,80717,2,2,800,trial.validspatial,646,1
257,80717,1,1,400,trial.validspatial,611,1
257,80717,1,2,800,trial.invalid,637,1
257,80717,2,2,0,trial.validspatial,530,1
257,80717,2,2,800,trial.validspatial,736,1
257,80717,1,1,800,trial.validspatial,569,1
257,80717,2,1,NaN,trial.nocue,647,1
257,80717,1,2,NaN,trial.nocue,927,1
257,80717,1,2,800,trial.validspatial,912,1
257,80717,1,2,0,trial.validspatial,728,1
257,80717,2,2,0,trial.invalid,645,1
257,80717,1,1,NaN,trial.nocue,720,1
257,80717,2,2,800,trial.validspatial,547,1
257,80717,2,1,800,trial.validspatial,517,1
257,80717,2,1,0,trial.validspatial,568,1
257,80717,1,1,800,trial.doublecue,591,1
257,80717,2,2,800,trial.invalid,483,0
257,80717,1,2,400,trial.validspatial,446,1
257,80717,2,1,800,trial.validspatial,610,1
257,80717,1,2,400,trial.invalid,531,0
257,80717,1,1,800,trial.validspatial,666,1
257,80717,2,2,400,trial.doublecue,623,1
257,80717,1,1,0,trial.validspatial,677,1
257,80717,2,1,NaN,trial.nocue,565,1
257,80717,2,1,400,trial.invalid,625,1
257,80717,1,2,800,trial.invalid,513,0
257,80717,1,2,0,trial.doublecue,1094,1
257,80717,1,1,400,trial.validspatial,371,1
257,80717,1,2,400,trial.validspatial,576,0
257,80717,1,1,0,trial.doublecue,687,1
257,80717,1,1,0,trial.doublecue,479,1
257,80717,1,2,NaN,trial.nocue,704,1
257,80717,2,1,400,trial.doublecue,552,1
257,80717,2,2,400,trial.validspatial,383,1
257,80717,2,2,800,trial.doublecue,612,1
257,80717,2,2,NaN,trial.nocue,533,1
257,80717,1,2,NaN,trial.nocue,491,0
257,80717,1,2,0,trial.doublecue,708,1
257,80717,2,1,800,trial.invalid,562,1
257,80717,1,2,0,trial.validspatial,545,1
257,80717,1,1,0,trial.validspatial,452,1
257,80717,2,1,0,trial.validspatial,502,1
257,80717,1,1,400,trial.invalid,553,1
257,80717,1,2,800,trial.doublecue,627,1
257,80717,2,2,0,trial.validspatial,571,1
257,80717,2,2,0,trial.invalid,506,0
257,80717,1,1,0,trial.validspatial,621,1
257,80717,1,1,400,trial.invalid,490,1
257,80717,2,1,800,trial.validspatial,436,1
257,80717,2,2,400,trial.doublecue,427,0
257,80717,2,1,0,trial.doublecue,645,1
257,80717,2,2,400,trial.validspatial,666,1
257,80717,1,1,NaN,trial.nocue,478,1
257,80717,2,1,0,trial.invalid,660,1
257,80717,1,2,800,trial.validspatial,509,1
257,80717,1,2,800,trial.doublecue,550,0
257,80717,2,1,400,trial.validspatial,440,1
257,80717,1,1,800,trial.validspatial,447,1
257,80717,1,2,800,trial.validspatial,603,1
257,80717,1,1,0,trial.validspatial,425,1
257,80717,1,2,400,trial.validspatial,587,1
257,80717,2,1,400,trial.invalid,637,0
257,80717,2,1,0,trial.invalid,1154,1
257,80717,2,2,NaN,trial.nocue,559,0
257,80717,1,1,800,trial.validspatial,434,1
257,80717,2,2,400,trial.validspatial,540,1
257,80717,2,1,NaN,trial.nocue,498,1
257,80717,1,1,400,trial.validspatial,577,1
257,80717,1,2,NaN,trial.nocue,736,1
257,80717,1,2,0,trial.validspatial,735,1
257,80717,1,2,800,trial.validspatial,511,1
257,80717,1,1,0,trial.validspatial,374,1
257,80717,1,1,400,trial.validspatial,508,1
257,80717,1,1,0,trial.validspatial,551,1
257,80717,1,2,0,trial.invalid,547,1
257,80717,1,2,800,trial.validspatial,518,0
257,80717,1,2,400,trial.validspatial,663,1
257,80717,1,2,400,trial.doublecue,1700,0
257,80717,2,2,400,trial.validspatial,568,1
257,80717,2,1,400,trial.doublecue,460,1
257,80717,2,1,0,trial.validspatial,592,1
257,80717,2,1,400,trial.validspatial,462,1
257,80717,1,2,800,trial.validspatial,647,1
257,80717,1,1,800,trial.invalid,499,1
257,80717,2,1,400,trial.validspatial,503,1
257,80717,2,1,800,trial.validspatial,442,1
257,80717,2,2,0,trial.validspatial,507,0
257,80717,1,2,0,trial.validspatial,1700,0
257,80717,1,1,400,trial.validspatial,1700,0
257,80717,1,1,NaN,trial.nocue,578,1
257,80717,1,2,0,trial.validspatial,567,1
257,80717,1,1,NaN,trial.nocue,537,1
257,80717,2,2,0,trial.validspatial,459,0
257,80717,2,1,800,trial.invalid,618,1
257,80717,2,2,NaN,trial.nocue,500,0
257,80717,1,2,400,trial.invalid,612,0
257,80717,2,2,0,trial.doublecue,686,1
257,80717,1,2,NaN,trial.nocue,614,1
257,80717,1,1,400,trial.validspatial,496,1
257,80717,1,1,800,trial.validspatial,474,1
257,80717,2,1,NaN,trial.nocue,600,1
257,80717,1,1,800,trial.doublecue,500,1
257,80717,2,2,0,trial.doublecue,528,0
257,80717,1,1,0,trial.invalid,795,1
257,80717,1,1,0,trial.invalid,499,1
257,80717,2,1,0,trial.validspatial,1700,0
257,80717,2,1,0,trial.validspatial,763,0
257,80717,1,1,400,trial.doublecue,522,1
257,80717,2,2,800,trial.validspatial,491,0
257,80717,2,2,800,trial.validspatial,542,1
257,80717,2,2,0,trial.validspatial,609,1
257,80717,1,2,400,trial.validspatial,552,1
257,80717,2,2,800,trial.invalid,631,1
257,80717,1,2,0,trial.invalid,740,1
257,80717,2,1,400,trial.validspatial,462,1
257,80717,2,1,400,trial.validspatial,455,1
257,80717,2,1,NaN,trial.nocue,540,1
257,80717,2,2,NaN,trial.nocue,519,0
257,80717,2,1,NaN,trial.nocue,394,1
257,80717,1,1,800,trial.validspatial,523,1
257,80717,1,1,NaN,trial.nocue,482,1
257,80717,2,1,800,trial.doublecue,561,1
257,80717,2,2,NaN,trial.nocue,490,0
257,80717,1,2,400,trial.validspatial,480,1
257,80717,1,1,400,trial.doublecue,508,1
257,80717,2,2,400,trial.invalid,594,0
257,80717,1,1,NaN,trial.nocue,585,1
257,80717,2,1,800,trial.validspatial,632,1
257,80717,2,2,0,trial.validspatial,598,1
257,80717,2,1,800,trial.doublecue,508,1
257,80717,2,1,400,trial.validspatial,520,1
257,80717,2,2,400,trial.validspatial,575,1
257,80717,2,1,0,trial.doublecue,647,1
257,80717,2,2,400,trial.validspatial,814,1
257,80717,2,2,400,trial.invalid,544,1
257,80717,2,2,800,trial.doublecue,427,1
257,80717,1,2,400,trial.doublecue,543,0
257,80717,1,2,0,trial.validspatial,640,1
257,80717,1,2,NaN,trial.nocue,579,1
257,80717,1,1,800,trial.invalid,517,1
257,80717,2,2,800,trial.validspatial,594,0
257,80717,2,1,800,trial.validspatial,722,1
257,80717,2,1,0,trial.validspatial,472,1
257,80717,2,2,NaN,trial.nocue,413,0
257,80717,2,2,800,trial.validspatial,489,1
257,80717,1,1,400,trial.validspatial,1700,0
257,80717,1,2,800,trial.invalid,656,1
257,80717,2,2,0,trial.validspatial,672,0
257,80717,2,2,800,trial.validspatial,640,0
257,80717,1,1,800,trial.validspatial,521,1
257,80717,2,1,NaN,trial.nocue,624,1
257,80717,1,2,NaN,trial.nocue,512,1
257,80717,1,2,800,trial.validspatial,497,1
257,80717,1,2,0,trial.validspatial,536,1
257,80717,2,2,0,trial.invalid,491,1
257,80717,1,1,NaN,trial.nocue,519,1
257,80717,2,2,800,trial.validspatial,554,1
257,80717,2,1,800,trial.validspatial,838,1
257,80717,2,1,0,trial.validspatial,503,1
257,80717,1,1,800,trial.doublecue,632,1
257,80717,2,2,800,trial.invalid,651,0
257,80717,1,2,400,trial.validspatial,430,1
257,80717,2,1,800,trial.validspatial,519,1
257,80717,1,2,400,trial.invalid,523,1
257,80717,1,1,800,trial.validspatial,1123,0
257,80717,2,2,400,trial.doublecue,487,0
257,80717,1,1,0,trial.validspatial,1700,0
257,80717,2,1,NaN,trial.nocue,1408,1
257,80717,2,1,400,trial.invalid,668,1
257,80717,1,2,800,trial.invalid,500,0
257,80717,1,2,0,trial.doublecue,1700,0
257,80717,1,1,400,trial.validspatial,1700,0
257,80717,1,2,400,trial.validspatial,616,1
257,80717,1,1,0,trial.doublecue,601,0
257,80717,1,1,0,trial.doublecue,408,1
257,80717,1,2,NaN,trial.nocue,576,0
257,80717,2,1,400,trial.doublecue,570,1
257,80717,2,2,400,trial.validspatial,477,1
257,80717,2,2,800,trial.doublecue,521,1
257,80717,2,2,NaN,trial.nocue,496,1
257,80717,1,2,NaN,trial.nocue,464,1
257,80717,1,2,0,trial.doublecue,538,1
257,80717,2,1,800,trial.invalid,474,1
257,80717,1,2,0,trial.validspatial,797,1
257,80717,1,1,0,trial.validspatial,497,1
257,80717,2,1,0,trial.validspatial,833,1
257,80717,1,1,400,trial.invalid,852,1
257,80717,1,2,800,trial.doublecue,469,1
257,80717,2,2,0,trial.validspatial,440,1
257,80717,2,2,0,trial.invalid,643,1
257,80717,1,1,0,trial.validspatial,571,0
257,80717,1,1,400,trial.invalid,517,1
257,80717,2,1,800,trial.validspatial,498,1
257,80717,2,2,400,trial.doublecue,875,1
257,80717,2,1,0,trial.doublecue,594,1
257,80717,2,2,400,trial.validspatial,506,0
257,80717,1,1,NaN,trial.nocue,476,1
257,80717,2,1,0,trial.invalid,542,1
257,80717,1,2,800,trial.validspatial,520,0
257,80717,1,2,800,trial.doublecue,568,1
257,80717,2,1,400,trial.validspatial,1700,0
257,80717,1,1,800,trial.validspatial,719,1
257,80717,1,2,800,trial.validspatial,587,1
257,80717,1,1,0,trial.validspatial,435,1
257,80717,1,2,400,trial.validspatial,1700,0
257,80717,2,1,400,trial.invalid,1212,0
257,80717,2,1,0,trial.invalid,556,1
257,80717,2,2,NaN,trial.nocue,624,1
257,80717,1,1,800,trial.validspatial,517,0
257,80717,2,2,400,trial.validspatial,544,0
257,80717,2,1,NaN,trial.nocue,690,1
257,80717,1,1,400,trial.validspatial,706,1
257,80717,1,2,NaN,trial.nocue,566,1
257,80717,1,2,0,trial.validspatial,632,1
257,80717,1,2,800,trial.validspatial,436,1
257,80717,1,1,0,trial.validspatial,622,1
257,80717,1,1,400,trial.validspatial,686,1
