subject,date,location_congruence_val,flanker_congruence_val,cue_target_interval,cue_condition,latency,values.correct
163,62917,1,1,0,trial.validspatial,938,1
163,62917,1,2,0,trial.invalid,991,1
163,62917,1,2,800,trial.validspatial,718,1
163,62917,1,2,400,trial.validspatial,656,1
163,62917,1,2,400,trial.doublecue,761,1
163,62917,2,2,400,trial.validspatial,661,1
163,62917,2,1,400,trial.doublecue,716,1
163,62917,2,1,0,trial.validspatial,546,1
163,62917,2,1,400,trial.validspatial,689,1
163,62917,1,2,800,trial.validspatial,1073,0
163,62917,1,1,800,trial.invalid,1040,0
163,62917,2,1,400,trial.validspatial,744,0
163,62917,2,1,800,trial.validspatial,691,0
163,62917,2,2,0,trial.validspatial,885,0
163,62917,1,2,0,trial.validspatial,851,0
163,62917,1,1,400,trial.validspatial,636,0
163,62917,1,1,NaN,trial.nocue,584,0
163,62917,1,2,0,trial.validspatial,585,0
163,62917,1,1,NaN,trial.nocue,1466,0
163,62917,2,2,0,trial.validspatial,1463,0
163,62917,2,1,800,trial.invalid,923,1
163,62917,2,2,NaN,trial.nocue,922,1
163,62917,1,2,400,trial.invalid,1376,0
163,62917,2,2,0,trial.doublecue,769,0
163,62917,1,2,NaN,trial.nocue,861,0
163,62917,1,1,400,trial.validspatial,852,0
163,62917,1,1,800,trial.validspatial,910,0
163,62917,2,1,NaN,trial.nocue,1052,0
163,62917,1,1,800,trial.doublecue,814,0
163,62917,2,2,0,trial.doublecue,966,0
163,62917,1,1,0,trial.invalid,785,0
163,62917,1,1,0,trial.invalid,1068,0
163,62917,2,1,0,trial.validspatial,1206,0
163,62917,2,1,0,trial.validspatial,851,0
163,62917,1,1,400,trial.doublecue,747,0
163,62917,2,2,800,trial.validspatial,907,0
163,62917,2,2,800,trial.validspatial,645,0
163,62917,2,2,0,trial.validspatial,853,0
163,62917,1,2,400,trial.validspatial,685,0
163,62917,2,2,800,trial.invalid,727,0
163,62917,1,2,0,trial.invalid,565,1
163,62917,2,1,400,trial.validspatial,897,0
163,62917,2,1,400,trial.validspatial,784,0
163,62917,2,1,NaN,trial.nocue,826,0
163,62917,2,2,NaN,trial.nocue,952,0
163,62917,2,1,NaN,trial.nocue,958,0
163,62917,1,1,800,trial.validspatial,758,0
163,62917,1,1,NaN,trial.nocue,761,0
163,62917,2,1,800,trial.doublecue,654,0
163,62917,2,2,NaN,trial.nocue,769,0
163,62917,1,2,400,trial.validspatial,790,0
163,62917,1,1,400,trial.doublecue,807,0
163,62917,2,2,400,trial.invalid,1177,0
163,62917,1,1,NaN,trial.nocue,755,0
163,62917,2,1,800,trial.validspatial,541,0
163,62917,2,2,0,trial.validspatial,750,0
163,62917,2,1,800,trial.doublecue,1279,0
163,62917,2,1,400,trial.validspatial,668,0
163,62917,2,2,400,trial.validspatial,714,0
163,62917,2,1,0,trial.doublecue,538,0
163,62917,2,2,400,trial.validspatial,841,0
163,62917,2,2,400,trial.invalid,1095,0
163,62917,2,2,800,trial.doublecue,648,0
163,62917,1,2,400,trial.doublecue,1114,0
163,62917,1,2,0,trial.validspatial,1106,0
163,62917,1,2,NaN,trial.nocue,954,0
163,62917,1,1,800,trial.invalid,977,0
163,62917,2,2,800,trial.validspatial,947,0
163,62917,2,1,800,trial.validspatial,922,0
163,62917,2,1,0,trial.validspatial,885,0
163,62917,2,2,NaN,trial.nocue,1235,0
163,62917,2,2,800,trial.validspatial,1052,0
163,62917,1,1,400,trial.validspatial,1015,0
163,62917,1,2,800,trial.invalid,1022,0
163,62917,2,2,0,trial.validspatial,1186,1
163,62917,2,2,800,trial.validspatial,691,0
163,62917,1,1,800,trial.validspatial,752,0
163,62917,2,1,NaN,trial.nocue,742,0
163,62917,1,2,NaN,trial.nocue,1169,0
163,62917,1,2,800,trial.validspatial,1457,0
163,62917,1,2,0,trial.validspatial,932,0
163,62917,2,2,0,trial.invalid,1216,0
163,62917,1,1,NaN,trial.nocue,736,0
163,62917,2,2,800,trial.validspatial,763,0
163,62917,2,1,800,trial.validspatial,844,0
163,62917,2,1,0,trial.validspatial,936,0
163,62917,1,1,800,trial.doublecue,806,0
163,62917,2,2,800,trial.invalid,1279,0
163,62917,1,2,400,trial.validspatial,747,0
163,62917,2,1,800,trial.validspatial,612,0
163,62917,1,2,400,trial.invalid,1002,0
163,62917,1,1,800,trial.validspatial,708,0
163,62917,2,2,400,trial.doublecue,847,0
163,62917,1,1,0,trial.validspatial,1035,0
163,62917,2,1,NaN,trial.nocue,893,0
163,62917,2,1,400,trial.invalid,732,0
163,62917,1,2,800,trial.invalid,846,0
163,62917,1,2,0,trial.doublecue,1120,0
163,62917,1,1,400,trial.validspatial,622,0
163,62917,1,2,400,trial.validspatial,717,0
163,62917,1,1,0,trial.doublecue,812,0
163,62917,1,1,0,trial.doublecue,732,0
163,62917,1,2,NaN,trial.nocue,645,0
163,62917,2,1,400,trial.doublecue,780,0
163,62917,2,2,400,trial.validspatial,672,0
163,62917,2,2,800,trial.doublecue,1134,0
163,62917,2,2,NaN,trial.nocue,932,0
163,62917,1,2,NaN,trial.nocue,1273,0
163,62917,1,2,0,trial.doublecue,797,0
163,62917,2,1,800,trial.invalid,753,0
163,62917,1,2,0,trial.validspatial,800,0
163,62917,1,1,0,trial.validspatial,1110,0
163,62917,2,1,0,trial.validspatial,633,0
163,62917,1,1,400,trial.invalid,942,0
163,62917,1,2,800,trial.doublecue,724,0
163,62917,2,2,0,trial.validspatial,1331,1
163,62917,2,2,0,trial.invalid,1501,0
163,62917,1,1,0,trial.validspatial,970,0
163,62917,1,1,400,trial.invalid,784,0
163,62917,2,1,800,trial.validspatial,899,0
163,62917,2,2,400,trial.doublecue,40,0
163,62917,2,1,0,trial.doublecue,790,0
163,62917,2,2,400,trial.validspatial,770,0
163,62917,1,1,NaN,trial.nocue,1129,1
163,62917,2,1,0,trial.invalid,1072,0
163,62917,1,2,800,trial.validspatial,844,0
163,62917,1,2,800,trial.doublecue,1143,0
163,62917,2,1,400,trial.validspatial,933,0
163,62917,1,1,800,trial.validspatial,754,0
163,62917,1,2,800,trial.validspatial,1051,0
163,62917,1,1,0,trial.validspatial,1120,0
163,62917,1,2,400,trial.validspatial,673,0
163,62917,2,1,400,trial.invalid,967,0
163,62917,2,1,0,trial.invalid,918,0
163,62917,2,2,NaN,trial.nocue,1032,0
163,62917,1,1,800,trial.validspatial,760,0
163,62917,2,2,400,trial.validspatial,725,0
163,62917,2,1,NaN,trial.nocue,1147,0
163,62917,1,1,400,trial.validspatial,723,0
163,62917,1,2,NaN,trial.nocue,1025,0
163,62917,1,2,0,trial.validspatial,983,0
163,62917,1,2,800,trial.validspatial,1097,0
163,62917,1,1,0,trial.validspatial,661,0
163,62917,1,1,400,trial.validspatial,802,0
163,62917,1,1,0,trial.validspatial,799,0
163,62917,1,2,0,trial.invalid,887,0
163,62917,1,2,800,trial.validspatial,796,0
163,62917,1,2,400,trial.validspatial,733,0
163,62917,1,2,400,trial.doublecue,906,0
163,62917,2,2,400,trial.validspatial,1020,0
163,62917,2,1,400,trial.doublecue,936,0
163,62917,2,1,0,trial.validspatial,561,0
163,62917,2,1,400,trial.validspatial,585,0
163,62917,1,2,800,trial.validspatial,806,0
163,62917,1,1,800,trial.invalid,810,0
163,62917,2,1,400,trial.validspatial,753,0
163,62917,2,1,800,trial.validspatial,668,0
163,62917,2,2,0,trial.validspatial,1017,0
163,62917,1,2,0,trial.validspatial,1011,0
163,62917,1,1,400,trial.validspatial,601,0
163,62917,1,1,NaN,trial.nocue,750,0
163,62917,1,2,0,trial.validspatial,1040,0
163,62917,1,1,NaN,trial.nocue,1099,0
163,62917,2,2,0,trial.validspatial,870,0
163,62917,2,1,800,trial.invalid,1096,0
163,62917,2,2,NaN,trial.nocue,1154,1
163,62917,1,2,400,trial.invalid,1216,0
163,62917,2,2,0,trial.doublecue,761,0
163,62917,1,2,NaN,trial.nocue,777,0
163,62917,1,1,400,trial.validspatial,936,0
163,62917,1,1,800,trial.validspatial,614,0
163,62917,2,1,NaN,trial.nocue,968,0
163,62917,1,1,800,trial.doublecue,891,1
163,62917,2,2,0,trial.doublecue,1309,1
163,62917,1,1,0,trial.invalid,744,1
163,62917,1,1,0,trial.invalid,1219,1
163,62917,2,1,0,trial.validspatial,1629,0
163,62917,2,1,0,trial.validspatial,732,0
163,62917,1,1,400,trial.doublecue,1215,1
163,62917,2,2,800,trial.validspatial,1176,1
163,62917,2,2,800,trial.validspatial,1583,0
163,62917,2,2,0,trial.validspatial,880,0
163,62917,1,2,400,trial.validspatial,1005,0
163,62917,2,2,800,trial.invalid,1062,0
163,62917,1,2,0,trial.invalid,1374,0
163,62917,2,1,400,trial.validspatial,967,0
163,62917,2,1,400,trial.validspatial,921,0
163,62917,2,1,NaN,trial.nocue,857,0
163,62917,2,2,NaN,trial.nocue,1067,0
163,62917,2,1,NaN,trial.nocue,1005,0
163,62917,1,1,800,trial.validspatial,864,0
163,62917,1,1,NaN,trial.nocue,1068,0
163,62917,2,1,800,trial.doublecue,1252,0
163,62917,2,2,NaN,trial.nocue,1700,0
163,62917,1,2,400,trial.validspatial,734,0
163,62917,1,1,400,trial.doublecue,937,0
163,62917,2,2,400,trial.invalid,1204,0
163,62917,1,1,NaN,trial.nocue,745,0
163,62917,2,1,800,trial.validspatial,824,0
163,62917,2,2,0,trial.validspatial,1468,0
163,62917,2,1,800,trial.doublecue,662,0
163,62917,2,1,400,trial.validspatial,544,0
163,62917,2,2,400,trial.validspatial,837,0
163,62917,2,1,0,trial.doublecue,769,0
163,62917,2,2,400,trial.validspatial,1223,0
163,62917,2,2,400,trial.invalid,1085,0
163,62917,2,2,800,trial.doublecue,991,0
163,62917,1,2,400,trial.doublecue,814,0
163,62917,1,2,0,trial.validspatial,1307,0
163,62917,1,2,NaN,trial.nocue,985,0
163,62917,1,1,800,trial.invalid,1056,0
163,62917,2,2,800,trial.validspatial,906,0
163,62917,2,1,800,trial.validspatial,1112,0
163,62917,2,1,0,trial.validspatial,53,0
163,62917,2,2,NaN,trial.nocue,986,0
163,62917,2,2,800,trial.validspatial,746,0
163,62917,1,1,400,trial.validspatial,1700,0
163,62917,1,2,800,trial.invalid,728,0
163,62917,2,2,0,trial.validspatial,913,0
163,62917,2,2,800,trial.validspatial,691,0
163,62917,1,1,800,trial.validspatial,921,0
163,62917,2,1,NaN,trial.nocue,1012,0
163,62917,1,2,NaN,trial.nocue,697,0
163,62917,1,2,800,trial.validspatial,1248,0
163,62917,1,2,0,trial.validspatial,727,0
163,62917,2,2,0,trial.invalid,497,0
163,62917,1,1,NaN,trial.nocue,730,0
163,62917,2,2,800,trial.validspatial,759,0
163,62917,2,1,800,trial.validspatial,772,0
163,62917,2,1,0,trial.validspatial,1039,0
163,62917,1,1,800,trial.doublecue,997,0
163,62917,2,2,800,trial.invalid,859,0
163,62917,1,2,400,trial.validspatial,556,0
163,62917,2,1,800,trial.validspatial,711,0
163,62917,1,2,400,trial.invalid,629,0
163,62917,1,1,800,trial.validspatial,1232,1
163,62917,2,2,400,trial.doublecue,775,0
163,62917,1,1,0,trial.validspatial,764,0
163,62917,2,1,NaN,trial.nocue,1104,0
163,62917,2,1,400,trial.invalid,1231,1
163,62917,1,2,800,trial.invalid,854,0
163,62917,1,2,0,trial.doublecue,772,0
163,62917,1,1,400,trial.validspatial,720,0
163,62917,1,2,400,trial.validspatial,1363,0
163,62917,1,1,0,trial.doublecue,941,0
163,62917,1,1,0,trial.doublecue,963,0
163,62917,1,2,NaN,trial.nocue,1575,0
163,62917,2,1,400,trial.doublecue,764,0
163,62917,2,2,400,trial.validspatial,800,0
163,62917,2,2,800,trial.doublecue,725,0
163,62917,2,2,NaN,trial.nocue,637,0
163,62917,1,2,NaN,trial.nocue,751,0
163,62917,1,2,0,trial.doublecue,706,0
163,62917,2,1,800,trial.invalid,628,0
163,62917,1,2,0,trial.validspatial,858,0
163,62917,1,1,0,trial.validspatial,919,0
163,62917,2,1,0,trial.validspatial,829,0
163,62917,1,1,400,trial.invalid,881,0
163,62917,1,2,800,trial.doublecue,852,0
163,62917,2,2,0,trial.validspatial,666,0
163,62917,2,2,0,trial.invalid,572,0
163,62917,1,1,0,trial.validspatial,953,0
163,62917,1,1,400,trial.invalid,603,0
163,62917,2,1,800,trial.validspatial,625,0
163,62917,2,2,400,trial.doublecue,938,0
163,62917,2,1,0,trial.doublecue,763,0
163,62917,2,2,400,trial.validspatial,1048,0
163,62917,1,1,NaN,trial.nocue,787,0
163,62917,2,1,0,trial.invalid,697,0
163,62917,1,2,800,trial.validspatial,967,0
163,62917,1,2,800,trial.doublecue,665,0
163,62917,2,1,400,trial.validspatial,506,0
163,62917,1,1,800,trial.validspatial,787,0
163,62917,1,2,800,trial.validspatial,966,0
163,62917,1,1,0,trial.validspatial,523,0
163,62917,1,2,400,trial.validspatial,781,0
163,62917,2,1,400,trial.invalid,706,0
163,62917,2,1,0,trial.invalid,812,0
163,62917,2,2,NaN,trial.nocue,1327,0
163,62917,1,1,800,trial.validspatial,639,0
163,62917,2,2,400,trial.validspatial,704,0
163,62917,2,1,NaN,trial.nocue,1182,0
163,62917,1,1,400,trial.validspatial,1055,1
163,62917,1,2,NaN,trial.nocue,1700,0
163,62917,1,2,0,trial.validspatial,903,0
163,62917,1,2,800,trial.validspatial,925,0
163,62917,1,1,0,trial.validspatial,842,0
163,62917,1,1,400,trial.validspatial,971,0
