subject,date,location_congruence_val,flanker_congruence_val,cue_target_interval,cue_condition,latency,values.correct
789,81017,1,1,0,trial.validspatial,556,1
789,81017,1,2,0,trial.invalid,743,0
789,81017,1,2,800,trial.validspatial,656,1
789,81017,1,2,400,trial.validspatial,761,1
789,81017,1,2,400,trial.doublecue,695,1
789,81017,2,2,400,trial.validspatial,515,1
789,81017,2,1,400,trial.doublecue,668,1
789,81017,2,1,0,trial.validspatial,623,1
789,81017,2,1,400,trial.validspatial,490,1
789,81017,1,2,800,trial.validspatial,499,1
789,81017,1,1,800,trial.invalid,593,1
789,81017,2,1,400,trial.validspatial,541,1
789,81017,2,1,800,trial.validspatial,503,1
789,81017,2,2,0,trial.validspatial,802,1
789,81017,1,2,0,trial.validspatial,656,1
789,81017,1,1,400,trial.validspatial,541,1
789,81017,1,1,NaN,trial.nocue,620,1
789,81017,1,2,0,trial.validspatial,936,1
789,81017,1,1,NaN,trial.nocue,742,1
789,81017,2,2,0,trial.validspatial,677,1
789,81017,2,1,800,trial.invalid,585,1
789,81017,2,2,NaN,trial.nocue,773,1
789,81017,1,2,400,trial.invalid,746,1
789,81017,2,2,0,trial.doublecue,825,1
789,81017,1,2,NaN,trial.nocue,729,1
789,81017,1,1,400,trial.validspatial,586,1
789,81017,1,1,800,trial.validspatial,492,1
789,81017,2,1,NaN,trial.nocue,643,1
789,81017,1,1,800,trial.doublecue,481,1
789,81017,2,2,0,trial.doublecue,618,0
789,81017,1,1,0,trial.invalid,640,1
789,81017,1,1,0,trial.invalid,615,1
789,81017,2,1,0,trial.validspatial,535,1
789,81017,2,1,0,trial.validspatial,615,1
789,81017,1,1,400,trial.doublecue,634,1
789,81017,2,2,800,trial.validspatial,607,1
789,81017,2,2,800,trial.validspatial,553,1
789,81017,2,2,0,trial.validspatial,722,1
789,81017,1,2,400,trial.validspatial,532,1
789,81017,2,2,800,trial.invalid,996,1
789,81017,1,2,0,trial.invalid,836,1
789,81017,2,1,400,trial.validspatial,502,1
789,81017,2,1,400,trial.validspatial,511,1
789,81017,2,1,NaN,trial.nocue,674,1
789,81017,2,2,NaN,trial.nocue,617,1
789,81017,2,1,NaN,trial.nocue,674,1
789,81017,1,1,800,trial.validspatial,506,1
789,81017,1,1,NaN,trial.nocue,605,1
789,81017,2,1,800,trial.doublecue,488,1
789,81017,2,2,NaN,trial.nocue,839,0
789,81017,1,2,400,trial.validspatial,582,1
789,81017,1,1,400,trial.doublecue,521,1
789,81017,2,2,400,trial.invalid,917,1
789,81017,1,1,NaN,trial.nocue,579,1
789,81017,2,1,800,trial.validspatial,473,1
789,81017,2,2,0,trial.validspatial,704,1
789,81017,2,1,800,trial.doublecue,595,1
789,81017,2,1,400,trial.validspatial,601,1
789,81017,2,2,400,trial.validspatial,602,0
789,81017,2,1,0,trial.doublecue,816,1
789,81017,2,2,400,trial.validspatial,641,1
789,81017,2,2,400,trial.invalid,816,1
789,81017,2,2,800,trial.doublecue,609,0
789,81017,1,2,400,trial.doublecue,572,1
789,81017,1,2,0,trial.validspatial,773,1
789,81017,1,2,NaN,trial.nocue,638,1
789,81017,1,1,800,trial.invalid,652,1
789,81017,2,2,800,trial.validspatial,674,1
789,81017,2,1,800,trial.validspatial,634,1
789,81017,2,1,0,trial.validspatial,790,1
789,81017,2,2,NaN,trial.nocue,923,1
789,81017,2,2,800,trial.validspatial,740,1
789,81017,1,1,400,trial.validspatial,461,1
789,81017,1,2,800,trial.invalid,795,1
789,81017,2,2,0,trial.validspatial,681,1
789,81017,2,2,800,trial.validspatial,692,1
789,81017,1,1,800,trial.validspatial,571,1
789,81017,2,1,NaN,trial.nocue,559,1
789,81017,1,2,NaN,trial.nocue,638,1
789,81017,1,2,800,trial.validspatial,579,1
789,81017,1,2,0,trial.validspatial,834,1
789,81017,2,2,0,trial.invalid,843,1
789,81017,1,1,NaN,trial.nocue,754,1
789,81017,2,2,800,trial.validspatial,516,1
789,81017,2,1,800,trial.validspatial,533,1
789,81017,2,1,0,trial.validspatial,651,1
789,81017,1,1,800,trial.doublecue,632,1
789,81017,2,2,800,trial.invalid,734,1
789,81017,1,2,400,trial.validspatial,673,0
789,81017,2,1,800,trial.validspatial,503,1
789,81017,1,2,400,trial.invalid,782,1
789,81017,1,1,800,trial.validspatial,546,1
789,81017,2,2,400,trial.doublecue,576,1
789,81017,1,1,0,trial.validspatial,671,1
789,81017,2,1,NaN,trial.nocue,591,1
789,81017,2,1,400,trial.invalid,245,1
789,81017,1,2,800,trial.invalid,792,1
789,81017,1,2,0,trial.doublecue,652,1
789,81017,1,1,400,trial.validspatial,454,1
789,81017,1,2,400,trial.validspatial,655,1
789,81017,1,1,0,trial.doublecue,645,1
789,81017,1,1,0,trial.doublecue,671,1
789,81017,1,2,NaN,trial.nocue,755,1
789,81017,2,1,400,trial.doublecue,755,1
789,81017,2,2,400,trial.validspatial,567,1
789,81017,2,2,800,trial.doublecue,544,1
789,81017,2,2,NaN,trial.nocue,765,1
789,81017,1,2,NaN,trial.nocue,799,1
789,81017,1,2,0,trial.doublecue,762,1
789,81017,2,1,800,trial.invalid,744,1
789,81017,1,2,0,trial.validspatial,774,1
789,81017,1,1,0,trial.validspatial,570,1
789,81017,2,1,0,trial.validspatial,524,1
789,81017,1,1,400,trial.invalid,669,1
789,81017,1,2,800,trial.doublecue,704,1
789,81017,2,2,0,trial.validspatial,757,1
789,81017,2,2,0,trial.invalid,806,1
789,81017,1,1,0,trial.validspatial,714,1
789,81017,1,1,400,trial.invalid,642,1
789,81017,2,1,800,trial.validspatial,469,1
789,81017,2,2,400,trial.doublecue,698,1
789,81017,2,1,0,trial.doublecue,727,1
789,81017,2,2,400,trial.validspatial,583,1
789,81017,1,1,NaN,trial.nocue,577,1
789,81017,2,1,0,trial.invalid,543,1
789,81017,1,2,800,trial.validspatial,614,1
789,81017,1,2,800,trial.doublecue,592,1
789,81017,2,1,400,trial.validspatial,481,1
789,81017,1,1,800,trial.validspatial,528,1
789,81017,1,2,800,trial.validspatial,668,1
789,81017,1,1,0,trial.validspatial,663,1
789,81017,1,2,400,trial.validspatial,692,1
789,81017,2,1,400,trial.invalid,709,1
789,81017,2,1,0,trial.invalid,628,1
789,81017,2,2,NaN,trial.nocue,612,0
789,81017,1,1,800,trial.validspatial,449,1
789,81017,2,2,400,trial.validspatial,550,1
789,81017,2,1,NaN,trial.nocue,719,1
789,81017,1,1,400,trial.validspatial,544,1
789,81017,1,2,NaN,trial.nocue,829,1
789,81017,1,2,0,trial.validspatial,676,1
789,81017,1,2,800,trial.validspatial,586,1
789,81017,1,1,0,trial.validspatial,672,1
789,81017,1,1,400,trial.validspatial,431,1
789,81017,1,1,0,trial.validspatial,489,1
789,81017,1,2,0,trial.invalid,922,1
789,81017,1,2,800,trial.validspatial,707,1
789,81017,1,2,400,trial.validspatial,532,1
789,81017,1,2,400,trial.doublecue,730,1
789,81017,2,2,400,trial.validspatial,565,1
789,81017,2,1,400,trial.doublecue,519,1
789,81017,2,1,0,trial.validspatial,481,1
789,81017,2,1,400,trial.validspatial,561,1
789,81017,1,2,800,trial.validspatial,570,1
789,81017,1,1,800,trial.invalid,648,1
789,81017,2,1,400,trial.validspatial,573,1
789,81017,2,1,800,trial.validspatial,511,1
789,81017,2,2,0,trial.validspatial,625,1
789,81017,1,2,0,trial.validspatial,649,1
789,81017,1,1,400,trial.validspatial,574,1
789,81017,1,1,NaN,trial.nocue,653,1
789,81017,1,2,0,trial.validspatial,1073,1
789,81017,1,1,NaN,trial.nocue,1700,0
789,81017,2,2,0,trial.validspatial,774,1
789,81017,2,1,800,trial.invalid,889,1
789,81017,2,2,NaN,trial.nocue,1094,0
789,81017,1,2,400,trial.invalid,707,1
789,81017,2,2,0,trial.doublecue,802,1
789,81017,1,2,NaN,trial.nocue,826,1
789,81017,1,1,400,trial.validspatial,499,1
789,81017,1,1,800,trial.validspatial,525,1
789,81017,2,1,NaN,trial.nocue,604,1
789,81017,1,1,800,trial.doublecue,610,1
789,81017,2,2,0,trial.doublecue,1137,1
789,81017,1,1,0,trial.invalid,646,1
789,81017,1,1,0,trial.invalid,893,1
789,81017,2,1,0,trial.validspatial,828,1
789,81017,2,1,0,trial.validspatial,646,1
789,81017,1,1,400,trial.doublecue,883,1
789,81017,2,2,800,trial.validspatial,759,1
789,81017,2,2,800,trial.validspatial,786,1
789,81017,2,2,0,trial.validspatial,1155,1
789,81017,1,2,400,trial.validspatial,1023,1
789,81017,2,2,800,trial.invalid,1158,1
789,81017,1,2,0,trial.invalid,853,1
789,81017,2,1,400,trial.validspatial,568,1
789,81017,2,1,400,trial.validspatial,601,1
789,81017,2,1,NaN,trial.nocue,676,1
789,81017,2,2,NaN,trial.nocue,827,1
789,81017,2,1,NaN,trial.nocue,557,1
789,81017,1,1,800,trial.validspatial,408,1
789,81017,1,1,NaN,trial.nocue,540,1
789,81017,2,1,800,trial.doublecue,712,1
789,81017,2,2,NaN,trial.nocue,759,1
789,81017,1,2,400,trial.validspatial,501,1
789,81017,1,1,400,trial.doublecue,559,1
789,81017,2,2,400,trial.invalid,820,0
789,81017,1,1,NaN,trial.nocue,643,1
789,81017,2,1,800,trial.validspatial,553,1
789,81017,2,2,0,trial.validspatial,831,1
789,81017,2,1,800,trial.doublecue,549,1
789,81017,2,1,400,trial.validspatial,555,1
789,81017,2,2,400,trial.validspatial,827,1
789,81017,2,1,0,trial.doublecue,714,1
789,81017,2,2,400,trial.validspatial,617,1
789,81017,2,2,400,trial.invalid,560,0
789,81017,2,2,800,trial.doublecue,578,1
789,81017,1,2,400,trial.doublecue,606,1
789,81017,1,2,0,trial.validspatial,735,1
789,81017,1,2,NaN,trial.nocue,671,1
789,81017,1,1,800,trial.invalid,590,1
789,81017,2,2,800,trial.validspatial,564,1
789,81017,2,1,800,trial.validspatial,492,1
789,81017,2,1,0,trial.validspatial,649,1
789,81017,2,2,NaN,trial.nocue,856,1
789,81017,2,2,800,trial.validspatial,522,1
789,81017,1,1,400,trial.validspatial,1700,0
789,81017,1,2,800,trial.invalid,476,1
789,81017,2,2,0,trial.validspatial,789,0
789,81017,2,2,800,trial.validspatial,558,1
789,81017,1,1,800,trial.validspatial,607,1
789,81017,2,1,NaN,trial.nocue,717,1
789,81017,1,2,NaN,trial.nocue,528,1
789,81017,1,2,800,trial.validspatial,649,1
789,81017,1,2,0,trial.validspatial,531,1
789,81017,2,2,0,trial.invalid,516,1
789,81017,1,1,NaN,trial.nocue,789,0
789,81017,2,2,800,trial.validspatial,738,1
789,81017,2,1,800,trial.validspatial,631,1
789,81017,2,1,0,trial.validspatial,609,1
789,81017,1,1,800,trial.doublecue,699,1
789,81017,2,2,800,trial.invalid,854,1
789,81017,1,2,400,trial.validspatial,584,1
789,81017,2,1,800,trial.validspatial,590,1
789,81017,1,2,400,trial.invalid,731,1
789,81017,1,1,800,trial.validspatial,591,1
789,81017,2,2,400,trial.doublecue,774,1
789,81017,1,1,0,trial.validspatial,738,1
789,81017,2,1,NaN,trial.nocue,838,1
789,81017,2,1,400,trial.invalid,819,1
789,81017,1,2,800,trial.invalid,898,1
789,81017,1,2,0,trial.doublecue,922,1
789,81017,1,1,400,trial.validspatial,459,1
789,81017,1,2,400,trial.validspatial,486,1
789,81017,1,1,0,trial.doublecue,709,1
789,81017,1,1,0,trial.doublecue,564,1
789,81017,1,2,NaN,trial.nocue,1700,0
789,81017,2,1,400,trial.doublecue,656,1
789,81017,2,2,400,trial.validspatial,1700,0
789,81017,2,2,800,trial.doublecue,581,1
789,81017,2,2,NaN,trial.nocue,663,1
789,81017,1,2,NaN,trial.nocue,589,1
789,81017,1,2,0,trial.doublecue,641,1
789,81017,2,1,800,trial.invalid,564,1
789,81017,1,2,0,trial.validspatial,789,1
789,81017,1,1,0,trial.validspatial,738,1
789,81017,2,1,0,trial.validspatial,905,1
789,81017,1,1,400,trial.invalid,928,1
789,81017,1,2,800,trial.doublecue,467,1
789,81017,2,2,0,trial.validspatial,462,1
789,81017,2,2,0,trial.invalid,666,1
789,81017,1,1,0,trial.validspatial,561,0
789,81017,1,1,400,trial.invalid,1003,1
789,81017,2,1,800,trial.validspatial,559,1
789,81017,2,2,400,trial.doublecue,674,1
789,81017,2,1,0,trial.doublecue,581,1
789,81017,2,2,400,trial.validspatial,804,1
789,81017,1,1,NaN,trial.nocue,683,1
789,81017,2,1,0,trial.invalid,677,1
789,81017,1,2,800,trial.validspatial,906,0
789,81017,1,2,800,trial.doublecue,633,1
789,81017,2,1,400,trial.validspatial,518,1
789,81017,1,1,800,trial.validspatial,701,1
789,81017,1,2,800,trial.validspatial,664,1
789,81017,1,1,0,trial.validspatial,541,1
789,81017,1,2,400,trial.validspatial,589,1
789,81017,2,1,400,trial.invalid,740,1
789,81017,2,1,0,trial.invalid,635,1
789,81017,2,2,NaN,trial.nocue,706,1
789,81017,1,1,800,trial.validspatial,1700,0
789,81017,2,2,400,trial.validspatial,640,0
789,81017,2,1,NaN,trial.nocue,1700,0
789,81017,1,1,400,trial.validspatial,1700,0
789,81017,1,2,NaN,trial.nocue,621,1
789,81017,1,2,0,trial.validspatial,563,1
789,81017,1,2,800,trial.validspatial,1700,0
789,81017,1,1,0,trial.validspatial,1287,1
789,81017,1,1,400,trial.validspatial,788,1
