subject,date,location_congruence_val,flanker_congruence_val,cue_target_interval,cue_condition,latency,values.correct
207,110817,1,1,0,trial.validspatial,973,1
207,110817,1,2,0,trial.invalid,1180,1
207,110817,1,2,800,trial.validspatial,1029,1
207,110817,1,2,400,trial.validspatial,549,1
207,110817,1,2,400,trial.doublecue,776,1
207,110817,2,2,400,trial.validspatial,526,1
207,110817,2,1,400,trial.doublecue,503,1
207,110817,2,1,0,trial.validspatial,795,1
207,110817,2,1,400,trial.validspatial,450,1
207,110817,1,2,800,trial.validspatial,666,1
207,110817,1,1,800,trial.invalid,848,1
207,110817,2,1,400,trial.validspatial,561,1
207,110817,2,1,800,trial.validspatial,479,1
207,110817,2,2,0,trial.validspatial,597,1
207,110817,1,2,0,trial.validspatial,562,1
207,110817,1,1,400,trial.validspatial,431,1
207,110817,1,1,NaN,trial.nocue,590,1
207,110817,1,2,0,trial.validspatial,549,1
207,110817,1,1,NaN,trial.nocue,529,1
207,110817,2,2,0,trial.validspatial,482,1
207,110817,2,1,800,trial.invalid,728,1
207,110817,2,2,NaN,trial.nocue,707,1
207,110817,1,2,400,trial.invalid,879,1
207,110817,2,2,0,trial.doublecue,613,1
207,110817,1,2,NaN,trial.nocue,745,1
207,110817,1,1,400,trial.validspatial,456,1
207,110817,1,1,800,trial.validspatial,363,1
207,110817,2,1,NaN,trial.nocue,648,1
207,110817,1,1,800,trial.doublecue,565,1
207,110817,2,2,0,trial.doublecue,630,1
207,110817,1,1,0,trial.invalid,509,1
207,110817,1,1,0,trial.invalid,564,1
207,110817,2,1,0,trial.validspatial,457,1
207,110817,2,1,0,trial.validspatial,429,1
207,110817,1,1,400,trial.doublecue,348,1
207,110817,2,2,800,trial.validspatial,477,1
207,110817,2,2,800,trial.validspatial,554,1
207,110817,2,2,0,trial.validspatial,474,1
207,110817,1,2,400,trial.validspatial,386,0
207,110817,2,2,800,trial.invalid,652,1
207,110817,1,2,0,trial.invalid,668,1
207,110817,2,1,400,trial.validspatial,378,1
207,110817,2,1,400,trial.validspatial,350,1
207,110817,2,1,NaN,trial.nocue,485,1
207,110817,2,2,NaN,trial.nocue,650,1
207,110817,2,1,NaN,trial.nocue,467,1
207,110817,1,1,800,trial.validspatial,327,1
207,110817,1,1,NaN,trial.nocue,439,1
207,110817,2,1,800,trial.doublecue,505,1
207,110817,2,2,NaN,trial.nocue,880,1
207,110817,1,2,400,trial.validspatial,514,1
207,110817,1,1,400,trial.doublecue,401,1
207,110817,2,2,400,trial.invalid,707,1
207,110817,1,1,NaN,trial.nocue,530,1
207,110817,2,1,800,trial.validspatial,530,1
207,110817,2,2,0,trial.validspatial,539,1
207,110817,2,1,800,trial.doublecue,557,1
207,110817,2,1,400,trial.validspatial,487,1
207,110817,2,2,400,trial.validspatial,566,1
207,110817,2,1,0,trial.doublecue,494,1
207,110817,2,2,400,trial.validspatial,506,1
207,110817,2,2,400,trial.invalid,668,1
207,110817,2,2,800,trial.doublecue,587,1
207,110817,1,2,400,trial.doublecue,607,1
207,110817,1,2,0,trial.validspatial,590,1
207,110817,1,2,NaN,trial.nocue,599,1
207,110817,1,1,800,trial.invalid,504,1
207,110817,2,2,800,trial.validspatial,629,1
207,110817,2,1,800,trial.validspatial,465,1
207,110817,2,1,0,trial.validspatial,513,1
207,110817,2,2,NaN,trial.nocue,576,0
207,110817,2,2,800,trial.validspatial,475,1
207,110817,1,1,400,trial.validspatial,419,1
207,110817,1,2,800,trial.invalid,518,0
207,110817,2,2,0,trial.validspatial,558,1
207,110817,2,2,800,trial.validspatial,578,1
207,110817,1,1,800,trial.validspatial,385,1
207,110817,2,1,NaN,trial.nocue,517,1
207,110817,1,2,NaN,trial.nocue,691,1
207,110817,1,2,800,trial.validspatial,456,1
207,110817,1,2,0,trial.validspatial,555,1
207,110817,2,2,0,trial.invalid,638,1
207,110817,1,1,NaN,trial.nocue,631,1
207,110817,2,2,800,trial.validspatial,644,1
207,110817,2,1,800,trial.validspatial,543,1
207,110817,2,1,0,trial.validspatial,440,1
207,110817,1,1,800,trial.doublecue,438,1
207,110817,2,2,800,trial.invalid,724,1
207,110817,1,2,400,trial.validspatial,542,1
207,110817,2,1,800,trial.validspatial,460,1
207,110817,1,2,400,trial.invalid,718,1
207,110817,1,1,800,trial.validspatial,600,1
207,110817,2,2,400,trial.doublecue,548,1
207,110817,1,1,0,trial.validspatial,498,1
207,110817,2,1,NaN,trial.nocue,481,1
207,110817,2,1,400,trial.invalid,511,1
207,110817,1,2,800,trial.invalid,388,0
207,110817,1,2,0,trial.doublecue,686,1
207,110817,1,1,400,trial.validspatial,460,1
207,110817,1,2,400,trial.validspatial,771,1
207,110817,1,1,0,trial.doublecue,490,1
207,110817,1,1,0,trial.doublecue,566,1
207,110817,1,2,NaN,trial.nocue,693,1
207,110817,2,1,400,trial.doublecue,431,1
207,110817,2,2,400,trial.validspatial,514,1
207,110817,2,2,800,trial.doublecue,737,1
207,110817,2,2,NaN,trial.nocue,540,1
207,110817,1,2,NaN,trial.nocue,770,1
207,110817,1,2,0,trial.doublecue,645,1
207,110817,2,1,800,trial.invalid,695,1
207,110817,1,2,0,trial.validspatial,832,1
207,110817,1,1,0,trial.validspatial,488,1
207,110817,2,1,0,trial.validspatial,576,1
207,110817,1,1,400,trial.invalid,631,1
207,110817,1,2,800,trial.doublecue,593,0
207,110817,2,2,0,trial.validspatial,932,1
207,110817,2,2,0,trial.invalid,768,1
207,110817,1,1,0,trial.validspatial,615,1
207,110817,1,1,400,trial.invalid,563,1
207,110817,2,1,800,trial.validspatial,592,1
207,110817,2,2,400,trial.doublecue,797,1
207,110817,2,1,0,trial.doublecue,497,1
207,110817,2,2,400,trial.validspatial,662,1
207,110817,1,1,NaN,trial.nocue,525,1
207,110817,2,1,0,trial.invalid,501,1
207,110817,1,2,800,trial.validspatial,621,1
207,110817,1,2,800,trial.doublecue,743,1
207,110817,2,1,400,trial.validspatial,564,1
207,110817,1,1,800,trial.validspatial,555,1
207,110817,1,2,800,trial.validspatial,514,1
207,110817,1,1,0,trial.validspatial,592,1
207,110817,1,2,400,trial.validspatial,595,1
207,110817,2,1,400,trial.invalid,559,1
207,110817,2,1,0,trial.invalid,446,1
207,110817,2,2,NaN,trial.nocue,734,1
207,110817,1,1,800,trial.validspatial,515,1
207,110817,2,2,400,trial.validspatial,532,1
207,110817,2,1,NaN,trial.nocue,499,1
207,110817,1,1,400,trial.validspatial,509,1
207,110817,1,2,NaN,trial.nocue,702,1
207,110817,1,2,0,trial.validspatial,545,1
207,110817,1,2,800,trial.validspatial,633,1
207,110817,1,1,0,trial.validspatial,600,1
207,110817,1,1,400,trial.validspatial,407,1
207,110817,1,1,0,trial.validspatial,782,1
207,110817,1,2,0,trial.invalid,575,0
207,110817,1,2,800,trial.validspatial,756,1
207,110817,1,2,400,trial.validspatial,702,1
207,110817,1,2,400,trial.doublecue,629,1
207,110817,2,2,400,trial.validspatial,552,1
207,110817,2,1,400,trial.doublecue,519,1
207,110817,2,1,0,trial.validspatial,449,1
207,110817,2,1,400,trial.validspatial,410,1
207,110817,1,2,800,trial.validspatial,690,1
207,110817,1,1,800,trial.invalid,506,1
207,110817,2,1,400,trial.validspatial,448,1
207,110817,2,1,800,trial.validspatial,466,1
207,110817,2,2,0,trial.validspatial,595,1
207,110817,1,2,0,trial.validspatial,638,1
207,110817,1,1,400,trial.validspatial,457,1
207,110817,1,1,NaN,trial.nocue,551,1
207,110817,1,2,0,trial.validspatial,730,1
207,110817,1,1,NaN,trial.nocue,473,1
207,110817,2,2,0,trial.validspatial,556,1
207,110817,2,1,800,trial.invalid,506,1
207,110817,2,2,NaN,trial.nocue,626,1
207,110817,1,2,400,trial.invalid,696,1
207,110817,2,2,0,trial.doublecue,685,1
207,110817,1,2,NaN,trial.nocue,702,1
207,110817,1,1,400,trial.validspatial,399,1
207,110817,1,1,800,trial.validspatial,465,1
207,110817,2,1,NaN,trial.nocue,589,1
207,110817,1,1,800,trial.doublecue,494,1
207,110817,2,2,0,trial.doublecue,691,1
207,110817,1,1,0,trial.invalid,485,1
207,110817,1,1,0,trial.invalid,462,1
207,110817,2,1,0,trial.validspatial,515,1
207,110817,2,1,0,trial.validspatial,503,1
207,110817,1,1,400,trial.doublecue,451,1
207,110817,2,2,800,trial.validspatial,750,1
207,110817,2,2,800,trial.validspatial,518,1
207,110817,2,2,0,trial.validspatial,660,1
207,110817,1,2,400,trial.validspatial,586,1
207,110817,2,2,800,trial.invalid,554,1
207,110817,1,2,0,trial.invalid,672,1
207,110817,2,1,400,trial.validspatial,422,1
207,110817,2,1,400,trial.validspatial,383,1
207,110817,2,1,NaN,trial.nocue,436,1
207,110817,2,2,NaN,trial.nocue,639,1
207,110817,2,1,NaN,trial.nocue,443,1
207,110817,1,1,800,trial.validspatial,446,1
207,110817,1,1,NaN,trial.nocue,524,1
207,110817,2,1,800,trial.doublecue,582,1
207,110817,2,2,NaN,trial.nocue,793,1
207,110817,1,2,400,trial.validspatial,518,1
207,110817,1,1,400,trial.doublecue,465,1
207,110817,2,2,400,trial.invalid,504,0
207,110817,1,1,NaN,trial.nocue,595,1
207,110817,2,1,800,trial.validspatial,833,1
207,110817,2,2,0,trial.validspatial,629,1
207,110817,2,1,800,trial.doublecue,580,1
207,110817,2,1,400,trial.validspatial,469,1
207,110817,2,2,400,trial.validspatial,519,1
207,110817,2,1,0,trial.doublecue,592,1
207,110817,2,2,400,trial.validspatial,539,1
207,110817,2,2,400,trial.invalid,726,1
207,110817,2,2,800,trial.doublecue,592,1
207,110817,1,2,400,trial.doublecue,687,1
207,110817,1,2,0,trial.validspatial,681,1
207,110817,1,2,NaN,trial.nocue,577,1
207,110817,1,1,800,trial.invalid,528,1
207,110817,2,2,800,trial.validspatial,645,1
207,110817,2,1,800,trial.validspatial,554,1
207,110817,2,1,0,trial.validspatial,495,1
207,110817,2,2,NaN,trial.nocue,714,1
207,110817,2,2,800,trial.validspatial,525,1
207,110817,1,1,400,trial.validspatial,1700,0
207,110817,1,2,800,trial.invalid,497,1
207,110817,2,2,0,trial.validspatial,704,1
207,110817,2,2,800,trial.validspatial,672,1
207,110817,1,1,800,trial.validspatial,689,1
207,110817,2,1,NaN,trial.nocue,499,0
207,110817,1,2,NaN,trial.nocue,571,1
207,110817,1,2,800,trial.validspatial,525,1
207,110817,1,2,0,trial.validspatial,434,1
207,110817,2,2,0,trial.invalid,425,1
207,110817,1,1,NaN,trial.nocue,539,1
207,110817,2,2,800,trial.validspatial,593,1
207,110817,2,1,800,trial.validspatial,432,1
207,110817,2,1,0,trial.validspatial,478,1
207,110817,1,1,800,trial.doublecue,512,1
207,110817,2,2,800,trial.invalid,604,1
207,110817,1,2,400,trial.validspatial,452,1
207,110817,2,1,800,trial.validspatial,509,1
207,110817,1,2,400,trial.invalid,568,1
207,110817,1,1,800,trial.validspatial,444,1
207,110817,2,2,400,trial.doublecue,533,1
207,110817,1,1,0,trial.validspatial,531,1
207,110817,2,1,NaN,trial.nocue,755,1
207,110817,2,1,400,trial.invalid,630,1
207,110817,1,2,800,trial.invalid,514,1
207,110817,1,2,0,trial.doublecue,571,1
207,110817,1,1,400,trial.validspatial,415,1
207,110817,1,2,400,trial.validspatial,433,1
207,110817,1,1,0,trial.doublecue,608,1
207,110817,1,1,0,trial.doublecue,536,1
207,110817,1,2,NaN,trial.nocue,706,1
207,110817,2,1,400,trial.doublecue,452,1
207,110817,2,2,400,trial.validspatial,460,1
207,110817,2,2,800,trial.doublecue,499,1
207,110817,2,2,NaN,trial.nocue,420,1
207,110817,1,2,NaN,trial.nocue,449,1
207,110817,1,2,0,trial.doublecue,691,1
207,110817,2,1,800,trial.invalid,494,1
207,110817,1,2,0,trial.validspatial,553,1
207,110817,1,1,0,trial.validspatial,488,1
207,110817,2,1,0,trial.validspatial,579,1
207,110817,1,1,400,trial.invalid,636,1
207,110817,1,2,800,trial.doublecue,473,1
207,110817,2,2,0,trial.validspatial,470,1
207,110817,2,2,0,trial.invalid,474,1
207,110817,1,1,0,trial.validspatial,634,1
207,110817,1,1,400,trial.invalid,502,1
207,110817,2,1,800,trial.validspatial,388,1
207,110817,2,2,400,trial.doublecue,442,1
207,110817,2,1,0,trial.doublecue,469,1
207,110817,2,2,400,trial.validspatial,796,1
207,110817,1,1,NaN,trial.nocue,502,1
207,110817,2,1,0,trial.invalid,402,1
207,110817,1,2,800,trial.validspatial,497,0
207,110817,1,2,800,trial.doublecue,547,1
207,110817,2,1,400,trial.validspatial,423,1
207,110817,1,1,800,trial.validspatial,546,1
207,110817,1,2,800,trial.validspatial,539,1
207,110817,1,1,0,trial.validspatial,443,1
207,110817,1,2,400,trial.validspatial,514,1
207,110817,2,1,400,trial.invalid,490,1
207,110817,2,1,0,trial.invalid,517,1
207,110817,2,2,NaN,trial.nocue,582,1
207,110817,1,1,800,trial.validspatial,550,1
207,110817,2,2,400,trial.validspatial,562,1
207,110817,2,1,NaN,trial.nocue,684,1
207,110817,1,1,400,trial.validspatial,585,1
207,110817,1,2,NaN,trial.nocue,563,1
207,110817,1,2,0,trial.validspatial,587,1
207,110817,1,2,800,trial.validspatial,534,1
207,110817,1,1,0,trial.validspatial,432,1
207,110817,1,1,400,trial.validspatial,665,1
