survey_question,response_counts
,Counter({'': 113})
age_textbox_response,"Counter({'30': 13, '28': 9, '44': 6, '': 5, '29': 5, '39': 5, '34': 5, '26': 4, '27': 4, '25': 4, '37': 4, '35': 4, '42': 3, '36': 3, '54': 2, '68': 2, '53': 2, '24': 2, '20': 2, '21': 2, '22': 2, '23': 2, '47': 2, '45': 2, '40': 2, '70': 2, '58': 2, '19': 2, '31': 2, '43': 1, '49': 1, ' ': 1, '41': 1, '38': 1, '59': 1, '18': 1, '33': 1, '32': 1})"
education_response,"Counter({""Bachelor's degree"": 38, 'Some college, no degree': 21, ""Associate's degree"": 20, 'High school diploma or equivalent': 13, ""Master's degree"": 10, '': 5, 'Doctoral or professional degree': 4, 'I prefer not to answer this question': 1, 'Less than high school': 1})"
educationother_response,Counter({'': 113})
ethnicity_response,"Counter({'Not Hispanic or Latino': 97, 'Hispanic or Latino (a person of Cuban, Mexican, Puerto Rican,  Cuban, South or Central American, or other Spanish culture or origin, regardless of race)': 8, '': 6, 'I prefer not to answer this question': 2})"
gender_response,"Counter({'Male': 66, 'Female': 41, '': 5, 'I prefer not to answer this question': 1})"
genderother_response,Counter({'': 113})
handedness_response,"Counter({'Right': 89, 'Left': 17, '': 5, 'Ambidextrous': 2})"
native_english_response,"Counter({'Yes': 105, '': 6, 'No': 2})"
online_sr_q1option1_response,"Counter({'': 90, 'A fall in which you hit your head': 23})"
online_sr_q1option2_response,"Counter({'': 95, 'An altercation or fight that involved a blow to the head': 18})"
online_sr_q1option3_response,"Counter({'': 79, 'A vehicle accident or crash?': 34})"
online_sr_q1option4_response,"Counter({'': 111, 'A blast or explosion?': 2})"
online_sr_q1option5_response,"Counter({'': 110, 'A bullet wound, shrapnel, or other projectiles above the shoulders?': 3})"
online_sr_q1option6_response,"Counter({'None of the above': 58, '': 55})"
online_sr_q1option7_response,"Counter({'': 104, 'Other blow to head': 9})"
online_sr_q2option1_response,"Counter({'': 99, 'Concussion': 14})"
online_sr_q2option2_response,Counter({'': 113})
online_sr_q2option3_response,"Counter({'None': 93, '': 20})"
online_sr_q3_response,"Counter({'0': 102, '': 6, '1': 5})"
online_sr_q4option1_response,"Counter({'': 103, 'High blood pressure': 10})"
online_sr_q4option2_response,"Counter({'': 105, 'Diabetes': 8})"
online_sr_q4option3_response,"Counter({'': 107, 'Thyroid Disease': 6})"
online_sr_q4option4_response,"Counter({'': 109, 'Cancer': 4})"
online_sr_q4option5_response,"Counter({'': 111, 'Epilepsy': 2})"
online_sr_q4option6_response,"Counter({'None': 88, '': 25})"
online_sr_q4option7_response,"Counter({'': 112, 'Other condition (Please Specify)': 1})"
online_sr_q4other_response,"Counter({'': 112, 'bipolar': 1})"
online_sr_q5_response,"Counter({'0': 94, '1': 13, '': 6})"
raceoriginoption1_response,"Counter({'': 111, 'American Indian or Alaska Native (a person having origins in any of the original peoples    of North and South America (including Central America) who maintains cultural    identification through tribal affiliation or community attachment)': 2})"
raceoriginoption2_response,"Counter({'': 101, ' Asian (a person having origins in any of the original peoples of the Far East, Southeast    Asia, or the Indian Subcontinent, including, for example, Cambodia, China, India, Japan,    Korea, Malaysia, Pakistan, the Philippine Islands, Thailand, and Vietnam)': 12})"
raceoriginoption3_response,"Counter({'': 101, ' Black or African American (a person having origins in any of the black racial groups of Africa)': 12})"
raceoriginoption4_response,Counter({'': 113})
raceoriginoption5_response,"Counter({' White (a person having origins in any of the original peoples of Europe, the Middle East,    or North Africa)': 81, '': 32})"
raceoriginoption6_response,"Counter({'': 111, ' I prefer not to answer this question': 2})"
region_response,"Counter({'West - AK, CA, CO, HI, ID, MT, NV, OR, UT, WA, WY': 27, 'Northeast - CT, DC, DE, MA, MD, ME, NH, NJ, NY, PA, RI, VT': 22, 'Midwest - IA, IL, IN, KS, MI, MN, MO, ND, NE, OH, SD, WI': 22, 'Southeast - AL, AR, FL, GA, KY, LA, MS, NC, SC, TN, VA, WV': 19, 'Southwest - AZ, NM, OK, TX': 11, '': 6, 'I live outside the United States (please specify)': 5, 'I prefer not to answer this question': 1})"
regionother_response,"Counter({'': 108, 'Jamaica, WI': 1, 'Philippines': 1, 'INDIA': 1, 'France': 1, 'New Zealand': 1})"
subject,"Counter({'68': 3, '130': 2, '113': 2, '132': 1, '131': 1, '137': 1, '136': 1, '135': 1, '24': 1, '26': 1, '27': 1, '21': 1, '22': 1, '23': 1, '28': 1, '29': 1, '8': 1, '87': 1, '120': 1, '121': 1, '122': 1, '123': 1, '124': 1, '125': 1, '126': 1, '128': 1, '129': 1, '59': 1, '55': 1, '54': 1, '57': 1, '56': 1, '51': 1, '50': 1, '53': 1, '52': 1, '115': 1, '117': 1, '89': 1, '110': 1, '83': 1, '80': 1, '81': 1, '119': 1, '118': 1, '84': 1, '85': 1, '3': 1, '7': 1, '108': 1, '109': 1, '103': 1, '106': 1, '104': 1, '105': 1, '39': 1, '38': 1, '33': 1, '32': 1, '31': 1, '37': 1, '36': 1, '35': 1, '34': 1, '86': 1, '60': 1, '61': 1, '62': 1, '63': 1, '65': 1, '67': 1, '69': 1, '6': 1, '99': 1, '98': 1, '91': 1, '90': 1, '93': 1, '92': 1, '95': 1, '94': 1, '11': 1, '10': 1, '12': 1, '15': 1, '17': 1, '19': 1, '88': 1, '48': 1, '49': 1, '46': 1, '47': 1, '44': 1, '45': 1, '42': 1, '43': 1, '40': 1, '41': 1, '5': 1, '9': 1, '77': 1, '76': 1, '75': 1, '74': 1, '72': 1, '71': 1, '70': 1, '79': 1, '78': 1})"
task_location_response,"Counter({'Home': 103, '': 6, 'Work': 3, 'Other (please specify):': 1})"
task_locationother_response,"Counter({'': 112, 'library': 1})"
