,0.0,nose
art,0.25,color
ball,0.222,color
bell,0.25,nose
bird,0.444,river
boar,0.444,color
call,0.444,color
church,0.364,color
cloud,0.6,color
cofee,0.444,nose
coffe,0.444,nose
coffee,0.4,nose
color,1.0,color
curtain,0.333,color
darden,0.364,river
desk,0.25,nose
drum,0.222,color
drumb,0.2,color
drunk,0.364,turkey
ell,0.286,nose
farmer,0.545,river
farmre,0.364,river
gardde,0.364,river
garde,0.4,river
garden,0.364,river
glasse,0.4,nose
gun,0.286,nose
hat,0.25,house
hose,0.889,house
hot,0.5,house
houe,0.889,house
house,1.0,house
iver,0.889,river
kitche,0.364,house
lamb,0.222,color
moom,0.444,color
moon,0.444,color
mount,0.4,house
nose,1.0,nose
parent,0.364,river
pencil,0.364,color
pool,0.444,color
rat,0.25,color
rive,0.889,river
river,1.0,river
room,0.25,nose
schoo,0.6,color
school,0.545,color
shoe,0.667,house
soldier,0.5,color
stove,0.444,nose
teache,0.333,turkey
towel,0.444,nose
turkey,1.0,turkey
,0.0,lamb
anger,0.25,gun
bell,0.4,pencil
bird,0.25,lamb
boar,0.25,lamb
church,1.0,church
close,0.364,pencil
cloud,0.364,pencil
desk,0.25,fish
drum,0.286,gun
fish,1.0,fish
glass,0.444,lamb
glasse,0.4,lamb
glasses,0.364,lamb
gun,1.0,gun
lamb,1.0,lamb
mont,0.286,gun
mount,0.5,gun
mountain,0.364,gun
mounti,0.444,gun
moutai,0.222,gun
owl,0.286,lamb
pen,0.667,pencil
pencil,1.0,pencil
ranger,0.222,gun
shoe,0.5,fish
shoes,0.444,fish
stock,0.222,fish
store,0.222,fish
stove,0.222,fish
towel,0.364,pencil
tusk,0.286,gun
,0.0,mouth
alarm,0.364,stream
alarms,0.333,stream
amoun,0.6,mouth
ar,0.333,door
art,0.286,door
baby,0.2,stream
bag,0.222,stream
battle,0.182,mouth
bed,0.286,door
bench,0.333,chicken
bottle,0.364,mouth
bottle\,0.333,mouth
box,0.286,door
bread,0.545,stream
bullet,0.364,mouth
car,0.286,door
case,0.364,chicken
chair,0.5,chicken
cheap,0.5,chicken
chicke,0.923,chicken
chift,0.5,chicken
corn,0.5,door
crap,0.4,stream
crown,0.4,sound
desert,0.4,door
dey,0.286,door
dish,0.25,door
doll,0.5,door
door,1.0,door
dream,0.727,stream
eat,0.444,stream
face,0.364,chicken
father,0.364,mouth
feet,0.222,mouth
food,0.5,door
fork,0.5,door
fridge,0.333,stream
goat,0.444,mouth
heart,0.364,stream
helmet,0.333,stream
horse,0.444,door
jar,0.286,door
king,0.364,chicken
kite,0.4,stream
knife,0.333,chicken
lamp,0.4,stream
land,0.444,sound
letter,0.2,door
mark,0.25,door
milk,0.364,chicken
mirror,0.4,door
mom,0.5,mouth
moth,0.889,mouth
mothe,0.8,mouth
mother,0.727,mouth
mouth,1.0,mouth
moutn,0.8,mouth
music,0.4,mouth
nail,0.222,sound
norse,0.444,door
officer,0.429,chicken
officer',0.4,chicken
paint,0.333,chicken
painter,0.286,chicken
paintin,0.286,chicken
paper,0.222,door
paste,0.545,stream
pipe,0.364,chicken
river,0.364,stream
road,0.444,sound
sailer,0.333,stream
sailor,0.4,door
sand,0.667,sound
seat,0.6,stream
sheet,0.364,stream
shield,0.462,chicken
ship,0.364,chicken
sight,0.364,stream
sky,0.25,sound
soap,0.444,sound
sock,0.444,sound
sound,1.0,sound
star,0.6,stream
strea,0.909,stream
stream,1.0,stream
strem,0.909,stream
studen,0.545,sound
studet,0.545,sound
sug,0.5,sound
sugar,0.4,sound
suger,0.4,sound
teache,0.5,stream
teeth,0.4,mouth
test,0.4,stream
toll,0.25,door
town,0.444,sound
wa,0.25,stream
wall,0.2,stream
war,0.286,door
water,0.222,door
well,0.2,stream
what,0.222,mouth
wheat,0.364,stream
,0.0,goat
bench,0.364,bullet
bottel,0.4,goat
bottle,0.5,bullet
bullet,1.0,bullet
cage,0.6,chapel
case,0.6,chapel
chapel,1.0,chapel
cheap,0.727,chapel
cjocle,0.333,bullet
cliff,0.364,chapel
clift,0.364,bullet
crab,1.0,crab
crap,0.75,crab
day,0.286,goat
door,0.25,goat
fridge,0.2,goat
goat,1.0,goat
officer,0.364,crab
paper,1.0,paper
prisonr,0.333,paper
rope,0.444,paper
sheriff,0.333,paper
ship,0.4,chapel
sky,0.0,goat
soap,0.5,goat
sock,0.25,goat
sound,0.222,goat
strem,0.222,goat
sugar,0.444,goat
suger,0.4,paper
wall,0.4,bullet
,0.0,town
apple,0.2,radio
ashe,0.4,hunter
bana,0.25,town
banan,0.222,town
banana,0.2,town
book,0.4,bucket
bucket,1.0,bucket
bus,0.444,bucket
cable,0.364,bucket
car,0.25,radio
case,0.4,bucket
chair,0.4,radio
chin,0.4,hunter
chinb,0.364,hunter
city,0.4,bucket
corn,0.5,town
cous,0.25,town
cousi,0.222,town
cousin,0.4,town
dear,0.4,hunter
deer,0.4,hunter
dog,0.5,radio
dogs,0.444,radio
doh,0.5,radio
donke,0.444,town
eart,0.4,hunter
earth,0.364,hunter
earths,0.333,hunter
enter,0.727,hunter
farm,0.222,radio
fiel;d,0.909,field
field,1.0,field
fish,0.444,field
ham,0.25,radio
han,0.444,hunter
hotel,0.545,hunter
house,0.545,hunter
huner,0.909,hunter
hunter,1.0,hunter
ield,0.889,field
jam,0.25,radio
leach,0.2,radio
money,0.444,town
oap,0.286,town
oney,0.5,town
onkey,0.444,town
orang,0.444,town
orange,0.4,town
own,0.857,town
padloc,0.545,radio
padlock,0.5,radio
pear,0.4,hunter
radio,1.0,radio
sandwi,0.545,radio
scarf,0.2,radio
scarf\,0.182,radio
scarfs,0.182,radio
school,0.2,town
shape,0.364,hunter
shelf,0.4,field
soldier,0.333,radio
space,0.364,bucket
spider,0.364,field
stair,0.4,radio
stairca,0.333,radio
stairs,0.364,radio
stairs\,0.333,radio
stais,0.4,radio
suit,0.4,hunter
suitca,0.333,hunter
suitcas,0.308,hunter
suitcase,0.429,hunter
suitecs,0.462,hunter
table,0.364,hunter
toad,0.5,town
toen,0.75,town
top,0.571,town
town,1.0,town
townr,0.889,town
towwn,0.889,town
tree,0.4,hunter
trees,0.364,hunter
uitcas,0.333,hunter
violen,0.4,town
violi,0.4,radio
violin,0.4,town
,0.0,spider
bleach,0.308,soldier
book,1.0,book
bus,0.286,book
chin,0.222,money
corn,0.444,money
dog,0.4,padlock
donke,0.6,money
donke\,0.545,money
hotel,0.4,money
money,1.0,money
monke,0.8,money
monkey,0.909,money
oad,0.4,soldier
orage,0.4,money
orang,0.4,money
orange,0.545,money
padloc,0.923,padlock
padlock,1.0,padlock
pool,0.5,book
soap,0.4,spider
soldier,1.0,soldier
spider,1.0,spider
table,0.333,soldier
toad,0.364,soldier
,0.0,milk
ailor,0.444,milk
alarm,0.364,helmet
arm,0.286,milk
baby,0.25,road
ball,0.25,milk
ban,0.286,road
beach,0.222,road
bec,0.25,music
bed,0.286,road
bexc,0.222,music
bread,0.667,road
car,0.286,road
dese,0.444,horse
desert,0.5,helmet
desrt,0.364,helmet
desser,0.364,horse
dessert,0.462,helmet
dish,0.25,milk
dog,0.286,road
doll,0.25,milk
door,0.444,horse
dsert,0.4,horse
face,0.25,road
fence,0.364,helmet
foot,0.25,road
girl,0.5,milk
hair,0.444,horse
hairs,0.6,horse
head,0.5,road
hear,0.444,horse
heard,0.444,road
heart,0.545,helmet
helm,0.8,helmet
helmat,0.833,helmet
helme,0.909,helmet
helmet,1.0,helmet
helpmet,0.923,helmet
horce,0.8,horse
hors,0.889,horse
horse,1.0,horse
house,0.8,horse
jester,0.333,helmet
ladder,0.4,road
lette,0.545,helmet
letter,0.5,helmet
m,0.4,milk
mach,0.444,music
machi,0.444,milk
machine,0.364,milk
mail,0.75,milk
mechi,0.444,milk
milk,1.0,milk
mirr,0.5,milk
mirror,0.4,milk
mothe,0.4,horse
musi,0.889,music
music,1.0,music
nail,0.5,milk
naill,0.444,milk
nails,0.444,milk
paste,0.4,horse
pipe,0.25,milk
road,1.0,road
sail,0.5,milk
sailer,0.4,milk
sailo,0.444,milk
sailor,0.4,milk
shield,0.5,helmet
soldier,0.364,road
space,0.4,music
star,0.25,road
stream,0.4,road
sugar,0.222,road
wall,0.25,milk
wheat,0.545,helmet
,0.0,shield
ar,0.8,car
ball,1.0,ball
boat,0.5,ball
car,1.0,car
cart,0.857,car
coat,0.571,car
dish,0.4,shield
doll,0.5,ball
face,0.286,pie
foot,0.2,insect
forest,0.333,insect
girl,0.4,shield
heart,0.5,car
heater,0.444,car
hill,0.6,shield
insec,0.909,insect
insect,1.0,insect
jester,0.333,insect
ladd,0.4,shield
ladde,0.364,shield
ladder,0.444,car
oat,0.333,car
paste,0.5,pie
perf,0.571,pie
perfue,0.444,pie
perfum,0.444,pie
perfume,0.4,pie
pie,1.0,pie
shied,0.909,shield
shiel,0.909,shield
shield,1.0,shield
sugar,0.5,car
tool,0.25,ball
