,0.0,drum
art,0.4,curtain
ball,0.75,bell
bell,1.0,bell
bird,0.25,drum
boar,0.25,drum
call,0.5,bell
church,0.462,curtain
cloud,0.364,coffee
cofee,0.909,coffee
coffe,0.909,coffee
coffee,1.0,coffee
color,0.545,school
curtain,1.0,curtain
darden,0.4,drum
desk,0.25,drum
drum,1.0,drum
drumb,0.889,drum
drunk,0.667,drum
ell,0.857,bell
farmer,0.4,drum
farmre,0.4,drum
gardde,0.2,drum
garde,0.222,drum
garden,0.308,curtain
glasse,0.2,bell
gun,0.4,curtain
hat,0.222,school
hose,0.4,coffee
hot,0.444,school
houe,0.4,coffee
house,0.364,coffee
iver,0.25,drum
kitche,0.333,coffee
lamb,0.25,drum
moom,0.4,school
moon,0.4,school
mount,0.333,curtain
nose,0.4,coffee
parent,0.308,curtain
pencil,0.4,bell
pool,0.6,school
rat,0.4,curtain
rive,0.364,curtain
river,0.333,curtain
room,0.5,drum
schoo,0.909,school
school,1.0,school
shoe,0.6,school
soldier,0.462,school
stove,0.364,coffee
teache,0.333,coffee
towel,0.444,bell
turkey,0.308,curtain
,0.0,desk
anger,0.909,ranger
bell,0.25,desk
bird,1.0,bird
boar,0.5,bird
church,0.2,bird
close,0.444,shoe
cloud,0.222,desk
desk,1.0,desk
drum,0.25,desk
fish,0.5,shoe
glass,0.222,desk
glasse,0.4,shoe
glasses,0.364,desk
gun,0.222,ranger
lamb,0.25,bird
mont,0.25,shoe
mount,0.222,shoe
mountain,0.167,bird
mounti,0.2,bird
moutai,0.2,bird
owl,0.286,shoe
pen,0.286,desk
pencil,0.2,desk
ranger,1.0,ranger
shoe,1.0,shoe
shoes,0.889,shoe
stock,0.6,stove
store,0.8,stove
stove,1.0,stove
towel,0.6,stove
tusk,0.5,desk
,0.0,pipe
alarm,1.0,alarm
alarms,0.909,alarm
amoun,0.4,alarm
ar,0.571,alarm
art,0.5,alarm
baby,0.25,wall
bag,0.286,wall
battle,0.4,wall
bed,0.286,pipe
bench,0.333,student
bottle,0.308,student
bottle\,0.286,student
box,0.0,pipe
bread,0.222,pipe
bullet,0.462,student
car,0.5,alarm
case,0.364,student
chair,0.4,alarm
cheap,0.222,pipe
chicke,0.4,pipe
chift,0.222,pipe
corn,0.222,alarm
crap,0.25,pipe
crown,0.222,wall
desert,0.462,student
dey,0.4,student
dish,0.25,pipe
doll,0.5,wall
door,0.222,alarm
dream,0.4,alarm
eat,0.4,student
face,0.25,pipe
father,0.364,alarm
feet,0.364,student
food,0.182,student
fork,0.222,alarm
fridge,0.4,pipe
goat,0.444,sugar
heart,0.4,alarm
helmet,0.364,alarm
horse,0.333,student
jar,0.5,alarm
king,0.25,pipe
kite,0.5,pipe
knife,0.444,pipe
lamp,0.667,alarm
land,0.444,alarm
letter,0.364,alarm
mark,0.444,alarm
milk,0.25,pipe
mirror,0.2,pipe
mom,0.25,alarm
moth,0.222,alarm
mothe,0.333,student
mother,0.308,student
mouth,0.333,student
moutn,0.333,student
music,0.222,pipe
nail,0.5,wall
norse,0.222,pipe
officer,0.364,pipe
officer',0.333,pipe
paint,0.444,pipe
painter,0.545,pipe
paintin,0.364,pipe
paper,0.667,pipe
paste,0.5,student
pipe,1.0,pipe
river,0.444,pipe
road,0.25,wall
sailer,0.545,alarm
sailor,0.545,alarm
sand,0.444,sugar
seat,0.545,student
sheet,0.5,student
shield,0.4,pipe
ship,0.5,pipe
sight,0.4,sugar
sky,0.25,sugar
soap,0.444,sugar
sock,0.222,sugar
sound,0.5,student
star,0.667,sugar
strea,0.5,student
stream,0.462,student
strem,0.5,student
studen,0.923,student
studet,0.923,student
sug,0.75,sugar
sugar,1.0,sugar
suger,0.8,sugar
teache,0.308,student
teeth,0.5,student
test,0.364,student
toll,0.5,wall
town,0.364,student
wa,0.667,wall
wall,1.0,wall
war,0.571,wall
water,0.444,wall
well,0.75,wall
what,0.5,wall
wheat,0.444,wall
,0.0,bench
bench,1.0,bench
bottel,0.364,bench
bottle,0.364,bench
bullet,0.364,bench
cage,1.0,cage
case,0.75,cage
chapel,0.6,cage
cheap,0.444,cage
cjocle,0.4,cage
cliff,0.333,officer
clift,0.222,cage
crab,0.5,cage
crap,0.5,cage
day,0.286,cage
door,0.364,officer
fridge,1.0,fridge
goat,0.25,cage
officer,1.0,officer
paper,0.444,cage
prisonr,0.364,sock
rope,0.4,fridge
sheriff,0.308,fridge
ship,0.25,sock
sky,0.571,sock
soap,0.5,sock
sock,1.0,sock
sound,0.444,sock
strem,0.364,fridge
sugar,0.222,cage
suger,0.444,cage
wall,0.25,cage
,0.0,violin
apple,0.308,suitcase
ashe,0.5,suitcase
bana,0.286,ham
banan,0.25,ham
banana,0.222,ham
book,0.2,violin
bucket,0.429,suitcase
bus,0.364,suitcase
cable,0.462,suitcase
car,0.75,scarf
case,0.667,suitcase
chair,0.6,scarf
chin,0.4,violin
chinb,0.364,violin
city,0.333,suitcase
corn,0.444,scarf
cous,0.333,suitcase
cousi,0.364,violin
cousin,0.5,violin
dear,0.444,scarf
deer,0.5,tree
dog,0.222,violin
dogs,0.222,scarf
doh,0.333,ham
donke,0.364,violin
eart,0.444,scarf
earth,0.4,scarf
earths,0.364,scarf
enter,0.444,tree
farm,0.571,ham
fiel;d,0.333,violin
field,0.364,violin
fish,0.333,suitcase
ham,1.0,ham
han,0.667,ham
hotel,0.444,tree
house,0.462,suitcase
huner,0.308,suitcase
hunter,0.429,suitcase
ield,0.4,violin
jam,0.667,ham
leach,0.25,ham
money,0.364,violin
oap,0.333,ham
oney,0.4,violin
onkey,0.364,violin
orang,0.364,violin
orange,0.4,tree
own,0.444,violin
padloc,0.222,ham
padlock,0.2,ham
pear,0.444,scarf
radio,0.364,violin
sandwi,0.364,scarf
scarf,1.0,scarf
scarf\,0.909,scarf
scarfs,0.909,scarf
school,0.364,scarf
shape,0.5,ham
shelf,0.4,scarf
soldier,0.462,violin
space,0.462,suitcase
spider,0.429,suitcase
stair,0.6,scarf
stairca,0.533,suitcase
stairs,0.571,suitcase
stairs\,0.533,suitcase
stais,0.615,suitcase
suit,0.667,suitcase
suitca,0.857,suitcase
suitcas,0.933,suitcase
suitcase,1.0,suitcase
suitecs,0.667,suitcase
table,0.462,suitcase
toad,0.333,suitcase
toen,0.5,tree
top,0.286,tree
town,0.4,violin
townr,0.444,tree
towwn,0.364,violin
tree,1.0,tree
trees,0.889,tree
uitcas,0.857,suitcase
violen,0.833,violin
violi,0.909,violin
violin,1.0,violin
,0.0,orange
bleach,0.545,table
book,0.286,bus
bus,1.0,bus
chin,0.5,corn
corn,1.0,corn
dog,0.444,orange
donke,0.545,orange
donke\,0.5,orange
hotel,0.4,table
money,0.545,orange
monke,0.545,orange
monkey,0.5,orange
oad,0.857,toad
orage,0.909,orange
orang,0.909,orange
orange,1.0,orange
padloc,0.4,toad
padlock,0.364,toad
pool,0.25,toad
soap,0.5,toad
soldier,0.364,toad
spider,0.222,bus
table,1.0,table
toad,1.0,toad
,0.0,doll
ailor,0.909,sailor
alarm,0.545,sailor
arm,0.5,heart
baby,0.25,nail
ball,0.5,doll
ban,0.286,nail
beach,0.4,heart
bec,0.25,heart
bed,0.286,doll
bexc,0.222,heart
bread,0.4,heart
car,0.5,heart
dese,0.25,doll
desert,0.545,heart
desrt,0.6,heart
desser,0.364,heart
dessert,0.5,heart
dish,0.25,doll
dog,0.571,doll
doll,1.0,doll
door,0.5,doll
dsert,0.6,heart
face,0.25,nail
fence,0.222,nail
foot,0.25,doll
girl,0.5,nail
hair,0.667,heart
hairs,0.6,heart
head,0.667,heart
hear,0.889,heart
heard,0.8,heart
heart,1.0,heart
helm,0.444,heart
helmat,0.727,heart
helme,0.4,heart
helmet,0.545,heart
helpmet,0.5,heart
horce,0.4,heart
hors,0.444,heart
horse,0.4,heart
house,0.4,heart
jester,0.364,heart
ladder,0.364,heart
lette,0.4,heart
letter,0.364,heart
m,0.286,mirror
mach,0.25,nail
machi,0.444,nail
machine,0.364,nail
mail,0.75,nail
mechi,0.364,mirror
milk,0.5,nail
mirr,0.8,mirror
mirror,1.0,mirror
mothe,0.4,heart
musi,0.4,mirror
music,0.364,mirror
nail,1.0,nail
naill,0.889,nail
nails,0.889,nail
paste,0.4,heart
pipe,0.25,nail
road,0.4,mirror
sail,0.8,sailor
sailer,0.833,sailor
sailo,0.909,sailor
sailor,1.0,sailor
shield,0.5,sailor
soldier,0.462,sailor
space,0.364,sailor
star,0.6,sailor
stream,0.364,heart
sugar,0.545,sailor
wall,0.5,doll
wheat,0.8,heart
,0.0,dish
ar,0.333,coat
ball,0.5,hill
boat,0.75,coat
car,0.571,coat
cart,0.75,coat
coat,1.0,coat
dish,1.0,dish
doll,0.5,hill
face,0.25,coat
foot,0.5,coat
forest,0.5,jester
girl,0.5,hill
heart,0.444,coat
heater,0.667,jester
hill,1.0,hill
insec,0.444,dish
insect,0.4,dish
jester,1.0,jester
ladd,0.25,dish
ladde,0.222,dish
ladder,0.333,jester
oat,0.857,coat
paste,0.545,jester
perf,0.4,jester
perfue,0.333,jester
perfum,0.333,jester
perfume,0.308,jester
pie,0.286,dish
shied,0.444,dish
shiel,0.667,hill
shield,0.6,hill
sugar,0.364,jester
tool,1.0,tool
