,0.0,drum
art,0.667,parent
ball,0.75,bell
bell,1.0,bell
bird,0.444,river
boar,0.444,color
call,0.5,bell
church,0.462,curtain
cloud,0.6,color
cofee,0.909,coffee
coffe,0.909,coffee
coffee,1.0,coffee
color,1.0,color
curtain,1.0,curtain
darden,0.833,garden
desk,0.4,garden
drum,1.0,drum
drumb,0.889,drum
drunk,0.667,drum
ell,0.857,bell
farmer,1.0,farmer
farmre,0.833,farmer
gardde,0.833,garden
garde,0.909,garden
garden,1.0,garden
glasse,0.5,garden
gun,0.444,garden
hat,1.0,hat
hose,0.889,house
hot,0.667,hat
houe,0.889,house
house,1.0,house
iver,0.889,river
kitche,0.364,house
lamb,0.4,farmer
moom,0.75,moon
moon,1.0,moon
mount,0.667,moon
nose,1.0,nose
parent,1.0,parent
pencil,0.5,parent
pool,0.6,school
rat,0.667,hat
rive,0.889,river
river,1.0,river
room,0.5,drum
schoo,0.909,school
school,1.0,school
shoe,0.667,house
soldier,0.5,color
stove,0.444,nose
teache,0.333,coffee
towel,0.444,bell
turkey,1.0,turkey
,0.0,desk
anger,0.909,ranger
bell,0.444,towel
bird,1.0,bird
boar,1.0,boar
church,1.0,church
close,0.6,cloud
cloud,1.0,cloud
desk,1.0,desk
drum,0.286,gun
fish,1.0,fish
glass,0.833,glasses
glasse,0.923,glasses
glasses,1.0,glasses
gun,1.0,gun
lamb,1.0,lamb
mont,0.667,mountain
mount,0.769,mountain
mountain,1.0,mountain
mounti,0.857,mountain
moutai,0.857,mountain
owl,0.75,towel
pen,0.667,pencil
pencil,1.0,pencil
ranger,1.0,ranger
shoe,1.0,shoe
shoes,0.889,shoe
stock,0.6,stove
store,0.8,stove
stove,1.0,stove
towel,1.0,towel
tusk,0.5,desk
,0.0,pipe
alarm,1.0,alarm
alarms,0.909,alarm
amoun,0.6,mouth
ar,0.667,star
art,0.571,star
baby,0.571,bag
bag,1.0,bag
battle,0.444,bag
bed,0.333,bag
bench,0.333,student
bottle,0.5,mother
bottle\,0.462,mother
box,0.333,bag
bread,0.545,stream
bullet,0.462,student
car,0.571,star
case,0.364,student
chair,0.5,chicken
cheap,0.6,wheat
chicke,0.923,chicken
chift,0.5,chicken
corn,0.5,door
crap,0.4,stream
crown,0.4,sound
desert,0.462,student
dey,0.4,student
dish,0.25,pipe
doll,0.5,wall
door,1.0,door
dream,0.727,stream
eat,0.75,wheat
face,0.364,chicken
father,0.667,mother
feet,0.444,wheat
food,0.5,door
fork,0.5,door
fridge,0.4,pipe
goat,0.444,sugar
heart,0.8,wheat
helmet,0.545,wheat
horse,0.444,door
jar,0.571,star
king,0.5,painting
kite,0.5,pipe
knife,0.444,pipe
lamp,0.667,alarm
land,0.444,alarm
letter,0.5,mother
mark,0.5,star
milk,0.364,chicken
mirror,0.4,door
mom,0.5,mouth
moth,0.889,mouth
mothe,0.909,mother
mother,1.0,mother
mouth,1.0,mouth
moutn,0.8,mouth
music,0.4,mouth
nail,0.5,wall
norse,0.444,door
officer,0.462,mother
officer',0.429,mother
paint,0.769,painting
painter,0.667,painting
paintin,0.933,painting
paper,0.667,pipe
paste,0.545,stream
pipe,1.0,pipe
river,0.444,pipe
road,0.444,sound
sailer,0.6,star
sailor,0.6,star
sand,0.667,sound
seat,0.667,wheat
sheet,0.6,wheat
shield,0.462,chicken
ship,0.5,pipe
sight,0.444,star
sky,0.286,star
soap,0.5,star
sock,0.444,sound
sound,1.0,sound
star,1.0,star
strea,0.909,stream
stream,1.0,stream
strem,0.909,stream
studen,0.923,student
studet,0.923,student
sug,0.75,sugar
sugar,1.0,sugar
suger,0.8,sugar
teache,0.5,mother
teeth,0.5,student
test,0.5,star
toll,0.5,wall
town,0.444,sound
wa,0.667,wall
wall,1.0,wall
war,0.571,wall
water,0.6,wheat
well,0.75,wall
what,0.889,wheat
wheat,1.0,wheat
,0.0,bench
bench,1.0,bench
bottel,0.833,bottle
bottle,1.0,bottle
bullet,1.0,bullet
cage,1.0,cage
case,0.75,cage
chapel,1.0,chapel
cheap,0.727,chapel
cjocle,0.5,bottle
cliff,1.0,cliff
clift,0.8,cliff
crab,1.0,crab
crap,0.75,crab
day,0.333,sky
door,0.364,officer
fridge,1.0,fridge
goat,1.0,goat
officer,1.0,officer
paper,1.0,paper
prisonr,0.364,sock
rope,0.5,soap
sheriff,0.545,ship
ship,1.0,ship
sky,1.0,sky
soap,1.0,soap
sock,1.0,sock
sound,0.444,sock
strem,0.364,fridge
sugar,0.444,soap
suger,0.444,cage
wall,0.4,bullet
,0.0,violin
apple,0.308,suitcase
ashe,0.5,suitcase
bana,0.8,banana
banan,0.909,banana
banana,1.0,banana
book,0.4,bucket
bucket,1.0,bucket
bus,0.444,cousin
cable,0.462,suitcase
car,0.75,scarf
case,0.667,suitcase
chair,0.6,scarf
chin,0.6,cousin
chinb,0.545,cousin
city,0.4,cousin
corn,0.6,cousin
cous,0.8,cousin
cousi,0.909,cousin
cousin,1.0,cousin
dear,0.667,earth
deer,0.5,tree
dog,1.0,dog
dogs,0.857,dog
doh,0.667,dog
donke,0.5,dog
eart,0.889,earth
earth,1.0,earth
earths,0.909,earth
enter,0.727,hunter
farm,0.571,ham
fiel;d,0.909,field
field,1.0,field
fish,0.444,field
ham,1.0,ham
han,0.667,ham
hotel,0.545,hunter
house,0.545,cousin
huner,0.909,hunter
hunter,1.0,hunter
ield,0.889,field
jam,0.667,ham
leach,0.6,earth
money,0.444,town
oap,0.333,ham
oney,0.5,town
onkey,0.444,town
orang,0.5,dog
orange,0.444,dog
own,0.857,town
padloc,0.545,radio
padlock,0.5,radio
pear,0.667,earth
radio,1.0,radio
sandwi,0.545,radio
scarf,1.0,scarf
scarf\,0.909,scarf
scarfs,0.909,scarf
school,0.364,scarf
shape,0.5,ham
shelf,0.4,scarf
soldier,0.462,violin
space,0.462,suitcase
spider,0.5,stairs
stair,0.909,stairs
stairca,0.769,stairs
stairs,1.0,stairs
stairs\,0.923,stairs
stais,0.909,stairs
suit,0.667,suitcase
suitca,0.857,suitcase
suitcas,0.933,suitcase
suitcase,1.0,suitcase
suitecs,0.667,suitcase
table,0.462,suitcase
toad,0.5,town
toen,0.75,town
top,0.571,town
town,1.0,town
townr,0.889,town
towwn,0.889,town
tree,1.0,tree
trees,0.889,tree
uitcas,0.857,suitcase
violen,0.833,violin
violi,0.909,violin
violin,1.0,violin
,0.0,orange
bleach,1.0,bleach
book,1.0,book
bus,1.0,bus
chin,1.0,chin
corn,1.0,corn
dog,0.444,orange
donke,0.909,donkey
donke\,0.833,donkey
hotel,1.0,hotel
money,1.0,money
monke,0.8,money
monkey,0.909,money
oad,0.857,toad
orage,0.909,orange
orang,0.909,orange
orange,1.0,orange
padloc,0.923,padlock
padlock,1.0,padlock
pool,0.5,book
soap,1.0,soap
soldier,1.0,soldier
spider,1.0,spider
table,1.0,table
toad,1.0,toad
,0.0,doll
ailor,0.909,sailor
alarm,0.545,sailor
arm,0.5,heart
baby,0.286,bed
ball,0.5,doll
ban,0.4,machine
beach,0.5,bed
bec,0.667,bed
bed,1.0,bed
bexc,0.571,bed
bread,0.75,bed
car,0.5,heart
dese,0.8,desert
desert,1.0,desert
desrt,0.909,desert
desser,0.833,desert
dessert,0.923,desert
dish,0.4,desert
dog,0.571,doll
doll,1.0,doll
door,0.5,doll
dsert,0.909,desert
face,1.0,face
fence,0.667,face
foot,0.25,doll
girl,0.5,nail
hair,0.667,heart
hairs,0.6,heart
head,0.667,heart
hear,0.889,heart
heard,0.8,heart
heart,1.0,heart
helm,0.8,helmet
helmat,0.833,helmet
helme,0.909,helmet
helmet,1.0,helmet
helpmet,0.923,helmet
horce,0.8,horse
hors,0.889,horse
horse,1.0,horse
house,0.8,horse
jester,0.667,desert
ladder,0.5,desert
lette,0.909,letter
letter,1.0,letter
m,0.4,milk
mach,0.727,machine
machi,0.833,machine
machine,1.0,machine
mail,0.75,nail
mechi,0.667,machine
milk,1.0,milk
mirr,0.8,mirror
mirror,1.0,mirror
mothe,0.5,machine
musi,0.889,music
music,1.0,music
nail,1.0,nail
naill,0.889,nail
nails,0.889,nail
paste,0.444,face
pipe,0.364,machine
road,1.0,road
sail,0.8,sailor
sailer,0.833,sailor
sailo,0.909,sailor
sailor,1.0,sailor
shield,0.5,sailor
soldier,0.462,sailor
space,0.667,face
star,0.6,sailor
stream,0.4,road
sugar,0.545,sailor
wall,0.5,doll
wheat,0.8,heart
,0.0,dish
ar,0.8,car
ball,1.0,ball
boat,0.75,coat
car,1.0,car
cart,0.857,car
coat,1.0,coat
dish,1.0,dish
doll,0.5,hill
face,0.4,forest
foot,1.0,foot
forest,1.0,forest
girl,1.0,girl
heart,0.5,car
heater,0.667,jester
hill,1.0,hill
insec,0.909,insect
insect,1.0,insect
jester,1.0,jester
ladd,0.8,ladder
ladde,0.909,ladder
ladder,1.0,ladder
oat,0.857,coat
paste,0.545,jester
perf,0.727,perfume
perfue,0.923,perfume
perfum,0.923,perfume
perfume,1.0,perfume
pie,1.0,pie
shied,0.909,shield
shiel,0.909,shield
shield,1.0,shield
sugar,0.5,car
tool,1.0,tool
