,0.0,drum
be,0.667,bell
bel,0.857,bell
bell,1.0,bell
belt,0.75,bell
boat,0.571,hat
boot,0.5,moon
coffee,1.0,coffee
color,1.0,color
curatin,0.857,curtain
curtain,1.0,curtain
cutain,0.923,curtain
desk,0.4,garden
dru,0.857,drum
drum,1.0,drum
dum,0.857,drum
ellc,0.75,bell
famer,0.909,farmer
famrer,0.833,farmer
farm,0.8,farmer
farmen,0.833,farmer
farmer,1.0,farmer
fish,0.4,school
garden,1.0,garden
glasses,0.462,garden
gun,0.444,garden
hat,1.0,hat
houes,0.8,house
house,1.0,house
huse,0.889,house
mon,0.857,moon
moon,1.0,moon
nose,1.0,nose
nse,0.857,nose
paarent,0.923,parent
parent,1.0,parent
parents,0.923,parent
pencil,0.5,parent
pepper,0.364,river
pool,0.6,school
river,1.0,river
rock,0.4,turkey
rose,0.75,nose
schoo;,0.833,school
school,1.0,school
schools,0.923,school
shoe,0.667,house
sky,0.444,turkey
stove,0.444,nose
summer,0.5,farmer
teacher,0.462,farmer
tuekey,0.833,turkey
turker,0.833,turkey
turkey,1.0,turkey
urtain,0.923,curtain
women,0.444,moon
,0.0,desk
bird,1.0,bird
boar,1.0,boar
church,1.0,church
cloud,1.0,cloud
desk,1.0,desk
fish,1.0,fish
glasses,1.0,glasses
gun,1.0,gun
heard,0.444,bird
hoe,0.857,shoe
lamb,1.0,lamb
mountain,1.0,mountain
pencil,1.0,pencil
ranger,1.0,ranger
shoe,1.0,shoe
stove,1.0,stove
towel,1.0,towel
,0.0,pipe
alam,0.889,alarm
alarm,1.0,alarm
alarm',0.909,alarm
alert,0.6,alarm
audio,0.444,door
bag,1.0,bag
blood,0.444,door
blue,0.364,student
bottle,0.5,mother
bullet,0.462,student
cage,0.571,bag
candy,0.4,sound
chapel,0.462,chicken
cheacen,0.714,chicken
chicke,0.923,chicken
chicken,1.0,chicken
chjicken,0.933,chicken
cliff,0.333,chicken
clock,0.5,chicken
crab,0.4,stream
ctrl+'q',0.333,star
day,0.333,bag
dog,0.571,door
door,1.0,door
door stream,0.706,stream
dream,0.727,stream
easy,0.444,wheat
enter,0.545,mother
finish,0.429,painting
fridge,0.4,pipe
goat,0.444,sugar
goat ship,0.429,mouth
happy,0.444,pipe
jar,0.571,star
kind,0.444,sound
larm,0.889,alarm
light,0.4,wheat
listen,0.615,student
machine,0.571,chicken
maste,0.545,mother
mirror,0.4,door
motheer,0.923,mother
mother,1.0,mother
mother'star,0.706,mother
mountain,0.615,mouth
mouth,1.0,mouth
mouth star,0.667,mouth
mouth',0.909,mouth
mouth'strea,0.625,mouth
mouther,0.923,mother
music,0.4,mouth
office,0.462,chicken
officer,0.462,mother
paingint,0.75,painting
paint,0.769,painting
paintin,0.933,painting
painting,1.0,painting
paper,0.667,pipe
paster,0.6,star
patinting,0.941,painting
peal,0.5,pipe
pell,0.5,pipe
pipe,1.0,pipe
pipewall,0.667,pipe
police,0.6,pipe
season,0.545,sound
sky,0.286,star
soap,0.5,star
sock,0.444,sound
soun,0.889,sound
sound,1.0,sound
sounds,0.909,sound
soup,0.667,sound
st,0.667,star
sta,0.857,star
stand,0.667,star
star,1.0,star
start,0.889,star
steam,0.909,stream
steram,0.833,stream
stident,0.857,student
storm,0.727,stream
stream,1.0,stream
student,1.0,student
student\,0.933,student
studet,0.923,student
studnet,0.857,student
sugar,1.0,sugar
sytream,0.923,stream
teacher,0.615,mother
throat,0.545,wheat
vibrate,0.4,bag
waiting,0.8,painting
wall,1.0,wall
wall',0.889,wall
wall\,0.889,wall
want,0.667,wheat
water,0.6,wheat
what,0.889,wheat
whear,0.8,wheat
wheat,1.0,wheat
wire,0.5,pipe
work,0.5,door
wound,0.8,sound
cheacekn,0.5,chicken
,0.0,bench
alarm,0.4,paper
badge,0.667,cage
bag,0.571,cage
bech,0.889,bench
bench,1.0,bench
boat,0.75,goat
bottle,1.0,bottle
bridge,0.833,fridge
bulle,0.909,bullet
bullet,1.0,bullet
bullets,0.923,bullet
cage,1.0,cage
chapel,1.0,chapel
chappel,0.923,chapel
cliff,1.0,cliff
clip,0.667,cliff
crab,1.0,crab
fridge,1.0,fridge
gag,0.571,cage
goat,1.0,goat
god,0.571,goat
gun,0.286,cage
mother,0.5,bottle
office,0.923,officer
officer,1.0,officer
paper,1.0,paper
pipe,0.667,paper
police,0.615,officer
prisoner,0.462,paper
refrigerator,0.556,fridge
ship,1.0,ship
sky,1.0,sky
soap,1.0,soap
sock,1.0,sock
socks,0.889,sock
stream,0.4,soap
,0.0,violin
art,0.75,earth
banana,1.0,banana
banana town radio,0.522,banana
banna,0.909,banana
bed,0.5,field
bicycle,0.462,bucket
bleach,0.545,earth
breas,0.444,tree
brother,0.5,earth
bucket,1.0,bucket
budcket,0.923,bucket
bukcet,0.833,bucket
carf,0.889,scarf
cousi,0.909,cousin
cousin,1.0,cousin
cousins,0.923,cousin
cussin,0.833,cousin
dog,1.0,dog
earch,0.8,earth
earth,1.0,earth
earth r\,0.769,earth
earthb,0.909,earth
fied,0.889,field
field,1.0,field
ham,1.0,ham
ham',0.857,ham
hamm,0.857,ham
hammer,0.667,ham
hunger,0.833,hunter
hunter,1.0,hunter
hunter',0.923,hunter
hunting,0.615,hunter
orange,0.444,dog
ousin,0.909,cousin
padlock,0.5,radio
pig,0.333,dog
raadio,0.909,radio
radi,0.889,radio
radio,1.0,radio
ring,0.444,radio
saw,0.5,scarf
scar,0.889,scarf
scarf,1.0,scarf
scarf',0.909,scarf
scarft,0.909,scarf
scart,0.8,scarf
shoe,0.4,hunter
soap,0.444,scarf
soldier,0.462,violin
stair,0.909,stairs
staircase,0.8,stairs
stairs,1.0,stairs
suitcase,1.0,suitcase
towm,0.75,town
town,1.0,town
tre,0.857,tree
tree,1.0,tree
tree ham,0.667,tree
tree suitcase,0.762,suitcase
ucket,0.909,bucket
vioin,0.909,violin
violin,1.0,violin
violin',0.923,violin
violine,0.923,violin
violio,0.833,violin
voilet,0.5,violin
,0.0,orange
bleach,1.0,bleach
book,1.0,book
book spider,0.706,spider
bus,1.0,bus
chin,1.0,chin
coap,0.75,soap
corn,1.0,corn
donkey,1.0,donkey
hotel,1.0,hotel
money,1.0,money
monkey,0.909,money
orange,1.0,orange
padloack,0.933,padlock
padlock,1.0,padlock
soap,1.0,soap
soap',0.889,soap
soilder,0.857,soldier
soldier,1.0,soldier
spider,1.0,spider
table,1.0,table
toad,1.0,toad
tree,0.444,table
water,0.4,table
,0.0,doll
apartment,0.429,heart
bed,1.0,bed
bread,0.75,bed
children,0.533,machine
color,0.545,sailor
desert,1.0,desert
desrt,0.909,desert
dessert,0.923,desert
dog,0.571,doll
doll,1.0,doll
doll',0.889,doll
dress,0.545,desert
face,1.0,face
face\,0.889,face
facew,0.889,face
girl,0.5,nail
hair,0.667,heart
head,0.667,heart
heart,1.0,heart
helment,0.923,helmet
helmet,1.0,helmet
helmut,0.833,helmet
hemet,0.909,helmet
herat,0.8,heart
hill,0.5,doll
horse,1.0,horse
horseroad,0.714,horse
horsw,0.8,horse
house,0.8,horse
hrelmet,0.923,helmet
letter,1.0,letter
machine,1.0,machine
mail,0.75,nail
mailman,0.571,machine
milk,1.0,milk
milke,0.889,milk
mirroe,0.833,mirror
mirror,1.0,mirror
music,1.0,music
music',0.909,music
musidc,0.909,music
musiv,0.8,music
nail,1.0,nail
river,0.4,horse
road,1.0,road
rod,0.857,road
sailer,0.833,sailor
sailor,1.0,sailor
saloir,0.833,sailor
snail,0.889,nail
snak,0.5,nail
snake,0.444,nail
soldier,0.462,sailor
solider,0.462,sailor
stamp,0.364,sailor
street,0.5,helmet
tool,0.5,doll
tree,0.444,horse
,0.0,dish
ball,1.0,ball
bug,0.286,girl
car,1.0,car
climb,0.25,pie
coat,1.0,coat
dill,0.75,hill
dish,1.0,dish
feet,0.6,forest
foot,1.0,foot
forest,1.0,forest
girl,1.0,girl
hill,1.0,hill
ice,0.667,pie
insect,1.0,insect
jester,1.0,jester
jesture,0.769,jester
ladder,1.0,ladder
perfume,1.0,perfume
pie,1.0,pie
sheild,0.833,shield
shield,1.0,shield
shirld,0.833,shield
tool,1.0,tool
