,0.0,nose
be,0.333,nose
bel,0.286,nose
bell,0.25,nose
belt,0.25,nose
boat,0.25,nose
boot,0.444,color
coffee,0.4,nose
color,1.0,color
curatin,0.333,color
curtain,0.333,color
cutain,0.2,nose
desk,0.25,nose
dru,0.25,color
drum,0.222,color
dum,0.25,house
ellc,0.25,nose
famer,0.4,river
famrer,0.545,river
farm,0.222,color
farmen,0.364,river
farmer,0.545,river
fish,0.25,nose
garden,0.364,river
glasses,0.364,nose
gun,0.286,nose
hat,0.25,house
houes,0.8,house
house,1.0,house
huse,0.889,house
mon,0.286,nose
moon,0.444,color
nose,1.0,nose
nse,0.857,nose
paarent,0.333,river
parent,0.364,river
parents,0.333,river
pencil,0.364,color
pepper,0.364,river
pool,0.444,color
river,1.0,river
rock,0.4,turkey
rose,0.75,nose
schoo;,0.545,color
school,0.545,color
schools,0.5,color
shoe,0.667,house
sky,0.444,turkey
stove,0.444,nose
summer,0.4,nose
teacher,0.333,color
tuekey,0.833,turkey
turker,0.833,turkey
turkey,1.0,turkey
urtain,0.364,river
women,0.444,nose
,0.0,lamb
bird,0.25,lamb
boar,0.25,lamb
church,1.0,church
cloud,0.364,pencil
desk,0.25,fish
fish,1.0,fish
glasses,0.364,lamb
gun,1.0,gun
heard,0.364,church
hoe,0.286,fish
lamb,1.0,lamb
mountain,0.364,gun
pencil,1.0,pencil
ranger,0.222,gun
shoe,0.5,fish
stove,0.222,fish
towel,0.364,pencil
,0.0,mouth
alam,0.4,stream
alarm,0.364,stream
alarm',0.333,stream
alert,0.222,door
audio,0.444,door
bag,0.222,stream
blood,0.444,door
blue,0.222,mouth
bottle,0.364,mouth
bullet,0.364,mouth
cage,0.364,chicken
candy,0.4,sound
chapel,0.462,chicken
cheacen,0.714,chicken
chicke,0.923,chicken
chicken,1.0,chicken
chjicken,0.933,chicken
cliff,0.333,chicken
clock,0.5,chicken
crab,0.4,stream
ctrl+'q',0.286,stream
day,0.286,door
dog,0.571,door
door,1.0,door
door stream,0.706,stream
dream,0.727,stream
easy,0.4,stream
enter,0.333,chicken
finish,0.308,chicken
fridge,0.333,stream
goat,0.444,mouth
goat ship,0.429,mouth
happy,0.2,mouth
jar,0.286,door
kind,0.444,sound
larm,0.4,stream
light,0.2,mouth
listen,0.5,stream
machine,0.571,chicken
maste,0.545,stream
mirror,0.4,door
motheer,0.667,mouth
mother,0.727,mouth
mother'star,0.5,mouth
mountain,0.615,mouth
mouth,1.0,mouth
mouth star,0.667,mouth
mouth',0.909,mouth
mouth'strea,0.625,mouth
mouther,0.833,mouth
music,0.4,mouth
office,0.462,chicken
officer,0.429,chicken
paingint,0.267,chicken
paint,0.333,chicken
paintin,0.286,chicken
painting,0.267,chicken
paper,0.222,door
paster,0.5,stream
patinting,0.25,chicken
peal,0.4,stream
pell,0.2,stream
pipe,0.364,chicken
pipewall,0.286,stream
police,0.462,chicken
season,0.545,sound
sky,0.25,sound
soap,0.444,sound
sock,0.444,sound
soun,0.889,sound
sound,1.0,sound
sounds,0.909,sound
soup,0.667,sound
st,0.5,stream
sta,0.667,stream
stand,0.6,sound
star,0.6,stream
start,0.545,stream
steam,0.909,stream
steram,0.833,stream
stident,0.462,stream
storm,0.727,stream
stream,1.0,stream
student,0.5,sound
student\,0.462,sound
studet,0.545,sound
studnet,0.5,sound
sugar,0.4,sound
sytream,0.923,stream
teacher,0.462,stream
throat,0.5,stream
vibrate,0.308,stream
waiting,0.286,chicken
wall,0.2,stream
wall',0.182,stream
wall\,0.182,stream
want,0.222,mouth
water,0.222,door
what,0.222,mouth
whear,0.364,stream
wheat,0.364,stream
wire,0.4,stream
work,0.5,door
wound,0.8,sound
cheacekn,0.5,chicken
,0.0,goat
alarm,0.4,paper
badge,0.4,paper
bag,0.286,goat
bech,0.4,bullet
bench,0.364,bullet
boat,0.75,goat
bottle,0.5,bullet
bridge,0.333,bullet
bulle,0.909,bullet
bullet,1.0,bullet
bullets,0.923,bullet
cage,0.6,chapel
chapel,1.0,chapel
chappel,0.923,chapel
cliff,0.364,chapel
clip,0.4,chapel
crab,1.0,crab
fridge,0.2,goat
gag,0.571,goat
goat,1.0,goat
god,0.571,goat
gun,0.286,goat
mother,0.4,goat
office,0.333,chapel
officer,0.364,crab
paper,1.0,paper
pipe,0.667,paper
police,0.364,paper
prisoner,0.462,paper
refrigerator,0.375,goat
ship,0.4,chapel
sky,0.0,goat
soap,0.5,goat
sock,0.25,goat
socks,0.222,goat
stream,0.4,crab
,0.0,town
art,0.286,town
banana,0.2,town
banana town radio,0.455,radio
banna,0.222,town
bed,0.5,field
bicycle,0.462,bucket
bleach,0.333,bucket
breas,0.4,radio
brother,0.462,hunter
bucket,1.0,bucket
budcket,0.923,bucket
bukcet,0.833,bucket
carf,0.222,radio
cousi,0.222,town
cousin,0.4,town
cousins,0.364,town
cussin,0.333,hunter
dog,0.5,radio
earch,0.364,hunter
earth,0.364,hunter
earth r\,0.286,hunter
earthb,0.333,hunter
fied,0.889,field
field,1.0,field
ham,0.25,radio
ham',0.222,radio
hamm,0.222,radio
hammer,0.5,hunter
hunger,0.833,hunter
hunter,1.0,hunter
hunter',0.923,hunter
hunting,0.615,hunter
orange,0.4,town
ousin,0.444,town
padlock,0.5,radio
pig,0.25,radio
raadio,0.909,radio
radi,0.889,radio
radio,1.0,radio
ring,0.444,radio
saw,0.286,town
scar,0.222,radio
scarf,0.2,radio
scarf',0.182,radio
scarft,0.333,bucket
scart,0.364,bucket
shoe,0.4,hunter
soap,0.25,town
soldier,0.333,radio
stair,0.4,radio
staircase,0.286,radio
stairs,0.364,radio
suitcase,0.429,hunter
towm,0.75,town
town,1.0,town
tre,0.444,hunter
tree,0.4,hunter
tree ham,0.308,radio
tree suitcase,0.222,radio
ucket,0.909,bucket
vioin,0.444,town
violin,0.4,town
violin',0.364,town
violine,0.364,town
violio,0.364,radio
voilet,0.364,field
,0.0,spider
bleach,0.308,soldier
book,1.0,book
book spider,0.706,spider
bus,0.286,book
chin,0.222,money
coap,0.25,book
corn,0.444,money
donkey,0.727,money
hotel,0.4,money
money,1.0,money
monkey,0.909,money
orange,0.545,money
padloack,0.933,padlock
padlock,1.0,padlock
soap,0.4,spider
soap',0.364,spider
soilder,0.857,soldier
soldier,1.0,soldier
spider,1.0,spider
table,0.333,soldier
toad,0.364,soldier
tree,0.222,money
water,0.364,spider
,0.0,milk
apartment,0.4,helmet
bed,0.286,road
bread,0.667,road
children,0.462,horse
color,0.4,horse
desert,0.5,helmet
desrt,0.364,helmet
dessert,0.462,helmet
dog,0.286,road
doll,0.25,milk
doll',0.222,milk
dress,0.4,horse
face,0.25,road
face\,0.222,road
facew,0.222,road
girl,0.5,milk
hair,0.444,horse
head,0.5,road
heart,0.545,helmet
helment,0.923,helmet
helmet,1.0,helmet
helmut,0.833,helmet
hemet,0.909,helmet
herat,0.545,helmet
hill,0.5,milk
horse,1.0,horse
horseroad,0.714,horse
horsw,0.8,horse
house,0.8,horse
hrelmet,0.923,helmet
letter,0.5,helmet
machine,0.364,milk
mail,0.75,milk
mailman,0.545,milk
milk,1.0,milk
milke,0.889,milk
mirroe,0.4,milk
mirror,0.4,milk
music,1.0,music
music',0.909,music
musidc,0.909,music
musiv,0.8,music
nail,0.5,milk
river,0.4,horse
road,1.0,road
rod,0.857,road
sailer,0.4,milk
sailor,0.4,milk
saloir,0.364,music
snail,0.444,milk
snak,0.25,milk
snake,0.4,horse
soldier,0.364,road
solider,0.364,road
stamp,0.222,milk
street,0.5,helmet
tool,0.25,milk
tree,0.444,horse
,0.0,shield
ball,1.0,ball
bug,0.286,ball
car,1.0,car
climb,0.25,pie
coat,0.571,car
dill,0.5,ball
dish,0.4,shield
feet,0.4,insect
foot,0.2,insect
forest,0.333,insect
girl,0.4,shield
hill,0.6,shield
ice,0.667,pie
insect,1.0,insect
jester,0.333,insect
jesture,0.308,insect
ladder,0.444,car
perfume,0.4,pie
pie,1.0,pie
sheild,0.833,shield
shield,1.0,shield
shirld,0.833,shield
tool,0.25,ball
