,0.0,drum
be,0.667,bell
bel,0.857,bell
bell,1.0,bell
belt,0.75,bell
boat,0.25,bell
boot,0.4,school
coffee,1.0,coffee
color,0.545,school
curatin,0.857,curtain
curtain,1.0,curtain
cutain,0.923,curtain
desk,0.25,drum
dru,0.857,drum
drum,1.0,drum
dum,0.857,drum
ellc,0.75,bell
famer,0.364,coffee
famrer,0.333,coffee
farm,0.5,drum
farmen,0.4,drum
farmer,0.4,drum
fish,0.4,school
garden,0.308,curtain
glasses,0.182,bell
gun,0.4,curtain
hat,0.222,school
houes,0.364,coffee
house,0.364,coffee
huse,0.25,drum
mon,0.286,drum
moon,0.4,school
nose,0.4,coffee
nse,0.286,bell
paarent,0.286,curtain
parent,0.308,curtain
parents,0.286,curtain
pencil,0.4,bell
pepper,0.333,coffee
pool,0.6,school
river,0.333,curtain
rock,0.25,drum
rose,0.4,coffee
schoo;,0.833,school
school,1.0,school
schools,0.923,school
shoe,0.6,school
sky,0.222,school
stove,0.364,coffee
summer,0.4,drum
teacher,0.308,coffee
tuekey,0.333,coffee
turker,0.308,curtain
turkey,0.308,curtain
urtain,0.923,curtain
women,0.364,coffee
,0.0,desk
bird,1.0,bird
boar,0.5,bird
church,0.2,bird
cloud,0.222,desk
desk,1.0,desk
fish,0.5,shoe
glasses,0.364,desk
gun,0.222,ranger
heard,0.444,bird
hoe,0.857,shoe
lamb,0.25,bird
mountain,0.167,bird
pencil,0.2,desk
ranger,1.0,ranger
shoe,1.0,shoe
stove,1.0,stove
towel,0.6,stove
,0.0,pipe
alam,0.889,alarm
alarm,1.0,alarm
alarm',0.909,alarm
alert,0.6,alarm
audio,0.333,student
bag,0.286,wall
blood,0.222,wall
blue,0.364,student
bottle,0.308,student
bullet,0.462,student
cage,0.25,pipe
candy,0.222,wall
chapel,0.4,pipe
cheacen,0.286,student
chicke,0.4,pipe
chicken,0.364,pipe
chjicken,0.333,pipe
cliff,0.222,pipe
clock,0.222,wall
crab,0.25,wall
ctrl+'q',0.167,wall
day,0.286,wall
dog,0.25,sugar
door,0.222,alarm
door stream,0.333,student
dream,0.4,alarm
easy,0.25,pipe
enter,0.5,student
finish,0.2,pipe
fridge,0.4,pipe
goat,0.444,sugar
goat ship,0.308,pipe
happy,0.444,pipe
jar,0.5,alarm
kind,0.25,pipe
larm,0.889,alarm
light,0.222,pipe
listen,0.615,student
machine,0.364,pipe
maste,0.5,student
mirror,0.2,pipe
motheer,0.286,student
mother,0.308,student
mother'star,0.375,sugar
mountain,0.4,student
mouth,0.333,student
mouth star,0.4,sugar
mouth',0.308,student
mouth'strea,0.333,student
mouther,0.333,sugar
music,0.222,pipe
office,0.4,pipe
officer,0.364,pipe
paingint,0.333,pipe
paint,0.444,pipe
paintin,0.364,pipe
painting,0.333,pipe
paper,0.667,pipe
paster,0.462,student
patinting,0.375,student
peal,0.5,pipe
pell,0.5,pipe
pipe,1.0,pipe
pipewall,0.667,pipe
police,0.6,pipe
season,0.462,student
sky,0.25,sugar
soap,0.444,sugar
sock,0.222,sugar
soun,0.545,student
sound,0.5,student
sounds,0.462,student
soup,0.444,sugar
st,0.444,student
sta,0.5,sugar
stand,0.5,student
star,0.667,sugar
start,0.6,sugar
steam,0.5,student
steram,0.462,student
stident,0.857,student
storm,0.4,alarm
stream,0.462,student
student,1.0,student
student\,0.933,student
studet,0.923,student
studnet,0.857,student
sugar,1.0,sugar
sytream,0.429,student
teacher,0.333,alarm
throat,0.308,student
vibrate,0.364,pipe
waiting,0.364,wall
wall,1.0,wall
wall',0.889,wall
wall\,0.889,wall
want,0.5,wall
water,0.444,wall
what,0.5,wall
whear,0.444,wall
wheat,0.444,wall
wire,0.5,pipe
work,0.25,wall
wound,0.333,student
cheacekn,0.25,student
,0.0,bench
alarm,0.222,cage
badge,0.667,cage
bag,0.571,cage
bech,0.889,bench
bench,1.0,bench
boat,0.25,cage
bottle,0.364,bench
bridge,0.833,fridge
bulle,0.4,bench
bullet,0.364,bench
bullets,0.333,bench
cage,1.0,cage
chapel,0.6,cage
chappel,0.545,cage
cliff,0.333,officer
clip,0.25,cage
crab,0.5,cage
fridge,1.0,fridge
gag,0.571,cage
goat,0.25,cage
god,0.286,cage
gun,0.286,cage
mother,0.462,officer
office,0.923,officer
officer,1.0,officer
paper,0.444,cage
pipe,0.4,fridge
police,0.615,officer
prisoner,0.429,fridge
refrigerator,0.556,fridge
ship,0.25,sock
sky,0.571,sock
soap,0.5,sock
sock,1.0,sock
socks,0.889,sock
stream,0.333,fridge
,0.0,violin
art,0.5,scarf
banana,0.222,ham
banana town radio,0.19,tree
banna,0.25,ham
bed,0.286,tree
bicycle,0.4,suitcase
bleach,0.222,ham
breas,0.444,tree
brother,0.364,tree
bucket,0.429,suitcase
budcket,0.4,suitcase
bukcet,0.429,suitcase
carf,0.889,scarf
cousi,0.364,violin
cousin,0.5,violin
cousins,0.462,violin
cussin,0.333,violin
dog,0.222,violin
earch,0.4,scarf
earth,0.4,scarf
earth r\,0.308,scarf
earthb,0.364,scarf
fied,0.333,suitcase
field,0.364,violin
ham,1.0,ham
ham',0.857,ham
hamm,0.857,ham
hammer,0.667,ham
hunger,0.286,suitcase
hunter,0.429,suitcase
hunter',0.4,suitcase
hunting,0.308,violin
orange,0.4,tree
ousin,0.545,violin
padlock,0.2,ham
pig,0.222,violin
raadio,0.333,violin
radi,0.286,ham
radio,0.364,violin
ring,0.4,violin
saw,0.5,scarf
scar,0.889,scarf
scarf,1.0,scarf
scarf',0.909,scarf
scarft,0.909,scarf
scart,0.8,scarf
shoe,0.333,suitcase
soap,0.444,scarf
soldier,0.462,violin
stair,0.6,scarf
staircase,0.706,suitcase
stairs,0.571,suitcase
suitcase,1.0,suitcase
towm,0.286,ham
town,0.4,violin
tre,0.857,tree
tree,1.0,tree
tree ham,0.667,tree
tree suitcase,0.762,suitcase
ucket,0.462,suitcase
vioin,0.909,violin
violin,1.0,violin
violin',0.923,violin
violine,0.923,violin
violio,0.833,violin
voilet,0.5,violin
,0.0,orange
bleach,0.545,table
book,0.286,bus
book spider,0.286,bus
bus,1.0,bus
chin,0.5,corn
coap,0.5,toad
corn,1.0,corn
donkey,0.5,orange
hotel,0.4,table
money,0.545,orange
monkey,0.5,orange
orange,1.0,orange
padloack,0.333,toad
padlock,0.364,toad
soap,0.5,toad
soap',0.444,toad
soilder,0.364,toad
soldier,0.364,toad
spider,0.222,bus
table,1.0,table
toad,1.0,toad
tree,0.444,table
water,0.4,table
,0.0,doll
apartment,0.429,heart
bed,0.286,doll
bread,0.4,heart
children,0.429,sailor
color,0.545,sailor
desert,0.545,heart
desrt,0.6,heart
dessert,0.5,heart
dog,0.571,doll
doll,1.0,doll
doll',0.889,doll
dress,0.222,doll
face,0.25,nail
face\,0.222,nail
facew,0.222,nail
girl,0.5,nail
hair,0.667,heart
head,0.667,heart
heart,1.0,heart
helment,0.5,heart
helmet,0.545,heart
helmut,0.545,heart
hemet,0.6,heart
herat,0.8,heart
hill,0.5,doll
horse,0.4,heart
horseroad,0.286,heart
horsw,0.4,heart
house,0.4,heart
hrelmet,0.5,heart
letter,0.364,heart
machine,0.364,nail
mail,0.75,nail
mailman,0.545,nail
milk,0.5,nail
milke,0.444,nail
mirroe,0.833,mirror
mirror,1.0,mirror
music,0.364,mirror
music',0.333,mirror
musidc,0.333,mirror
musiv,0.364,mirror
nail,1.0,nail
river,0.364,mirror
road,0.4,mirror
rod,0.444,mirror
sailer,0.833,sailor
sailor,1.0,sailor
saloir,0.833,sailor
snail,0.889,nail
snak,0.5,nail
snake,0.444,nail
soldier,0.462,sailor
solider,0.462,sailor
stamp,0.364,sailor
street,0.333,sailor
tool,0.5,doll
tree,0.222,heart
,0.0,dish
ball,0.5,hill
bug,0.0,dish
car,0.571,coat
climb,0.222,dish
coat,1.0,coat
dill,0.75,hill
dish,1.0,dish
feet,0.4,jester
foot,0.5,coat
forest,0.5,jester
girl,0.5,hill
hill,1.0,hill
ice,0.286,dish
insect,0.4,dish
jester,1.0,jester
jesture,0.769,jester
ladder,0.333,jester
perfume,0.308,jester
pie,0.286,dish
sheild,0.6,hill
shield,0.6,hill
shirld,0.6,hill
tool,1.0,tool
