survey_question,response_counts
age_textbox_response,"Counter({'58': 12, '61': 9, '57': 9, '56': 9, '60': 8, '62': 8, '65': 8, '59': 8, '67': 6, '63': 5, '64': 5, '66': 5, '68': 4, '69': 3, '77': 2, '75': 2, '72': 2, '70': 2, '71': 1, '55': 1, '54': 1, '51': 1})"
education_response,"Counter({""Bachelor's degree"": 39, 'Some college, no degree': 22, ""Associate's degree"": 19, ""Master's degree"": 16, 'High school diploma or equivalent': 12, 'Doctoral or professional degree': 2, 'Less than high school': 1})"
educationother_response,Counter({'': 111})
ethnicity_response,"Counter({'Not Hispanic or Latino': 104, '': 4, 'I prefer not to answer this question': 2, 'Hispanic or Latino (a person of Cuban, Mexican, Puerto Rican,  Cuban, South or Central American, or other Spanish culture or origin, regardless of race)': 1})"
gender_response,"Counter({'Female': 69, 'Male': 42})"
genderother_response,Counter({'': 111})
handedness_response,"Counter({'Right': 100, 'Left': 8, 'Ambidextrous': 3})"
native_english_response,"Counter({'Yes': 99, 'No': 8, '': 4})"
online_sr_q1option1_response,"Counter({'': 78, 'A fall in which you hit your head': 33})"
online_sr_q1option2_response,"Counter({'': 98, 'An altercation or fight that involved a blow to the head': 13})"
online_sr_q1option3_response,"Counter({'': 60, 'A vehicle accident or crash?': 51})"
online_sr_q1option4_response,"Counter({'': 108, 'A blast or explosion?': 3})"
online_sr_q1option5_response,Counter({'': 111})
online_sr_q1option6_response,"Counter({'': 73, 'None of the above': 38})"
online_sr_q1option7_response,"Counter({'': 101, 'Other blow to head': 10})"
online_sr_q2option1_response,"Counter({'': 93, 'Concussion': 18})"
online_sr_q2option2_response,"Counter({'': 110, 'Traumatic Brain Injury': 1})"
online_sr_q2option3_response,"Counter({'None': 89, '': 22})"
online_sr_q3_response,"Counter({'0': 96, '1': 11, '': 4})"
online_sr_q4option1_response,"Counter({'': 65, 'High blood pressure': 46})"
online_sr_q4option2_response,"Counter({'': 92, 'Diabetes': 19})"
online_sr_q4option3_response,"Counter({'': 102, 'Thyroid Disease': 9})"
online_sr_q4option4_response,"Counter({'': 101, 'Cancer': 10})"
online_sr_q4option5_response,"Counter({'': 109, 'Epilepsy': 2})"
online_sr_q4option6_response,"Counter({'': 64, 'None': 47})"
online_sr_q4option7_response,"Counter({'': 97, 'Other condition (Please Specify)': 14})"
online_sr_q4other_response,"Counter({'': 97, 'Kidney Disease': 2, 'Gout': 1, 'Lupus': 1, 'copd': 1, 'COPD': 1, 'bipolar disorder': 1, 'high cholostrol': 1, 'stroke': 1, 'TIAs, glaucoma, etc': 1, 'Hip injury': 1, 'panic disorder': 1, 'Cardiomyopathy': 1, 'migraines': 1})"
online_sr_q5_response,"Counter({'0': 87, '1': 20, '': 4})"
raceoriginoption1_response,"Counter({'': 110, 'American Indian or Alaska Native (a person having origins in any of the original peoples    of North and South America (including Central America) who maintains cultural    identification through tribal affiliation or community attachment)': 1})"
raceoriginoption2_response,"Counter({'': 102, ' Asian (a person having origins in any of the original peoples of the Far East, Southeast    Asia, or the Indian Subcontinent, including, for example, Cambodia, China, India, Japan,    Korea, Malaysia, Pakistan, the Philippine Islands, Thailand, and Vietnam)': 9})"
raceoriginoption3_response,"Counter({'': 102, ' Black or African American (a person having origins in any of the black racial groups of Africa)': 9})"
raceoriginoption4_response,Counter({'': 111})
raceoriginoption5_response,"Counter({' White (a person having origins in any of the original peoples of Europe, the Middle East,    or North Africa)': 90, '': 21})"
raceoriginoption6_response,Counter({'': 111})
region_response,"Counter({'Southeast - AL, AR, FL, GA, KY, LA, MS, NC, SC, TN, VA, WV': 31, 'Northeast - CT, DC, DE, MA, MD, ME, NH, NJ, NY, PA, RI, VT': 21, 'West - AK, CA, CO, HI, ID, MT, NV, OR, UT, WA, WY': 21, 'Midwest - IA, IL, IN, KS, MI, MN, MO, ND, NE, OH, SD, WI': 14, 'Southwest - AZ, NM, OK, TX': 11, 'I live outside the United States (please specify)': 7, '': 4, 'I prefer not to answer this question': 2})"
regionother_response,"Counter({'': 104, 'India': 4, 'INDIA': 2, 'india': 1})"
subj_id,"Counter({'116_460218643': 1, '72_260432730': 1, '108_981561138': 1, '210_679059665': 1, '44_780813718': 1, '34_111140940': 1, '277_421274372': 1, '212_385953703': 1, '114_433837259': 1, '216_674358761': 1, '287_679308420': 1, '106_680892254': 1, '52_326064185': 1, '233_184206743': 1, '18_573977319': 1, '93_827835618': 1, '154_434950317': 1, '175_563598901': 1, '69_770284598': 1, '267_684154185': 1, '217_270712704': 1, '73_950435974': 1, '193_411575521': 1, '219_846322161': 1, '65_599921324': 1, '121_372913635': 1, '172_220426044': 1, '32_48379407': 1, '3_223393571': 1, '87_318293792': 1, '279_891126111': 1, '61_21753203': 1, '47_952524741': 1, '81_274535138': 1, '120_310623612': 1, '144_504719926': 1, '214_254734159': 1, '160_448462384': 1, '97_175414389': 1, '55_966459107': 1, '270_759987605': 1, '95_794796386': 1, '135_323057337': 1, '243_777175984': 1, '167_95846350': 1, '99_323521304': 1, '136_522111336': 1, '189_418296781': 1, '150_527893939': 1, '248_624459572': 1, '58_157419867': 1, '159_162251447': 1, '177_117789983': 1, '202_40902939': 1, '260_680721622': 1, '235_82537150': 1, '132_492676591': 1, '151_972929227': 1, '6_759441080': 1, '12_655774489': 1, '142_592961673': 1, '184_629286070': 1, '183_741307493': 1, '31_634849357': 1, '294_131946104': 1, '74_321107700': 1, '231_454260219': 1, '23_657177128': 1, '25_548850704': 1, '51_867624141': 1, '245_130166687': 1, '62_927973446': 1, '45_888940322': 1, '29_510396990': 1, '228_122269548': 1, '286_710571146': 1, '9_724709221': 1, '79_775896768': 1, '134_200769146': 1, '105_11389863': 1, '127_3037171': 1, '170_870476881': 1, '191_465513831': 1, '250_633936111': 1, '7_714591518': 1, '123_953081734': 1, '28_690573313': 1, '274_889670859': 1, '54_835961129': 1, '162_687379752': 1, '1_79553567': 1, '289_746564428': 1, '75_713242944': 1, '78_675304120': 1, '91_880165148': 1, '16_119658936': 1, '165_798328290': 1, '88_292513602': 1, '42_792866704': 1, '38_822648819': 1, '146_88624552': 1, '169_93159533': 1, '237_455811754': 1, '226_656495467': 1, '67_924325160': 1, '19_651471847': 1, '196_14070030': 1, '125_487055303': 1, '244_603165418': 1, '264_161676240': 1, '40_878315944': 1})"
subject,"Counter({'216': 1, '217': 1, '214': 1, '212': 1, '210': 1, '127': 1, '219': 1, '132': 1, '136': 1, '135': 1, '134': 1, '25': 1, '23': 1, '95': 1, '28': 1, '29': 1, '289': 1, '97': 1, '287': 1, '286': 1, '120': 1, '121': 1, '123': 1, '267': 1, '125': 1, '264': 1, '58': 1, '55': 1, '54': 1, '51': 1, '52': 1, '294': 1, '196': 1, '191': 1, '193': 1, '270': 1, '114': 1, '88': 1, '116': 1, '274': 1, '277': 1, '279': 1, '81': 1, '250': 1, '165': 1, '3': 1, '7': 1, '245': 1, '244': 1, '108': 1, '243': 1, '106': 1, '248': 1, '105': 1, '38': 1, '32': 1, '31': 1, '34': 1, '61': 1, '62': 1, '65': 1, '67': 1, '177': 1, '69': 1, '175': 1, '172': 1, '170': 1, '183': 1, '184': 1, '6': 1, '189': 1, '99': 1, '169': 1, '228': 1, '91': 1, '226': 1, '93': 1, '167': 1, '160': 1, '162': 1, '12': 1, '16': 1, '19': 1, '18': 1, '151': 1, '150': 1, '154': 1, '159': 1, '235': 1, '237': 1, '231': 1, '233': 1, '47': 1, '44': 1, '45': 1, '42': 1, '40': 1, '87': 1, '1': 1, '9': 1, '146': 1, '144': 1, '202': 1, '142': 1, '75': 1, '74': 1, '73': 1, '72': 1, '79': 1, '78': 1, '260': 1})"
task_location_response,"Counter({'Home': 105, '': 4, 'Work': 1, 'Other (please specify):': 1})"
task_locationother_response,"Counter({'': 110, 'Vacation': 1})"
veteran_response,"Counter({'0': 89, '1': 18, '': 4})"
