,0.0,drum
[arent,0.308,curtain
ball,0.75,bell
bear,0.5,bell
bell,1.0,bell
bell curtain,0.737,curtain
bench,0.444,bell
bird,0.25,drum
boar,0.25,drum
book,0.4,school
cat,0.4,curtain
church,0.462,curtain
cloud,0.364,coffee
coffee,1.0,coffee
cold,0.6,school
colo,0.6,school
color,0.545,school
curtain,1.0,curtain
curtin,0.923,curtain
desk,0.25,drum
did,0.286,drum
dinner,0.4,drum
dinnr,0.444,drum
drum,1.0,drum
drum',0.889,drum
farmer,0.4,drum
farmet,0.4,drum
field,0.444,bell
fish,0.4,school
flower,0.333,coffee
fstmer,0.333,coffee
garden,0.308,curtain
gardner,0.286,curtain
glasses,0.182,bell
gn,0.222,curtain
green,0.364,coffee
gun,0.4,curtain
hat,0.222,school
hill,0.5,bell
house,0.364,coffee
house',0.333,coffee
housr,0.364,school
it,0.222,curtain
jello,0.667,bell
lamb,0.25,drum
lantern,0.286,curtain
look,0.4,school
mon,0.286,drum
moon,0.4,school
moon',0.364,school
mopon,0.364,school
mountain,0.667,curtain
noise,0.364,coffee
nose,0.4,coffee
nosr,0.25,drum
not,0.222,coffee
offee,0.909,coffee
parade,0.2,drum
parent,0.308,curtain
paret,0.222,drum
pencil,0.4,bell
ranger,0.462,curtain
river,0.333,curtain
river',0.308,curtain
river'turkey'c,0.222,drum
school,1.0,school
shoe,0.6,school
show words,0.5,school
skipped,0.182,drum
sky,0.222,school
stove,0.364,coffee
them,0.25,drum
towel,0.444,bell
truck,0.444,drum
trukey,0.4,drum
turkey,0.308,curtain
turkry,0.308,curtain
,0.0,desk
bear,0.5,bird
bell,0.25,desk
bird,1.0,bird
boar,0.5,bird
chruch,0.2,bird
church,0.2,bird
clock,0.222,desk
cloud,0.222,desk
desk,1.0,desk
fish,0.5,shoe
foot,0.25,shoe
glass,0.222,desk
glasses,0.364,desk
glassesmout,0.267,desk
gun,0.222,ranger
lamb,0.25,bird
lamp,0.2,ranger
lantern,0.615,ranger
mountain,0.167,bird
movie,0.6,stove
pencil,0.2,desk
penncil,0.182,desk
ranger,1.0,ranger
shoe,1.0,shoe
stove,1.0,stove
towel,0.6,stove
towl,0.444,stove
,0.0,pipe
aalrm,0.8,alarm
alarm,1.0,alarm
alert,0.6,alarm
all,0.857,wall
alram,0.8,alarm
bag,0.286,wall
bagt,0.25,wall
ball,0.75,wall
baseball,0.5,wall
bench,0.333,student
book,0.0,pipe
bottle,0.308,student
bullet,0.462,student
cage,0.25,pipe
chapel,0.4,pipe
checkin,0.286,student
chicken,0.364,pipe
cjicken,0.364,pipe
cliff,0.222,pipe
color,0.4,alarm
crab,0.25,wall
dog,0.25,sugar
door,0.222,alarm
dream,0.4,alarm
earth,0.4,alarm
fridge,0.4,pipe
goat,0.444,sugar
house,0.333,student
ice,0.571,pipe
light,0.222,pipe
moouth,0.308,student
mother,0.308,student
motherr,0.286,student
mount,0.5,student
mouth,0.333,student
mouthalarm,0.667,alarm
moyher,0.2,pipe
music,0.222,pipe
nullet,0.4,wall
officer,0.364,pipe
oor,0.25,alarm
orange,0.2,pipe
order,0.333,student
page,0.5,pipe
paint,0.444,pipe
paintimg,0.333,pipe
painting,0.333,pipe
paintingg,0.308,pipe
paintings,0.308,pipe
paiting,0.364,pipe
paper,0.667,pipe
parent,0.462,student
pipe,1.0,pipe
pipe bag,0.667,pipe
power,0.444,pipe
rock,0.222,alarm
rope,0.5,pipe
ship,0.5,pipe
sister,0.462,student
sistere,0.429,student
sky,0.25,sugar
soap,0.444,sugar
sock,0.222,sugar
sou[,0.444,sugar
sound,0.5,student
sound',0.462,student
star,0.667,sugar
steam,0.5,student
"strea,",0.462,student
stream,0.462,student
streaqm,0.429,student
string,0.462,student
studemt,0.857,student
studen,0.923,student
student,1.0,student
studeny,0.857,student
studet,0.923,student
sugar,1.0,sugar
tar,0.5,alarm
teach,0.333,student
tools,0.222,wall
tream,0.4,alarm
wall,1.0,wall
walll,0.889,wall
walls,0.889,wall
warm,0.667,alarm
water,0.444,wall
weather,0.364,wall
wheat,0.444,wall
wheata,0.4,wall
wood,0.25,wall
,0.0,bench
apple,0.444,cage
bar,0.286,cage
bell,0.444,bench
bench,1.0,bench
boat,0.25,cage
bottle,0.364,bench
bullet,0.364,bench
cage,1.0,cage
cell,0.5,cage
chapel,0.6,cage
cliff,0.333,officer
cop,0.286,cage
craab,0.444,cage
crab,0.5,cage
fence,0.6,bench
fridge,1.0,fridge
frig,0.8,fridge
giat,0.25,cage
gloat,0.222,cage
goat,0.25,cage
nullet,0.2,cage
office,0.923,officer
officer,1.0,officer
page,0.75,cage
paint,0.222,cage
paper,0.444,cage
police,0.615,officer
rock,0.75,sock
shift,0.222,sock
ship,0.25,sock
sky,0.571,sock
soap,0.5,sock
sock,1.0,sock
,0.0,violin
banana,0.222,ham
bleach,0.222,ham
book,0.2,violin
boy,0.222,violin
bucket,0.429,suitcase
bus,0.364,suitcase
chin,0.4,violin
corn,0.444,scarf
cousin,0.5,violin
dog,0.222,violin
dog.,0.2,violin
dogearth,0.308,scarf
donkey,0.333,violin
earch,0.4,scarf
earth,0.4,scarf
erth,0.286,ham
fiel,0.4,violin
field,0.364,violin
fiels,0.364,violin
firld,0.364,violin
food,0.222,scarf
green,0.667,tree
ground,0.333,violin
ham,1.0,ham
hamster,0.6,ham
hotel,0.444,tree
hunter,0.429,suitcase
man,0.333,ham
money,0.364,violin
orange,0.4,tree
own,0.444,violin
radio,0.364,violin
rodio,0.364,violin
scarf,1.0,scarf
search,0.545,scarf
soap,0.444,scarf
soldier,0.462,violin
spider,0.429,suitcase
stair,0.6,scarf
staircase,0.706,suitcase
stairs,0.571,suitcase
starirs,0.533,suitcase
staris,0.571,suitcase
suicase,0.933,suitcase
suitcase,1.0,suitcase
suitecase,0.941,suitcase
table,0.462,suitcase
towm,0.286,ham
town,0.4,violin
tree,1.0,tree
twon,0.4,violin
violin,1.0,violin
violine,0.923,violin
violn,0.909,violin
world,0.364,violin
,0.0,orange
banana,0.333,orange
bleach,0.545,table
book,0.286,bus
bus,1.0,bus
bys,0.667,bus
chin,0.5,corn
corn,1.0,corn
dog,0.444,orange
donkey,0.5,orange
earth,0.222,toad
field,0.222,toad
food,0.5,toad
ham,0.286,toad
hotel,0.4,table
hunter,0.364,table
laundry,0.364,toad
money,0.545,orange
monkey,0.5,orange
mooney,0.5,orange
orange,1.0,orange
padlock,0.364,toad
radio,0.444,toad
scarf,0.444,corn
soap,0.5,toad
soilder,0.364,toad
soldier,0.364,toad
spider,0.222,bus
table,1.0,table
toad,1.0,toad
violin,0.4,corn
,0.0,doll
ail,0.857,nail
ball,0.5,doll
bed,0.286,doll
blood,0.364,sailor
bullet,0.4,doll
car,0.5,heart
coat,0.444,heart
cow,0.286,doll
desert,0.545,heart
desk,0.25,doll
dessert,0.5,heart
dish,0.25,doll
dog,0.571,doll
doll,1.0,doll
doll face hor,0.471,doll
doll mirror,0.706,mirror
donut,0.444,doll
door,0.5,doll
dresser,0.308,mirror
drive,0.222,doll
fac3e,0.222,nail
face,0.25,nail
face\,0.222,nail
faceletter,0.375,sailor
farm,0.444,heart
foot,0.25,doll
forest,0.364,heart
girl,0.5,nail
haert,0.8,heart
hand,0.444,heart
head,0.667,heart
heart,1.0,heart
heart horse,0.625,heart
heat,0.889,heart
helment,0.5,heart
helmet,0.545,heart
helmetr,0.5,heart
helmu,0.4,heart
helmut,0.545,heart
hill,0.5,doll
hlemet,0.545,heart
horse,0.4,heart
hose,0.444,heart
house,0.4,heart
insect,0.364,heart
jester,0.364,heart
ladder,0.364,heart
letter,0.364,heart
lettter,0.333,heart
listen,0.2,doll
machime,0.364,nail
machine,0.364,nail
machune,0.182,nail
macjine,0.364,nail
magic,0.444,nail
mask,0.25,nail
mechanic,0.333,nail
melt,0.444,heart
milk,0.5,nail
miracle,0.462,mirror
mirrir,0.833,mirror
mirro,0.909,mirror
mirroe,0.833,mirror
mirror,1.0,mirror
molk,0.5,doll
morror,0.833,mirror
mucis,0.364,mirror
music,0.364,mirror
nail,1.0,nail
nail ',0.8,nail
nirror,0.833,mirror
pen,0.286,nail
raod,0.4,mirror
read,0.444,heart
road,0.4,mirror
roll,0.75,doll
sail,0.8,sailor
sailer,0.833,sailor
sailor,1.0,sailor
salior,0.833,sailor
salt,0.6,sailor
saolor,0.833,sailor
soldier,0.462,sailor
tool,0.5,doll
toy,0.286,doll
truck,0.2,heart
usic,0.4,sailor
wall,0.5,doll
,0.0,dish
all,0.571,hill
ball,0.5,hill
ball jester,0.706,jester
car,0.571,coat
coat,1.0,coat
dance,0.222,dish
dish,1.0,dish
disk,0.75,dish
doll,0.5,hill
feat,0.5,coat
foot,0.5,coat
forest,0.5,jester
girl,0.5,hill
hill,1.0,hill
insect,0.4,dish
jester,1.0,jester
ladder,0.333,jester
perfume,0.308,jester
pie,0.286,dish
protector,0.4,jester
shield,0.6,hill
tool,1.0,tool
