,0.0,nose
[arent,0.364,river
ball,0.222,color
bear,0.444,river
bell,0.25,nose
bell curtain,0.235,color
bench,0.222,nose
bird,0.444,river
boar,0.444,color
book,0.444,color
cat,0.25,color
church,0.364,color
cloud,0.6,color
coffee,0.4,nose
cold,0.667,color
colo,0.889,color
color,1.0,color
curtain,0.333,color
curtin,0.364,color
desk,0.25,nose
did,0.25,river
dinner,0.545,river
dinnr,0.4,river
drum,0.222,color
drum',0.2,color
farmer,0.545,river
farmet,0.364,river
field,0.4,river
fish,0.25,nose
flower,0.545,color
fstmer,0.4,nose
garden,0.364,river
gardner,0.5,river
glasses,0.364,nose
gn,0.333,nose
green,0.4,river
gun,0.286,nose
hat,0.25,house
hill,0.222,color
house,1.0,house
house',0.909,house
housr,0.8,house
it,0.286,river
jello,0.4,color
lamb,0.222,color
lantern,0.364,nose
look,0.444,color
mon,0.286,nose
moon,0.444,color
moon',0.4,color
mopon,0.4,color
mountain,0.308,house
noise,0.889,nose
nose,1.0,nose
nosr,0.75,nose
not,0.571,nose
offee,0.444,nose
parade,0.364,river
parent,0.364,river
paret,0.4,river
pencil,0.364,color
ranger,0.545,river
river,1.0,river
river',0.909,river
river'turkey'c,0.6,turkey
school,0.545,color
shoe,0.667,house
show words,0.4,color
skipped,0.364,nose
sky,0.444,turkey
stove,0.444,nose
them,0.444,house
towel,0.444,nose
truck,0.545,turkey
trukey,0.833,turkey
turkey,1.0,turkey
turkry,0.833,turkey
,0.0,lamb
bear,0.25,lamb
bell,0.4,pencil
bird,0.25,lamb
boar,0.25,lamb
chruch,0.833,church
church,1.0,church
clock,0.364,pencil
cloud,0.364,pencil
desk,0.25,fish
fish,1.0,fish
foot,0.25,fish
glass,0.444,lamb
glasses,0.364,lamb
glassesmout,0.4,lamb
gun,1.0,gun
lamb,1.0,lamb
lamp,0.75,lamb
lantern,0.364,lamb
mountain,0.364,gun
movie,0.222,lamb
pencil,1.0,pencil
penncil,0.923,pencil
ranger,0.222,gun
shoe,0.5,fish
stove,0.222,fish
towel,0.364,pencil
towl,0.25,lamb
,0.0,mouth
aalrm,0.364,stream
alarm,0.364,stream
alert,0.222,door
all,0.222,stream
alram,0.545,stream
bag,0.222,stream
bagt,0.222,mouth
ball,0.2,stream
baseball,0.154,sound
bench,0.333,chicken
book,0.5,door
bottle,0.364,mouth
bullet,0.364,mouth
cage,0.364,chicken
chapel,0.462,chicken
checkin,0.714,chicken
chicken,1.0,chicken
cjicken,0.857,chicken
cliff,0.333,chicken
color,0.667,door
crab,0.4,stream
dog,0.571,door
door,1.0,door
dream,0.727,stream
earth,0.4,mouth
fridge,0.333,stream
goat,0.444,mouth
house,0.4,mouth
ice,0.6,chicken
light,0.2,mouth
moouth,0.909,mouth
mother,0.727,mouth
motherr,0.667,mouth
mount,0.8,mouth
mouth,1.0,mouth
mouthalarm,0.667,mouth
moyher,0.545,mouth
music,0.4,mouth
nullet,0.364,mouth
officer,0.429,chicken
oor,0.857,door
orange,0.4,door
order,0.444,door
page,0.2,stream
paint,0.333,chicken
paintimg,0.286,stream
painting,0.267,chicken
paintingg,0.25,chicken
paintings,0.25,chicken
paiting,0.286,chicken
paper,0.222,door
parent,0.333,stream
pipe,0.364,chicken
pipe bag,0.286,stream
power,0.444,door
rock,0.364,chicken
rope,0.4,stream
ship,0.364,chicken
sister,0.5,stream
sistere,0.615,stream
sky,0.25,sound
soap,0.444,sound
sock,0.444,sound
sou[,0.667,sound
sound,1.0,sound
sound',0.909,sound
star,0.6,stream
steam,0.909,stream
"strea,",0.833,stream
stream,1.0,stream
streaqm,0.923,stream
string,0.5,stream
studemt,0.615,stream
studen,0.545,sound
student,0.5,sound
studeny,0.5,sound
studet,0.545,sound
sugar,0.4,sound
tar,0.444,stream
teach,0.545,stream
tools,0.444,door
tream,0.909,stream
wall,0.2,stream
walll,0.182,stream
walls,0.2,sound
warm,0.4,stream
water,0.222,door
weather,0.333,mouth
wheat,0.364,stream
wheata,0.333,stream
wood,0.5,door
,0.0,goat
apple,0.6,paper
bar,0.5,paper
bell,0.6,bullet
bench,0.364,bullet
boat,0.75,goat
bottle,0.5,bullet
bullet,1.0,bullet
cage,0.6,chapel
cell,0.6,chapel
chapel,1.0,chapel
cliff,0.364,chapel
cop,0.444,chapel
craab,0.889,crab
crab,1.0,crab
fence,0.222,crab
fridge,0.2,goat
frig,0.25,goat
giat,0.75,goat
gloat,0.889,goat
goat,1.0,goat
nullet,0.833,bullet
office,0.333,chapel
officer,0.364,crab
page,0.667,paper
paint,0.444,goat
paper,1.0,paper
police,0.364,paper
rock,0.25,goat
shift,0.222,goat
ship,0.4,chapel
sky,0.0,goat
soap,0.5,goat
sock,0.25,goat
,0.0,town
banana,0.2,town
bleach,0.333,bucket
book,0.4,bucket
boy,0.286,town
bucket,1.0,bucket
bus,0.444,bucket
chin,0.4,hunter
corn,0.5,town
cousin,0.4,town
dog,0.5,radio
dog.,0.444,radio
dogearth,0.308,radio
donkey,0.4,town
earch,0.364,hunter
earth,0.364,hunter
erth,0.4,hunter
fiel,0.889,field
field,1.0,field
fiels,0.8,field
firld,0.8,field
food,0.444,field
green,0.222,town
ground,0.4,town
ham,0.25,radio
hamster,0.615,hunter
hotel,0.545,hunter
hunter,1.0,hunter
man,0.286,town
money,0.444,town
orange,0.4,town
own,0.857,town
radio,1.0,radio
rodio,0.8,radio
scarf,0.2,radio
search,0.333,hunter
soap,0.25,town
soldier,0.333,radio
spider,0.364,field
stair,0.4,radio
staircase,0.286,radio
stairs,0.364,radio
starirs,0.333,radio
staris,0.364,radio
suicase,0.462,bucket
suitcase,0.429,hunter
suitecase,0.4,hunter
table,0.364,hunter
towm,0.75,town
town,1.0,town
tree,0.4,hunter
twon,0.75,town
violin,0.4,town
violine,0.364,town
violn,0.444,town
world,0.4,field
,0.0,spider
banana,0.2,book
bleach,0.308,soldier
book,1.0,book
bus,0.286,book
bys,0.286,book
chin,0.222,money
corn,0.444,money
dog,0.4,padlock
donkey,0.727,money
earth,0.364,spider
field,0.364,spider
food,0.5,book
ham,0.25,money
hotel,0.4,money
hunter,0.364,money
laundry,0.429,soldier
money,1.0,money
monkey,0.909,money
mooney,0.909,money
orange,0.545,money
padlock,1.0,padlock
radio,0.5,padlock
scarf,0.364,spider
soap,0.4,spider
soilder,0.857,soldier
soldier,1.0,soldier
spider,1.0,spider
table,0.333,soldier
toad,0.364,soldier
violin,0.462,soldier
,0.0,milk
ail,0.571,milk
ball,0.25,milk
bed,0.286,road
blood,0.444,road
bullet,0.5,helmet
car,0.286,road
coat,0.5,road
cow,0.286,road
desert,0.5,helmet
desk,0.25,milk
dessert,0.462,helmet
dish,0.25,milk
dog,0.286,road
doll,0.25,milk
doll face hor,0.333,horse
doll mirror,0.267,milk
donut,0.222,road
door,0.444,horse
dresser,0.5,horse
drive,0.4,horse
fac3e,0.222,road
face,0.25,road
face\,0.222,road
faceletter,0.5,helmet
farm,0.25,milk
foot,0.25,road
forest,0.545,horse
girl,0.5,milk
haert,0.545,helmet
hand,0.5,road
head,0.5,road
heart,0.545,helmet
heart horse,0.625,horse
heat,0.6,helmet
helment,0.923,helmet
helmet,1.0,helmet
helmetr,0.923,helmet
helmu,0.727,helmet
helmut,0.833,helmet
hill,0.5,milk
hlemet,0.833,helmet
horse,1.0,horse
hose,0.889,horse
house,0.8,horse
insect,0.364,music
jester,0.333,helmet
ladder,0.4,road
letter,0.5,helmet
lettter,0.462,helmet
listen,0.364,horse
machime,0.462,helmet
machine,0.364,milk
machune,0.333,music
macjine,0.364,milk
magic,0.6,music
mask,0.5,milk
mechanic,0.462,music
melt,0.6,helmet
milk,1.0,milk
miracle,0.545,milk
mirrir,0.4,milk
mirro,0.444,milk
mirroe,0.4,milk
mirror,0.4,milk
molk,0.75,milk
morror,0.4,road
mucis,0.6,music
music,1.0,music
nail,0.5,milk
nail ',0.4,milk
nirror,0.4,road
pen,0.25,horse
raod,0.75,road
read,0.75,road
road,1.0,road
roll,0.5,road
sail,0.5,milk
sailer,0.4,milk
sailor,0.4,milk
salior,0.364,music
salt,0.4,helmet
saolor,0.364,horse
soldier,0.364,road
tool,0.25,milk
toy,0.286,road
truck,0.4,music
usic,0.889,music
wall,0.25,milk
,0.0,shield
all,0.857,ball
ball,1.0,ball
ball jester,0.533,ball
car,1.0,car
coat,0.571,car
dance,0.364,insect
dish,0.4,shield
disk,0.4,insect
doll,0.5,ball
feat,0.4,insect
foot,0.2,insect
forest,0.333,insect
girl,0.4,shield
hill,0.6,shield
insect,1.0,insect
jester,0.333,insect
ladder,0.444,car
perfume,0.4,pie
pie,1.0,pie
protector,0.4,insect
shield,1.0,shield
tool,0.25,ball
