,0.0,drum
[arent,0.833,parent
ball,0.75,bell
bear,0.5,bell
bell,1.0,bell
bell curtain,0.737,curtain
bench,0.444,bell
bird,0.444,river
boar,0.444,color
book,0.5,moon
cat,0.667,hat
church,0.462,curtain
cloud,0.6,color
coffee,1.0,coffee
cold,0.667,color
colo,0.889,color
color,1.0,color
curtain,1.0,curtain
curtin,0.923,curtain
desk,0.4,garden
did,0.286,drum
dinner,0.545,river
dinnr,0.444,drum
drum,1.0,drum
drum',0.889,drum
farmer,1.0,farmer
farmet,0.833,farmer
field,0.444,bell
fish,0.4,school
flower,0.545,color
fstmer,0.667,farmer
garden,1.0,garden
gardner,0.769,garden
glasses,0.462,garden
gn,0.5,garden
green,0.727,garden
gun,0.444,garden
hat,1.0,hat
hill,0.5,bell
house,1.0,house
house',0.909,house
housr,0.8,house
it,0.4,hat
jello,0.667,bell
lamb,0.4,farmer
lantern,0.462,parent
look,0.5,moon
mon,0.857,moon
moon,1.0,moon
moon',0.889,moon
mopon,0.889,moon
mountain,0.667,curtain
noise,0.889,nose
nose,1.0,nose
nosr,0.75,nose
not,0.571,nose
offee,0.909,coffee
parade,0.667,parent
parent,1.0,parent
paret,0.909,parent
pencil,0.5,parent
ranger,0.545,river
river,1.0,river
river',0.909,river
river'turkey'c,0.6,turkey
school,1.0,school
shoe,0.667,house
show words,0.5,school
skipped,0.364,nose
sky,0.444,turkey
stove,0.444,nose
them,0.444,house
towel,0.444,bell
truck,0.545,turkey
trukey,0.833,turkey
turkey,1.0,turkey
turkry,0.833,turkey
,0.0,desk
bear,0.75,boar
bell,0.444,towel
bird,1.0,bird
boar,1.0,boar
chruch,0.833,church
church,1.0,church
clock,0.6,cloud
cloud,1.0,cloud
desk,1.0,desk
fish,1.0,fish
foot,0.333,mountain
glass,0.833,glasses
glasses,1.0,glasses
glassesmout,0.778,glasses
gun,1.0,gun
lamb,1.0,lamb
lamp,0.75,lamb
lantern,0.615,ranger
mountain,1.0,mountain
movie,0.6,stove
pencil,1.0,pencil
penncil,0.923,pencil
ranger,1.0,ranger
shoe,1.0,shoe
stove,1.0,stove
towel,1.0,towel
towl,0.889,towel
,0.0,pipe
aalrm,0.8,alarm
alarm,1.0,alarm
alert,0.6,alarm
all,0.857,wall
alram,0.8,alarm
bag,1.0,bag
bagt,0.857,bag
ball,0.75,wall
baseball,0.5,wall
bench,0.333,student
book,0.5,door
bottle,0.5,mother
bullet,0.462,student
cage,0.571,bag
chapel,0.462,chicken
checkin,0.714,chicken
chicken,1.0,chicken
cjicken,0.857,chicken
cliff,0.333,chicken
color,0.667,door
crab,0.4,stream
dog,0.571,door
door,1.0,door
dream,0.727,stream
earth,0.6,wheat
fridge,0.4,pipe
goat,0.444,sugar
house,0.4,wheat
ice,0.6,chicken
light,0.4,wheat
moouth,0.909,mouth
mother,1.0,mother
motherr,0.923,mother
mount,0.8,mouth
mouth,1.0,mouth
mouthalarm,0.667,alarm
moyher,0.833,mother
music,0.4,mouth
nullet,0.4,wall
officer,0.462,mother
oor,0.857,door
orange,0.444,bag
order,0.545,mother
page,0.571,bag
paint,0.769,painting
paintimg,0.875,painting
painting,1.0,painting
paintingg,0.941,painting
paintings,0.941,painting
paiting,0.933,painting
paper,0.667,pipe
parent,0.571,painting
pipe,1.0,pipe
pipe bag,0.667,pipe
power,0.545,mother
rock,0.364,chicken
rope,0.5,pipe
ship,0.5,pipe
sister,0.6,star
sistere,0.615,stream
sky,0.286,star
soap,0.5,star
sock,0.444,sound
sou[,0.667,sound
sound,1.0,sound
sound',0.909,sound
star,1.0,star
steam,0.909,stream
"strea,",0.833,stream
stream,1.0,stream
streaqm,0.923,stream
string,0.6,star
studemt,0.857,student
studen,0.923,student
student,1.0,student
studeny,0.857,student
studet,0.923,student
sugar,1.0,sugar
tar,0.857,star
teach,0.545,stream
tools,0.444,door
tream,0.909,stream
wall,1.0,wall
walll,0.889,wall
walls,0.889,wall
warm,0.667,alarm
water,0.6,wheat
weather,0.667,wheat
wheat,1.0,wheat
wheata,0.909,wheat
wood,0.5,door
,0.0,bench
apple,0.6,paper
bar,0.5,paper
bell,0.6,bullet
bench,1.0,bench
boat,0.75,goat
bottle,1.0,bottle
bullet,1.0,bullet
cage,1.0,cage
cell,0.6,chapel
chapel,1.0,chapel
cliff,1.0,cliff
cop,0.571,soap
craab,0.889,crab
crab,1.0,crab
fence,0.6,bench
fridge,1.0,fridge
frig,0.8,fridge
giat,0.75,goat
gloat,0.889,goat
goat,1.0,goat
nullet,0.833,bullet
office,0.923,officer
officer,1.0,officer
page,0.75,cage
paint,0.444,goat
paper,1.0,paper
police,0.615,officer
rock,0.75,sock
shift,0.667,ship
ship,1.0,ship
sky,1.0,sky
soap,1.0,soap
sock,1.0,sock
,0.0,violin
banana,1.0,banana
bleach,0.545,earth
book,0.4,bucket
boy,0.333,dog
bucket,1.0,bucket
bus,0.444,cousin
chin,0.6,cousin
corn,0.6,cousin
cousin,1.0,cousin
dog,1.0,dog
dog.,0.857,dog
dogearth,0.769,earth
donkey,0.444,dog
earch,0.8,earth
earth,1.0,earth
erth,0.889,earth
fiel,0.889,field
field,1.0,field
fiels,0.8,field
firld,0.8,field
food,0.444,field
green,0.667,tree
ground,0.5,cousin
ham,1.0,ham
hamster,0.615,hunter
hotel,0.545,hunter
hunter,1.0,hunter
man,0.444,banana
money,0.444,town
orange,0.444,dog
own,0.857,town
radio,1.0,radio
rodio,0.8,radio
scarf,1.0,scarf
search,0.727,earth
soap,0.444,scarf
soldier,0.462,violin
spider,0.5,stairs
stair,0.909,stairs
staircase,0.8,stairs
stairs,1.0,stairs
starirs,0.923,stairs
staris,0.833,stairs
suicase,0.933,suitcase
suitcase,1.0,suitcase
suitecase,0.941,suitcase
table,0.462,suitcase
towm,0.75,town
town,1.0,town
tree,1.0,tree
twon,0.75,town
violin,1.0,violin
violine,0.923,violin
violn,0.909,violin
world,0.4,field
,0.0,orange
banana,0.333,orange
bleach,1.0,bleach
book,1.0,book
bus,1.0,bus
bys,0.667,bus
chin,1.0,chin
corn,1.0,corn
dog,0.444,orange
donkey,1.0,donkey
earth,0.545,bleach
field,0.4,hotel
food,0.5,toad
ham,0.286,toad
hotel,1.0,hotel
hunter,0.545,hotel
laundry,0.429,soldier
money,1.0,money
monkey,0.909,money
mooney,0.909,money
orange,1.0,orange
padlock,1.0,padlock
radio,0.5,padlock
scarf,0.444,corn
soap,1.0,soap
soilder,0.857,soldier
soldier,1.0,soldier
spider,1.0,spider
table,1.0,table
toad,1.0,toad
violin,0.462,soldier
,0.0,doll
ail,0.857,nail
ball,0.5,doll
bed,1.0,bed
blood,0.5,bed
bullet,0.5,letter
car,0.5,heart
coat,0.5,road
cow,0.286,doll
desert,1.0,desert
desk,0.6,desert
dessert,0.923,desert
dish,0.4,desert
dog,0.571,doll
doll,1.0,doll
doll face hor,0.471,doll
doll mirror,0.706,mirror
donut,0.444,doll
door,0.5,doll
dresser,0.769,desert
drive,0.4,horse
fac3e,0.889,face
face,1.0,face
face\,0.889,face
faceletter,0.75,letter
farm,0.5,face
foot,0.25,doll
forest,0.545,horse
girl,0.5,nail
haert,0.8,heart
hand,0.5,road
head,0.667,heart
heart,1.0,heart
heart horse,0.625,heart
heat,0.889,heart
helment,0.923,helmet
helmet,1.0,helmet
helmetr,0.923,helmet
helmu,0.727,helmet
helmut,0.833,helmet
hill,0.5,doll
hlemet,0.833,helmet
horse,1.0,horse
hose,0.889,horse
house,0.8,horse
insect,0.5,desert
jester,0.667,desert
ladder,0.5,desert
letter,1.0,letter
lettter,0.923,letter
listen,0.5,letter
machime,0.857,machine
machine,1.0,machine
machune,0.857,machine
macjine,0.857,machine
magic,0.6,music
mask,0.5,milk
mechanic,0.533,machine
melt,0.6,helmet
milk,1.0,milk
miracle,0.571,machine
mirrir,0.833,mirror
mirro,0.909,mirror
mirroe,0.833,mirror
mirror,1.0,mirror
molk,0.75,milk
morror,0.833,mirror
mucis,0.6,music
music,1.0,music
nail,1.0,nail
nail ',0.8,nail
nirror,0.833,mirror
pen,0.333,bed
raod,0.75,road
read,0.75,road
road,1.0,road
roll,0.75,doll
sail,0.8,sailor
sailer,0.833,sailor
sailor,1.0,sailor
salior,0.833,sailor
salt,0.6,sailor
saolor,0.833,sailor
soldier,0.462,sailor
tool,0.5,doll
toy,0.286,doll
truck,0.4,music
usic,0.889,music
wall,0.5,doll
,0.0,dish
all,0.857,ball
ball,1.0,ball
ball jester,0.706,jester
car,1.0,car
coat,1.0,coat
dance,0.364,ladder
dish,1.0,dish
disk,0.75,dish
doll,0.5,hill
feat,0.6,forest
foot,1.0,foot
forest,1.0,forest
girl,1.0,girl
hill,1.0,hill
insect,1.0,insect
jester,1.0,jester
ladder,1.0,ladder
perfume,1.0,perfume
pie,1.0,pie
protector,0.4,jester
shield,1.0,shield
tool,1.0,tool
