survey_question,response_counts
,Counter({'': 36})
age_textbox_response,"Counter({'': 3, '28': 3, '24': 2, '45': 2, '20': 2, '23': 2, '32': 2, '31': 2, '30': 2, '29': 2, '62': 2, '37': 2, '42': 2, '39': 1, '22': 1, '35': 1, '36': 1, '67': 1, '59': 1, '52': 1, '53': 1})"
education_response,"Counter({""Bachelor's degree"": 12, 'Some college, no degree': 12, 'High school diploma or equivalent': 4, '': 3, ""Master's degree"": 2, ""Associate's degree"": 2, 'Doctoral or professional degree': 1})"
educationother_response,Counter({'': 36})
ethnicity_response,"Counter({'Not Hispanic or Latino': 29, '': 3, 'Hispanic or Latino (a person of Cuban, Mexican, Puerto Rican, Cuban, South or Central American, or other Spanish culture or origin, regardless of race)': 3, 'I prefer not to answer this question': 1})"
gender_response,"Counter({'Male': 19, 'Female': 14, '': 3})"
genderother_response,Counter({'': 36})
native_english_response,"Counter({'Yes': 32, '': 3, 'No': 1})"
raceoriginoption1_response,"Counter({'': 35, 'American Indian or Alaska Native (a person having origins in any of the original peoples of North and South America (including Central America) who maintains cultural identification through tribal affiliation or community attachment)': 1})"
raceoriginoption2_response,"Counter({'': 34, 'Asian (a person having origins in any of the original peoples of the Far East, Southeast Asia, or the Indian Subcontinent, including, for example, Cambodia, China, India, Japan, Korea, Malaysia, Pakistan, the Philippine Islands, Thailand, and Vietnam)': 2})"
raceoriginoption3_response,"Counter({'': 34, 'Black or African American (a person having origins in any of the black racial groups of Africa)': 2})"
raceoriginoption4_response,Counter({'': 36})
raceoriginoption5_response,"Counter({'White (a person having origins in any of the original peoples of Europe, the Middle East, or North Africa)': 28, '': 8})"
raceoriginoption6_response,"Counter({'': 35, 'I prefer not to answer this question': 1})"
raceoriginoption7_response,Counter({'': 36})
raceoriginother_response,Counter({'': 36})
region_response,"Counter({'Southeast - AL, AR, FL, GA, KY, LA, MS, NC, SC, TN, VA, WV': 10, 'West - AK, CA, CO, HI, ID, MT, NV, OR, UT, WA, WY': 9, 'Northeast - CT, DC, DE, MA, MD, ME, NH, NJ, NY, PA, RI, VT': 8, 'Midwest - IA, IL, IN, KS, MI, MN, MO, ND, NE, OH, SD, WI': 4, '': 3, 'Southwest - AZ, NM, OK, TX': 2})"
regionother_response,Counter({'': 36})
subject,"Counter({'XXX': 2, 'AVD6HMIO1HLFI': 2, 'A5EU1AQJNC7F2': 2, '43': 1, 'A3IS28VQS5T5DE': 1, 'A1PUHCEBSOWETV': 1, '24': 1, '25': 1, '26': 1, '27': 1, '20': 1, '22': 1, '23': 1, '42': 1, '29': 1, '41': 1, '1': 1, 'A14ADQ7RUN6TDY': 1, '3': 1, '5': 1, '4': 1, '6': 1, '9': 1, '8': 1, '11': 1, '10': 1, '13': 1, '14': 1, '17': 1, '16': 1, '19': 1, 'A1BF7DK6RJHQA': 1, '35': 1})"
