subj_id,gender,age,age_range
1,male,31,30-39
10,male,20,20-29
11,female,32,30-39
14,male,36,30-39
16,male,42,40-49
17,male,42,40-49
19,female,59,50-59
19,female,59,57-69
22,female,24,20-29
23,female,62,57-69
24,male,29,20-29
25,female,35,30-39
26,female,62,57-69
27,male,32,30-39
29,male,23,20-29
3,female,37,30-39
35,female,29,20-29
4,male,30,30-39
41,male,23,20-29
42,female,45,40-49
43,male,31,30-39
5,female,30,30-39
6,female,53,50-59
8,female,24,20-29
9,male,37,30-39
A14ADQ7RUN6TDY,male,67,57-69
A1BF7DK6RJHQA,female,52,50-59
A1PUHCEBSOWETV,male,20,20-29
A3IS28VQS5T5DE,male,22,20-29
A5EU1AQJNC7F2,female,28,20-29
AVD6HMIO1HLFI,male,28,20-29
AVD6HMIO1HLFI,male,28,20-29
XXX,male,39,30-39
XXX,male,45,40-49
