subj_id,age,age_range,gender
1,31,30-39,male
10,20,20-29,male
11,32,30-39,female
14,36,30-39,male
16,42,40-49,male
17,42,40-49,male
19,59,50-59,female
22,24,20-29,female
23,62,60-69,female
24,29,20-29,male
25,35,30-39,female
26,62,60-69,female
27,32,30-39,male
29,23,20-29,male
3,37,30-39,female
35,29,20-29,female
4,30,30-39,male
41,23,20-29,male
42,45,40-49,female
43,31,30-39,male
5,30,30-39,female
6,53,50-59,female
8,24,20-29,female
9,37,30-39,male
A14ADQ7RUN6TDY,67,60-69,male
A1BF7DK6RJHQA,52,50-59,female
A1PUHCEBSOWETV,20,20-29,male
A3IS28VQS5T5DE,22,20-29,male
A5EU1AQJNC7F2,28,20-29,female
AVD6HMIO1HLFI,28,20-29,male
AVD6HMIO1HLFI,28,20-29,male
XXX,39,30-39,male
XXX,45,40-49,male
