,0.0,nose
bacon,0.4,color
bell,0.25,nose
bell hat,0.167,nose
bird,0.444,river
blue,0.444,house
boar,0.444,color
cake,0.4,turkey
cat,0.25,color
chess,0.4,house
child,0.4,color
church,0.364,color
churhc,0.364,color
cloud,0.6,color
cofee,0.444,nose
coffe,0.444,nose
coffee,0.4,nose
collar,0.727,color
college,0.5,color
color,1.0,color
course,0.727,house
curitan,0.333,color
curtain,0.333,color
curtain\,0.308,color
curtains,0.333,nose
curtan,0.364,color
curtian,0.333,color
desk,0.25,nose
door,0.667,color
drum,0.222,color
"far,mer",0.5,river
farm,0.222,color
farme,0.4,river
farmer,0.545,river
field,0.4,river
fish,0.25,nose
fist,0.25,nose
garde,0.4,river
garden,0.364,river
glasses,0.364,nose
gold,0.444,color
gun,0.286,nose
hat,0.25,house
hockey,0.545,house
horse,0.8,house
hose,0.889,house
houes,0.8,house
house,1.0,house
hunter,0.545,house
kettle,0.333,turkey
kitchen,0.333,house
lake,0.4,turkey
lamb,0.222,color
landing,0.182,nose
moo,0.5,color
moon,0.444,color
mose,0.75,nose
mountain,0.308,house
music,0.4,house
noise,0.889,nose
nose,1.0,nose
ocean,0.444,nose
olor,0.889,color
ouse,0.889,house
parent,0.364,river
parents,0.333,river
pencil,0.364,color
piano,0.444,nose
plant,0.222,nose
player,0.364,color
pool,0.444,color
ranger,0.545,river
ring,0.444,river
riven,0.8,river
river,1.0,river
roll,0.444,color
schoo,0.6,color
school,0.545,color
school',0.5,color
shoe,0.667,house
smell,0.444,nose
stove,0.444,nose
student,0.462,turkey
studet,0.5,turkey
table,0.364,turkey
tea,0.444,turkey
teacher,0.333,color
towel,0.444,nose
turker,0.833,turkey
turkey,1.0,turkey
water,0.4,river
yellow,0.364,color
,0.0,lamb
bear,0.25,lamb
bell,0.4,pencil
bird,0.25,lamb
blue,0.286,gun
boar,0.25,lamb
church,1.0,church
cloud,0.364,pencil
coffee,0.2,fish
color,0.364,pencil
curtain,0.462,church
desk,0.25,fish
drum,0.286,gun
farmer,0.4,lamb
fish,1.0,fish
garden,0.444,gun
glass,0.444,lamb
glasses,0.364,lamb
gun,1.0,gun
hat,0.286,lamb
house,0.364,church
kettle,0.333,pencil
lamb,1.0,lamb
moon,0.286,gun
mountain,0.364,gun
nose,0.286,gun
parent,0.5,pencil
pencil,1.0,pencil
perch,0.545,pencil
range,0.25,gun
ranger,0.222,gun
river,0.222,fish
school,0.4,fish
shoe,0.5,fish
shot,0.5,fish
sky,0.286,fish
stove,0.222,fish
towel,0.364,pencil
turkey,0.333,church
