,0.0,drum
bacon,0.364,coffee
bell,1.0,bell
bell hat,0.667,bell
bird,0.25,drum
blue,0.5,bell
boar,0.25,drum
cake,0.4,coffee
cat,0.4,curtain
chess,0.364,coffee
child,0.545,school
church,0.462,curtain
churhc,0.462,curtain
cloud,0.364,coffee
cofee,0.909,coffee
coffe,0.909,coffee
coffee,1.0,coffee
collar,0.5,school
college,0.615,coffee
color,0.545,school
course,0.5,coffee
curitan,0.857,curtain
curtain,1.0,curtain
curtain\,0.933,curtain
curtains,0.933,curtain
curtan,0.923,curtain
curtian,0.857,curtain
desk,0.25,drum
door,0.5,drum
drum,1.0,drum
"far,mer",0.364,drum
farm,0.5,drum
farme,0.444,drum
farmer,0.4,drum
field,0.444,bell
fish,0.4,school
fist,0.2,coffee
garde,0.222,drum
garden,0.308,curtain
glasses,0.182,bell
gold,0.4,school
gun,0.4,curtain
hat,0.222,school
hockey,0.333,coffee
horse,0.364,coffee
hose,0.4,coffee
houes,0.364,coffee
house,0.364,coffee
hunter,0.308,curtain
kettle,0.4,bell
kitchen,0.308,coffee
lake,0.25,bell
lamb,0.25,drum
landing,0.429,curtain
moo,0.444,school
moon,0.4,school
mose,0.4,coffee
mountain,0.667,curtain
music,0.364,school
noise,0.364,coffee
nose,0.4,coffee
ocean,0.5,curtain
olor,0.4,school
ouse,0.4,coffee
parent,0.308,curtain
parents,0.286,curtain
pencil,0.4,bell
piano,0.333,curtain
plant,0.333,curtain
player,0.2,drum
pool,0.6,school
ranger,0.462,curtain
ring,0.545,curtain
riven,0.5,curtain
river,0.333,curtain
roll,0.5,bell
schoo,0.909,school
school,1.0,school
school',0.923,school
shoe,0.6,school
smell,0.667,bell
stove,0.364,coffee
student,0.286,curtain
studet,0.2,drum
table,0.444,bell
tea,0.4,curtain
teacher,0.308,coffee
towel,0.444,bell
turker,0.308,curtain
turkey,0.308,curtain
water,0.222,drum
yellow,0.6,bell
,0.0,desk
bear,0.5,bird
bell,0.25,desk
bird,1.0,bird
blue,0.25,desk
boar,0.5,bird
church,0.2,bird
cloud,0.222,desk
coffee,0.4,shoe
color,0.222,bird
curtain,0.462,ranger
desk,1.0,desk
drum,0.25,desk
farmer,0.5,ranger
fish,0.5,shoe
garden,0.4,desk
glass,0.222,desk
glasses,0.364,desk
gun,0.222,ranger
hat,0.286,shoe
house,0.667,shoe
kettle,0.2,desk
lamb,0.25,bird
moon,0.25,shoe
mountain,0.167,bird
nose,0.5,shoe
parent,0.333,ranger
pencil,0.2,desk
perch,0.364,ranger
range,0.909,ranger
ranger,1.0,ranger
river,0.545,ranger
school,0.6,shoe
shoe,1.0,shoe
shot,0.75,shoe
sky,0.571,desk
stove,1.0,stove
towel,0.6,stove
turkey,0.364,stove
