,0.0,drum
bacon,0.444,moon
bell,1.0,bell
bell hat,0.667,bell
bird,0.444,river
blue,0.5,bell
boar,0.444,color
cake,0.4,coffee
cat,0.667,hat
chess,0.4,house
child,0.545,school
church,0.462,curtain
churhc,0.462,curtain
cloud,0.6,color
cofee,0.909,coffee
coffe,0.909,coffee
coffee,1.0,coffee
collar,0.727,color
college,0.615,coffee
color,1.0,color
course,0.727,house
curitan,0.857,curtain
curtain,1.0,curtain
curtain\,0.933,curtain
curtains,0.933,curtain
curtan,0.923,curtain
curtian,0.857,curtain
desk,0.4,garden
door,0.667,color
drum,1.0,drum
"far,mer",0.923,farmer
farm,0.8,farmer
farme,0.909,farmer
farmer,1.0,farmer
field,0.444,bell
fish,0.4,school
fist,0.286,hat
garde,0.909,garden
garden,1.0,garden
glasses,0.462,garden
gold,0.444,color
gun,0.444,garden
hat,1.0,hat
hockey,0.545,house
horse,0.8,house
hose,0.889,house
houes,0.8,house
house,1.0,house
hunter,0.545,house
kettle,0.4,bell
kitchen,0.333,house
lake,0.4,parent
lamb,0.4,farmer
landing,0.429,curtain
moo,0.857,moon
moon,1.0,moon
mose,0.75,nose
mountain,0.667,curtain
music,0.4,house
noise,0.889,nose
nose,1.0,nose
ocean,0.5,curtain
olor,0.889,color
ouse,0.889,house
parent,1.0,parent
parents,0.923,parent
pencil,0.5,parent
piano,0.545,parent
plant,0.727,parent
player,0.5,parent
pool,0.6,school
ranger,0.545,river
ring,0.545,curtain
riven,0.8,river
river,1.0,river
roll,0.5,bell
schoo,0.909,school
school,1.0,school
school',0.923,school
shoe,0.667,house
smell,0.667,bell
stove,0.444,nose
student,0.462,parent
studet,0.5,turkey
table,0.444,bell
tea,0.444,turkey
teacher,0.462,farmer
towel,0.444,bell
turker,0.833,turkey
turkey,1.0,turkey
water,0.545,farmer
yellow,0.6,bell
,0.0,desk
bear,0.75,boar
bell,0.444,towel
bird,1.0,bird
blue,0.444,cloud
boar,1.0,boar
church,1.0,church
cloud,1.0,cloud
coffee,0.4,shoe
color,0.6,cloud
curtain,0.667,mountain
desk,1.0,desk
drum,0.286,gun
farmer,0.5,ranger
fish,1.0,fish
garden,0.462,glasses
glass,0.833,glasses
glasses,1.0,glasses
gun,1.0,gun
hat,0.286,shoe
house,0.667,shoe
kettle,0.364,towel
lamb,1.0,lamb
moon,0.5,mountain
mountain,1.0,mountain
nose,0.5,shoe
parent,0.5,pencil
pencil,1.0,pencil
perch,0.545,pencil
range,0.909,ranger
ranger,1.0,ranger
river,0.545,ranger
school,0.6,shoe
shoe,1.0,shoe
shot,0.75,shoe
sky,0.571,desk
stove,1.0,stove
towel,1.0,towel
turkey,0.364,stove
