,0.0,drum
\,0.0,drum
a,0.25,curtain
armer,0.444,drum
bear,0.5,bell
bell,1.0,bell
bird,0.25,drum
boar,0.25,drum
book,0.4,school
bore,0.5,bell
brain,0.667,curtain
bus,0.286,drum
candy,0.5,curtain
carten,0.615,curtain
cat,0.4,curtain
chruch,0.4,drum
church,0.462,curtain
cloud,0.364,coffee
cofee,0.909,coffee
coffe,0.909,coffee
coffee,1.0,coffee
color,0.545,school
colorf,0.5,coffee
colorhouse,0.375,coffee
colr,0.6,school
cooler,0.667,school
couch,0.364,coffee
crutain,0.857,curtain
curain,0.923,curtain
curatin,0.857,curtain
curtai,0.923,curtain
curtain,1.0,curtain
curtain',0.933,curtain
curtan,0.923,curtain
curtian,0.857,curtain
curtin,0.923,curtain
cutain,0.923,curtain
cutaoin,0.857,curtain
cutin,0.833,curtain
dek,0.286,drum
desk,0.25,drum
dog,0.286,drum
drum,1.0,drum
drum coffee,0.706,coffee
druml,0.889,drum
e,0.4,bell
famer,0.364,coffee
family,0.308,curtain
fan,0.4,curtain
farden,0.333,coffee
farme,0.444,drum
farmer,0.4,drum
feather,0.462,coffee
fish,0.4,school
flower,0.333,coffee
food,0.4,school
forest,0.333,coffee
garde,0.222,drum
gardeen,0.308,coffee
garden,0.308,curtain
gardener,0.286,coffee
gardenj,0.286,curtain
glases,0.2,bell
glass,0.222,bell
glasses,0.182,bell
graden,0.462,curtain
gun,0.4,curtain
hanger,0.308,curtain
hat,0.222,school
het,0.286,bell
history,0.308,school
hosue,0.364,coffee
house,0.364,coffee
house',0.333,coffee
hug,0.286,drum
iver,0.25,drum
lamb,0.25,drum
light,0.222,bell
moo,0.444,school
moon,0.4,school
moon hat,0.286,school
mountain,0.667,curtain
move,0.4,coffee
mug,0.286,drum
nature,0.308,curtain
nose,0.4,coffee
office,0.667,coffee
olr,0.444,school
paper,0.222,drum
parent,0.308,curtain
parents,0.286,curtain
pencil,0.4,bell
range,0.5,curtain
ranger,0.462,curtain
rive,0.364,curtain
river,0.333,curtain
scholl,0.833,school
schoo,0.909,school
school,1.0,school
shoe,0.6,school
stove,0.364,coffee
student,0.286,curtain
sun,0.4,curtain
teacher,0.308,coffee
tovel,0.444,bell
towel,0.444,bell
train,0.667,curtain
turkey,0.308,curtain
,0.0,desk
bear,0.5,bird
bird,1.0,bird
boar,0.5,bird
candy,0.364,ranger
car,0.444,ranger
chruch,0.2,bird
church,0.2,bird
cloud,0.222,desk
cloud\,0.2,desk
deer,0.5,desk
desk,1.0,desk
drum,0.25,desk
fish,0.5,shoe
glases,0.4,desk
glass,0.222,desk
glasses,0.364,desk
gun,0.222,ranger
hanger,0.833,ranger
lamb,0.25,bird
llamb,0.222,bird
maountain,0.267,ranger
meat,0.25,desk
mountain,0.167,bird
mountin,0.182,bird
mountion,0.167,bird
moutain,0.308,ranger
pen,0.286,desk
pencil,0.2,desk
range,0.909,ranger
ranger,1.0,ranger
s,0.4,desk
shoe,1.0,shoe
spear,0.444,shoe
stove,1.0,stove
toverl,0.727,stove
towel,0.6,stove
towel cloud,0.375,stove
turkey,0.364,stove
,0.0,pipe
/pipe,0.889,pipe
alarm,1.0,alarm
alarm',0.909,alarm
alarmw,0.909,alarm
all,0.857,wall
bag,0.286,wall
beach,0.222,pipe
bed,0.286,pipe
bell,0.5,wall
bench,0.333,student
blue,0.364,student
boat,0.25,wall
bottle,0.308,student
box,0.0,pipe
bullet,0.462,student
cage,0.25,pipe
cave,0.25,pipe
chair,0.4,alarm
chapel,0.4,pipe
chickem,0.364,pipe
chicken,0.364,pipe
chicken',0.333,pipe
chicken\,0.333,pipe
church,0.364,sugar
cliff,0.222,pipe
clock,0.222,wall
color,0.4,alarm
crab,0.25,wall
ctrl+'q',0.167,wall
data,0.444,alarm
doo,0.2,student
door,0.222,alarm
doors,0.2,alarm
dor,0.25,alarm
dound,0.333,student
dream,0.4,alarm
enter,0.5,student
face,0.25,pipe
farmer,0.545,alarm
floor,0.4,alarm
flower,0.364,alarm
fridge,0.4,pipe
gap,0.5,sugar
garden,0.545,sugar
goat,0.444,sugar
grab,0.444,sugar
grape,0.444,pipe
home,0.25,pipe
jar,0.5,alarm
lunch,0.333,student
mom,0.25,alarm
moon,0.222,alarm
moth,0.222,alarm
mother,0.308,student
mother',0.286,student
mothers,0.286,student
mounth,0.462,student
mouth,0.333,student
ocean,0.333,student
officer,0.364,pipe
oor,0.25,alarm
ound,0.364,student
paint,0.444,pipe
painter,0.545,pipe
painting,0.333,pipe
painting],0.308,pipe
paiting,0.364,pipe
paper,0.667,pipe
pencil,0.4,pipe
picture,0.545,pipe
piep,0.75,pipe
pipe,1.0,pipe
piper,0.889,pipe
pope,0.75,pipe
river,0.444,pipe
roll,0.5,wall
room,0.444,alarm
school,0.2,wall
ship,0.5,pipe
should,0.462,student
sky,0.25,sugar
small,0.667,wall
soag,0.444,sugar
soap,0.444,sugar
sock,0.222,sugar
sound,0.5,student
sounds,0.462,student
sream,0.4,alarm
st[ar,0.6,sugar
star,0.667,sugar
start,0.6,sugar
steam,0.5,student
stent,0.833,student
stomach,0.333,sugar
strea,0.5,student
"strea,",0.462,student
stream,0.462,student
stream door,0.333,student
strean,0.615,student
street,0.615,student
studen,0.923,student
studenet,0.933,student
student,1.0,student
studnet,0.857,student
stweart,0.571,student
suagr,0.8,sugar
sudden,0.769,student
sugar,1.0,sugar
sun,0.6,student
sweet,0.5,student
task,0.25,wall
tream,0.4,alarm
tudent,0.923,student
ugar,0.889,sugar
wal,0.857,wall
wall,1.0,wall
walll,0.889,wall
water,0.444,wall
wheat,0.444,wall
whet,0.364,student
window,0.2,pipe
wlal,0.75,wall
wreath,0.4,wall
,0.0,bench
anchor,0.545,bench
battle,0.4,cage
beach,0.8,bench
bench,1.0,bench
block,0.667,sock
boat,0.25,cage
boatc,0.444,sock
bottle,0.364,bench
bullet,0.364,bench
cage,1.0,cage
cave,0.75,cage
chapel,0.6,cage
chaple,0.6,cage
cliff,0.333,officer
crab,0.5,cage
crap,0.5,cage
fridge,1.0,fridge
goat,0.25,cage
hip,0.25,bench
office,0.923,officer
officer,1.0,officer
paper,0.444,cage
papper,0.4,cage
rab,0.286,cage
saop,0.5,sock
sea,0.286,cage
ship,0.25,sock
sky,0.571,sock
soap,0.5,sock
sock,1.0,sock
socks,0.889,sock
water,0.444,cage
,0.0,violin
\,0.0,violin
adio,0.4,violin
am,0.8,ham
arth,0.444,scarf
babana,0.222,ham
banaa,0.25,ham
banan,0.25,ham
banan a,0.2,ham
banana,0.222,ham
bananan,0.2,ham
banane,0.286,suitcase
bananna,0.2,ham
bannaa,0.222,ham
basket,0.429,suitcase
bird,0.25,tree
bleach,0.222,ham
book,0.2,violin
boucket,0.4,suitcase
brother,0.364,tree
bucket,0.429,suitcase
buket,0.308,suitcase
bus,0.364,suitcase
butcher,0.533,suitcase
buvket,0.286,suitcase
carf,0.889,scarf
chair,0.6,scarf
chin,0.4,violin
chin',0.364,violin
ciolin,0.833,violin
corn,0.444,scarf
couisin,0.462,violin
couisn,0.5,violin
cousi,0.364,violin
cousin,0.5,violin
cousin',0.462,violin
cousins,0.462,violin
cousion,0.462,violin
ctrl+'q',0.333,tree
curtain,0.333,scarf
cusin,0.364,violin
deadlock,0.182,ham
deer,0.5,tree
dog,0.222,violin
dog ham,0.6,ham
donkey,0.333,violin
door,0.25,tree
dos,0.25,scarf
dpg,0.0,violin
ear,0.5,scarf
earht,0.4,scarf
eart,0.444,scarf
eartch,0.364,scarf
earth,0.4,scarf
earthj,0.364,scarf
earths,0.364,scarf
eatth,0.25,ham
explorer,0.333,tree
farmer,0.444,ham
feild,0.364,violin
femce,0.444,tree
fence,0.444,tree
fiel,0.4,violin
field,0.364,violin
field',0.333,violin
fields,0.333,violin
fiels,0.364,violin
firld,0.364,violin
flip,0.4,violin
foeld,0.364,violin
food,0.222,scarf
frog,0.25,tree
fueld,0.308,suitcase
guitar,0.571,suitcase
gun,0.222,violin
h8unter,0.4,suitcase
ha,0.8,ham
hall,0.571,ham
ham,1.0,ham
hama,0.857,ham
hammer,0.667,ham
hamster,0.6,ham
harm,0.857,ham
honey,0.364,violin
hotdog,0.222,ham
hotek,0.444,tree
hotel,0.444,tree
house,0.462,suitcase
huner,0.308,suitcase
hunter,0.429,suitcase
hunter',0.4,suitcase
ield,0.4,violin
jam,0.667,ham
ladder,0.364,scarf
meat,0.286,ham
money,0.364,violin
monkey,0.333,violin
og,0.25,violin
oramge,0.444,ham
orange,0.4,tree
other,0.444,tree
own,0.444,violin
padlock,0.2,ham
pinecone,0.333,tree
planet,0.333,violin
radi,0.286,ham
radio,0.364,violin
"radio""",0.333,violin
radios,0.333,violin
rare,0.5,tree
ree,0.857,tree
river,0.444,tree
road,0.286,ham
sarf,0.889,scarf
scar,0.889,scarf
scarf,1.0,scarf
scra,0.667,scarf
scraf,0.8,scarf
shape,0.5,ham
soap,0.444,scarf
soldier,0.462,violin
soldoer,0.333,scarf
sousin,0.5,violin
spider,0.429,suitcase
stair,0.6,scarf
staircase,0.706,suitcase
stairs,0.571,suitcase
stairsdo,0.5,suitcase
starcase,0.75,suitcase
staris,0.571,suitcase
stars,0.615,suitcase
street,0.8,tree
suit,0.667,suitcase
suit case,0.941,suitcase
suitcae,0.933,suitcase
suitcare,0.875,suitcase
suitcase,1.0,suitcase
suticase,0.875,suitcase
table,0.462,suitcase
tairs,0.462,suitcase
three,0.889,tree
toad,0.333,suitcase
town,0.4,violin
town],0.364,violin
tree,1.0,tree
tree dog,0.667,tree
trees,0.889,tree
ts,0.4,suitcase
uitcase,0.933,suitcase
unter,0.462,suitcase
upstairs,0.462,scarf
villin,0.833,violin
vioilin,0.923,violin
violen,0.833,violin
violet,0.667,violin
violin,1.0,violin
violins,0.923,violin
violinscarf,0.706,violin
violint,0.923,violin
viollia,0.769,violin
viollin,0.923,violin
viollion,0.857,violin
violn,0.909,violin
word,0.25,tree
,0.0,orange
beach,0.4,table
bleach,0.545,table
book,0.286,bus
book\,0.25,bus
bookcase,0.429,orange
bus,1.0,bus
chain,0.444,corn
chair,0.444,corn
chin,0.5,corn
corn,1.0,corn
donkey,0.5,orange
food,0.5,toad
frog,0.4,orange
grease,0.333,orange
homey,0.364,orange
honey,0.545,orange
horse,0.545,orange
hotel,0.4,table
hotem,0.4,table
money,0.545,orange
monkey,0.5,orange
or,0.667,corn
oragne,0.833,orange
orang,0.909,orange
orange,1.0,orange
orangle,0.923,orange
padlack,0.364,toad
padlcock,0.333,toad
padlock,0.364,toad
road,0.75,toad
soap,0.5,toad
soilder,0.364,toad
sold,0.5,toad
solder,0.4,toad
soldier,0.364,toad
solider,0.364,toad
solldier,0.333,toad
spider,0.222,bus
spieder,0.2,bus
table,1.0,table
toad,1.0,toad
tod,0.857,toad
yellow,0.2,toad
,0.0,doll
ace,0.286,nail
ailor,0.909,sailor
baby,0.25,nail
ball,0.5,doll
barbie,0.4,nail
basement,0.308,heart
bed,0.286,doll
bed4,0.25,doll
bedf,0.25,doll
book,0.25,doll
cake,0.25,nail
car,0.5,heart
chair,0.6,heart
circle,0.4,nail
cloud,0.364,sailor
clud,0.25,doll
coat,0.444,heart
coffee,0.2,doll
coffin,0.2,doll
cup,0.0,doll
deser,0.4,heart
desert,0.545,heart
dessert,0.5,heart
dish,0.25,doll
doll,1.0,doll
dool,0.75,doll
door,0.5,doll
dress,0.222,doll
drum,0.25,doll
duck,0.25,doll
envelope,0.333,nail
error,0.727,mirror
face,0.25,nail
fece,0.222,heart
flower,0.5,sailor
food,0.25,doll
foot,0.25,doll
forest,0.364,heart
girl,0.5,nail
grl,0.286,doll
hair,0.667,heart
hand,0.444,heart
head,0.667,heart
heart,1.0,heart
helemet,0.5,heart
helmet,0.545,heart
helmey,0.364,heart
helmwet,0.5,heart
herat,0.8,heart
hill,0.5,doll
home,0.444,heart
horse,0.4,heart
horsee,0.364,heart
horses,0.364,heart
hose,0.444,heart
house,0.4,heart
hrose,0.4,heart
insect,0.364,heart
insert,0.545,heart
jester,0.364,heart
ladder,0.364,heart
letter,0.364,heart
light,0.4,heart
loud,0.4,sailor
love,0.4,sailor
machie,0.4,nail
machime,0.364,nail
machine,0.364,nail
machinr,0.462,mirror
macine,0.4,nail
maid,0.5,nail
mail,0.75,nail
mailman,0.545,nail
male,0.5,nail
man,0.286,nail
mechine,0.308,mirror
middle,0.4,doll
mild,0.5,nail
milk,0.5,nail
mirrior,0.923,mirror
mirrir,0.833,mirror
mirro,0.909,mirror
mirror,1.0,mirror
mirrror,0.923,mirror
moon,0.4,mirror
mouse,0.364,mirror
msuic,0.364,mirror
mucis,0.364,mirror
musdif,0.333,mirror
music,0.364,mirror
music\,0.333,mirror
musical,0.462,sailor
musik,0.364,mirror
nai,0.857,nail
nail,1.0,nail
naill,0.889,nail
nails,0.889,nail
nirror,0.833,mirror
oad,0.286,doll
oat,0.5,heart
ocean,0.4,heart
oll,0.857,doll
paper,0.4,heart
perfume,0.333,heart
pie,0.286,nail
play,0.25,doll
race,0.25,nail
radio,0.444,doll
raod,0.4,mirror
read,0.444,heart
right,0.4,heart
roa,0.444,mirror
road,0.4,mirror
sad,0.444,sailor
sailoer,0.923,sailor
sailor,1.0,sailor
sailor heart,0.667,sailor
sailot,0.833,sailor
saior,0.909,sailor
salior,0.833,sailor
shade,0.4,heart
sheet,0.6,heart
shield,0.5,sailor
ship,0.4,sailor
shirt,0.6,heart
short,0.6,heart
silk,0.6,sailor
sky,0.222,sailor
sleep,0.364,sailor
smile,0.545,sailor
snail,0.889,nail
snake,0.444,nail
soldier,0.462,sailor
solidier,0.429,sailor
story,0.545,sailor
tool,0.5,doll
water,0.4,heart
white,0.4,heart
word,0.4,mirror
,0.0,dish
ar,0.333,coat
ball,0.5,hill
boat,0.75,coat
boy,0.286,coat
car,0.571,coat
car4,0.5,coat
coat,1.0,coat
cost,0.75,coat
dester,0.833,jester
dish,1.0,dish
dishes,0.8,dish
disk,0.75,dish
door,0.5,tool
field,0.444,hill
fool,0.75,tool
foot,0.5,coat
forest,0.5,jester
forrest,0.462,jester
fun,0.0,dish
girl,0.5,hill
hill,1.0,hill
insect,0.4,dish
insert,0.5,jester
jester,1.0,jester
june,0.4,jester
ladder,0.333,jester
lader,0.364,jester
ledder,0.5,jester
letter,0.667,jester
nest,0.6,jester
perfume,0.308,jester
pic,0.286,dish
pie,0.286,dish
play,0.25,hill
protect,0.364,coat
sheild,0.6,hill
shield,0.6,hill
shielf,0.6,hill
shoe,0.5,dish
shorts,0.4,dish
summer,0.5,jester
sun,0.286,dish
tool,1.0,tool
tool forest,0.533,tool
tools,0.889,tool
winter,0.5,jester
