,0.0,nose
\,0.0,nose
a,0.0,nose
armer,0.6,river
bear,0.444,river
bell,0.25,nose
bird,0.444,river
boar,0.444,color
book,0.444,color
bore,0.5,nose
brain,0.4,river
bus,0.5,house
candy,0.222,nose
carten,0.364,color
cat,0.25,color
chruch,0.364,color
church,0.364,color
cloud,0.6,color
cofee,0.444,nose
coffe,0.444,nose
coffee,0.4,nose
color,1.0,color
colorf,0.909,color
colorhouse,0.667,color
colr,0.889,color
cooler,0.727,color
couch,0.4,color
crutain,0.333,color
curain,0.364,color
curatin,0.333,color
curtai,0.364,color
curtain,0.333,color
curtain',0.308,color
curtan,0.364,color
curtian,0.333,color
curtin,0.364,color
cutain,0.2,nose
cutaoin,0.333,color
cutin,0.222,nose
dek,0.286,nose
desk,0.25,nose
dog,0.286,nose
drum,0.222,color
drum coffee,0.267,nose
druml,0.2,color
e,0.4,nose
famer,0.4,river
family,0.182,color
fan,0.286,nose
farden,0.364,river
farme,0.4,river
farmer,0.545,river
feather,0.333,river
fish,0.25,nose
flower,0.545,color
food,0.444,color
forest,0.4,nose
garde,0.4,river
gardeen,0.333,river
garden,0.364,river
gardener,0.462,river
gardenj,0.333,river
glases,0.4,nose
glass,0.222,nose
glasses,0.364,nose
graden,0.364,river
gun,0.286,nose
hanger,0.4,nose
hat,0.25,house
het,0.5,house
history,0.462,turkey
hosue,0.8,house
house,1.0,house
house',0.909,house
hug,0.5,house
iver,0.889,river
lamb,0.222,color
light,0.2,color
moo,0.5,color
moon,0.444,color
moon hat,0.308,color
mountain,0.308,house
move,0.5,nose
mug,0.25,house
nature,0.667,turkey
nose,1.0,nose
office,0.4,nose
olr,0.75,color
paper,0.4,river
parent,0.364,river
parents,0.333,river
pencil,0.364,color
range,0.444,nose
ranger,0.545,river
rive,0.889,river
river,1.0,river
scholl,0.545,color
schoo,0.6,color
school,0.545,color
shoe,0.667,house
stove,0.444,nose
student,0.462,turkey
sun,0.286,nose
teacher,0.333,color
tovel,0.444,nose
towel,0.444,nose
train,0.4,river
turkey,1.0,turkey
,0.0,lamb
bear,0.25,lamb
bird,0.25,lamb
boar,0.25,lamb
candy,0.25,gun
car,0.444,church
chruch,0.833,church
church,1.0,church
cloud,0.364,pencil
cloud\,0.333,pencil
deer,0.2,pencil
desk,0.25,fish
drum,0.286,gun
fish,1.0,fish
glases,0.4,lamb
glass,0.444,lamb
glasses,0.364,lamb
gun,1.0,gun
hanger,0.333,church
lamb,1.0,lamb
llamb,0.889,lamb
maountain,0.333,gun
meat,0.25,lamb
mountain,0.364,gun
mountin,0.4,gun
mountion,0.364,gun
moutain,0.4,gun
pen,0.667,pencil
pencil,1.0,pencil
range,0.25,gun
ranger,0.222,gun
s,0.4,fish
shoe,0.5,fish
spear,0.364,pencil
stove,0.222,fish
toverl,0.333,pencil
towel,0.364,pencil
towel cloud,0.235,pencil
turkey,0.333,church
,0.0,mouth
/pipe,0.333,chicken
alarm,0.364,stream
alarm',0.333,stream
alarmw,0.333,stream
all,0.222,stream
bag,0.222,stream
beach,0.364,stream
bed,0.286,door
bell,0.2,stream
bench,0.333,chicken
blue,0.222,mouth
boat,0.444,mouth
bottle,0.364,mouth
box,0.286,door
bullet,0.364,mouth
cage,0.364,chicken
cave,0.364,chicken
chair,0.5,chicken
chapel,0.462,chicken
chickem,0.857,chicken
chicken,1.0,chicken
chicken',0.933,chicken
chicken\,0.933,chicken
church,0.462,chicken
cliff,0.333,chicken
clock,0.5,chicken
color,0.667,door
crab,0.4,stream
ctrl+'q',0.286,stream
data,0.25,door
doo,0.857,door
door,1.0,door
doors,0.889,door
dor,0.857,door
dound,0.8,sound
dream,0.727,stream
enter,0.333,chicken
face,0.364,chicken
farmer,0.333,stream
floor,0.667,door
flower,0.4,door
fridge,0.333,stream
gap,0.222,stream
garden,0.308,chicken
goat,0.444,mouth
grab,0.4,stream
grape,0.364,stream
home,0.364,chicken
jar,0.286,door
lunch,0.4,mouth
mom,0.5,mouth
moon,0.5,door
moth,0.889,mouth
mother,0.727,mouth
mother',0.667,mouth
mothers,0.667,mouth
mounth,0.909,mouth
mouth,1.0,mouth
ocean,0.5,chicken
officer,0.429,chicken
oor,0.857,door
ound,0.889,sound
paint,0.333,chicken
painter,0.286,chicken
painting,0.267,chicken
painting],0.25,chicken
paiting,0.286,chicken
paper,0.222,door
pencil,0.308,chicken
picture,0.462,stream
piep,0.364,chicken
pipe,0.364,chicken
piper,0.333,chicken
pope,0.25,door
river,0.364,stream
roll,0.25,door
room,0.5,door
school,0.4,door
ship,0.364,chicken
should,0.727,sound
sky,0.25,sound
small,0.364,stream
soag,0.444,sound
soap,0.444,sound
sock,0.444,sound
sound,1.0,sound
sounds,0.909,sound
sream,0.909,stream
st[ar,0.545,stream
star,0.6,stream
start,0.545,stream
steam,0.909,stream
stent,0.545,stream
stomach,0.462,stream
strea,0.909,stream
"strea,",0.833,stream
stream,1.0,stream
stream door,0.706,stream
strean,0.833,stream
street,0.667,stream
studen,0.545,sound
studenet,0.462,sound
student,0.5,sound
studnet,0.5,sound
stweart,0.615,stream
suagr,0.4,sound
sudden,0.545,sound
sugar,0.4,sound
sun,0.75,sound
sweet,0.364,stream
task,0.4,stream
tream,0.909,stream
tudent,0.364,sound
ugar,0.25,door
wal,0.222,stream
wall,0.2,stream
walll,0.182,stream
water,0.222,door
wheat,0.364,stream
whet,0.364,chicken
window,0.4,door
wlal,0.2,stream
wreath,0.5,stream
,0.0,goat
anchor,0.364,paper
battle,0.5,bullet
beach,0.364,bullet
bench,0.364,bullet
block,0.364,bullet
boat,0.75,goat
boatc,0.667,goat
bottle,0.5,bullet
bullet,1.0,bullet
cage,0.6,chapel
cave,0.6,chapel
chapel,1.0,chapel
chaple,0.833,chapel
cliff,0.364,chapel
crab,1.0,crab
crap,0.75,crab
fridge,0.2,goat
goat,1.0,goat
hip,0.444,chapel
office,0.333,chapel
officer,0.364,crab
paper,1.0,paper
papper,0.909,paper
rab,0.857,crab
saop,0.444,paper
sea,0.286,goat
ship,0.4,chapel
sky,0.0,goat
soap,0.5,goat
sock,0.25,goat
socks,0.222,goat
water,0.6,paper
,0.0,town
\,0.0,town
adio,0.889,radio
am,0.286,radio
arth,0.25,town
babana,0.2,town
banaa,0.222,town
banan,0.222,town
banan a,0.182,town
banana,0.2,town
bananan,0.182,town
banane,0.333,hunter
bananna,0.182,town
bannaa,0.2,town
basket,0.667,bucket
bird,0.444,field
bleach,0.333,bucket
book,0.4,bucket
boucket,0.923,bucket
brother,0.462,hunter
bucket,1.0,bucket
buket,0.909,bucket
bus,0.444,bucket
butcher,0.615,hunter
buvket,0.833,bucket
carf,0.222,radio
chair,0.4,radio
chin,0.4,hunter
chin',0.364,hunter
ciolin,0.4,town
corn,0.5,town
couisin,0.364,town
couisn,0.4,town
cousi,0.222,town
cousin,0.4,town
cousin',0.364,town
cousins,0.364,town
cousion,0.364,town
ctrl+'q',0.286,hunter
curtain,0.5,radio
cusin,0.364,hunter
deadlock,0.462,radio
deer,0.4,hunter
dog,0.5,radio
dog ham,0.333,radio
donkey,0.4,town
door,0.444,radio
dos,0.5,radio
dpg,0.25,radio
ear,0.444,hunter
earht,0.364,hunter
eart,0.4,hunter
eartch,0.333,hunter
earth,0.364,hunter
earthj,0.333,hunter
earths,0.333,hunter
eatth,0.364,bucket
explorer,0.308,field
farmer,0.364,field
feild,0.8,field
femce,0.4,field
fence,0.4,field
fiel,0.889,field
field,1.0,field
field',0.909,field
fields,0.909,field
fiels,0.8,field
firld,0.8,field
flip,0.444,field
foeld,0.8,field
food,0.444,field
frog,0.444,radio
fueld,0.8,field
guitar,0.5,hunter
gun,0.444,hunter
h8unter,0.923,hunter
ha,0.286,radio
hall,0.222,radio
ham,0.25,radio
hama,0.222,radio
hammer,0.5,hunter
hamster,0.615,hunter
harm,0.4,hunter
honey,0.545,hunter
hotdog,0.333,hunter
hotek,0.545,hunter
hotel,0.545,hunter
house,0.545,hunter
huner,0.909,hunter
hunter,1.0,hunter
hunter',0.923,hunter
ield,0.889,field
jam,0.25,radio
ladder,0.364,radio
meat,0.4,bucket
money,0.444,town
monkey,0.4,town
og,0.333,town
oramge,0.364,radio
orange,0.4,town
other,0.545,hunter
own,0.857,town
padlock,0.5,radio
pinecone,0.308,radio
planet,0.333,hunter
radi,0.889,radio
radio,1.0,radio
"radio""",0.909,radio
radios,0.909,radio
rare,0.444,radio
ree,0.25,radio
river,0.4,radio
road,0.667,radio
sarf,0.222,radio
scar,0.222,radio
scarf,0.2,radio
scra,0.444,radio
scraf,0.4,radio
shape,0.364,hunter
soap,0.25,town
soldier,0.333,radio
soldoer,0.333,field
sousin,0.4,town
spider,0.364,field
stair,0.4,radio
staircase,0.286,radio
stairs,0.364,radio
stairsdo,0.462,radio
starcase,0.286,hunter
staris,0.364,radio
stars,0.364,hunter
street,0.333,hunter
suit,0.4,hunter
suit case,0.4,hunter
suitcae,0.462,hunter
suitcare,0.429,hunter
suitcase,0.429,hunter
suticase,0.429,hunter
table,0.364,hunter
tairs,0.4,radio
three,0.364,hunter
toad,0.5,town
town,1.0,town
town],0.889,town
tree,0.4,hunter
tree dog,0.462,radio
trees,0.364,hunter
ts,0.333,town
uitcase,0.462,hunter
unter,0.909,hunter
upstairs,0.429,hunter
villin,0.364,field
vioilin,0.364,town
violen,0.4,town
violet,0.364,radio
violin,0.4,town
violins,0.364,town
violinscarf,0.267,town
violint,0.364,town
viollia,0.333,radio
viollin,0.364,town
viollion,0.333,town
violn,0.444,town
word,0.25,town
,0.0,spider
beach,0.333,padlock
bleach,0.308,soldier
book,1.0,book
book\,0.889,book
bookcase,0.667,book
bus,0.286,book
chain,0.2,money
chair,0.364,spider
chin,0.222,money
corn,0.444,money
donkey,0.727,money
food,0.5,book
frog,0.25,book
grease,0.182,money
homey,0.6,money
honey,0.8,money
horse,0.4,money
hotel,0.4,money
hotem,0.4,money
money,1.0,money
monkey,0.909,money
or,0.444,soldier
oragne,0.545,money
orang,0.4,money
orange,0.545,money
orangle,0.5,money
padlack,0.857,padlock
padlcock,0.933,padlock
padlock,1.0,padlock
road,0.364,padlock
soap,0.4,spider
soilder,0.857,soldier
sold,0.727,soldier
solder,0.923,soldier
soldier,1.0,soldier
solider,0.857,soldier
solldier,0.933,soldier
spider,1.0,spider
spieder,0.923,spider
table,0.333,soldier
toad,0.364,soldier
tod,0.4,soldier
yellow,0.308,padlock
,0.0,milk
ace,0.286,road
ailor,0.444,milk
baby,0.25,road
ball,0.25,milk
barbie,0.364,horse
basement,0.571,helmet
bed,0.286,road
bed4,0.25,road
bedf,0.25,road
book,0.25,milk
cake,0.25,milk
car,0.286,road
chair,0.4,horse
circle,0.4,milk
cloud,0.444,road
clud,0.25,milk
coat,0.5,road
coffee,0.364,horse
coffin,0.2,milk
cup,0.25,music
deser,0.4,horse
desert,0.5,helmet
dessert,0.462,helmet
dish,0.25,milk
doll,0.25,milk
dool,0.25,milk
door,0.444,horse
dress,0.4,horse
drum,0.25,milk
duck,0.444,music
envelope,0.429,helmet
error,0.444,road
face,0.25,road
fece,0.4,helmet
flower,0.364,horse
food,0.5,road
foot,0.25,road
forest,0.545,horse
girl,0.5,milk
grl,0.286,milk
hair,0.444,horse
hand,0.5,road
head,0.5,road
heart,0.545,helmet
helemet,0.923,helmet
helmet,1.0,helmet
helmey,0.833,helmet
helmwet,0.923,helmet
herat,0.545,helmet
hill,0.5,milk
home,0.667,horse
horse,1.0,horse
horsee,0.909,horse
horses,0.909,horse
hose,0.889,horse
house,0.8,horse
hrose,0.8,horse
insect,0.364,music
insert,0.364,horse
jester,0.333,helmet
ladder,0.4,road
letter,0.5,helmet
light,0.364,helmet
loud,0.5,road
love,0.444,horse
machie,0.4,milk
machime,0.462,helmet
machine,0.364,milk
machinr,0.364,milk
macine,0.4,milk
maid,0.5,milk
mail,0.75,milk
mailman,0.545,milk
male,0.5,milk
man,0.286,milk
mechine,0.364,milk
middle,0.6,milk
mild,0.75,milk
milk,1.0,milk
mirrior,0.364,milk
mirrir,0.4,milk
mirro,0.444,milk
mirror,0.4,milk
mirrror,0.364,milk
moon,0.25,milk
mouse,0.6,music
msuic,0.8,music
mucis,0.6,music
musdif,0.727,music
music,1.0,music
music\,0.909,music
musical,0.833,music
musik,0.8,music
nai,0.286,milk
nail,0.5,milk
naill,0.444,milk
nails,0.444,milk
nirror,0.4,road
oad,0.857,road
oat,0.571,road
ocean,0.444,road
oll,0.286,milk
paper,0.222,road
perfume,0.462,helmet
pie,0.286,milk
play,0.25,milk
race,0.5,road
radio,0.667,road
raod,0.75,road
read,0.75,road
right,0.364,helmet
roa,0.857,road
road,1.0,road
sad,0.571,road
sailoer,0.364,milk
sailor,0.4,milk
sailor heart,0.353,horse
sailot,0.4,milk
saior,0.4,music
salior,0.364,music
shade,0.444,road
sheet,0.727,helmet
shield,0.5,helmet
ship,0.444,music
shirt,0.4,music
short,0.6,horse
silk,0.75,milk
sky,0.286,milk
sleep,0.4,horse
smile,0.667,milk
snail,0.444,milk
snake,0.4,horse
soldier,0.364,road
solidier,0.333,road
story,0.4,horse
tool,0.25,milk
water,0.222,road
white,0.4,horse
word,0.5,road
,0.0,shield
ar,0.8,car
ball,1.0,ball
boat,0.5,ball
boy,0.286,ball
car,1.0,car
car4,0.857,car
coat,0.571,car
cost,0.4,insect
dester,0.333,insect
dish,0.4,shield
dishes,0.5,shield
disk,0.4,insect
door,0.286,car
field,0.727,shield
fool,0.25,ball
foot,0.2,insect
forest,0.333,insect
forrest,0.308,insect
fun,0.222,insect
girl,0.4,shield
hill,0.6,shield
insect,1.0,insect
insert,0.833,insect
jester,0.333,insect
june,0.4,insect
ladder,0.444,car
lader,0.5,car
ledder,0.333,shield
letter,0.333,insect
nest,0.6,insect
perfume,0.4,pie
pic,0.667,pie
pie,1.0,pie
play,0.286,pie
protect,0.462,insect
sheild,0.833,shield
shield,1.0,shield
shielf,0.833,shield
shoe,0.6,shield
shorts,0.333,shield
summer,0.333,shield
sun,0.222,shield
tool,0.25,ball
tool forest,0.143,pie
tools,0.222,ball
winter,0.5,insect
