,0.0,drum
\,0.0,drum
a,0.5,hat
armer,0.909,farmer
bear,0.5,bell
bell,1.0,bell
bird,0.444,river
boar,0.444,color
book,0.5,moon
bore,0.5,bell
brain,0.667,curtain
bus,0.5,house
candy,0.5,curtain
carten,0.667,parent
cat,0.667,hat
chruch,0.4,drum
church,0.462,curtain
cloud,0.6,color
cofee,0.909,coffee
coffe,0.909,coffee
coffee,1.0,coffee
color,1.0,color
colorf,0.909,color
colorhouse,0.667,color
colr,0.889,color
cooler,0.727,color
couch,0.4,color
crutain,0.857,curtain
curain,0.923,curtain
curatin,0.857,curtain
curtai,0.923,curtain
curtain,1.0,curtain
curtain',0.933,curtain
curtan,0.923,curtain
curtian,0.857,curtain
curtin,0.923,curtain
cutain,0.923,curtain
cutaoin,0.857,curtain
cutin,0.833,curtain
dek,0.444,garden
desk,0.4,garden
dog,0.286,drum
drum,1.0,drum
drum coffee,0.706,coffee
druml,0.889,drum
e,0.4,bell
famer,0.909,farmer
family,0.5,farmer
fan,0.444,parent
farden,0.833,garden
farme,0.909,farmer
farmer,1.0,farmer
feather,0.615,farmer
fish,0.4,school
flower,0.545,color
food,0.5,moon
forest,0.5,parent
garde,0.909,garden
gardeen,0.923,garden
garden,1.0,garden
gardener,0.857,garden
gardenj,0.923,garden
glases,0.5,garden
glass,0.364,garden
glasses,0.462,garden
graden,0.833,garden
gun,0.444,garden
hanger,0.5,farmer
hat,1.0,hat
het,0.667,hat
history,0.462,turkey
hosue,0.8,house
house,1.0,house
house',0.909,house
hug,0.5,house
iver,0.889,river
lamb,0.4,farmer
light,0.5,hat
moo,0.857,moon
moon,1.0,moon
moon hat,0.667,moon
mountain,0.667,curtain
move,0.5,moon
mug,0.286,drum
nature,0.667,turkey
nose,1.0,nose
office,0.667,coffee
olr,0.75,color
paper,0.545,parent
parent,1.0,parent
parents,0.923,parent
pencil,0.5,parent
range,0.5,curtain
ranger,0.545,river
rive,0.889,river
river,1.0,river
scholl,0.833,school
schoo,0.909,school
school,1.0,school
shoe,0.667,house
stove,0.444,nose
student,0.462,parent
sun,0.4,curtain
teacher,0.462,farmer
tovel,0.444,bell
towel,0.444,bell
train,0.667,curtain
turkey,1.0,turkey
,0.0,desk
bear,0.75,boar
bird,1.0,bird
boar,1.0,boar
candy,0.4,cloud
car,0.571,boar
chruch,0.833,church
church,1.0,church
cloud,1.0,cloud
cloud\,0.909,cloud
deer,0.5,desk
desk,1.0,desk
drum,0.286,gun
fish,1.0,fish
glases,0.923,glasses
glass,0.833,glasses
glasses,1.0,glasses
gun,1.0,gun
hanger,0.833,ranger
lamb,1.0,lamb
llamb,0.889,lamb
maountain,0.941,mountain
meat,0.333,mountain
mountain,1.0,mountain
mountin,0.933,mountain
mountion,0.875,mountain
moutain,0.933,mountain
pen,0.667,pencil
pencil,1.0,pencil
range,0.909,ranger
ranger,1.0,ranger
s,0.4,desk
shoe,1.0,shoe
spear,0.444,shoe
stove,1.0,stove
toverl,0.727,stove
towel,1.0,towel
towel cloud,0.625,towel
turkey,0.364,stove
,0.0,pipe
/pipe,0.889,pipe
alarm,1.0,alarm
alarm',0.909,alarm
alarmw,0.909,alarm
all,0.857,wall
bag,1.0,bag
beach,0.5,bag
bed,0.333,bag
bell,0.5,wall
bench,0.333,student
blue,0.364,student
boat,0.571,bag
bottle,0.5,mother
box,0.333,bag
bullet,0.462,student
cage,0.571,bag
cave,0.364,chicken
chair,0.5,chicken
chapel,0.462,chicken
chickem,0.857,chicken
chicken,1.0,chicken
chicken',0.933,chicken
chicken\,0.933,chicken
church,0.462,chicken
cliff,0.333,chicken
clock,0.5,chicken
color,0.667,door
crab,0.4,stream
ctrl+'q',0.333,star
data,0.5,star
doo,0.857,door
door,1.0,door
doors,0.889,door
dor,0.857,door
dound,0.8,sound
dream,0.727,stream
enter,0.545,mother
face,0.364,chicken
farmer,0.545,alarm
floor,0.667,door
flower,0.5,mother
fridge,0.4,pipe
gap,0.5,sugar
garden,0.545,sugar
goat,0.444,sugar
grab,0.444,sugar
grape,0.444,pipe
home,0.444,wheat
jar,0.571,star
lunch,0.4,mouth
mom,0.5,mouth
moon,0.5,door
moth,0.889,mouth
mother,1.0,mother
mother',0.923,mother
mothers,0.923,mother
mounth,0.909,mouth
mouth,1.0,mouth
ocean,0.5,chicken
officer,0.462,mother
oor,0.857,door
ound,0.889,sound
paint,0.769,painting
painter,0.667,painting
painting,1.0,painting
painting],0.941,painting
paiting,0.933,painting
paper,0.667,pipe
pencil,0.429,painting
picture,0.545,pipe
piep,0.75,pipe
pipe,1.0,pipe
piper,0.889,pipe
pope,0.75,pipe
river,0.444,pipe
roll,0.5,wall
room,0.5,door
school,0.4,door
ship,0.5,pipe
should,0.727,sound
sky,0.286,star
small,0.667,wall
soag,0.571,bag
soap,0.5,star
sock,0.444,sound
sound,1.0,sound
sounds,0.909,sound
sream,0.909,stream
st[ar,0.889,star
star,1.0,star
start,0.889,star
steam,0.909,stream
stent,0.833,student
stomach,0.545,star
strea,0.909,stream
"strea,",0.833,stream
stream,1.0,stream
stream door,0.706,stream
strean,0.833,stream
street,0.667,stream
studen,0.923,student
studenet,0.933,student
student,1.0,student
studnet,0.857,student
stweart,0.727,star
suagr,0.8,sugar
sudden,0.769,student
sugar,1.0,sugar
sun,0.75,sound
sweet,0.6,wheat
task,0.5,star
tream,0.909,stream
tudent,0.923,student
ugar,0.889,sugar
wal,0.857,wall
wall,1.0,wall
walll,0.889,wall
water,0.6,wheat
wheat,1.0,wheat
whet,0.889,wheat
window,0.4,door
wlal,0.75,wall
wreath,0.727,wheat
,0.0,bench
anchor,0.545,bench
battle,0.833,bottle
beach,0.8,bench
bench,1.0,bench
block,0.667,sock
boat,0.75,goat
boatc,0.667,goat
bottle,1.0,bottle
bullet,1.0,bullet
cage,1.0,cage
cave,0.75,cage
chapel,1.0,chapel
chaple,0.833,chapel
cliff,1.0,cliff
crab,1.0,crab
crap,0.75,crab
fridge,1.0,fridge
goat,1.0,goat
hip,0.857,ship
office,0.923,officer
officer,1.0,officer
paper,1.0,paper
papper,0.909,paper
rab,0.857,crab
saop,0.75,soap
sea,0.571,soap
ship,1.0,ship
sky,1.0,sky
soap,1.0,soap
sock,1.0,sock
socks,0.889,sock
water,0.6,paper
,0.0,violin
\,0.0,violin
adio,0.889,radio
am,0.8,ham
arth,0.889,earth
babana,0.667,banana
banaa,0.909,banana
banan,0.909,banana
banan a,0.923,banana
banana,1.0,banana
bananan,0.923,banana
banane,0.833,banana
bananna,0.923,banana
bannaa,0.833,banana
basket,0.667,bucket
bird,0.444,field
bleach,0.545,earth
book,0.4,bucket
boucket,0.923,bucket
brother,0.5,earth
bucket,1.0,bucket
buket,0.909,bucket
bus,0.444,cousin
butcher,0.615,hunter
buvket,0.833,bucket
carf,0.889,scarf
chair,0.6,scarf
chin,0.6,cousin
chin',0.545,cousin
ciolin,0.833,violin
corn,0.6,cousin
couisin,0.923,cousin
couisn,0.833,cousin
cousi,0.909,cousin
cousin,1.0,cousin
cousin',0.923,cousin
cousins,0.923,cousin
cousion,0.923,cousin
ctrl+'q',0.333,tree
curtain,0.615,cousin
cusin,0.909,cousin
deadlock,0.462,radio
deer,0.5,tree
dog,1.0,dog
dog ham,0.6,ham
donkey,0.444,dog
door,0.571,dog
dos,0.667,dog
dpg,0.667,dog
ear,0.75,earth
earht,0.8,earth
eart,0.889,earth
eartch,0.909,earth
earth,1.0,earth
earthj,0.909,earth
earths,0.909,earth
eatth,0.8,earth
explorer,0.333,tree
farmer,0.444,ham
feild,0.8,field
femce,0.444,tree
fence,0.444,tree
fiel,0.889,field
field,1.0,field
field',0.909,field
fields,0.909,field
fiels,0.8,field
firld,0.8,field
flip,0.444,field
foeld,0.8,field
food,0.444,field
frog,0.571,dog
fueld,0.8,field
guitar,0.571,suitcase
gun,0.444,cousin
h8unter,0.923,hunter
ha,0.8,ham
hall,0.571,ham
ham,1.0,ham
hama,0.857,ham
hammer,0.667,ham
hamster,0.615,hunter
harm,0.857,ham
honey,0.545,hunter
hotdog,0.667,dog
hotek,0.545,hunter
hotel,0.545,hunter
house,0.545,cousin
huner,0.909,hunter
hunter,1.0,hunter
hunter',0.923,hunter
ield,0.889,field
jam,0.667,ham
ladder,0.364,scarf
meat,0.667,earth
money,0.444,town
monkey,0.4,town
og,0.8,dog
oramge,0.444,ham
orange,0.444,dog
other,0.545,hunter
own,0.857,town
padlock,0.5,radio
pinecone,0.333,tree
planet,0.364,earth
radi,0.889,radio
radio,1.0,radio
"radio""",0.909,radio
radios,0.909,radio
rare,0.5,tree
ree,0.857,tree
river,0.444,tree
road,0.667,radio
sarf,0.889,scarf
scar,0.889,scarf
scarf,1.0,scarf
scra,0.667,scarf
scraf,0.8,scarf
shape,0.5,ham
soap,0.444,scarf
soldier,0.462,violin
soldoer,0.4,dog
sousin,0.833,cousin
spider,0.5,stairs
stair,0.909,stairs
staircase,0.8,stairs
stairs,1.0,stairs
stairsdo,0.857,stairs
starcase,0.75,suitcase
staris,0.833,stairs
stars,0.909,stairs
street,0.8,tree
suit,0.667,suitcase
suit case,0.941,suitcase
suitcae,0.933,suitcase
suitcare,0.875,suitcase
suitcase,1.0,suitcase
suticase,0.875,suitcase
table,0.462,suitcase
tairs,0.909,stairs
three,0.889,tree
toad,0.5,town
town,1.0,town
town],0.889,town
tree,1.0,tree
tree dog,0.667,tree
trees,0.889,tree
ts,0.5,stairs
uitcase,0.933,suitcase
unter,0.909,hunter
upstairs,0.857,stairs
villin,0.833,violin
vioilin,0.923,violin
violen,0.833,violin
violet,0.667,violin
violin,1.0,violin
violins,0.923,violin
violinscarf,0.706,violin
violint,0.923,violin
viollia,0.769,violin
viollin,0.923,violin
viollion,0.857,violin
violn,0.909,violin
word,0.286,dog
,0.0,orange
beach,0.909,bleach
bleach,1.0,bleach
book,1.0,book
book\,0.889,book
bookcase,0.667,book
bus,1.0,bus
chain,0.889,chin
chair,0.667,chin
chin,1.0,chin
corn,1.0,corn
donkey,1.0,donkey
food,0.5,toad
frog,0.4,orange
grease,0.333,orange
homey,0.6,hotel
honey,0.8,money
horse,0.6,hotel
hotel,1.0,hotel
hotem,0.8,hotel
money,1.0,money
monkey,0.909,money
or,0.667,corn
oragne,0.833,orange
orang,0.909,orange
orange,1.0,orange
orangle,0.923,orange
padlack,0.857,padlock
padlcock,0.933,padlock
padlock,1.0,padlock
road,0.75,toad
soap,1.0,soap
soilder,0.857,soldier
sold,0.727,soldier
solder,0.923,soldier
soldier,1.0,soldier
solider,0.857,soldier
solldier,0.933,soldier
spider,1.0,spider
spieder,0.923,spider
table,1.0,table
toad,1.0,toad
tod,0.857,toad
yellow,0.364,hotel
,0.0,doll
ace,0.857,face
ailor,0.909,sailor
baby,0.286,bed
ball,0.5,doll
barbie,0.462,machine
basement,0.571,helmet
bed,1.0,bed
bed4,0.857,bed
bedf,0.857,bed
book,0.286,bed
cake,0.5,face
car,0.5,heart
chair,0.6,heart
circle,0.462,machine
cloud,0.444,road
clud,0.286,bed
coat,0.5,road
coffee,0.4,face
coffin,0.462,machine
cup,0.286,face
deser,0.909,desert
desert,1.0,desert
dessert,0.923,desert
dish,0.4,desert
doll,1.0,doll
dool,0.75,doll
door,0.5,doll
dress,0.545,desert
drum,0.4,desert
duck,0.444,music
envelope,0.429,helmet
error,0.727,mirror
face,1.0,face
fece,0.75,face
flower,0.5,sailor
food,0.5,road
foot,0.25,doll
forest,0.545,horse
girl,0.5,nail
grl,0.286,doll
hair,0.667,heart
hand,0.5,road
head,0.667,heart
heart,1.0,heart
helemet,0.923,helmet
helmet,1.0,helmet
helmey,0.833,helmet
helmwet,0.923,helmet
herat,0.8,heart
hill,0.5,doll
home,0.667,horse
horse,1.0,horse
horsee,0.909,horse
horses,0.909,horse
hose,0.889,horse
house,0.8,horse
hrose,0.8,horse
insect,0.5,desert
insert,0.667,desert
jester,0.667,desert
ladder,0.5,desert
letter,1.0,letter
light,0.4,heart
loud,0.5,road
love,0.444,horse
machie,0.923,machine
machime,0.857,machine
machine,1.0,machine
machinr,0.857,machine
macine,0.923,machine
maid,0.545,machine
mail,0.75,nail
mailman,0.571,machine
male,0.545,machine
man,0.6,machine
mechine,0.857,machine
middle,0.6,milk
mild,0.75,milk
milk,1.0,milk
mirrior,0.923,mirror
mirrir,0.833,mirror
mirro,0.909,mirror
mirror,1.0,mirror
mirrror,0.923,mirror
moon,0.4,mirror
mouse,0.6,music
msuic,0.8,music
mucis,0.6,music
musdif,0.727,music
music,1.0,music
music\,0.909,music
musical,0.833,music
musik,0.8,music
nai,0.857,nail
nail,1.0,nail
naill,0.889,nail
nails,0.889,nail
nirror,0.833,mirror
oad,0.857,road
oat,0.571,road
ocean,0.444,face
oll,0.857,doll
paper,0.444,face
perfume,0.462,helmet
pie,0.4,machine
play,0.25,doll
race,0.75,face
radio,0.667,road
raod,0.75,road
read,0.75,road
right,0.4,heart
roa,0.857,road
road,1.0,road
sad,0.571,road
sailoer,0.923,sailor
sailor,1.0,sailor
sailor heart,0.667,sailor
sailot,0.833,sailor
saior,0.909,sailor
salior,0.833,sailor
shade,0.444,face
sheet,0.727,helmet
shield,0.5,sailor
ship,0.444,music
shirt,0.6,heart
short,0.6,heart
silk,0.75,milk
sky,0.286,milk
sleep,0.545,letter
smile,0.667,milk
snail,0.889,nail
snake,0.444,nail
soldier,0.462,sailor
solidier,0.429,sailor
story,0.545,sailor
tool,0.5,doll
water,0.545,letter
white,0.5,machine
word,0.5,road
,0.0,dish
ar,0.8,car
ball,1.0,ball
boat,0.75,coat
boy,0.286,coat
car,1.0,car
car4,0.857,car
coat,1.0,coat
cost,0.75,coat
dester,0.833,jester
dish,1.0,dish
dishes,0.8,dish
disk,0.75,dish
door,0.5,tool
field,0.727,shield
fool,0.75,tool
foot,1.0,foot
forest,1.0,forest
forrest,0.923,forest
fun,0.4,perfume
girl,1.0,girl
hill,1.0,hill
insect,1.0,insect
insert,0.833,insect
jester,1.0,jester
june,0.4,jester
ladder,1.0,ladder
lader,0.909,ladder
ledder,0.833,ladder
letter,0.667,jester
nest,0.6,jester
perfume,1.0,perfume
pic,0.667,pie
pie,1.0,pie
play,0.4,ladder
protect,0.462,insect
sheild,0.833,shield
shield,1.0,shield
shielf,0.833,shield
shoe,0.6,shield
shorts,0.5,forest
summer,0.5,jester
sun,0.286,dish
tool,1.0,tool
tool forest,0.706,forest
tools,0.889,tool
winter,0.5,jester
