survey_question,response_counts
age_textbox_response,"Counter({'25': 15, '27': 9, '24': 8, '45': 8, '29': 7, '40': 6, '22': 6, '28': 5, '26': 5, '46': 5, '42': 5, '41': 5, '68': 4, '47': 4, '66': 3, '67': 3, '23': 3, '70': 3, '58': 3, '59': 3, '': 2, '43': 2, '60': 2, '21': 2, '48': 2, '56': 1, '54': 1, '61': 1, '62': 1, '65': 1, '44': 1, '76': 1, '55': 1, '18': 1, '57': 1, '49': 1, '50': 1, '53': 1, '52': 1, '32': 1, 'Sur': 1})"
education_response,"Counter({""Bachelor's degree"": 70, 'Some college, no degree': 26, ""Master's degree"": 17, ""Associate's degree"": 11, 'High school diploma or equivalent': 10, '': 1, 'Post-secondary non-degree award': 1})"
educationother_response,Counter({'': 136})
ethnicity_response,"Counter({'Not Hispanic or Latino': 116, 'Hispanic or Latino (a person of Cuban, Mexican, Puerto Rican,  Cuban, South or Central American, or other Spanish culture or origin, regardless of race)': 11, '': 7, 'I prefer not to answer this question': 2})"
gender_response,"Counter({'Female': 75, 'Male': 61})"
genderother_response,Counter({'': 136})
handedness_response,"Counter({'Right': 120, 'Left': 8, 'Ambidextrous': 7, '': 1})"
native_english_response,"Counter({'Yes': 106, 'No': 23, '': 7})"
online_sr_q1option1_response,"Counter({'': 101, 'A fall in which you hit your head': 35})"
online_sr_q1option2_response,"Counter({'': 123, 'An altercation or fight that involved a blow to the head': 13})"
online_sr_q1option3_response,"Counter({'': 79, 'A vehicle accident or crash?': 57})"
online_sr_q1option4_response,"Counter({'': 135, 'A blast or explosion?': 1})"
online_sr_q1option5_response,Counter({'': 136})
online_sr_q1option6_response,"Counter({'': 87, 'None of the above': 49})"
online_sr_q1option7_response,"Counter({'': 123, 'Other blow to head': 13})"
online_sr_q2option1_response,"Counter({'': 114, 'Concussion': 22})"
online_sr_q2option2_response,"Counter({'': 135, 'Traumatic Brain Injury': 1})"
online_sr_q2option3_response,"Counter({'None': 108, '': 28})"
online_sr_q3_response,"Counter({'0': 111, '1': 18, '': 7})"
online_sr_q4option1_response,"Counter({'': 117, 'High blood pressure': 19})"
online_sr_q4option2_response,"Counter({'': 128, 'Diabetes': 8})"
online_sr_q4option3_response,"Counter({'': 134, 'Thyroid Disease': 2})"
online_sr_q4option4_response,"Counter({'': 134, 'Cancer': 2})"
online_sr_q4option5_response,"Counter({'': 134, 'Epilepsy': 2})"
online_sr_q4option6_response,"Counter({'None': 92, '': 44})"
online_sr_q4option7_response,"Counter({'': 131, 'Other condition (Please Specify)': 5})"
online_sr_q4other_response,"Counter({'': 131, 'Marginal High B.P.': 1, ""Crohn's Disease"": 1, 'Paralysis': 1, 'Marginal high b.p.': 1, 'Anemia': 1})"
online_sr_q5_response,"Counter({'0': 111, '1': 18, '': 7})"
raceoriginoption1_response,"Counter({'': 130, 'American Indian or Alaska Native (a person having origins in any of the original peoples    of North and South America (including Central America) who maintains cultural    identification through tribal affiliation or community attachment)': 6})"
raceoriginoption2_response,"Counter({'': 109, ' Asian (a person having origins in any of the original peoples of the Far East, Southeast    Asia, or the Indian Subcontinent, including, for example, Cambodia, China, India, Japan,    Korea, Malaysia, Pakistan, the Philippine Islands, Thailand, and Vietnam)': 27})"
raceoriginoption3_response,"Counter({'': 124, ' Black or African American (a person having origins in any of the black racial groups of Africa)': 12})"
raceoriginoption4_response,Counter({'': 136})
raceoriginoption5_response,"Counter({' White (a person having origins in any of the original peoples of Europe, the Middle East,    or North Africa)': 91, '': 45})"
raceoriginoption6_response,Counter({'': 136})
region_response,"Counter({'Southeast - AL, AR, FL, GA, KY, LA, MS, NC, SC, TN, VA, WV': 31, 'West - AK, CA, CO, HI, ID, MT, NV, OR, UT, WA, WY': 24, 'Midwest - IA, IL, IN, KS, MI, MN, MO, ND, NE, OH, SD, WI': 23, 'I live outside the United States (please specify)': 21, 'Northeast - CT, DC, DE, MA, MD, ME, NH, NJ, NY, PA, RI, VT': 17, 'Southwest - AZ, NM, OK, TX': 13, '': 7})"
regionother_response,"Counter({'': 115, 'India': 10, 'INDIA': 4, 'Canada': 3, 'I live in Indonesia': 1, 'Germany': 1, 'Colombia': 1, 'Venezuela': 1})"
subject,"Counter({'58': 2, '216': 1, '217': 1, '212': 1, '213': 1, '211': 1, '264': 1, '218': 1, '219': 1, '133': 1, '132': 1, '131': 1, '137': 1, '136': 1, '135': 1, '134': 1, '139': 1, '67': 1, '27': 1, '160': 1, '29': 1, '94': 1, '4': 1, '8': 1, '96': 1, '68': 1, '120': 1, '262': 1, '122': 1, '125': 1, '127': 1, '128': 1, '129': 1, '91': 1, '54': 1, '56': 1, '50': 1, '52': 1, '63': 1, '146': 1, '196': 1, '191': 1, '192': 1, '115': 1, '114': 1, '117': 1, '145': 1, '111': 1, '110': 1, '113': 1, '112': 1, '85': 1, '140': 1, '3': 1, '254': 1, '245': 1, '244': 1, '109': 1, '240': 1, '95': 1, '103': 1, '100': 1, '101': 1, '249': 1, '39': 1, '38': 1, '32': 1, '270': 1, '30': 1, '35': 1, '34': 1, '271': 1, '60': 1, '61': 1, '62': 1, '259': 1, '64': 1, '178': 1, '252': 1, '253': 1, '250': 1, '173': 1, '171': 1, '106': 1, '182': 1, '181': 1, '185': 1, '188': 1, '6': 1, '228': 1, '227': 1, '93': 1, '92': 1, '223': 1, '222': 1, '162': 1, '163': 1, '11': 1, '10': 1, '12': 1, '15': 1, '16': 1, '19': 1, '89': 1, '151': 1, '150': 1, '157': 1, '238': 1, '236': 1, '237': 1, '230': 1, '233': 1, '48': 1, '47': 1, '41': 1, '1': 1, '5': 1, '201': 1, '147': 1, '144': 1, '202': 1, '204': 1, '207': 1, '141': 1, '209': 1, '208': 1, '148': 1, '149': 1, '76': 1, '75': 1, '74': 1, '72': 1, '71': 1, '79': 1, '78': 1})"
task_location_response,"Counter({'Home': 124, '': 7, 'Work': 3, 'Other (please specify):': 2})"
task_locationother_response,"Counter({'': 134, 'school library ': 1, 'School library': 1})"
veteran_response,"Counter({'0': 110, '1': 19, '': 7})"
