,0.0,drum
arent,0.333,curtain
armer,0.444,drum
bell,1.0,bell
bell river,0.571,bell
bird,0.25,drum
boar,0.25,drum
carpet,0.333,coffee
child,0.545,school
chool,0.909,school
church,0.462,curtain
cloud,0.364,coffee
cofee,0.909,coffee
coffe,0.909,coffee
coffee,1.0,coffee
colo,0.6,school
color,0.545,school
color ccurtai,0.6,curtain
color nose,0.375,coffee
colour,0.5,school
cool,0.8,school
country,0.429,curtain
courtain,0.933,curtain
curtain,1.0,curtain
curtin,0.923,curtain
data,0.364,curtain
desk,0.25,drum
doctor,0.4,drum
door,0.5,drum
dreum,0.889,drum
dru,0.857,drum
drum,1.0,drum
farm,0.5,drum
farmer,0.4,drum
farmewr hat,0.267,drum
field,0.444,bell
fish,0.4,school
flower,0.333,coffee
garden,0.308,curtain
glass,0.222,bell
glasses,0.182,bell
grass,0.333,curtain
gun,0.4,curtain
ha,0.25,school
hat,0.222,school
hat carpet,0.25,coffee
her,0.286,drum
hill,0.5,bell
hose,0.4,coffee
hot,0.444,school
house,0.364,coffee
hunter,0.308,curtain
hurt,0.545,curtain
iver,0.25,drum
kitchen,0.308,coffee
lamb,0.25,drum
man,0.4,curtain
moon,0.4,school
mountain,0.667,curtain
noon,0.4,school
nose,0.4,coffee
nut,0.286,drum
offee,0.909,coffee
olor,0.4,school
orange,0.462,curtain
ouse,0.4,coffee
p,0.0,drum
parent,0.308,curtain
parent moon,0.267,drum
parrot,0.2,drum
pencil,0.4,bell
phone,0.364,coffee
police,0.333,coffee
ranger,0.462,curtain
rive3r,0.308,curtain
river,0.333,curtain
rock,0.25,drum
roll,0.5,bell
rose,0.4,coffee
rum,0.857,drum
schoo,0.909,school
school,1.0,school
shoe,0.6,school
stove,0.364,coffee
tail,0.545,curtain
tank,0.545,curtain
tea,0.4,curtain
teacher,0.308,coffee
time,0.364,curtain
towel,0.444,bell
town,0.364,curtain
turkey,0.308,curtain
turkeyc,0.286,curtain
turkeyf,0.286,curtain
turky,0.333,curtain
uniform,0.364,drum
urtain,0.923,curtain
,0.0,desk
anger,0.909,ranger
bag,0.444,ranger
beird,0.889,bird
bell,0.25,desk
bird,1.0,bird
boar,0.5,bird
board,0.667,bird
boat,0.25,bird
book,0.25,desk
church,0.2,bird
cloud,0.222,desk
colud,0.222,desk
curtain,0.462,ranger
desk,1.0,desk
drum,0.25,desk
esk,0.857,desk
finger,0.667,ranger
fish,0.5,shoe
garden,0.4,desk
glass,0.222,desk
glasses,0.364,desk
gun,0.222,ranger
hand,0.4,ranger
lamb,0.25,bird
lamp,0.2,ranger
leg,0.286,desk
mountain,0.167,bird
pencil,0.2,desk
pencil gun,0.143,desk
pensil,0.4,desk
ranger,1.0,ranger
river,0.545,ranger
shoe,1.0,shoe
snow,0.5,shoe
stork,0.6,stove
stove,1.0,stove
towel,0.6,stove
,0.0,pipe
\,0.0,pipe
ainting,0.286,student
alarm,1.0,alarm
alarn,0.8,alarm
all,0.857,wall
ba,0.333,wall
baf,0.286,wall
bag,0.286,wall
bag\,0.25,wall
bah,0.286,wall
ball,0.75,wall
bar,0.5,alarm
bench,0.333,student
bike,0.5,pipe
bottle,0.308,student
box,0.0,pipe
bullet,0.462,student
cage,0.25,pipe
car,0.5,alarm
chapel,0.4,pipe
chicken,0.364,pipe
cliff,0.222,pipe
crab,0.25,wall
cycle,0.222,pipe
doctor,0.308,student
door,0.222,alarm
dream,0.4,alarm
fridge,0.4,pipe
goat,0.444,sugar
house,0.333,student
milk,0.25,pipe
mother,0.308,student
mouth,0.333,student
officer,0.364,pipe
orange,0.2,pipe
painting,0.333,pipe
painting',0.308,pipe
paintings,0.308,pipe
paiting,0.364,pipe
paper,0.667,pipe
pip,0.857,pipe
pipe,1.0,pipe
pipw,0.75,pipe
pull,0.5,wall
ship,0.5,pipe
sky,0.25,sugar
soap,0.444,sugar
sock,0.222,sugar
sound,0.5,student
star,0.667,sugar
stream,0.462,student
streamn,0.571,student
student,1.0,student
suagr,0.8,sugar
sugan,0.8,sugar
sugar,1.0,sugar
tar,0.5,alarm
teacher,0.333,alarm
tree,0.364,student
wall,1.0,wall
walla,0.889,wall
water,0.444,wall
what,0.5,wall
wheat,0.444,wall
whet,0.364,student
wig,0.286,pipe
window,0.2,pipe
wing,0.25,pipe
,0.0,bench
apple,0.444,cage
bench,1.0,bench
boat,0.25,cage
bottle,0.364,bench
bullet,0.364,bench
cage,1.0,cage
chapel,0.6,cage
chaple,0.6,cage
cliff,0.333,officer
country,0.286,officer
crab,0.5,cage
fridge,1.0,fridge
goat,0.25,cage
lemon,0.4,bench
officer,1.0,officer
orange,0.6,cage
paper,0.444,cage
phone,0.333,officer
ship,0.25,sock
sky,0.571,sock
soap,0.5,sock
soapf,0.444,sock
sock,1.0,sock
socl,0.75,sock
,0.0,violin
anana,0.25,ham
banana,0.222,ham
bananas,0.267,suitcase
bananna,0.2,ham
bannana,0.2,ham
bleach,0.222,ham
book,0.2,violin
bucket,0.429,suitcase
buckey,0.429,suitcase
buket,0.308,suitcase
bus,0.364,suitcase
car,0.75,scarf
carf,0.889,scarf
cat,0.5,scarf
chin,0.4,violin
corn,0.444,scarf
cosuin,0.5,violin
couisn,0.5,violin
cousin,0.5,violin
dog,0.222,violin
dogs,0.222,scarf
donkey,0.333,violin
door,0.25,tree
earch,0.4,scarf
earth,0.4,scarf
fence,0.444,tree
field,0.364,violin
filed,0.364,violin
firld,0.364,violin
grape,0.444,tree
ham,1.0,ham
ham violin,0.75,violin
harm,0.857,ham
hinter,0.429,suitcase
hotel,0.444,tree
house,0.462,suitcase
humter,0.444,ham
hunger,0.286,suitcase
hunter,0.429,suitcase
hunterstair,0.316,suitcase
money,0.364,violin
neighbor,0.182,ham
orange,0.4,tree
ousin,0.545,violin
padlock,0.2,ham
piano,0.364,violin
play,0.286,ham
radio,0.364,violin
radion,0.5,violin
radoi,0.364,violin
rain,0.4,violin
rainbow,0.308,violin
rown,0.4,violin
sastirs,0.5,scarf
scaf,0.889,scarf
scarf,1.0,scarf
scart,0.8,scarf
scraf,0.8,scarf
soap,0.444,scarf
soldire,0.462,violin
spider,0.429,suitcase
spolier,0.462,violin
ssuitcase,0.941,suitcase
stair town,0.4,scarf
staircase,0.706,suitcase
stairs,0.571,suitcase
star,0.667,scarf
store,0.667,tree
suitcare,0.875,suitcase
suitcase,1.0,suitcase
table,0.462,suitcase
toad,0.333,suitcase
ton,0.444,violin
towd,0.25,tree
towm,0.286,ham
town,0.4,violin
train,0.444,tree
tree,1.0,tree
trunk,0.444,tree
turkey,0.6,tree
twon,0.4,violin
vio;in,0.833,violin
violen,0.833,violin
violin,1.0,violin
violind,0.923,violin
voilin,0.833,violin
,0.0,orange
bleach,0.545,table
book,0.286,bus
bus,1.0,bus
chin,0.5,corn
corn,1.0,corn
donkey,0.5,orange
doorhotel,0.4,orange
hotel,0.4,table
key,0.25,table
money,0.545,orange
monkey,0.5,orange
orange,1.0,orange
padloac,0.364,toad
padlock,0.364,toad
padlocl,0.364,toad
soap,0.5,toad
soapmoney,0.533,orange
soldier,0.364,toad
soldire,0.462,orange
solider,0.364,toad
spider,0.222,bus
tab,0.75,table
table,1.0,table
toad,1.0,toad
towd,0.75,toad
,0.0,doll
ail,0.857,nail
ball,0.5,doll
bed,0.286,doll
car,0.5,heart
ceiling,0.364,nail
coar,0.444,heart
coat,0.444,heart
desert,0.545,heart
dessert,0.5,heart
diamond,0.364,doll
dish,0.25,doll
doll,1.0,doll
facce,0.222,nail
face,0.25,nail
fare,0.444,heart
foot,0.25,doll
forest,0.364,heart
girl,0.5,nail
glass,0.222,doll
hair,0.667,heart
head,0.667,heart
heart,1.0,heart
helmet,0.545,heart
hill,0.5,doll
hoarse,0.545,heart
horse,0.4,heart
hose,0.444,heart
houre,0.4,heart
house,0.4,heart
insect,0.364,heart
jester,0.364,heart
ladder,0.364,heart
latter,0.364,heart
letter,0.364,heart
letter music,0.235,heart
machile,0.545,nail
machine,0.364,nail
machine mill,0.375,nail
machine mu,0.286,nail
macjine,0.364,nail
mahine,0.4,nail
mail,0.75,nail
mik,0.444,mirror
mild,0.5,nail
milk,0.5,nail
milk',0.444,nail
mirrir,0.833,mirror
mirro,0.909,mirror
mirror,1.0,mirror
mirror horse,0.667,mirror
mirror+,0.923,mirror
mirrord,0.923,mirror
morror,0.833,mirror
music,0.364,mirror
music',0.333,mirror
musid,0.364,mirror
musik,0.364,mirror
nail,1.0,nail
nail letter ho,0.444,nail
nailf,0.889,nail
nailletterlbe,0.471,nail
name,0.5,nail
oll,0.857,doll
paint,0.444,nail
perfume,0.333,heart
pie,0.286,nail
razor,0.545,mirror
roa,0.444,mirror
road,0.4,mirror
road helmeti,0.353,heart
road horse,0.375,mirror
s,0.286,sailor
s\,0.25,sailor
sailer,0.833,sailor
sailor,1.0,sailor
sailor face hl,0.6,sailor
shield,0.5,sailor
shile,0.545,sailor
solder,0.5,sailor
tool,0.5,doll
tree,0.222,heart
v,0.0,doll
,0.0,dish
ar,0.333,coat
arm,0.286,coat
ball,0.5,hill
car,0.571,coat
coat,1.0,coat
cook,0.5,coat
dish,1.0,dish
dishes,0.8,dish
dpll,0.5,hill
farm,0.25,coat
foot,0.5,coat
forest,0.5,jester
girl,0.5,hill
girlf,0.444,hill
hill,1.0,hill
insect,0.4,dish
jester,1.0,jester
ladder,0.333,jester
leader,0.5,jester
path,0.5,coat
perfume,0.308,jester
pie,0.286,dish
shield,0.6,hill
tool,1.0,tool
