,0.0,drum
arent,0.909,parent
armer,0.909,farmer
bell,1.0,bell
bell river,0.667,river
bird,0.444,river
boar,0.444,color
carpet,0.667,parent
child,0.545,school
chool,0.909,school
church,0.462,curtain
cloud,0.6,color
cofee,0.909,coffee
coffe,0.909,coffee
coffee,1.0,coffee
colo,0.889,color
color,1.0,color
color ccurtai,0.6,curtain
color nose,0.667,color
colour,0.909,color
cool,0.8,school
country,0.5,color
courtain,0.933,curtain
curtain,1.0,curtain
curtin,0.923,curtain
data,0.571,hat
desk,0.4,garden
doctor,0.545,color
door,0.667,color
dreum,0.889,drum
dru,0.857,drum
drum,1.0,drum
farm,0.8,farmer
farmer,1.0,farmer
farmewr hat,0.706,farmer
field,0.444,bell
fish,0.4,school
flower,0.545,color
garden,1.0,garden
glass,0.364,garden
glasses,0.462,garden
grass,0.364,garden
gun,0.444,garden
ha,0.8,hat
hat,1.0,hat
hat carpet,0.5,parent
her,0.5,house
hill,0.5,bell
hose,0.889,house
hot,0.667,hat
house,1.0,house
hunter,0.545,house
hurt,0.571,hat
iver,0.889,river
kitchen,0.333,house
lamb,0.4,farmer
man,0.571,moon
moon,1.0,moon
mountain,0.667,curtain
noon,0.75,moon
nose,1.0,nose
nut,0.444,parent
offee,0.909,coffee
olor,0.889,color
orange,0.462,curtain
ouse,0.889,house
p,0.286,parent
parent,1.0,parent
parent moon,0.706,parent
parrot,0.667,parent
pencil,0.5,parent
phone,0.6,house
police,0.4,nose
ranger,0.545,river
rive3r,0.909,river
river,1.0,river
rock,0.4,turkey
roll,0.5,bell
rose,0.75,nose
rum,0.857,drum
schoo,0.909,school
school,1.0,school
shoe,0.667,house
stove,0.444,nose
tail,0.545,curtain
tank,0.545,curtain
tea,0.444,turkey
teacher,0.462,farmer
time,0.444,river
towel,0.444,bell
town,0.5,moon
turkey,1.0,turkey
turkeyc,0.923,turkey
turkeyf,0.923,turkey
turky,0.909,turkey
uniform,0.462,farmer
urtain,0.923,curtain
,0.0,desk
anger,0.909,ranger
bag,0.571,boar
beird,0.889,bird
bell,0.444,towel
bird,1.0,bird
boar,1.0,boar
board,0.889,boar
boat,0.75,boar
book,0.5,boar
church,1.0,church
cloud,1.0,cloud
colud,0.8,cloud
curtain,0.667,mountain
desk,1.0,desk
drum,0.286,gun
esk,0.857,desk
finger,0.667,ranger
fish,1.0,fish
garden,0.462,glasses
glass,0.833,glasses
glasses,1.0,glasses
gun,1.0,gun
hand,0.4,ranger
lamb,1.0,lamb
lamp,0.75,lamb
leg,0.4,glasses
mountain,1.0,mountain
pencil,1.0,pencil
pencil gun,0.75,pencil
pensil,0.833,pencil
ranger,1.0,ranger
river,0.545,ranger
shoe,1.0,shoe
snow,0.5,shoe
stork,0.6,stove
stove,1.0,stove
towel,1.0,towel
,0.0,pipe
\,0.0,pipe
ainting,0.933,painting
alarm,1.0,alarm
alarn,0.8,alarm
all,0.857,wall
ba,0.8,bag
baf,0.667,bag
bag,1.0,bag
bag\,0.857,bag
bah,0.667,bag
ball,0.75,wall
bar,0.667,bag
bench,0.333,student
bike,0.545,chicken
bottle,0.5,mother
box,0.333,bag
bullet,0.462,student
cage,0.571,bag
car,0.571,star
chapel,0.462,chicken
chicken,1.0,chicken
cliff,0.333,chicken
crab,0.4,stream
cycle,0.5,chicken
doctor,0.8,door
door,1.0,door
dream,0.727,stream
fridge,0.4,pipe
goat,0.444,sugar
house,0.4,wheat
milk,0.364,chicken
mother,1.0,mother
mouth,1.0,mouth
officer,0.462,mother
orange,0.444,bag
painting,1.0,painting
painting',0.941,painting
paintings,0.941,painting
paiting,0.933,painting
paper,0.667,pipe
pip,0.857,pipe
pipe,1.0,pipe
pipw,0.75,pipe
pull,0.5,wall
ship,0.5,pipe
sky,0.286,star
soap,0.5,star
sock,0.444,sound
sound,1.0,sound
star,1.0,star
stream,1.0,stream
streamn,0.923,stream
student,1.0,student
suagr,0.8,sugar
sugan,0.8,sugar
sugar,1.0,sugar
tar,0.857,star
teacher,0.615,mother
tree,0.6,stream
wall,1.0,wall
walla,0.889,wall
water,0.6,wheat
what,0.889,wheat
wheat,1.0,wheat
whet,0.889,wheat
wig,0.364,painting
window,0.4,door
wing,0.5,painting
,0.0,bench
apple,0.6,paper
bench,1.0,bench
boat,0.75,goat
bottle,1.0,bottle
bullet,1.0,bullet
cage,1.0,cage
chapel,1.0,chapel
chaple,0.833,chapel
cliff,1.0,cliff
country,0.364,goat
crab,1.0,crab
fridge,1.0,fridge
goat,1.0,goat
lemon,0.4,bench
officer,1.0,officer
orange,0.6,cage
paper,1.0,paper
phone,0.4,paper
ship,1.0,ship
sky,1.0,sky
soap,1.0,soap
soapf,0.889,soap
sock,1.0,sock
socl,0.75,sock
,0.0,violin
anana,0.909,banana
banana,1.0,banana
bananas,0.923,banana
bananna,0.923,banana
bannana,0.923,banana
bleach,0.545,earth
book,0.4,bucket
bucket,1.0,bucket
buckey,0.833,bucket
buket,0.909,bucket
bus,0.444,cousin
car,0.75,scarf
carf,0.889,scarf
cat,0.5,scarf
chin,0.6,cousin
corn,0.6,cousin
cosuin,0.833,cousin
couisn,0.833,cousin
cousin,1.0,cousin
dog,1.0,dog
dogs,0.857,dog
donkey,0.444,dog
door,0.571,dog
earch,0.8,earth
earth,1.0,earth
fence,0.444,tree
field,1.0,field
filed,0.8,field
firld,0.8,field
grape,0.444,tree
ham,1.0,ham
ham violin,0.75,violin
harm,0.857,ham
hinter,0.833,hunter
hotel,0.545,hunter
house,0.545,cousin
humter,0.833,hunter
hunger,0.833,hunter
hunter,1.0,hunter
hunterstair,0.706,hunter
money,0.444,town
neighbor,0.429,hunter
orange,0.444,dog
ousin,0.909,cousin
padlock,0.5,radio
piano,0.4,radio
play,0.286,ham
radio,1.0,radio
radion,0.909,radio
radoi,0.8,radio
rain,0.667,radio
rainbow,0.667,radio
rown,0.75,town
sastirs,0.769,stairs
scaf,0.889,scarf
scarf,1.0,scarf
scart,0.8,scarf
scraf,0.8,scarf
soap,0.444,scarf
soldire,0.462,violin
spider,0.5,stairs
spolier,0.462,violin
ssuitcase,0.941,suitcase
stair town,0.625,stairs
staircase,0.8,stairs
stairs,1.0,stairs
star,0.8,stairs
store,0.667,tree
suitcare,0.875,suitcase
suitcase,1.0,suitcase
table,0.462,suitcase
toad,0.5,town
ton,0.857,town
towd,0.75,town
towm,0.75,town
town,1.0,town
train,0.6,radio
tree,1.0,tree
trunk,0.444,tree
turkey,0.6,tree
twon,0.75,town
vio;in,0.833,violin
violen,0.833,violin
violin,1.0,violin
violind,0.923,violin
voilin,0.833,violin
,0.0,orange
bleach,1.0,bleach
book,1.0,book
bus,1.0,bus
chin,1.0,chin
corn,1.0,corn
donkey,1.0,donkey
doorhotel,0.714,hotel
hotel,1.0,hotel
key,0.667,donkey
money,1.0,money
monkey,0.909,money
orange,1.0,orange
padloac,0.857,padlock
padlock,1.0,padlock
padlocl,0.857,padlock
soap,1.0,soap
soapmoney,0.714,money
soldier,1.0,soldier
soldire,0.857,soldier
solider,0.857,soldier
spider,1.0,spider
tab,0.75,table
table,1.0,table
toad,1.0,toad
towd,0.75,toad
,0.0,doll
ail,0.857,nail
ball,0.5,doll
bed,1.0,bed
car,0.5,heart
ceiling,0.429,machine
coar,0.5,road
coat,0.5,road
desert,1.0,desert
dessert,0.923,desert
diamond,0.364,doll
dish,0.4,desert
doll,1.0,doll
facce,0.889,face
face,1.0,face
fare,0.75,face
foot,0.25,doll
forest,0.545,horse
girl,0.5,nail
glass,0.222,doll
hair,0.667,heart
head,0.667,heart
heart,1.0,heart
helmet,1.0,helmet
hill,0.5,doll
hoarse,0.909,horse
horse,1.0,horse
hose,0.889,horse
houre,0.8,horse
house,0.8,horse
insect,0.5,desert
jester,0.667,desert
ladder,0.5,desert
latter,0.833,letter
letter,1.0,letter
letter music,0.667,letter
machile,0.857,machine
machine,1.0,machine
machine mill,0.737,machine
machine mu,0.824,machine
macjine,0.857,machine
mahine,0.923,machine
mail,0.75,nail
mik,0.857,milk
mild,0.75,milk
milk,1.0,milk
milk',0.889,milk
mirrir,0.833,mirror
mirro,0.909,mirror
mirror,1.0,mirror
mirror horse,0.667,mirror
mirror+,0.923,mirror
mirrord,0.923,mirror
morror,0.833,mirror
music,1.0,music
music',0.909,music
musid,0.8,music
musik,0.8,music
nail,1.0,nail
nail letter ho,0.6,letter
nailf,0.889,nail
nailletterlbe,0.632,letter
name,0.5,nail
oll,0.857,doll
paint,0.5,machine
perfume,0.462,helmet
pie,0.4,machine
razor,0.545,mirror
roa,0.857,road
road,1.0,road
road helmeti,0.667,helmet
road horse,0.667,horse
s,0.333,music
s\,0.286,music
sailer,0.833,sailor
sailor,1.0,sailor
sailor face hl,0.6,sailor
shield,0.5,sailor
shile,0.545,sailor
solder,0.5,sailor
tool,0.5,doll
tree,0.444,horse
v,0.0,doll
,0.0,dish
ar,0.8,car
arm,0.667,car
ball,1.0,ball
car,1.0,car
coat,1.0,coat
cook,0.5,coat
dish,1.0,dish
dishes,0.8,dish
dpll,0.5,hill
farm,0.571,car
foot,1.0,foot
forest,1.0,forest
girl,1.0,girl
girlf,0.889,girl
hill,1.0,hill
insect,1.0,insect
jester,1.0,jester
ladder,1.0,ladder
leader,0.833,ladder
path,0.5,coat
perfume,1.0,perfume
pie,1.0,pie
shield,1.0,shield
tool,1.0,tool
