,0.0,nose
arent,0.4,river
armer,0.6,river
bell,0.25,nose
bell river,0.667,river
bird,0.444,river
boar,0.444,color
carpet,0.364,color
child,0.4,color
chool,0.6,color
church,0.364,color
cloud,0.6,color
cofee,0.444,nose
coffe,0.444,nose
coffee,0.4,nose
colo,0.889,color
color,1.0,color
color ccurtai,0.556,color
color nose,0.667,color
colour,0.909,color
cool,0.667,color
country,0.5,color
courtain,0.462,color
curtain,0.333,color
curtin,0.364,color
data,0.2,turkey
desk,0.25,nose
doctor,0.545,color
door,0.667,color
dreum,0.4,river
dru,0.25,color
drum,0.222,color
farm,0.222,color
farmer,0.545,river
farmewr hat,0.375,river
field,0.4,river
fish,0.25,nose
flower,0.545,color
garden,0.364,river
glass,0.222,nose
glasses,0.364,nose
grass,0.222,nose
gun,0.286,nose
ha,0.286,house
hat,0.25,house
hat carpet,0.375,turkey
her,0.5,house
hill,0.222,color
hose,0.889,house
hot,0.5,house
house,1.0,house
hunter,0.545,house
hurt,0.444,house
iver,0.889,river
kitchen,0.333,house
lamb,0.222,color
man,0.286,nose
moon,0.444,color
mountain,0.308,house
noon,0.5,nose
nose,1.0,nose
nut,0.286,nose
offee,0.444,nose
olor,0.889,color
orange,0.4,nose
ouse,0.889,house
p,0.0,nose
parent,0.364,river
parent moon,0.25,river
parrot,0.364,river
pencil,0.364,color
phone,0.6,house
police,0.4,nose
ranger,0.545,river
rive3r,0.909,river
river,1.0,river
rock,0.4,turkey
roll,0.444,color
rose,0.75,nose
rum,0.25,color
schoo,0.6,color
school,0.545,color
shoe,0.667,house
stove,0.444,nose
tail,0.222,color
tank,0.4,turkey
tea,0.444,turkey
teacher,0.333,color
time,0.444,river
towel,0.444,nose
town,0.25,nose
turkey,1.0,turkey
turkeyc,0.923,turkey
turkeyf,0.923,turkey
turky,0.909,turkey
uniform,0.364,nose
urtain,0.364,river
,0.0,lamb
anger,0.25,gun
bag,0.333,gun
beird,0.364,pencil
bell,0.4,pencil
bird,0.25,lamb
boar,0.25,lamb
board,0.222,lamb
boat,0.25,lamb
book,0.25,lamb
church,1.0,church
cloud,0.364,pencil
colud,0.364,pencil
curtain,0.462,church
desk,0.25,fish
drum,0.286,gun
esk,0.286,fish
finger,0.4,fish
fish,1.0,fish
garden,0.444,gun
glass,0.444,lamb
glasses,0.364,lamb
gun,1.0,gun
hand,0.286,gun
lamb,1.0,lamb
lamp,0.75,lamb
leg,0.333,gun
mountain,0.364,gun
pencil,1.0,pencil
pencil gun,0.75,pencil
pensil,0.833,pencil
ranger,0.222,gun
river,0.222,fish
shoe,0.5,fish
snow,0.286,gun
stork,0.222,fish
stove,0.222,fish
towel,0.364,pencil
,0.0,mouth
\,0.0,mouth
ainting,0.286,chicken
alarm,0.364,stream
alarn,0.222,door
all,0.222,stream
ba,0.25,stream
baf,0.222,stream
bag,0.222,stream
bag\,0.2,stream
bah,0.25,mouth
ball,0.2,stream
bar,0.286,door
bench,0.333,chicken
bike,0.545,chicken
bottle,0.364,mouth
box,0.286,door
bullet,0.364,mouth
cage,0.364,chicken
car,0.286,door
chapel,0.462,chicken
chicken,1.0,chicken
cliff,0.333,chicken
crab,0.4,stream
cycle,0.5,chicken
doctor,0.8,door
door,1.0,door
dream,0.727,stream
fridge,0.333,stream
goat,0.444,mouth
house,0.4,mouth
milk,0.364,chicken
mother,0.727,mouth
mouth,1.0,mouth
officer,0.429,chicken
orange,0.4,door
painting,0.267,chicken
painting',0.25,chicken
paintings,0.25,chicken
paiting,0.286,chicken
paper,0.222,door
pip,0.2,chicken
pipe,0.364,chicken
pipw,0.182,chicken
pull,0.222,mouth
ship,0.364,chicken
sky,0.25,sound
soap,0.444,sound
sock,0.444,sound
sound,1.0,sound
star,0.6,stream
stream,1.0,stream
streamn,0.923,stream
student,0.5,sound
suagr,0.4,sound
sugan,0.6,sound
sugar,0.4,sound
tar,0.444,stream
teacher,0.462,stream
tree,0.6,stream
wall,0.2,stream
walla,0.182,stream
water,0.222,door
what,0.222,mouth
wheat,0.364,stream
whet,0.364,chicken
wig,0.2,chicken
window,0.4,door
wing,0.364,chicken
,0.0,goat
apple,0.6,paper
bench,0.364,bullet
boat,0.75,goat
bottle,0.5,bullet
bullet,1.0,bullet
cage,0.6,chapel
chapel,1.0,chapel
chaple,0.833,chapel
cliff,0.364,chapel
country,0.364,goat
crab,1.0,crab
fridge,0.2,goat
goat,1.0,goat
lemon,0.364,bullet
officer,0.364,crab
orange,0.4,goat
paper,1.0,paper
phone,0.4,paper
ship,0.4,chapel
sky,0.0,goat
soap,0.5,goat
soapf,0.444,goat
sock,0.25,goat
socl,0.4,chapel
,0.0,town
anana,0.222,town
banana,0.2,town
bananas,0.182,town
bananna,0.182,town
bannana,0.182,town
bleach,0.333,bucket
book,0.4,bucket
bucket,1.0,bucket
buckey,0.833,bucket
buket,0.909,bucket
bus,0.444,bucket
car,0.25,radio
carf,0.222,radio
cat,0.444,bucket
chin,0.4,hunter
corn,0.5,town
cosuin,0.4,town
couisn,0.4,town
cousin,0.4,town
dog,0.5,radio
dogs,0.444,radio
donkey,0.4,town
door,0.444,radio
earch,0.364,hunter
earth,0.364,hunter
fence,0.4,field
field,1.0,field
filed,0.8,field
firld,0.8,field
grape,0.4,radio
ham,0.25,radio
ham violin,0.4,radio
harm,0.4,hunter
hinter,0.833,hunter
hotel,0.545,hunter
house,0.545,hunter
humter,0.833,hunter
hunger,0.833,hunter
hunter,1.0,hunter
hunterstair,0.706,hunter
money,0.444,town
neighbor,0.429,hunter
orange,0.4,town
ousin,0.444,town
padlock,0.5,radio
piano,0.4,radio
play,0.222,radio
radio,1.0,radio
radion,0.909,radio
radoi,0.8,radio
rain,0.667,radio
rainbow,0.667,radio
rown,0.75,town
sastirs,0.333,radio
scaf,0.222,radio
scarf,0.2,radio
scart,0.364,bucket
scraf,0.4,radio
soap,0.25,town
soldire,0.333,radio
spider,0.364,field
spolier,0.333,field
ssuitcase,0.4,hunter
stair town,0.571,town
staircase,0.286,radio
stairs,0.364,radio
star,0.4,hunter
store,0.444,town
suitcare,0.429,hunter
suitcase,0.429,hunter
table,0.364,hunter
toad,0.5,town
ton,0.857,town
towd,0.75,town
towm,0.75,town
town,1.0,town
train,0.6,radio
tree,0.4,hunter
trunk,0.444,town
turkey,0.5,bucket
twon,0.75,town
vio;in,0.4,town
violen,0.4,town
violin,0.4,town
violind,0.5,field
voilin,0.4,town
,0.0,spider
bleach,0.308,soldier
book,1.0,book
bus,0.286,book
chin,0.222,money
corn,0.444,money
donkey,0.727,money
doorhotel,0.308,book
hotel,0.4,money
key,0.5,money
money,1.0,money
monkey,0.909,money
orange,0.545,money
padloac,0.857,padlock
padlock,1.0,padlock
padlocl,0.857,padlock
soap,0.4,spider
soapmoney,0.714,money
soldier,1.0,soldier
soldire,0.857,soldier
solider,0.857,soldier
spider,1.0,spider
tab,0.286,book
table,0.333,soldier
toad,0.364,soldier
towd,0.364,soldier
,0.0,milk
ail,0.571,milk
ball,0.25,milk
bed,0.286,road
car,0.286,road
ceiling,0.364,milk
coar,0.5,road
coat,0.5,road
desert,0.5,helmet
dessert,0.462,helmet
diamond,0.182,milk
dish,0.25,milk
doll,0.25,milk
facce,0.222,road
face,0.25,road
fare,0.444,horse
foot,0.25,road
forest,0.545,horse
girl,0.5,milk
glass,0.222,milk
hair,0.444,horse
head,0.5,road
heart,0.545,helmet
helmet,1.0,helmet
hill,0.5,milk
hoarse,0.909,horse
horse,1.0,horse
hose,0.889,horse
houre,0.8,horse
house,0.8,horse
insect,0.364,music
jester,0.333,helmet
ladder,0.4,road
latter,0.333,helmet
letter,0.5,helmet
letter music,0.588,music
machile,0.545,milk
machine,0.364,milk
machine mill,0.375,milk
machine mu,0.286,milk
macjine,0.364,milk
mahine,0.4,milk
mail,0.75,milk
mik,0.857,milk
mild,0.75,milk
milk,1.0,milk
milk',0.889,milk
mirrir,0.4,milk
mirro,0.444,milk
mirror,0.4,milk
mirror horse,0.588,horse
mirror+,0.364,milk
mirrord,0.545,road
morror,0.4,road
music,1.0,music
music',0.909,music
musid,0.8,music
musik,0.8,music
nail,0.5,milk
nail letter ho,0.3,helmet
nailf,0.444,milk
nailletterlbe,0.316,helmet
name,0.4,helmet
oll,0.286,milk
paint,0.222,milk
perfume,0.462,helmet
pie,0.286,milk
razor,0.444,road
roa,0.857,road
road,1.0,road
road helmeti,0.667,helmet
road horse,0.667,horse
s,0.333,music
s\,0.286,music
sailer,0.4,milk
sailor,0.4,milk
sailor face hl,0.316,music
shield,0.5,helmet
shile,0.545,helmet
solder,0.4,road
tool,0.25,milk
tree,0.444,horse
v,0.0,milk
,0.0,shield
ar,0.8,car
arm,0.667,car
ball,1.0,ball
car,1.0,car
coat,0.571,car
cook,0.286,car
dish,0.4,shield
dishes,0.5,shield
dpll,0.5,ball
farm,0.571,car
foot,0.2,insect
forest,0.333,insect
girl,0.4,shield
girlf,0.364,shield
hill,0.6,shield
insect,1.0,insect
jester,0.333,insect
ladder,0.444,car
leader,0.444,car
path,0.286,pie
perfume,0.4,pie
pie,1.0,pie
shield,1.0,shield
tool,0.25,ball
