survey_question,response_counts
age_textbox_response,"Counter({'29': 3, '26': 3, '31': 3, '24': 2, '27': 2, '38': 2, '36': 2, '34': 2, '53': 1, '25': 1, '22': 1, '23': 1, '44': 1, '43': 1, '40': 1, '41': 1, '58': 1, '33': 1, '49': 1, '37': 1, '35': 1, '55': 1, 's': 1, 'x': 1})"
education_response,"Counter({""Bachelor's degree"": 16, 'Some college, no degree': 6, ""Associate's degree"": 6, 'High school diploma or equivalent': 4, ""Master's degree"": 2, 'Doctoral or professional degree': 1})"
educationother_response,Counter({'': 35})
ethnicity_response,"Counter({'Not Hispanic or Latino': 32, 'I prefer not to answer this question': 2, 'Hispanic or Latino (a person of Cuban, Mexican, Puerto Rican, Cuban, South or Central American, or other Spanish culture or origin, regardless of race)': 1})"
gender_response,"Counter({'Male': 20, 'Female': 13, 'I prefer not to answer this question': 2})"
genderother_response,Counter({'': 35})
native_english_response,"Counter({'Yes': 31, 'No': 4})"
raceoriginoption1_response,"Counter({'': 34, 'American Indian or Alaska Native (a person having origins in any of the original peoples of North and South America (including Central America) who maintains cultural identification through tribal affiliation or community attachment)': 1})"
raceoriginoption2_response,"Counter({'': 30, 'Asian (a person having origins in any of the original peoples of the Far East, Southeast Asia, or the Indian Subcontinent, including, for example, Cambodia, China, India, Japan, Korea, Malaysia, Pakistan, the Philippine Islands, Thailand, and Vietnam)': 5})"
raceoriginoption3_response,"Counter({'': 32, 'Black or African American (a person having origins in any of the black racial groups of Africa)': 3})"
raceoriginoption4_response,"Counter({'': 34, 'Native Hawaiian or Other Pacific Islander (a person having origins in any of the original peoples of Hawaii, Guam, Samoa, or other Pacific Islands)': 1})"
raceoriginoption5_response,"Counter({'White (a person having origins in any of the original peoples of Europe, the Middle East, or North Africa)': 27, '': 8})"
raceoriginoption6_response,Counter({'': 35})
raceoriginoption7_response,Counter({'': 35})
raceoriginother_response,Counter({'': 35})
region_response,"Counter({'Southeast - AL, AR, FL, GA, KY, LA, MS, NC, SC, TN, VA, WV': 11, 'West - AK, CA, CO, HI, ID, MT, NV, OR, UT, WA, WY': 11, 'Northeast - CT, DC, DE, MA, MD, ME, NH, NJ, NY, PA, RI, VT': 5, 'Midwest - IA, IL, IN, KS, MI, MN, MO, ND, NE, OH, SD, WI': 5, 'Southwest - AZ, NM, OK, TX': 2, 'I prefer not to answer this question': 1})"
regionother_response,Counter({'': 35})
subject,"Counter({'4': 2, '6': 2, '9': 2, '10': 2, '24': 1, '25': 1, '26': 1, '20': 1, '21': 1, '22': 1, '28': 1, '29': 1, '1': 1, '0': 1, '3': 1, '2': 1, '5': 1, '8': 1, '39': 1, '13': 1, '12': 1, '15': 1, '14': 1, '17': 1, '16': 1, '19': 1, '18': 1, '31': 1, '37': 1, '36': 1, '34': 1})"
