,0.0,drum
arden,0.909,garden
bell,1.0,bell
bird,0.444,river
brown,0.444,moon
cat,0.667,hat
church,0.462,curtain
circle,0.364,color
coffee,1.0,coffee
color,1.0,color
curtain,1.0,curtain
cutrain,0.857,curtain
desk,0.4,garden
drum,1.0,drum
drums,0.889,drum
drun,0.75,drum
farmer,1.0,farmer
fish,0.4,school
garde,0.909,garden
garden,1.0,garden
glasse,0.5,garden
hat,1.0,hat
house,1.0,house
moon,1.0,moon
nose,1.0,nose
parent,1.0,parent
pencil,0.5,parent
ranger,0.545,river
river,1.0,river
school,1.0,school
scool,0.909,school
turkey,1.0,turkey
yellow,0.6,bell
,0.0,desk
bird,1.0,bird
boar,1.0,boar
bowl,0.667,towel
church,1.0,church
cloud,1.0,cloud
desk,1.0,desk
fish,1.0,fish
glasse,0.923,glasses
glasses,1.0,glasses
gun,1.0,gun
lamb,1.0,lamb
mount,0.769,mountain
mountain,1.0,mountain
mounti,0.857,mountain
pencil,1.0,pencil
ranger,1.0,ranger
shoe,1.0,shoe
stove,1.0,stove
,0.0,pipe
alarm,1.0,alarm
bad,0.667,bag
bag,1.0,bag
bench,0.333,student
brick,0.5,chicken
bullet,0.462,student
chapel,0.462,chicken
chicke,0.923,chicken
chicken,1.0,chicken
cloud,0.6,sound
door,1.0,door
flour,0.444,door
goat,0.444,sugar
grass,0.4,sugar
heat,0.889,wheat
mothe,0.909,mother
mother,1.0,mother
mounti,0.727,mouth
mouth,1.0,mouth
officer,0.462,mother
paintin,0.933,painting
painting,1.0,painting
paiting,0.933,painting
pilane,0.6,pipe
pipe,1.0,pipe
river,0.444,pipe
sheepi,0.4,pipe
sky,0.286,star
sound,1.0,sound
star,1.0,star
stream,1.0,stream
studen,0.923,student
student,1.0,student
sugar,1.0,sugar
tar,0.857,star
tudent,0.923,student
ugar,0.889,sugar
wall,1.0,wall
walls,0.889,wall
water,0.6,wheat
wheat,1.0,wheat
windo,0.444,door
,0.0,bench
bench,1.0,bench
boat,0.75,goat
bottle,1.0,bottle
bullet,1.0,bullet
cage,1.0,cage
chapel,1.0,chapel
cliff,1.0,cliff
crab,1.0,crab
fridge,1.0,fridge
goat,1.0,goat
officer,1.0,officer
paper,1.0,paper
ship,1.0,ship
sky,1.0,sky
soap,1.0,soap
soapi,0.889,soap
sock,1.0,sock
,0.0,violin
banan,0.909,banana
banana,1.0,banana
bucket,1.0,bucket
button,0.6,town
cousin,1.0,cousin
dog,1.0,dog
earth,1.0,earth
field,1.0,field
ham,1.0,ham
hunter,1.0,hunter
ield,0.889,field
own,0.857,town
radio,1.0,radio
scarf,1.0,scarf
scraf,0.8,scarf
stair,0.909,stairs
stairs,1.0,stairs
store,0.667,tree
suitca,0.857,suitcase
suitcas,0.933,suitcase
town,1.0,town
tree,1.0,tree
violin,1.0,violin
,0.0,orange
bleach,1.0,bleach
bus,1.0,bus
donke,0.909,donkey
hotel,1.0,hotel
money,1.0,money
orange,1.0,orange
padloc,0.923,padlock
padlock,1.0,padlock
soap,1.0,soap
soldier,1.0,soldier
spider,1.0,spider
table,1.0,table
toad,1.0,toad
,0.0,doll
ball,0.5,doll
bed,1.0,bed
bellc,0.5,bed
car,0.5,heart
chair,0.6,heart
coffe,0.444,face
curtain,0.429,machine
desert,1.0,desert
desser,0.833,desert
dessert,0.923,desert
dol,0.857,doll
doll,1.0,doll
drum,0.4,desert
esert,0.909,desert
face,1.0,face
farmer,0.6,face
girl,0.5,nail
hair,0.667,heart
heart,1.0,heart
helmet,1.0,helmet
hill,0.5,doll
horse,1.0,horse
hose,0.889,horse
irror,0.909,mirror
jester,0.667,desert
letter,1.0,letter
machi,0.833,machine
machine,1.0,machine
milk,1.0,milk
mirror,1.0,mirror
music,1.0,music
nail,1.0,nail
nails,0.889,nail
pie,0.4,machine
road,1.0,road
sailor,1.0,sailor
snail,0.889,nail
tool,0.5,doll
,0.0,dish
ball,1.0,ball
car,1.0,car
coat,1.0,coat
dish,1.0,dish
foot,1.0,foot
forest,1.0,forest
girl,1.0,girl
hill,1.0,hill
insect,1.0,insect
jester,1.0,jester
perfu,0.833,perfume
pie,1.0,pie
tool,1.0,tool
