,0.0,drum
arden,0.333,curtain
bell,1.0,bell
bird,0.25,drum
brown,0.333,curtain
cat,0.4,curtain
church,0.462,curtain
circle,0.333,coffee
coffee,1.0,coffee
color,0.545,school
curtain,1.0,curtain
cutrain,0.857,curtain
desk,0.25,drum
drum,1.0,drum
drums,0.889,drum
drun,0.75,drum
farmer,0.4,drum
fish,0.4,school
garde,0.222,drum
garden,0.308,curtain
glasse,0.2,bell
hat,0.222,school
house,0.364,coffee
moon,0.4,school
nose,0.4,coffee
parent,0.308,curtain
pencil,0.4,bell
ranger,0.462,curtain
river,0.333,curtain
school,1.0,school
scool,0.909,school
turkey,0.308,curtain
yellow,0.6,bell
,0.0,desk
bird,1.0,bird
boar,0.5,bird
bowl,0.25,bird
church,0.2,bird
cloud,0.222,desk
desk,1.0,desk
fish,0.5,shoe
glasse,0.4,shoe
glasses,0.364,desk
gun,0.222,ranger
lamb,0.25,bird
mount,0.222,shoe
mountain,0.167,bird
mounti,0.2,bird
pencil,0.2,desk
ranger,1.0,ranger
shoe,1.0,shoe
stove,1.0,stove
,0.0,pipe
alarm,1.0,alarm
bad,0.286,wall
bag,0.286,wall
bench,0.333,student
brick,0.222,pipe
bullet,0.462,student
chapel,0.4,pipe
chicke,0.4,pipe
chicken,0.364,pipe
cloud,0.333,student
door,0.222,alarm
flour,0.4,alarm
goat,0.444,sugar
grass,0.4,sugar
heat,0.364,student
mothe,0.333,student
mother,0.308,student
mounti,0.462,student
mouth,0.333,student
officer,0.364,pipe
paintin,0.364,pipe
painting,0.333,pipe
paiting,0.364,pipe
pilane,0.6,pipe
pipe,1.0,pipe
river,0.444,pipe
sheepi,0.4,pipe
sky,0.25,sugar
sound,0.5,student
star,0.667,sugar
stream,0.462,student
studen,0.923,student
student,1.0,student
sugar,1.0,sugar
tar,0.5,alarm
tudent,0.923,student
ugar,0.889,sugar
wall,1.0,wall
walls,0.889,wall
water,0.444,wall
wheat,0.444,wall
windo,0.222,pipe
,0.0,bench
bench,1.0,bench
boat,0.25,cage
bottle,0.364,bench
bullet,0.364,bench
cage,1.0,cage
chapel,0.6,cage
cliff,0.333,officer
crab,0.5,cage
fridge,1.0,fridge
goat,0.25,cage
officer,1.0,officer
paper,0.444,cage
ship,0.25,sock
sky,0.571,sock
soap,0.5,sock
soapi,0.444,sock
sock,1.0,sock
,0.0,violin
banan,0.25,ham
banana,0.222,ham
bucket,0.429,suitcase
button,0.333,violin
cousin,0.5,violin
dog,0.222,violin
earth,0.4,scarf
field,0.364,violin
ham,1.0,ham
hunter,0.429,suitcase
ield,0.4,violin
own,0.444,violin
radio,0.364,violin
scarf,1.0,scarf
scraf,0.8,scarf
stair,0.6,scarf
stairs,0.571,suitcase
store,0.667,tree
suitca,0.857,suitcase
suitcas,0.933,suitcase
town,0.4,violin
tree,1.0,tree
violin,1.0,violin
,0.0,orange
bleach,0.545,table
bus,1.0,bus
donke,0.545,orange
hotel,0.4,table
money,0.545,orange
orange,1.0,orange
padloc,0.4,toad
padlock,0.364,toad
soap,0.5,toad
soldier,0.364,toad
spider,0.222,bus
table,1.0,table
toad,1.0,toad
,0.0,doll
ball,0.5,doll
bed,0.286,doll
bellc,0.444,doll
car,0.5,heart
chair,0.6,heart
coffe,0.222,doll
curtain,0.364,nail
desert,0.545,heart
desser,0.364,heart
dessert,0.5,heart
dol,0.857,doll
doll,1.0,doll
drum,0.25,doll
esert,0.6,heart
face,0.25,nail
farmer,0.364,heart
girl,0.5,nail
hair,0.667,heart
heart,1.0,heart
helmet,0.545,heart
hill,0.5,doll
horse,0.4,heart
hose,0.444,heart
irror,0.909,mirror
jester,0.364,heart
letter,0.364,heart
machi,0.444,nail
machine,0.364,nail
milk,0.5,nail
mirror,1.0,mirror
music,0.364,mirror
nail,1.0,nail
nails,0.889,nail
pie,0.286,nail
road,0.4,mirror
sailor,1.0,sailor
snail,0.889,nail
tool,0.5,doll
,0.0,dish
ball,0.5,hill
car,0.571,coat
coat,1.0,coat
dish,1.0,dish
foot,0.5,coat
forest,0.5,jester
girl,0.5,hill
hill,1.0,hill
insect,0.4,dish
jester,1.0,jester
perfu,0.364,jester
pie,0.286,dish
tool,1.0,tool
