,0.0,nose
arden,0.4,river
bell,0.25,nose
bird,0.444,river
brown,0.222,nose
cat,0.25,color
church,0.364,color
circle,0.364,color
coffee,0.4,nose
color,1.0,color
curtain,0.333,color
cutrain,0.333,color
desk,0.25,nose
drum,0.222,color
drums,0.4,house
drun,0.25,nose
farmer,0.545,river
fish,0.25,nose
garde,0.4,river
garden,0.364,river
glasse,0.4,nose
hat,0.25,house
house,1.0,house
moon,0.444,color
nose,1.0,nose
parent,0.364,river
pencil,0.364,color
ranger,0.545,river
river,1.0,river
school,0.545,color
scool,0.6,color
turkey,1.0,turkey
yellow,0.364,color
,0.0,lamb
bird,0.25,lamb
boar,0.25,lamb
bowl,0.25,lamb
church,1.0,church
cloud,0.364,pencil
desk,0.25,fish
fish,1.0,fish
glasse,0.4,lamb
glasses,0.364,lamb
gun,1.0,gun
lamb,1.0,lamb
mount,0.5,gun
mountain,0.364,gun
mounti,0.444,gun
pencil,1.0,pencil
ranger,0.222,gun
shoe,0.5,fish
stove,0.222,fish
,0.0,mouth
alarm,0.364,stream
bad,0.286,door
bag,0.222,stream
bench,0.333,chicken
brick,0.5,chicken
bullet,0.364,mouth
chapel,0.462,chicken
chicke,0.923,chicken
chicken,1.0,chicken
cloud,0.6,sound
door,1.0,door
flour,0.444,door
goat,0.444,mouth
grass,0.364,stream
heat,0.4,stream
mothe,0.8,mouth
mother,0.727,mouth
mounti,0.727,mouth
mouth,1.0,mouth
officer,0.429,chicken
paintin,0.286,chicken
painting,0.267,chicken
paiting,0.286,chicken
pilane,0.308,chicken
pipe,0.364,chicken
river,0.364,stream
sheepi,0.333,stream
sky,0.25,sound
sound,1.0,sound
star,0.6,stream
stream,1.0,stream
studen,0.545,sound
student,0.5,sound
sugar,0.4,sound
tar,0.444,stream
tudent,0.364,sound
ugar,0.25,door
wall,0.2,stream
walls,0.2,sound
water,0.222,door
wheat,0.364,stream
windo,0.444,door
,0.0,goat
bench,0.364,bullet
boat,0.75,goat
bottle,0.5,bullet
bullet,1.0,bullet
cage,0.6,chapel
chapel,1.0,chapel
cliff,0.364,chapel
crab,1.0,crab
fridge,0.2,goat
goat,1.0,goat
officer,0.364,crab
paper,1.0,paper
ship,0.4,chapel
sky,0.0,goat
soap,0.5,goat
soapi,0.444,goat
sock,0.25,goat
,0.0,town
banan,0.222,town
banana,0.2,town
bucket,1.0,bucket
button,0.6,town
cousin,0.4,town
dog,0.5,radio
earth,0.364,hunter
field,1.0,field
ham,0.25,radio
hunter,1.0,hunter
ield,0.889,field
own,0.857,town
radio,1.0,radio
scarf,0.2,radio
scraf,0.4,radio
stair,0.4,radio
stairs,0.364,radio
store,0.444,town
suitca,0.333,hunter
suitcas,0.308,hunter
town,1.0,town
tree,0.4,hunter
violin,0.4,town
,0.0,spider
bleach,0.308,soldier
bus,0.286,book
donke,0.6,money
hotel,0.4,money
money,1.0,money
orange,0.545,money
padloc,0.923,padlock
padlock,1.0,padlock
soap,0.4,spider
soldier,1.0,soldier
spider,1.0,spider
table,0.333,soldier
toad,0.364,soldier
,0.0,milk
ball,0.25,milk
bed,0.286,road
bellc,0.364,helmet
car,0.286,road
chair,0.4,horse
coffe,0.4,horse
curtain,0.364,road
desert,0.5,helmet
desser,0.364,horse
dessert,0.462,helmet
dol,0.286,milk
doll,0.25,milk
drum,0.25,milk
esert,0.545,helmet
face,0.25,road
farmer,0.364,horse
girl,0.5,milk
hair,0.444,horse
heart,0.545,helmet
helmet,1.0,helmet
hill,0.5,milk
horse,1.0,horse
hose,0.889,horse
irror,0.444,road
jester,0.333,helmet
letter,0.5,helmet
machi,0.444,milk
machine,0.364,milk
milk,1.0,milk
mirror,0.4,milk
music,1.0,music
nail,0.5,milk
nails,0.444,milk
pie,0.286,milk
road,1.0,road
sailor,0.4,milk
snail,0.444,milk
tool,0.25,milk
,0.0,shield
ball,1.0,ball
car,1.0,car
coat,0.571,car
dish,0.4,shield
foot,0.2,insect
forest,0.333,insect
girl,0.4,shield
hill,0.6,shield
insect,1.0,insect
jester,0.333,insect
perfu,0.5,pie
pie,1.0,pie
tool,0.25,ball
